fatload mmc 0:1 0x81400000 slime-sel4-sample-cv1800b-duo.itb
1140328 bytes read in 56 ms (19.4 MiB/s)
cv180x_c906# bootm 0x81400000#config-duo-sel4
## Loading kernel from FIT Image at 81400000 ...
   Using 'config-duo-sel4' configuration
   Trying 'kernel-1' kernel subimage
   Verifying Hash Integrity ... crc32+ OK
## Loading fdt from FIT Image at 81400000 ...
   Using 'config-duo-sel4' configuration
   Trying 'fdt-duo' fdt subimage
   Verifying Hash Integrity ... crc32+ OK
   Booting using the fdt blob at 0x8151141c
   Loading Kernel Image
   Decompressing 1118784 bytes used 1ms
ERROR: reserving fdt memory region failed (addr=80000000 size=40000 flags=0)
   Loading Device Tree to 0000000081be5000, end 0000000081becfff ... OK

Starting kernel ...

seL4 kernel loader | INFO   Starting loader
seL4 kernel loader | DEBUG  Platform info: PlatformInfo {
    memory: [
        0x80040000..0x83f40000,
    ],
    devices: [
        0x0..0x70000000,
        0x74200000..0x80040000,
        0x83f40000..0x8000000000,
    ],
}
seL4 kernel loader | DEBUG  Loader footprint: 0x800a4000..0x801b5240
seL4 kernel loader | DEBUG  Payload info: ArchivedPayloadInfo {
    kernel_entry: 0xffffffff80040000,
    user_image: ArchivedUserImageInfo {
        ui_p_reg_start: 0x83b83000,
        ui_p_reg_end: 0x83f40000,
        pv_offset: 0x83b73000,
        v_entry: 0xa9046,
    },
    dtb: Some(
        ArchivedDtbInfo {
            addr_p: 0x83b7e000,
            size: 0x4cb2,
        },
    ),
}
seL4 kernel loader | DEBUG  Payload regions:
seL4 kernel loader | DEBUG      0x80040000 (filesz = 0x24000, memsz = 0x1c610)
seL4 kernel loader | DEBUG      0x83b83000 (filesz = 0xd32ec, memsz = 0xd32ec)
seL4 kernel loader | DEBUG      0x83c572f0 (filesz = 0x2e7d70, memsz = 0x8980)
seL4 kernel loader | DEBUG      0x83b7e000 (filesz = 0x4cb2, memsz = 0x4cb2)
seL4 kernel loader | DEBUG  Copying payload data
seL4 kernel loader | INFO   Entering kernel
SLIME_DUO loader page tables active
Init local IRQ
Bootstrapping kernel
Initializing PLIC...
Available phys memory regions: 1
  [80040000..83f40000)
Reserved virt address space regions: 3
  [ffffffc080040000..ffffffc080064000)
  [ffffffc083b7e000..ffffffc083b82cb2)
  [ffffffc083b83000..ffffffc083f40000)
Booting all finished, dropped to user space
SLIME_ROOT allocator slots=3068 untypeds=23 bytes=61791040
SLIME_TIMER acquired irq=17 freq_hz=1
SLIME_TIMER delivered badge=0x1 polls=1215826
SLIME_TIMER serviced events=1 programming=Disarm
SLIME_TIMER advanced start=139 end=140 delta=1
SLIME_TIMER OK
SLIME_FOUNDATION frames independent objects_delta=2 slots_delta=2 bytes_delta=8192 caps_deleted=2
SLIME_ROOT plan slots required=414 available=3061
SLIME_ROOT generation admitted number=1 executables=4 instances=4 grants=6 health=4 bootstrap=1
SLIME_ROOT fabric graph=absent schemas=0 routes=0 participants=0 interpositions=0
SLIME_ROOT authority manifest=[44, c8, 1c, 0b, 30, 30, 8d, 9b, 06, d9, d6, 2a, 26, 01, 36, 31, 36, dc, a8, dc, e7, d2, 94, 6c, 36, d4, 02, 83, 0f, d6, ad, 30]
SLIME_ROOT graph admitted executables=4 instances=4 slimecm=0 elf=4 unrecognized=0
SLIME_MEM budget holders=0 declared=0
SLIME_CLOCK authority holders=0 timer_quota=0
SLIME_WAIT sources declared=0 resource=0
SLIME_GRAPH schedule instance=init priority=254 default=254
SLIME_GRAPH threads instance=init count=1
[0m[1m<<[0m[32mseL4(CPU 0)[0m[1m [decodeCNodeInvocation/107 T0xffffffc083b6f400 "rootserver" @dd7f8]: CNode Copy/Mint/Move/Mutate: Source slot invalid or empty.>>[0m
[0m[1m<<[0m[32mseL4(CPU 0)[0m[1m [decodeCNodeInvocation/95 T0xffffffc083b6f400 "rootserver" @dd7f8]: CNode Copy/Mint/Move/Mutate: Destination not empty.>>[0m
[0m[1m<<[0m[32mseL4(CPU 0)[0m[1m [decodeCNodeInvocation/95 T0xffffffc083b6f400 "rootserver" @dd7f8]: CNode Copy/Mint/Move/Mutate: Destination not empty.>>[0m
[0m[1m<<[0m[32mseL4(CPU 0)[0m[1m [decodeCNodeInvocation/95 T0xffffffc083b6f400 "rootserver" @dd7f8]: CNode Copy/Mint/Move/Mutate: Destination not empty.>>[0m
[0m[1m<<[0m[32mseL4(CPU 0)[0m[1m [decodeCNodeInvocation/95 T0xffffffc083b6f400 "rootserver" @dd7f8]: CNode Copy/Mint/Move/Mutate: Destination not empty.>>[0m
[0m[1m<<[0m[32mseL4(CPU 0)[0m[1m [decodeCNodeInvocation/107 T0xffffffc083b6f400 "rootserver" @dd7f8]: CNode Copy/Mint/Move/Mutate: Source slot invalid or empty.>>[0m
[0m[1m<<[0m[32mseL4(CPU 0)[0m[1m [decodeCNodeInvocation/107 T0xffffffc083b6f400 "rootserver" @dd7f8]: CNode Copy/Mint/Move/Mutate: Source slot invalid or empty.>>[0m
[0m[1m<<[0m[32mseL4(CPU 0)[0m[1m [decodeCNodeInvocation/107 T0xffffffc083b6f400 "rootserver" @dd7f8]: CNode Copy/Mint/Move/Mutate: Source slot invalid or empty.>>[0m
[0m[1m<<[0m[32mseL4(CPU 0)[0m[1m [decodeCNodeInvocation/107 T0xffffffc083b6f400 "rootserver" @dd7f8]: CNode Copy/Mint/Move/Mutate: Source slot invalid or empty.>>[0m
[0m[1m<<[0m[32mseL4(CPU 0)[0m[1m [decodeCNodeInvocation/107 T0xffffffc083b6f400 "rootserver" @dd7f8]: CNode Copy/Mint/Move/Mutate: Source slot invalid or empty.>>[0m
[0m[1m<<[0m[32mseL4(CPU 0)[0m[1m [decodeCNodeInvocation/107 T0xffffffc083b6f400 "rootserver" @dd7f8]: CNode Copy/Mint/Move/Mutate: Source slot invalid or empty.>>[0m
[0m[1m<<[0m[32mseL4(CPU 0)[0m[1m [decodeCNodeInvocation/107 T0xffffffc083b6f400 "rootserver" @dd7f8]: CNode Copy/Mint/Move/Mutate: Source slot invalid or empty.>>[0m
[0m[1m<<[0m[32mseL4(CPU 0)[0m[1m [decodeCNodeInvocation/107 T0xffffffc083b6f400 "rootserver" @dd7f8]: CNode Copy/Mint/Move/Mutate: Source slot invalid or empty.>>[0m
[0m[1m<<[0m[32mseL4(CPU 0)[0m[1m [decodeCNodeInvocation/107 T0xffffffc083b6f400 "rootserver" @dd7f8]: CNode Copy/Mint/Move/Mutate: Source slot invalid or empty.>>[0m
[0m[1m<<[0m[32mseL4(CPU 0)[0m[1m [decodeCNodeInvocation/107 T0xffffffc083b6f400 "rootserver" @dd7f8]: CNode Copy/Mint/Move/Mutate: Source slot invalid or empty.>>[0m
[0m[1m<<[0m[32mseL4(CPU 0)[0m[1m [decodeCNodeInvocation/107 T0xffffffc083b6f400 "rootserver" @dd7f8]: CNode Copy/Mint/Move/Mutate: Source slot invalid or empty.>>[0m
[0m[1m<<[0m[32mseL4(CPU 0)[0m[1m [decodeCNodeInvocation/107 T0xffffffc083b6f400 "rootserver" @dd7f8]: CNode Copy/Mint/Move/Mutate: Source slot invalid or empty.>>[0m
[0m[1m<<[0m[32mseL4(CPU 0)[0m[1m [decodeCNodeInvocation/107 T0xffffffc083b6f400 "rootserver" @dd7f8]: CNode Copy/Mint/Move/Mutate: Source slot invalid or empty.>>[0m
[0m[1m<<[0m[32mseL4(CPU 0)[0m[1m [decodeCNodeInvocation/107 T0xffffffc083b6f400 "rootserver" @dd7f8]: CNode Copy/Mint/Move/Mutate: Source slot invalid or empty.>>[0m
[0m[1m<<[0m[32mseL4(CPU 0)[0m[1m [decodeCNodeInvocation/107 T0xffffffc083b6f400 "rootserver" @dd7f8]: CNode Copy/Mint/Move/Mutate: Source slot invalid or empty.>>[0m
[0m[1m<<[0m[32mseL4(CPU 0)[0m[1m [decodeCNodeInvocation/107 T0xffffffc083b6f400 "rootserver" @dd7f8]: CNode Copy/Mint/Move/Mutate: Source slot invalid or empty.>>[0m
[0m[1m<<[0m[32mseL4(CPU 0)[0m[1m [decodeCNodeInvocation/107 T0xffffffc083b6f400 "rootserver" @dd7f8]: CNode Copy/Mint/Move/Mutate: Source slot invalid or empty.>>[0m
[0m[1m<<[0m[32mseL4(CPU 0)[0m[1m [decodeCNodeInvocation/107 T0xffffffc083b6f400 "rootserver" @dd7f8]: CNode Copy/Mint/Move/Mutate: Source slot invalid or empty.>>[0m
[0m[1m<<[0m[32mseL4(CPU 0)[0m[1m [decodeCNodeInvocation/107 T0xffffffc083b6f400 "rootserver" @dd7f8]: CNode Copy/Mint/Move/Mutate: Source slot invalid or empty.>>[0m
[0m[1m<<[0m[32mseL4(CPU 0)[0m[1m [decodeCNodeInvocation/107 T0xffffffc083b6f400 "rootserver" @dd7f8]: CNode Copy/Mint/Move/Mutate: Source slot invalid or empty.>>[0m
[0m[1m<<[0m[32mseL4(CPU 0)[0m[1m [decodeCNodeInvocation/107 T0xffffffc083b6f400 "rootserver" @dd7f8]: CNode Copy/Mint/Move/Mutate: Source slot invalid or empty.>>[0m
[0m[1m<<[0m[32mseL4(CPU 0)[0m[1m [decodeCNodeInvocation/107 T0xffffffc083b6f400 "rootserver" @dd7f8]: CNode Copy/Mint/Move/Mutate: Source slot invalid or empty.>>[0m
[0m[1m<<[0m[32mseL4(CPU 0)[0m[1m [decodeCNodeInvocation/107 T0xffffffc083b6f400 "rootserver" @dd7f8]: CNode Copy/Mint/Move/Mutate: Source slot invalid or empty.>>[0m
[0m[1m<<[0m[32mseL4(CPU 0)[0m[1m [decodeCNodeInvocation/107 T0xffffffc083b6f400 "rootserver" @dd7f8]: CNode Copy/Mint/Move/Mutate: Source slot invalid or empty.>>[0m
[0m[1m<<[0m[32mseL4(CPU 0)[0m[1m [decodeCNodeInvocation/107 T0xffffffc083b6f400 "rootserver" @dd7f8]: CNode Copy/Mint/Move/Mutate: Source slot invalid or empty.>>[0m
[0m[1m<<[0m[32mseL4(CPU 0)[0m[1m [decodeCNodeInvocation/107 T0xffffffc083b6f400 "rootserver" @dd7f8]: CNode Copy/Mint/Move/Mutate: Source slot invalid or empty.>>[0m
[0m[1m<<[0m[32mseL4(CPU 0)[0m[1m [decodeCNodeInvocation/107 T0xffffffc083b6f400 "rootserver" @dd7f8]: CNode Copy/Mint/Move/Mutate: Source slot invalid or empty.>>[0m
[0m[1m<<[0m[32mseL4(CPU 0)[0m[1m [decodeCNodeInvocation/95 T0xffffffc083b6f400 "rootserver" @dd7f8]: CNode Copy/Mint/Move/Mutate: Destination not empty.>>[0m
[0m[1m<<[0m[32mseL4(CPU 0)[0m[1m [decodeCNodeInvocation/107 T0xffffffc083b6f400 "rootserver" @dd7f8]: CNode Copy/Mint/Move/Mutate: Source slot invalid or empty.>>[0m
[0m[1m<<[0m[32mseL4(CPU 0)[0m[1m [decodeCNodeInvocation/107 T0xffffffc083b6f400 "rootserver" @dd7f8]: CNode Copy/Mint/Move/Mutate: Source slot invalid or empty.>>[0m
[0m[1m<<[0m[32mseL4(CPU 0)[0m[1m [decodeCNodeInvocation/107 T0xffffffc083b6f400 "rootserver" @dd7f8]: CNode Copy/Mint/Move/Mutate: Source slot invalid or empty.>>[0m
[0m[1m<<[0m[32mseL4(CPU 0)[0m[1m [decodeCNodeInvocation/107 T0xffffffc083b6f400 "rootserver" @dd7f8]: CNode Copy/Mint/Move/Mutate: Source slot invalid or empty.>>[0m
[0m[1m<<[0m[32mseL4(CPU 0)[0m[1m [decodeCNodeInvocation/107 T0xffffffc083b6f400 "rootserver" @dd7f8]: CNode Copy/Mint/Move/Mutate: Source slot invalid or empty.>>[0m
[0m[1m<<[0m[32mseL4(CPU 0)[0m[1m [decodeCNodeInvocation/107 T0xffffffc083b6f400 "rootserver" @dd7f8]: CNode Copy/Mint/Move/Mutate: Source slot invalid or empty.>>[0m
[0m[1m<<[0m[32mseL4(CPU 0)[0m[1m [decodeCNodeInvocation/107 T0xffffffc083b6f400 "rootserver" @dd7f8]: CNode Copy/Mint/Move/Mutate: Source slot invalid or empty.>>[0m
[0m[1m<<[0m[32mseL4(CPU 0)[0m[1m [decodeCNodeInvocation/107 T0xffffffc083b6f400 "rootserver" @dd7f8]: CNode Copy/Mint/Move/Mutate: Source slot invalid or empty.>>[0m
[0m[1m<<[0m[32mseL4(CPU 0)[0m[1m [decodeCNodeInvocation/107 T0xffffffc083b6f400 "rootserver" @dd7f8]: CNode Copy/Mint/Move/Mutate: Source slot invalid or empty.>>[0m
[0m[1m<<[0m[32mseL4(CPU 0)[0m[1m [decodeCNodeInvocation/107 T0xffffffc083b6f400 "rootserver" @dd7f8]: CNode Copy/Mint/Move/Mutate: Source slot invalid or empty.>>[0m
[0m[1m<<[0m[32mseL4(CPU 0)[0m[1m [decodeCNodeInvocation/107 T0xffffffc083b6f400 "rootserver" @dd7f8]: CNode Copy/Mint/Move/Mutate: Source slot invalid or empty.>>[0m
[0m[1m<<[0m[32mseL4(CPU 0)[0m[1m [decodeCNodeInvocation/107 T0xffffffc083b6f400 "rootserver" @dd7f8]: CNode Copy/Mint/Move/Mutate: Source slot invalid or empty.>>[0m
[0m[1m<<[0m[32mseL4(CPU 0)[0m[1m [decodeCNodeInvocation/107 T0xffffffc083b6f400 "rootserver" @dd7f8]: CNode Copy/Mint/Move/Mutate: Source slot invalid or empty.>>[0m
[0m[1m<<[0m[32mseL4(CPU 0)[0m[1m [decodeCNodeInvocation/107 T0xffffffc083b6f400 "rootserver" @dd7f8]: CNode Copy/Mint/Move/Mutate: Source slot invalid or empty.>>[0m
[0m[1m<<[0m[32mseL4(CPU 0)[0m[1m [decodeCNodeInvocation/107 T0xffffffc083b6f400 "rootserver" @dd7f8]: CNode Copy/Mint/Move/Mutate: Source slot invalid or empty.>>[0m
[0m[1m<<[0m[32mseL4(CPU 0)[0m[1m [decodeCNodeInvocation/107 T0xffffffc083b6f400 "rootserver" @dd7f8]: CNode Copy/Mint/Move/Mutate: Source slot invalid or empty.>>[0m
[0m[1m<<[0m[32mseL4(CPU 0)[0m[1m [decodeCNodeInvocation/107 T0xffffffc083b6f400 "rootserver" @dd7f8]: CNode Copy/Mint/Move/Mutate: Source slot invalid or empty.>>[0m
[0m[1m<<[0m[32mseL4(CPU 0)[0m[1m [decodeCNodeInvocation/107 T0xffffffc083b6f400 "rootserver" @dd7f8]: CNode Copy/Mint/Move/Mutate: Source slot invalid or empty.>>[0m
[0m[1m<<[0m[32mseL4(CPU 0)[0m[1m [decodeCNodeInvocation/107 T0xffffffc083b6f400 "rootserver" @dd7f8]: CNode Copy/Mint/Move/Mutate: Source slot invalid or empty.>>[0m
[0m[1m<<[0m[32mseL4(CPU 0)[0m[1m [decodeCNodeInvocation/107 T0xffffffc083b6f400 "rootserver" @dd7f8]: CNode Copy/Mint/Move/Mutate: Source slot invalid or empty.>>[0m
[0m[1m<<[0m[32mseL4(CPU 0)[0m[1m [decodeCNodeInvocation/107 T0xffffffc083b6f400 "rootserver" @dd7f8]: CNode Copy/Mint/Move/Mutate: Source slot invalid or empty.>>[0m
[0m[1m<<[0m[32mseL4(CPU 0)[0m[1m [decodeCNodeInvocation/107 T0xffffffc083b6f400 "rootserver" @dd7f8]: CNode Copy/Mint/Move/Mutate: Source slot invalid or empty.>>[0m
[0m[1m<<[0m[32mseL4(CPU 0)[0m[1m [decodeCNodeInvocation/107 T0xffffffc083b6f400 "rootserver" @dd7f8]: CNode Copy/Mint/Move/Mutate: Source slot invalid or empty.>>[0m
[0m[1m<<[0m[32mseL4(CPU 0)[0m[1m [decodeCNodeInvocation/107 T0xffffffc083b6f400 "rootserver" @dd7f8]: CNode Copy/Mint/Move/Mutate: Source slot invalid or empty.>>[0m
[0m[1m<<[0m[32mseL4(CPU 0)[0m[1m [decodeCNodeInvocation/107 T0xffffffc083b6f400 "rootserver" @dd7f8]: CNode Copy/Mint/Move/Mutate: Source slot invalid or empty.>>[0m
[0m[1m<<[0m[32mseL4(CPU 0)[0m[1m [decodeCNodeInvocation/107 T0xffffffc083b6f400 "rootserver" @dd7f8]: CNode Copy/Mint/Move/Mutate: Source slot invalid or empty.>>[0m
[0m[1m<<[0m[32mseL4(CPU 0)[0m[1m [decodeCNodeInvocation/107 T0xffffffc083b6f400 "rootserver" @dd7f8]: CNode Copy/Mint/Move/Mutate: Source slot invalid or empty.>>[0m
[0m[1m<<[0m[32mseL4(CPU 0)[0m[1m [decodeCNodeInvocation/107 T0xffffffc083b6f400 "rootserver" @dd7f8]: CNode Copy/Mint/Move/Mutate: Source slot invalid or empty.>>[0m
[0m[1m<<[0m[32mseL4(CPU 0)[0m[1m [decodeCNodeInvocation/107 T0xffffffc083b6f400 "rootserver" @dd7f8]: CNode Copy/Mint/Move/Mutate: Source slot invalid or empty.>>[0m
[0m[1m<<[0m[32mseL4(CPU 0)[0m[1m [decodeCNodeInvocation/107 T0xffffffc083b6f400 "rootserver" @dd7f8]: CNode Copy/Mint/Move/Mutate: Source slot invalid or empty.>>[0m
[0m[1m<<[0m[32mseL4(CPU 0)[0m[1m [decodeCNodeInvocation/107 T0xffffffc083b6f400 "rootserver" @dd7f8]: CNode Copy/Mint/Move/Mutate: Source slot invalid or empty.>>[0m
[0m[1m<<[0m[32mseL4(CPU 0)[0m[1m [decodeCNodeInvocation/107 T0xffffffc083b6f400 "rootserver" @dd7f8]: CNode Copy/Mint/Move/Mutate: Source slot invalid or empty.>>[0m
[0m[1m<<[0m[32mseL4(CPU 0)[0m[1m [decodeCNodeInvocation/107 T0xffffffc083b6f400 "rootserver" @dd7f8]: CNode Copy/Mint/Move/Mutate: Source slot invalid or empty.>>[0m
[0m[1m<<[0m[32mseL4(CPU 0)[0m[1m [decodeCNodeInvocation/107 T0xffffffc083b6f400 "rootserver" @dd7f8]: CNode Copy/Mint/Move/Mutate: Source slot invalid or empty.>>[0m
[0m[1m<<[0m[32mseL4(CPU 0)[0m[1m [decodeCNodeInvocation/107 T0xffffffc083b6f400 "rootserver" @dd7f8]: CNode Copy/Mint/Move/Mutate: Source slot invalid or empty.>>[0m
[0m[1m<<[0m[32mseL4(CPU 0)[0m[1m [decodeCNodeInvocation/107 T0xffffffc083b6f400 "rootserver" @dd7f8]: CNode Copy/Mint/Move/Mutate: Source slot invalid or empty.>>[0m
[0m[1m<<[0m[32mseL4(CPU 0)[0m[1m [decodeCNodeInvocation/107 T0xffffffc083b6f400 "rootserver" @dd7f8]: CNode Copy/Mint/Move/Mutate: Source slot invalid or empty.>>[0m
[0m[1m<<[0m[32mseL4(CPU 0)[0m[1m [decodeCNodeInvocation/107 T0xffffffc083b6f400 "rootserver" @dd7f8]: CNode Copy/Mint/Move/Mutate: Source slot invalid or empty.>>[0m
[0m[1m<<[0m[32mseL4(CPU 0)[0m[1m [decodeCNodeInvocation/107 T0xffffffc083b6f400 "rootserver" @dd7f8]: CNode Copy/Mint/Move/Mutate: Source slot invalid or empty.>>[0m
[0m[1m<<[0m[32mseL4(CPU 0)[0m[1m [decodeCNodeInvocation/107 T0xffffffc083b6f400 "rootserver" @dd7f8]: CNode Copy/Mint/Move/Mutate: Source slot invalid or empty.>>[0m
[0m[1m<<[0m[32mseL4(CPU 0)[0m[1m [decodeCNodeInvocation/107 T0xffffffc083b6f400 "rootserver" @dd7f8]: CNode Copy/Mint/Move/Mutate: Source slot invalid or empty.>>[0m
[0m[1m<<[0m[32mseL4(CPU 0)[0m[1m [decodeCNodeInvocation/107 T0xffffffc083b6f400 "rootserver" @dd7f8]: CNode Copy/Mint/Move/Mutate: Source slot invalid or empty.>>[0m
[0m[1m<<[0m[32mseL4(CPU 0)[0m[1m [decodeCNodeInvocation/107 T0xffffffc083b6f400 "rootserver" @dd7f8]: CNode Copy/Mint/Move/Mutate: Source slot invalid or empty.>>[0m
[0m[1m<<[0m[32mseL4(CPU 0)[0m[1m [decodeCNodeInvocation/107 T0xffffffc083b6f400 "rootserver" @dd7f8]: CNode Copy/Mint/Move/Mutate: Source slot invalid or empty.>>[0m
[0m[1m<<[0m[32mseL4(CPU 0)[0m[1m [decodeCNodeInvocation/107 T0xffffffc083b6f400 "rootserver" @dd7f8]: CNode Copy/Mint/Move/Mutate: Source slot invalid or empty.>>[0m
[0m[1m<<[0m[32mseL4(CPU 0)[0m[1m [decodeCNodeInvocation/107 T0xffffffc083b6f400 "rootserver" @dd7f8]: CNode Copy/Mint/Move/Mutate: Source slot invalid or empty.>>[0m
[0m[1m<<[0m[32mseL4(CPU 0)[0m[1m [decodeCNodeInvocation/107 T0xffffffc083b6f400 "rootserver" @dd7f8]: CNode Copy/Mint/Move/Mutate: Source slot invalid or empty.>>[0m
[0m[1m<<[0m[32mseL4(CPU 0)[0m[1m [decodeCNodeInvocation/107 T0xffffffc083b6f400 "rootserver" @dd7f8]: CNode Copy/Mint/Move/Mutate: Source slot invalid or empty.>>[0m
[0m[1m<<[0m[32mseL4(CPU 0)[0m[1m [decodeCNodeInvocation/107 T0xffffffc083b6f400 "rootserver" @dd7f8]: CNode Copy/Mint/Move/Mutate: Source slot invalid or empty.>>[0m
[0m[1m<<[0m[32mseL4(CPU 0)[0m[1m [decodeCNodeInvocation/107 T0xffffffc083b6f400 "rootserver" @dd7f8]: CNode Copy/Mint/Move/Mutate: Source slot invalid or empty.>>[0m
[0m[1m<<[0m[32mseL4(CPU 0)[0m[1m [decodeCNodeInvocation/107 T0xffffffc083b6f400 "rootserver" @dd7f8]: CNode Copy/Mint/Move/Mutate: Source slot invalid or empty.>>[0m
[0m[1m<<[0m[32mseL4(CPU 0)[0m[1m [decodeCNodeInvocation/107 T0xffffffc083b6f400 "rootserver" @dd7f8]: CNode Copy/Mint/Move/Mutate: Source slot invalid or empty.>>[0m
[0m[1m<<[0m[32mseL4(CPU 0)[0m[1m [decodeCNodeInvocation/107 T0xffffffc083b6f400 "rootserver" @dd7f8]: CNode Copy/Mint/Move/Mutate: Source slot invalid or empty.>>[0m
[0m[1m<<[0m[32mseL4(CPU 0)[0m[1m [decodeCNodeInvocation/107 T0xffffffc083b6f400 "rootserver" @dd7f8]: CNode Copy/Mint/Move/Mutate: Source slot invalid or empty.>>[0m
[0m[1m<<[0m[32mseL4(CPU 0)[0m[1m [decodeCNodeInvocation/107 T0xffffffc083b6f400 "rootserver" @dd7f8]: CNode Copy/Mint/Move/Mutate: Source slot invalid or empty.>>[0m
[0m[1m<<[0m[32mseL4(CPU 0)[0m[1m [decodeCNodeInvocation/107 T0xffffffc083b6f400 "rootserver" @dd7f8]: CNode Copy/Mint/Move/Mutate: Source slot invalid or empty.>>[0m
[0m[1m<<[0m[32mseL4(CPU 0)[0m[1m [decodeCNodeInvocation/107 T0xffffffc083b6f400 "rootserver" @dd7f8]: CNode Copy/Mint/Move/Mutate: Source slot invalid or empty.>>[0m
[0m[1m<<[0m[32mseL4(CPU 0)[0m[1m [decodeCNodeInvocation/107 T0xffffffc083b6f400 "rootserver" @dd7f8]: CNode Copy/Mint/Move/Mutate: Source slot invalid or empty.>>[0m
[0m[1m<<[0m[32mseL4(CPU 0)[0m[1m [decodeCNodeInvocation/107 T0xffffffc083b6f400 "rootserver" @dd7f8]: CNode Copy/Mint/Move/Mutate: Source slot invalid or empty.>>[0m
[0m[1m<<[0m[32mseL4(CPU 0)[0m[1m [decodeCNodeInvocation/107 T0xffffffc083b6f400 "rootserver" @dd7f8]: CNode Copy/Mint/Move/Mutate: Source slot invalid or empty.>>[0m
[0m[1m<<[0m[32mseL4(CPU 0)[0m[1m [decodeCNodeInvocation/107 T0xffffffc083b6f400 "rootserver" @dd7f8]: CNode Copy/Mint/Move/Mutate: Source slot invalid or empty.>>[0m
[0m[1m<<[0m[32mseL4(CPU 0)[0m[1m [decodeCNodeInvocation/107 T0xffffffc083b6f400 "rootserver" @dd7f8]: CNode Copy/Mint/Move/Mutate: Source slot invalid or empty.>>[0m
[0m[1m<<[0m[32mseL4(CPU 0)[0m[1m [decodeCNodeInvocation/107 T0xffffffc083b6f400 "rootserver" @dd7f8]: CNode Copy/Mint/Move/Mutate: Source slot invalid or empty.>>[0m
[0m[1m<<[0m[32mseL4(CPU 0)[0m[1m [decodeCNodeInvocation/107 T0xffffffc083b6f400 "rootserver" @dd7f8]: CNode Copy/Mint/Move/Mutate: Source slot invalid or empty.>>[0m
[0m[1m<<[0m[32mseL4(CPU 0)[0m[1m [decodeCNodeInvocation/107 T0xffffffc083b6f400 "rootserver" @dd7f8]: CNode Copy/Mint/Move/Mutate: Source slot invalid or empty.>>[0m
[0m[1m<<[0m[32mseL4(CPU 0)[0m[1m [decodeCNodeInvocation/107 T0xffffffc083b6f400 "rootserver" @dd7f8]: CNode Copy/Mint/Move/Mutate: Source slot invalid or empty.>>[0m
[0m[1m<<[0m[32mseL4(CPU 0)[0m[1m [decodeCNodeInvocation/107 T0xffffffc083b6f400 "rootserver" @dd7f8]: CNode Copy/Mint/Move/Mutate: Source slot invalid or empty.>>[0m
[0m[1m<<[0m[32mseL4(CPU 0)[0m[1m [decodeCNodeInvocation/107 T0xffffffc083b6f400 "rootserver" @dd7f8]: CNode Copy/Mint/Move/Mutate: Source slot invalid or empty.>>[0m
[0m[1m<<[0m[32mseL4(CPU 0)[0m[1m [decodeCNodeInvocation/107 T0xffffffc083b6f400 "rootserver" @dd7f8]: CNode Copy/Mint/Move/Mutate: Source slot invalid or empty.>>[0m
[0m[1m<<[0m[32mseL4(CPU 0)[0m[1m [decodeCNodeInvocation/107 T0xffffffc083b6f400 "rootserver" @dd7f8]: CNode Copy/Mint/Move/Mutate: Source slot invalid or empty.>>[0m
[0m[1m<<[0m[32mseL4(CPU 0)[0m[1m [decodeCNodeInvocation/107 T0xffffffc083b6f400 "rootserver" @dd7f8]: CNode Copy/Mint/Move/Mutate: Source slot invalid or empty.>>[0m
[0m[1m<<[0m[32mseL4(CPU 0)[0m[1m [decodeCNodeInvocation/107 T0xffffffc083b6f400 "rootserver" @dd7f8]: CNode Copy/Mint/Move/Mutate: Source slot invalid or empty.>>[0m
[0m[1m<<[0m[32mseL4(CPU 0)[0m[1m [decodeCNodeInvocation/107 T0xffffffc083b6f400 "rootserver" @dd7f8]: CNode Copy/Mint/Move/Mutate: Source slot invalid or empty.>>[0m
[0m[1m<<[0m[32mseL4(CPU 0)[0m[1m [decodeCNodeInvocation/107 T0xffffffc083b6f400 "rootserver" @dd7f8]: CNode Copy/Mint/Move/Mutate: Source slot invalid or empty.>>[0m
[0m[1m<<[0m[32mseL4(CPU 0)[0m[1m [decodeCNodeInvocation/107 T0xffffffc083b6f400 "rootserver" @dd7f8]: CNode Copy/Mint/Move/Mutate: Source slot invalid or empty.>>[0m
[0m[1m<<[0m[32mseL4(CPU 0)[0m[1m [decodeCNodeInvocation/107 T0xffffffc083b6f400 "rootserver" @dd7f8]: CNode Copy/Mint/Move/Mutate: Source slot invalid or empty.>>[0m
[0m[1m<<[0m[32mseL4(CPU 0)[0m[1m [decodeCNodeInvocation/107 T0xffffffc083b6f400 "rootserver" @dd7f8]: CNode Copy/Mint/Move/Mutate: Source slot invalid or empty.>>[0m
[0m[1m<<[0m[32mseL4(CPU 0)[0m[1m [decodeCNodeInvocation/107 T0xffffffc083b6f400 "rootserver" @dd7f8]: CNode Copy/Mint/Move/Mutate: Source slot invalid or empty.>>[0m
[0m[1m<<[0m[32mseL4(CPU 0)[0m[1m [decodeCNodeInvocation/107 T0xffffffc083b6f400 "rootserver" @dd7f8]: CNode Copy/Mint/Move/Mutate: Source slot invalid or empty.>>[0m
[0m[1m<<[0m[32mseL4(CPU 0)[0m[1m [decodeCNodeInvocation/107 T0xffffffc083b6f400 "rootserver" @dd7f8]: CNode Copy/Mint/Move/Mutate: Source slot invalid or empty.>>[0m
[0m[1m<<[0m[32mseL4(CPU 0)[0m[1m [decodeCNodeInvocation/107 T0xffffffc083b6f400 "rootserver" @dd7f8]: CNode Copy/Mint/Move/Mutate: Source slot invalid or empty.>>[0m
[0m[1m<<[0m[32mseL4(CPU 0)[0m[1m [decodeCNodeInvocation/107 T0xffffffc083b6f400 "rootserver" @dd7f8]: CNode Copy/Mint/Move/Mutate: Source slot invalid or empty.>>[0m
[0m[1m<<[0m[32mseL4(CPU 0)[0m[1m [decodeCNodeInvocation/107 T0xffffffc083b6f400 "rootserver" @dd7f8]: CNode Copy/Mint/Move/Mutate: Source slot invalid or empty.>>[0m
[0m[1m<<[0m[32mseL4(CPU 0)[0m[1m [decodeCNodeInvocation/107 T0xffffffc083b6f400 "rootserver" @dd7f8]: CNode Copy/Mint/Move/Mutate: Source slot invalid or empty.>>[0m
[0m[1m<<[0m[32mseL4(CPU 0)[0m[1m [decodeCNodeInvocation/107 T0xffffffc083b6f400 "rootserver" @dd7f8]: CNode Copy/Mint/Move/Mutate: Source slot invalid or empty.>>[0m
[0m[1m<<[0m[32mseL4(CPU 0)[0m[1m [decodeCNodeInvocation/107 T0xffffffc083b6f400 "rootserver" @dd7f8]: CNode Copy/Mint/Move/Mutate: Source slot invalid or empty.>>[0m
[0m[1m<<[0m[32mseL4(CPU 0)[0m[1m [decodeCNodeInvocation/107 T0xffffffc083b6f400 "rootserver" @dd7f8]: CNode Copy/Mint/Move/Mutate: Source slot invalid or empty.>>[0m
[0m[1m<<[0m[32mseL4(CPU 0)[0m[1m [decodeCNodeInvocation/107 T0xffffffc083b6f400 "rootserver" @dd7f8]: CNode Copy/Mint/Move/Mutate: Source slot invalid or empty.>>[0m
[0m[1m<<[0m[32mseL4(CPU 0)[0m[1m [decodeCNodeInvocation/107 T0xffffffc083b6f400 "rootserver" @dd7f8]: CNode Copy/Mint/Move/Mutate: Source slot invalid or empty.>>[0m
[0m[1m<<[0m[32mseL4(CPU 0)[0m[1m [decodeCNodeInvocation/107 T0xffffffc083b6f400 "rootserver" @dd7f8]: CNode Copy/Mint/Move/Mutate: Source slot invalid or empty.>>[0m
[0m[1m<<[0m[32mseL4(CPU 0)[0m[1m [decodeCNodeInvocation/107 T0xffffffc083b6f400 "rootserver" @dd7f8]: CNode Copy/Mint/Move/Mutate: Source slot invalid or empty.>>[0m
[0m[1m<<[0m[32mseL4(CPU 0)[0m[1m [decodeCNodeInvocation/107 T0xffffffc083b6f400 "rootserver" @dd7f8]: CNode Copy/Mint/Move/Mutate: Source slot invalid or empty.>>[0m
[0m[1m<<[0m[32mseL4(CPU 0)[0m[1m [decodeCNodeInvocation/107 T0xffffffc083b6f400 "rootserver" @dd7f8]: CNode Copy/Mint/Move/Mutate: Source slot invalid or empty.>>[0m
[0m[1m<<[0m[32mseL4(CPU 0)[0m[1m [decodeCNodeInvocation/107 T0xffffffc083b6f400 "rootserver" @dd7f8]: CNode Copy/Mint/Move/Mutate: Source slot invalid or empty.>>[0m
[0m[1m<<[0m[32mseL4(CPU 0)[0m[1m [decodeCNodeInvocation/107 T0xffffffc083b6f400 "rootserver" @dd7f8]: CNode Copy/Mint/Move/Mutate: Source slot invalid or empty.>>[0m
SLIME_GRAPH factory placed task=0 component=init slot=4 kind=shared-buffer-factory
SLIME_GRAPH staged task=0 instance=init executable=init grants=3 bindings=3 window=0x2e000 frames=31 tables=3 entry=0x141da
SLIME_GRAPH schedule instance=sample-worker priority=254 default=254
SLIME_GRAPH threads instance=sample-worker count=2
SLIME_GRAPH schedule instance=sample-worker thread=1 priority=100
[0m[1m<<[0m[32mseL4(CPU 0)[0m[1m [decodeCNodeInvocation/107 T0xffffffc083b6f400 "rootserver" @dd7f8]: CNode Copy/Mint/Move/Mutate: Source slot invalid or empty.>>[0m
[0m[1m<<[0m[32mseL4(CPU 0)[0m[1m [decodeCNodeInvocation/95 T0xffffffc083b6f400 "rootserver" @dd7f8]: CNode Copy/Mint/Move/Mutate: Destination not empty.>>[0m
[0m[1m<<[0m[32mseL4(CPU 0)[0m[1m [decodeCNodeInvocation/95 T0xffffffc083b6f400 "rootserver" @dd7f8]: CNode Copy/Mint/Move/Mutate: Destination not empty.>>[0m
[0m[1m<<[0m[32mseL4(CPU 0)[0m[1m [decodeCNodeInvocation/95 T0xffffffc083b6f400 "rootserver" @dd7f8]: CNode Copy/Mint/Move/Mutate: Destination not empty.>>[0m
[0m[1m<<[0m[32mseL4(CPU 0)[0m[1m [decodeCNodeInvocation/95 T0xffffffc083b6f400 "rootserver" @dd7f8]: CNode Copy/Mint/Move/Mutate: Destination not empty.>>[0m
[0m[1m<<[0m[32mseL4(CPU 0)[0m[1m [decodeCNodeInvocation/107 T0xffffffc083b6f400 "rootserver" @dd7f8]: CNode Copy/Mint/Move/Mutate: Source slot invalid or empty.>>[0m
[0m[1m<<[0m[32mseL4(CPU 0)[0m[1m [decodeCNodeInvocation/107 T0xffffffc083b6f400 "rootserver" @dd7f8]: CNode Copy/Mint/Move/Mutate: Source slot invalid or empty.>>[0m
[0m[1m<<[0m[32mseL4(CPU 0)[0m[1m [decodeCNodeInvocation/107 T0xffffffc083b6f400 "rootserver" @dd7f8]: CNode Copy/Mint/Move/Mutate: Source slot invalid or empty.>>[0m
[0m[1m<<[0m[32mseL4(CPU 0)[0m[1m [decodeCNodeInvocation/107 T0xffffffc083b6f400 "rootserver" @dd7f8]: CNode Copy/Mint/Move/Mutate: Source slot invalid or empty.>>[0m
[0m[1m<<[0m[32mseL4(CPU 0)[0m[1m [decodeCNodeInvocation/107 T0xffffffc083b6f400 "rootserver" @dd7f8]: CNode Copy/Mint/Move/Mutate: Source slot invalid or empty.>>[0m
[0m[1m<<[0m[32mseL4(CPU 0)[0m[1m [decodeCNodeInvocation/107 T0xffffffc083b6f400 "rootserver" @dd7f8]: CNode Copy/Mint/Move/Mutate: Source slot invalid or empty.>>[0m
[0m[1m<<[0m[32mseL4(CPU 0)[0m[1m [decodeCNodeInvocation/107 T0xffffffc083b6f400 "rootserver" @dd7f8]: CNode Copy/Mint/Move/Mutate: Source slot invalid or empty.>>[0m
[0m[1m<<[0m[32mseL4(CPU 0)[0m[1m [decodeCNodeInvocation/107 T0xffffffc083b6f400 "rootserver" @dd7f8]: CNode Copy/Mint/Move/Mutate: Source slot invalid or empty.>>[0m
[0m[1m<<[0m[32mseL4(CPU 0)[0m[1m [decodeCNodeInvocation/107 T0xffffffc083b6f400 "rootserver" @dd7f8]: CNode Copy/Mint/Move/Mutate: Source slot invalid or empty.>>[0m
[0m[1m<<[0m[32mseL4(CPU 0)[0m[1m [decodeCNodeInvocation/107 T0xffffffc083b6f400 "rootserver" @dd7f8]: CNode Copy/Mint/Move/Mutate: Source slot invalid or empty.>>[0m
[0m[1m<<[0m[32mseL4(CPU 0)[0m[1m [decodeCNodeInvocation/107 T0xffffffc083b6f400 "rootserver" @dd7f8]: CNode Copy/Mint/Move/Mutate: Source slot invalid or empty.>>[0m
[0m[1m<<[0m[32mseL4(CPU 0)[0m[1m [decodeCNodeInvocation/107 T0xffffffc083b6f400 "rootserver" @dd7f8]: CNode Copy/Mint/Move/Mutate: Source slot invalid or empty.>>[0m
[0m[1m<<[0m[32mseL4(CPU 0)[0m[1m [decodeCNodeInvocation/107 T0xffffffc083b6f400 "rootserver" @dd7f8]: CNode Copy/Mint/Move/Mutate: Source slot invalid or empty.>>[0m
[0m[1m<<[0m[32mseL4(CPU 0)[0m[1m [decodeCNodeInvocation/107 T0xffffffc083b6f400 "rootserver" @dd7f8]: CNode Copy/Mint/Move/Mutate: Source slot invalid or empty.>>[0m
[0m[1m<<[0m[32mseL4(CPU 0)[0m[1m [decodeCNodeInvocation/107 T0xffffffc083b6f400 "rootserver" @dd7f8]: CNode Copy/Mint/Move/Mutate: Source slot invalid or empty.>>[0m
[0m[1m<<[0m[32mseL4(CPU 0)[0m[1m [decodeCNodeInvocation/107 T0xffffffc083b6f400 "rootserver" @dd7f8]: CNode Copy/Mint/Move/Mutate: Source slot invalid or empty.>>[0m
[0m[1m<<[0m[32mseL4(CPU 0)[0m[1m [decodeCNodeInvocation/107 T0xffffffc083b6f400 "rootserver" @dd7f8]: CNode Copy/Mint/Move/Mutate: Source slot invalid or empty.>>[0m
[0m[1m<<[0m[32mseL4(CPU 0)[0m[1m [decodeCNodeInvocation/107 T0xffffffc083b6f400 "rootserver" @dd7f8]: CNode Copy/Mint/Move/Mutate: Source slot invalid or empty.>>[0m
[0m[1m<<[0m[32mseL4(CPU 0)[0m[1m [decodeCNodeInvocation/107 T0xffffffc083b6f400 "rootserver" @dd7f8]: CNode Copy/Mint/Move/Mutate: Source slot invalid or empty.>>[0m
[0m[1m<<[0m[32mseL4(CPU 0)[0m[1m [decodeCNodeInvocation/107 T0xffffffc083b6f400 "rootserver" @dd7f8]: CNode Copy/Mint/Move/Mutate: Source slot invalid or empty.>>[0m
[0m[1m<<[0m[32mseL4(CPU 0)[0m[1m [decodeCNodeInvocation/107 T0xffffffc083b6f400 "rootserver" @dd7f8]: CNode Copy/Mint/Move/Mutate: Source slot invalid or empty.>>[0m
[0m[1m<<[0m[32mseL4(CPU 0)[0m[1m [decodeCNodeInvocation/107 T0xffffffc083b6f400 "rootserver" @dd7f8]: CNode Copy/Mint/Move/Mutate: Source slot invalid or empty.>>[0m
[0m[1m<<[0m[32mseL4(CPU 0)[0m[1m [decodeCNodeInvocation/107 T0xffffffc083b6f400 "rootserver" @dd7f8]: CNode Copy/Mint/Move/Mutate: Source slot invalid or empty.>>[0m
[0m[1m<<[0m[32mseL4(CPU 0)[0m[1m [decodeCNodeInvocation/107 T0xffffffc083b6f400 "rootserver" @dd7f8]: CNode Copy/Mint/Move/Mutate: Source slot invalid or empty.>>[0m
[0m[1m<<[0m[32mseL4(CPU 0)[0m[1m [decodeCNodeInvocation/107 T0xffffffc083b6f400 "rootserver" @dd7f8]: CNode Copy/Mint/Move/Mutate: Source slot invalid or empty.>>[0m
[0m[1m<<[0m[32mseL4(CPU 0)[0m[1m [decodeCNodeInvocation/107 T0xffffffc083b6f400 "rootserver" @dd7f8]: CNode Copy/Mint/Move/Mutate: Source slot invalid or empty.>>[0m
[0m[1m<<[0m[32mseL4(CPU 0)[0m[1m [decodeCNodeInvocation/107 T0xffffffc083b6f400 "rootserver" @dd7f8]: CNode Copy/Mint/Move/Mutate: Source slot invalid or empty.>>[0m
[0m[1m<<[0m[32mseL4(CPU 0)[0m[1m [decodeCNodeInvocation/95 T0xffffffc083b6f400 "rootserver" @dd7f8]: CNode Copy/Mint/Move/Mutate: Destination not empty.>>[0m
[0m[1m<<[0m[32mseL4(CPU 0)[0m[1m [decodeCNodeInvocation/107 T0xffffffc083b6f400 "rootserver" @dd7f8]: CNode Copy/Mint/Move/Mutate: Source slot invalid or empty.>>[0m
[0m[1m<<[0m[32mseL4(CPU 0)[0m[1m [decodeCNodeInvocation/107 T0xffffffc083b6f400 "rootserver" @dd7f8]: CNode Copy/Mint/Move/Mutate: Source slot invalid or empty.>>[0m
[0m[1m<<[0m[32mseL4(CPU 0)[0m[1m [decodeCNodeInvocation/107 T0xffffffc083b6f400 "rootserver" @dd7f8]: CNode Copy/Mint/Move/Mutate: Source slot invalid or empty.>>[0m
[0m[1m<<[0m[32mseL4(CPU 0)[0m[1m [decodeCNodeInvocation/107 T0xffffffc083b6f400 "rootserver" @dd7f8]: CNode Copy/Mint/Move/Mutate: Source slot invalid or empty.>>[0m
[0m[1m<<[0m[32mseL4(CPU 0)[0m[1m [decodeCNodeInvocation/107 T0xffffffc083b6f400 "rootserver" @dd7f8]: CNode Copy/Mint/Move/Mutate: Source slot invalid or empty.>>[0m
[0m[1m<<[0m[32mseL4(CPU 0)[0m[1m [decodeCNodeInvocation/107 T0xffffffc083b6f400 "rootserver" @dd7f8]: CNode Copy/Mint/Move/Mutate: Source slot invalid or empty.>>[0m
[0m[1m<<[0m[32mseL4(CPU 0)[0m[1m [decodeCNodeInvocation/107 T0xffffffc083b6f400 "rootserver" @dd7f8]: CNode Copy/Mint/Move/Mutate: Source slot invalid or empty.>>[0m
[0m[1m<<[0m[32mseL4(CPU 0)[0m[1m [decodeCNodeInvocation/107 T0xffffffc083b6f400 "rootserver" @dd7f8]: CNode Copy/Mint/Move/Mutate: Source slot invalid or empty.>>[0m
[0m[1m<<[0m[32mseL4(CPU 0)[0m[1m [decodeCNodeInvocation/107 T0xffffffc083b6f400 "rootserver" @dd7f8]: CNode Copy/Mint/Move/Mutate: Source slot invalid or empty.>>[0m
[0m[1m<<[0m[32mseL4(CPU 0)[0m[1m [decodeCNodeInvocation/107 T0xffffffc083b6f400 "rootserver" @dd7f8]: CNode Copy/Mint/Move/Mutate: Source slot invalid or empty.>>[0m
[0m[1m<<[0m[32mseL4(CPU 0)[0m[1m [decodeCNodeInvocation/107 T0xffffffc083b6f400 "rootserver" @dd7f8]: CNode Copy/Mint/Move/Mutate: Source slot invalid or empty.>>[0m
[0m[1m<<[0m[32mseL4(CPU 0)[0m[1m [decodeCNodeInvocation/107 T0xffffffc083b6f400 "rootserver" @dd7f8]: CNode Copy/Mint/Move/Mutate: Source slot invalid or empty.>>[0m
[0m[1m<<[0m[32mseL4(CPU 0)[0m[1m [decodeCNodeInvocation/107 T0xffffffc083b6f400 "rootserver" @dd7f8]: CNode Copy/Mint/Move/Mutate: Source slot invalid or empty.>>[0m
[0m[1m<<[0m[32mseL4(CPU 0)[0m[1m [decodeCNodeInvocation/107 T0xffffffc083b6f400 "rootserver" @dd7f8]: CNode Copy/Mint/Move/Mutate: Source slot invalid or empty.>>[0m
[0m[1m<<[0m[32mseL4(CPU 0)[0m[1m [decodeCNodeInvocation/107 T0xffffffc083b6f400 "rootserver" @dd7f8]: CNode Copy/Mint/Move/Mutate: Source slot invalid or empty.>>[0m
[0m[1m<<[0m[32mseL4(CPU 0)[0m[1m [decodeCNodeInvocation/107 T0xffffffc083b6f400 "rootserver" @dd7f8]: CNode Copy/Mint/Move/Mutate: Source slot invalid or empty.>>[0m
[0m[1m<<[0m[32mseL4(CPU 0)[0m[1m [decodeCNodeInvocation/107 T0xffffffc083b6f400 "rootserver" @dd7f8]: CNode Copy/Mint/Move/Mutate: Source slot invalid or empty.>>[0m
[0m[1m<<[0m[32mseL4(CPU 0)[0m[1m [decodeCNodeInvocation/107 T0xffffffc083b6f400 "rootserver" @dd7f8]: CNode Copy/Mint/Move/Mutate: Source slot invalid or empty.>>[0m
[0m[1m<<[0m[32mseL4(CPU 0)[0m[1m [decodeCNodeInvocation/107 T0xffffffc083b6f400 "rootserver" @dd7f8]: CNode Copy/Mint/Move/Mutate: Source slot invalid or empty.>>[0m
[0m[1m<<[0m[32mseL4(CPU 0)[0m[1m [decodeCNodeInvocation/107 T0xffffffc083b6f400 "rootserver" @dd7f8]: CNode Copy/Mint/Move/Mutate: Source slot invalid or empty.>>[0m
[0m[1m<<[0m[32mseL4(CPU 0)[0m[1m [decodeCNodeInvocation/107 T0xffffffc083b6f400 "rootserver" @dd7f8]: CNode Copy/Mint/Move/Mutate: Source slot invalid or empty.>>[0m
[0m[1m<<[0m[32mseL4(CPU 0)[0m[1m [decodeCNodeInvocation/107 T0xffffffc083b6f400 "rootserver" @dd7f8]: CNode Copy/Mint/Move/Mutate: Source slot invalid or empty.>>[0m
[0m[1m<<[0m[32mseL4(CPU 0)[0m[1m [decodeCNodeInvocation/107 T0xffffffc083b6f400 "rootserver" @dd7f8]: CNode Copy/Mint/Move/Mutate: Source slot invalid or empty.>>[0m
[0m[1m<<[0m[32mseL4(CPU 0)[0m[1m [decodeCNodeInvocation/107 T0xffffffc083b6f400 "rootserver" @dd7f8]: CNode Copy/Mint/Move/Mutate: Source slot invalid or empty.>>[0m
[0m[1m<<[0m[32mseL4(CPU 0)[0m[1m [decodeCNodeInvocation/107 T0xffffffc083b6f400 "rootserver" @dd7f8]: CNode Copy/Mint/Move/Mutate: Source slot invalid or empty.>>[0m
[0m[1m<<[0m[32mseL4(CPU 0)[0m[1m [decodeCNodeInvocation/107 T0xffffffc083b6f400 "rootserver" @dd7f8]: CNode Copy/Mint/Move/Mutate: Source slot invalid or empty.>>[0m
[0m[1m<<[0m[32mseL4(CPU 0)[0m[1m [decodeCNodeInvocation/107 T0xffffffc083b6f400 "rootserver" @dd7f8]: CNode Copy/Mint/Move/Mutate: Source slot invalid or empty.>>[0m
[0m[1m<<[0m[32mseL4(CPU 0)[0m[1m [decodeCNodeInvocation/107 T0xffffffc083b6f400 "rootserver" @dd7f8]: CNode Copy/Mint/Move/Mutate: Source slot invalid or empty.>>[0m
[0m[1m<<[0m[32mseL4(CPU 0)[0m[1m [decodeCNodeInvocation/107 T0xffffffc083b6f400 "rootserver" @dd7f8]: CNode Copy/Mint/Move/Mutate: Source slot invalid or empty.>>[0m
[0m[1m<<[0m[32mseL4(CPU 0)[0m[1m [decodeCNodeInvocation/107 T0xffffffc083b6f400 "rootserver" @dd7f8]: CNode Copy/Mint/Move/Mutate: Source slot invalid or empty.>>[0m
[0m[1m<<[0m[32mseL4(CPU 0)[0m[1m [decodeCNodeInvocation/107 T0xffffffc083b6f400 "rootserver" @dd7f8]: CNode Copy/Mint/Move/Mutate: Source slot invalid or empty.>>[0m
[0m[1m<<[0m[32mseL4(CPU 0)[0m[1m [decodeCNodeInvocation/107 T0xffffffc083b6f400 "rootserver" @dd7f8]: CNode Copy/Mint/Move/Mutate: Source slot invalid or empty.>>[0m
[0m[1m<<[0m[32mseL4(CPU 0)[0m[1m [decodeCNodeInvocation/107 T0xffffffc083b6f400 "rootserver" @dd7f8]: CNode Copy/Mint/Move/Mutate: Source slot invalid or empty.>>[0m
[0m[1m<<[0m[32mseL4(CPU 0)[0m[1m [decodeCNodeInvocation/107 T0xffffffc083b6f400 "rootserver" @dd7f8]: CNode Copy/Mint/Move/Mutate: Source slot invalid or empty.>>[0m
[0m[1m<<[0m[32mseL4(CPU 0)[0m[1m [decodeCNodeInvocation/107 T0xffffffc083b6f400 "rootserver" @dd7f8]: CNode Copy/Mint/Move/Mutate: Source slot invalid or empty.>>[0m
[0m[1m<<[0m[32mseL4(CPU 0)[0m[1m [decodeCNodeInvocation/107 T0xffffffc083b6f400 "rootserver" @dd7f8]: CNode Copy/Mint/Move/Mutate: Source slot invalid or empty.>>[0m
[0m[1m<<[0m[32mseL4(CPU 0)[0m[1m [decodeCNodeInvocation/107 T0xffffffc083b6f400 "rootserver" @dd7f8]: CNode Copy/Mint/Move/Mutate: Source slot invalid or empty.>>[0m
[0m[1m<<[0m[32mseL4(CPU 0)[0m[1m [decodeCNodeInvocation/107 T0xffffffc083b6f400 "rootserver" @dd7f8]: CNode Copy/Mint/Move/Mutate: Source slot invalid or empty.>>[0m
[0m[1m<<[0m[32mseL4(CPU 0)[0m[1m [decodeCNodeInvocation/107 T0xffffffc083b6f400 "rootserver" @dd7f8]: CNode Copy/Mint/Move/Mutate: Source slot invalid or empty.>>[0m
[0m[1m<<[0m[32mseL4(CPU 0)[0m[1m [decodeCNodeInvocation/107 T0xffffffc083b6f400 "rootserver" @dd7f8]: CNode Copy/Mint/Move/Mutate: Source slot invalid or empty.>>[0m
[0m[1m<<[0m[32mseL4(CPU 0)[0m[1m [decodeCNodeInvocation/107 T0xffffffc083b6f400 "rootserver" @dd7f8]: CNode Copy/Mint/Move/Mutate: Source slot invalid or empty.>>[0m
[0m[1m<<[0m[32mseL4(CPU 0)[0m[1m [decodeCNodeInvocation/107 T0xffffffc083b6f400 "rootserver" @dd7f8]: CNode Copy/Mint/Move/Mutate: Source slot invalid or empty.>>[0m
[0m[1m<<[0m[32mseL4(CPU 0)[0m[1m [decodeCNodeInvocation/107 T0xffffffc083b6f400 "rootserver" @dd7f8]: CNode Copy/Mint/Move/Mutate: Source slot invalid or empty.>>[0m
[0m[1m<<[0m[32mseL4(CPU 0)[0m[1m [decodeCNodeInvocation/107 T0xffffffc083b6f400 "rootserver" @dd7f8]: CNode Copy/Mint/Move/Mutate: Source slot invalid or empty.>>[0m
[0m[1m<<[0m[32mseL4(CPU 0)[0m[1m [decodeCNodeInvocation/107 T0xffffffc083b6f400 "rootserver" @dd7f8]: CNode Copy/Mint/Move/Mutate: Source slot invalid or empty.>>[0m
[0m[1m<<[0m[32mseL4(CPU 0)[0m[1m [decodeCNodeInvocation/107 T0xffffffc083b6f400 "rootserver" @dd7f8]: CNode Copy/Mint/Move/Mutate: Source slot invalid or empty.>>[0m
[0m[1m<<[0m[32mseL4(CPU 0)[0m[1m [decodeCNodeInvocation/107 T0xffffffc083b6f400 "rootserver" @dd7f8]: CNode Copy/Mint/Move/Mutate: Source slot invalid or empty.>>[0m
[0m[1m<<[0m[32mseL4(CPU 0)[0m[1m [decodeCNodeInvocation/107 T0xffffffc083b6f400 "rootserver" @dd7f8]: CNode Copy/Mint/Move/Mutate: Source slot invalid or empty.>>[0m
[0m[1m<<[0m[32mseL4(CPU 0)[0m[1m [decodeCNodeInvocation/107 T0xffffffc083b6f400 "rootserver" @dd7f8]: CNode Copy/Mint/Move/Mutate: Source slot invalid or empty.>>[0m
[0m[1m<<[0m[32mseL4(CPU 0)[0m[1m [decodeCNodeInvocation/107 T0xffffffc083b6f400 "rootserver" @dd7f8]: CNode Copy/Mint/Move/Mutate: Source slot invalid or empty.>>[0m
[0m[1m<<[0m[32mseL4(CPU 0)[0m[1m [decodeCNodeInvocation/107 T0xffffffc083b6f400 "rootserver" @dd7f8]: CNode Copy/Mint/Move/Mutate: Source slot invalid or empty.>>[0m
[0m[1m<<[0m[32mseL4(CPU 0)[0m[1m [decodeCNodeInvocation/107 T0xffffffc083b6f400 "rootserver" @dd7f8]: CNode Copy/Mint/Move/Mutate: Source slot invalid or empty.>>[0m
[0m[1m<<[0m[32mseL4(CPU 0)[0m[1m [decodeCNodeInvocation/107 T0xffffffc083b6f400 "rootserver" @dd7f8]: CNode Copy/Mint/Move/Mutate: Source slot invalid or empty.>>[0m
[0m[1m<<[0m[32mseL4(CPU 0)[0m[1m [decodeCNodeInvocation/107 T0xffffffc083b6f400 "rootserver" @dd7f8]: CNode Copy/Mint/Move/Mutate: Source slot invalid or empty.>>[0m
[0m[1m<<[0m[32mseL4(CPU 0)[0m[1m [decodeCNodeInvocation/107 T0xffffffc083b6f400 "rootserver" @dd7f8]: CNode Copy/Mint/Move/Mutate: Source slot invalid or empty.>>[0m
[0m[1m<<[0m[32mseL4(CPU 0)[0m[1m [decodeCNodeInvocation/107 T0xffffffc083b6f400 "rootserver" @dd7f8]: CNode Copy/Mint/Move/Mutate: Source slot invalid or empty.>>[0m
[0m[1m<<[0m[32mseL4(CPU 0)[0m[1m [decodeCNodeInvocation/107 T0xffffffc083b6f400 "rootserver" @dd7f8]: CNode Copy/Mint/Move/Mutate: Source slot invalid or empty.>>[0m
[0m[1m<<[0m[32mseL4(CPU 0)[0m[1m [decodeCNodeInvocation/107 T0xffffffc083b6f400 "rootserver" @dd7f8]: CNode Copy/Mint/Move/Mutate: Source slot invalid or empty.>>[0m
[0m[1m<<[0m[32mseL4(CPU 0)[0m[1m [decodeCNodeInvocation/107 T0xffffffc083b6f400 "rootserver" @dd7f8]: CNode Copy/Mint/Move/Mutate: Source slot invalid or empty.>>[0m
[0m[1m<<[0m[32mseL4(CPU 0)[0m[1m [decodeCNodeInvocation/107 T0xffffffc083b6f400 "rootserver" @dd7f8]: CNode Copy/Mint/Move/Mutate: Source slot invalid or empty.>>[0m
[0m[1m<<[0m[32mseL4(CPU 0)[0m[1m [decodeCNodeInvocation/107 T0xffffffc083b6f400 "rootserver" @dd7f8]: CNode Copy/Mint/Move/Mutate: Source slot invalid or empty.>>[0m
[0m[1m<<[0m[32mseL4(CPU 0)[0m[1m [decodeCNodeInvocation/107 T0xffffffc083b6f400 "rootserver" @dd7f8]: CNode Copy/Mint/Move/Mutate: Source slot invalid or empty.>>[0m
[0m[1m<<[0m[32mseL4(CPU 0)[0m[1m [decodeCNodeInvocation/107 T0xffffffc083b6f400 "rootserver" @dd7f8]: CNode Copy/Mint/Move/Mutate: Source slot invalid or empty.>>[0m
[0m[1m<<[0m[32mseL4(CPU 0)[0m[1m [decodeCNodeInvocation/107 T0xffffffc083b6f400 "rootserver" @dd7f8]: CNode Copy/Mint/Move/Mutate: Source slot invalid or empty.>>[0m
[0m[1m<<[0m[32mseL4(CPU 0)[0m[1m [decodeCNodeInvocation/107 T0xffffffc083b6f400 "rootserver" @dd7f8]: CNode Copy/Mint/Move/Mutate: Source slot invalid or empty.>>[0m
[0m[1m<<[0m[32mseL4(CPU 0)[0m[1m [decodeCNodeInvocation/107 T0xffffffc083b6f400 "rootserver" @dd7f8]: CNode Copy/Mint/Move/Mutate: Source slot invalid or empty.>>[0m
[0m[1m<<[0m[32mseL4(CPU 0)[0m[1m [decodeCNodeInvocation/107 T0xffffffc083b6f400 "rootserver" @dd7f8]: CNode Copy/Mint/Move/Mutate: Source slot invalid or empty.>>[0m
[0m[1m<<[0m[32mseL4(CPU 0)[0m[1m [decodeCNodeInvocation/107 T0xffffffc083b6f400 "rootserver" @dd7f8]: CNode Copy/Mint/Move/Mutate: Source slot invalid or empty.>>[0m
[0m[1m<<[0m[32mseL4(CPU 0)[0m[1m [decodeCNodeInvocation/107 T0xffffffc083b6f400 "rootserver" @dd7f8]: CNode Copy/Mint/Move/Mutate: Source slot invalid or empty.>>[0m
[0m[1m<<[0m[32mseL4(CPU 0)[0m[1m [decodeCNodeInvocation/107 T0xffffffc083b6f400 "rootserver" @dd7f8]: CNode Copy/Mint/Move/Mutate: Source slot invalid or empty.>>[0m
[0m[1m<<[0m[32mseL4(CPU 0)[0m[1m [decodeCNodeInvocation/107 T0xffffffc083b6f400 "rootserver" @dd7f8]: CNode Copy/Mint/Move/Mutate: Source slot invalid or empty.>>[0m
[0m[1m<<[0m[32mseL4(CPU 0)[0m[1m [decodeCNodeInvocation/107 T0xffffffc083b6f400 "rootserver" @dd7f8]: CNode Copy/Mint/Move/Mutate: Source slot invalid or empty.>>[0m
[0m[1m<<[0m[32mseL4(CPU 0)[0m[1m [decodeCNodeInvocation/107 T0xffffffc083b6f400 "rootserver" @dd7f8]: CNode Copy/Mint/Move/Mutate: Source slot invalid or empty.>>[0m
[0m[1m<<[0m[32mseL4(CPU 0)[0m[1m [decodeCNodeInvocation/107 T0xffffffc083b6f400 "rootserver" @dd7f8]: CNode Copy/Mint/Move/Mutate: Source slot invalid or empty.>>[0m
[0m[1m<<[0m[32mseL4(CPU 0)[0m[1m [decodeCNodeInvocation/107 T0xffffffc083b6f400 "rootserver" @dd7f8]: CNode Copy/Mint/Move/Mutate: Source slot invalid or empty.>>[0m
[0m[1m<<[0m[32mseL4(CPU 0)[0m[1m [decodeCNodeInvocation/107 T0xffffffc083b6f400 "rootserver" @dd7f8]: CNode Copy/Mint/Move/Mutate: Source slot invalid or empty.>>[0m
[0m[1m<<[0m[32mseL4(CPU 0)[0m[1m [decodeCNodeInvocation/107 T0xffffffc083b6f400 "rootserver" @dd7f8]: CNode Copy/Mint/Move/Mutate: Source slot invalid or empty.>>[0m
[0m[1m<<[0m[32mseL4(CPU 0)[0m[1m [decodeCNodeInvocation/107 T0xffffffc083b6f400 "rootserver" @dd7f8]: CNode Copy/Mint/Move/Mutate: Source slot invalid or empty.>>[0m
[0m[1m<<[0m[32mseL4(CPU 0)[0m[1m [decodeCNodeInvocation/107 T0xffffffc083b6f400 "rootserver" @dd7f8]: CNode Copy/Mint/Move/Mutate: Source slot invalid or empty.>>[0m
[0m[1m<<[0m[32mseL4(CPU 0)[0m[1m [decodeCNodeInvocation/107 T0xffffffc083b6f400 "rootserver" @dd7f8]: CNode Copy/Mint/Move/Mutate: Source slot invalid or empty.>>[0m
[0m[1m<<[0m[32mseL4(CPU 0)[0m[1m [decodeCNodeInvocation/107 T0xffffffc083b6f400 "rootserver" @dd7f8]: CNode Copy/Mint/Move/Mutate: Source slot invalid or empty.>>[0m
[0m[1m<<[0m[32mseL4(CPU 0)[0m[1m [decodeCNodeInvocation/107 T0xffffffc083b6f400 "rootserver" @dd7f8]: CNode Copy/Mint/Move/Mutate: Source slot invalid or empty.>>[0m
[0m[1m<<[0m[32mseL4(CPU 0)[0m[1m [decodeCNodeInvocation/107 T0xffffffc083b6f400 "rootserver" @dd7f8]: CNode Copy/Mint/Move/Mutate: Source slot invalid or empty.>>[0m
[0m[1m<<[0m[32mseL4(CPU 0)[0m[1m [decodeCNodeInvocation/107 T0xffffffc083b6f400 "rootserver" @dd7f8]: CNode Copy/Mint/Move/Mutate: Source slot invalid or empty.>>[0m
[0m[1m<<[0m[32mseL4(CPU 0)[0m[1m [decodeCNodeInvocation/107 T0xffffffc083b6f400 "rootserver" @dd7f8]: CNode Copy/Mint/Move/Mutate: Source slot invalid or empty.>>[0m
[0m[1m<<[0m[32mseL4(CPU 0)[0m[1m [decodeCNodeInvocation/107 T0xffffffc083b6f400 "rootserver" @dd7f8]: CNode Copy/Mint/Move/Mutate: Source slot invalid or empty.>>[0m
[0m[1m<<[0m[32mseL4(CPU 0)[0m[1m [decodeCNodeInvocation/107 T0xffffffc083b6f400 "rootserver" @dd7f8]: CNode Copy/Mint/Move/Mutate: Source slot invalid or empty.>>[0m
[0m[1m<<[0m[32mseL4(CPU 0)[0m[1m [decodeCNodeInvocation/107 T0xffffffc083b6f400 "rootserver" @dd7f8]: CNode Copy/Mint/Move/Mutate: Source slot invalid or empty.>>[0m
[0m[1m<<[0m[32mseL4(CPU 0)[0m[1m [decodeCNodeInvocation/107 T0xffffffc083b6f400 "rootserver" @dd7f8]: CNode Copy/Mint/Move/Mutate: Source slot invalid or empty.>>[0m
[0m[1m<<[0m[32mseL4(CPU 0)[0m[1m [decodeCNodeInvocation/107 T0xffffffc083b6f400 "rootserver" @dd7f8]: CNode Copy/Mint/Move/Mutate: Source slot invalid or empty.>>[0m
[0m[1m<<[0m[32mseL4(CPU 0)[0m[1m [decodeCNodeInvocation/107 T0xffffffc083b6f400 "rootserver" @dd7f8]: CNode Copy/Mint/Move/Mutate: Source slot invalid or empty.>>[0m
[0m[1m<<[0m[32mseL4(CPU 0)[0m[1m [decodeCNodeInvocation/107 T0xffffffc083b6f400 "rootserver" @dd7f8]: CNode Copy/Mint/Move/Mutate: Source slot invalid or empty.>>[0m
[0m[1m<<[0m[32mseL4(CPU 0)[0m[1m [decodeCNodeInvocation/107 T0xffffffc083b6f400 "rootserver" @dd7f8]: CNode Copy/Mint/Move/Mutate: Source slot invalid or empty.>>[0m
[0m[1m<<[0m[32mseL4(CPU 0)[0m[1m [decodeCNodeInvocation/107 T0xffffffc083b6f400 "rootserver" @dd7f8]: CNode Copy/Mint/Move/Mutate: Source slot invalid or empty.>>[0m
[0m[1m<<[0m[32mseL4(CPU 0)[0m[1m [decodeCNodeInvocation/107 T0xffffffc083b6f400 "rootserver" @dd7f8]: CNode Copy/Mint/Move/Mutate: Source slot invalid or empty.>>[0m
SLIME_GRAPH staged task=1 instance=sample-worker executable=sample-worker grants=1 bindings=1 window=0x37000 frames=42 tables=3 entry=0x11e32
SLIME_GRAPH staged instances=2 root_autostart=2 loadable_executables=4 slimecm=0 wrong_target=0 unrecognized=0
SLIME_GRAPH endpoint grant=sample-plane-channel producer_instance=2 consumer_instance=1
SLIME_GRAPH endpoint grant=sample-worker-loopback producer_instance=3 consumer_instance=3
SLIME_GRAPH native endpoint task=1 slot=33 side=both
SLIME_GRAPH peer endpoints created=2 grants=2 installed=1
SLIME_GRAPH notifications created=0 bindings=0
SLIME_CLOCK authority task=0 instance=init flags=0x0 timers=0 badge=0x0
SLIME_CLOCK authority task=1 instance=sample-worker flags=0x0 timers=0 badge=0x0
[layout] path=init slots=3 max=64
[layout] 1 executable sample-lender 0x10008
[layout] 2 executable sample-receiver 0x10008
[layout] 4 shared-buffer-factory - 0x1000000
[layout] end
SLIME_GRAPH activated instances=2
SLIME_TIMER phase=post-graph-start delivered badge=0x1 polls=389203
SLIME_TIMER phase=post-graph-start serviced events=1 programming=Disarm
SLIME_TIMER phase=post-graph-start advanced start=142 end=143 delta=1
SLIME_TIMER phase=post-graph-start OK
SLIME_GRAPH quota task=0 instance=init executable=init pages=0 buffers=0 mappings=0 loans=0
SLIME_MEM quota task=0 instance=init declared=0 installed=0 base=0x0
SLIME_GRAPH quota task=1 instance=sample-worker executable=sample-worker pages=0 buffers=0 mappings=0 loans=0
SLIME_MEM quota task=1 instance=sample-worker declared=0 installed=0 base=0x0
SLIME_GRAPH quotas declared=2 budgeted=0 holders=2
SLIME_ROOT console dispatcher started
SLIME_ROOT allocator baseline live_slots=104 live_objects=98 live_bytes=888928
[sample-worker] main thread running
SLIME_GRAPH healthy generation=1 instances=7cf82057a43d8be2 required=2 live=2 idle=2 failed=0
SLIME_GRAPH spawn preflight executable-ok task-instance=0 slot=2 executable=2 rights=0x10008
SLIME_GRAPH spawn preflight child-ok task-instance=0 child=2 name=sample-receiver
SLIME_GRAPH spawn authorized task=0 slot=2 component=sample-receiver grants=0
SLIME_GRAPH schedule instance=sample-receiver priority=254 default=254
[0m[1m<<[0m[32mseL4(CPU 0)[0m[1m [decodeCNodeInvocation/107 T0xffffffc083b6f400 "rootserver" @dd7f8]: CNode Copy/Mint/Move/Mutate: Source slot invalid or empty.>>[0m
[0m[1m<<[0m[32mseL4(CPU 0)[0m[1m [decodeCNodeInvocation/95 T0xffffffc083b6f400 "rootserver" @dd7f8]: CNode Copy/Mint/Move/Mutate: Destination not empty.>>[0m
[0m[1m<<[0m[32mseL4(CPU 0)[0m[1m [decodeCNodeInvocation/95 T0xffffffc083b6f400 "rootserver" @dd7f8]: CNode Copy/Mint/Move/Mutate: Destination not empty.>>[0m
[0m[1m<<[0m[32mseL4(CPU 0)[0m[1m [decodeCNodeInvocation/95 T0xffffffc083b6f400 "rootserver" @dd7f8]: CNode Copy/Mint/Move/Mutate: Destination not empty.>>[0m
[0m[1m<<[0m[32mseL4(CPU 0)[0m[1m [decodeCNodeInvocation/95 T0xffffffc083b6f400 "rootserver" @dd7f8]: CNode Copy/Mint/Move/Mutate: Destination not empty.>>[0m
[0m[1m<<[0m[32mseL4(CPU 0)[0m[1m [decodeCNodeInvocation/107 T0xffffffc083b6f400 "rootserver" @dd7f8]: CNode Copy/Mint/Move/Mutate: Source slot invalid or empty.>>[0m
[0m[1m<<[0m[32mseL4(CPU 0)[0m[1m [decodeCNodeInvocation/107 T0xffffffc083b6f400 "rootserver" @dd7f8]: CNode Copy/Mint/Move/Mutate: Source slot invalid or empty.>>[0m
[0m[1m<<[0m[32mseL4(CPU 0)[0m[1m [decodeCNodeInvocation/107 T0xffffffc083b6f400 "rootserver" @dd7f8]: CNode Copy/Mint/Move/Mutate: Source slot invalid or empty.>>[0m
[0m[1m<<[0m[32mseL4(CPU 0)[0m[1m [decodeCNodeInvocation/107 T0xffffffc083b6f400 "rootserver" @dd7f8]: CNode Copy/Mint/Move/Mutate: Source slot invalid or empty.>>[0m
[0m[1m<<[0m[32mseL4(CPU 0)[0m[1m [decodeCNodeInvocation/107 T0xffffffc083b6f400 "rootserver" @dd7f8]: CNode Copy/Mint/Move/Mutate: Source slot invalid or empty.>>[0m
[0m[1m<<[0m[32mseL4(CPU 0)[0m[1m [decodeCNodeInvocation/107 T0xffffffc083b6f400 "rootserver" @dd7f8]: CNode Copy/Mint/Move/Mutate: Source slot invalid or empty.>>[0m
[0m[1m<<[0m[32mseL4(CPU 0)[0m[1m [decodeCNodeInvocation/107 T0xffffffc083b6f400 "rootserver" @dd7f8]: CNode Copy/Mint/Move/Mutate: Source slot invalid or empty.>>[0m
[0m[1m<<[0m[32mseL4(CPU 0)[0m[1m [decodeCNodeInvocation/107 T0xffffffc083b6f400 "rootserver" @dd7f8]: CNode Copy/Mint/Move/Mutate: Source slot invalid or empty.>>[0m
[0m[1m<<[0m[32mseL4(CPU 0)[0m[1m [decodeCNodeInvocation/107 T0xffffffc083b6f400 "rootserver" @dd7f8]: CNode Copy/Mint/Move/Mutate: Source slot invalid or empty.>>[0m
[0m[1m<<[0m[32mseL4(CPU 0)[0m[1m [decodeCNodeInvocation/107 T0xffffffc083b6f400 "rootserver" @dd7f8]: CNode Copy/Mint/Move/Mutate: Source slot invalid or empty.>>[0m
[0m[1m<<[0m[32mseL4(CPU 0)[0m[1m [decodeCNodeInvocation/107 T0xffffffc083b6f400 "rootserver" @dd7f8]: CNode Copy/Mint/Move/Mutate: Source slot invalid or empty.>>[0m
[0m[1m<<[0m[32mseL4(CPU 0)[0m[1m [decodeCNodeInvocation/107 T0xffffffc083b6f400 "rootserver" @dd7f8]: CNode Copy/Mint/Move/Mutate: Source slot invalid or empty.>>[0m
[0m[1m<<[0m[32mseL4(CPU 0)[0m[1m [decodeCNodeInvocation/107 T0xffffffc083b6f400 "rootserver" @dd7f8]: CNode Copy/Mint/Move/Mutate: Source slot invalid or empty.>>[0m
[0m[1m<<[0m[32mseL4(CPU 0)[0m[1m [decodeCNodeInvocation/107 T0xffffffc083b6f400 "rootserver" @dd7f8]: CNode Copy/Mint/Move/Mutate: Source slot invalid or empty.>>[0m
[0m[1m<<[0m[32mseL4(CPU 0)[0m[1m [decodeCNodeInvocation/107 T0xffffffc083b6f400 "rootserver" @dd7f8]: CNode Copy/Mint/Move/Mutate: Source slot invalid or empty.>>[0m
[0m[1m<<[0m[32mseL4(CPU 0)[0m[1m [decodeCNodeInvocation/107 T0xffffffc083b6f400 "rootserver" @dd7f8]: CNode Copy/Mint/Move/Mutate: Source slot invalid or empty.>>[0m
[0m[1m<<[0m[32mseL4(CPU 0)[0m[1m [decodeCNodeInvocation/107 T0xffffffc083b6f400 "rootserver" @dd7f8]: CNode Copy/Mint/Move/Mutate: Source slot invalid or empty.>>[0m
[0m[1m<<[0m[32mseL4(CPU 0)[0m[1m [decodeCNodeInvocation/107 T0xffffffc083b6f400 "rootserver" @dd7f8]: CNode Copy/Mint/Move/Mutate: Source slot invalid or empty.>>[0m
[0m[1m<<[0m[32mseL4(CPU 0)[0m[1m [decodeCNodeInvocation/107 T0xffffffc083b6f400 "rootserver" @dd7f8]: CNode Copy/Mint/Move/Mutate: Source slot invalid or empty.>>[0m
[0m[1m<<[0m[32mseL4(CPU 0)[0m[1m [decodeCNodeInvocation/107 T0xffffffc083b6f400 "rootserver" @dd7f8]: CNode Copy/Mint/Move/Mutate: Source slot invalid or empty.>>[0m
[0m[1m<<[0m[32mseL4(CPU 0)[0m[1m [decodeCNodeInvocation/107 T0xffffffc083b6f400 "rootserver" @dd7f8]: CNode Copy/Mint/Move/Mutate: Source slot invalid or empty.>>[0m
[0m[1m<<[0m[32mseL4(CPU 0)[0m[1m [decodeCNodeInvocation/107 T0xffffffc083b6f400 "rootserver" @dd7f8]: CNode Copy/Mint/Move/Mutate: Source slot invalid or empty.>>[0m
[0m[1m<<[0m[32mseL4(CPU 0)[0m[1m [decodeCNodeInvocation/107 T0xffffffc083b6f400 "rootserver" @dd7f8]: CNode Copy/Mint/Move/Mutate: Source slot invalid or empty.>>[0m
[0m[1m<<[0m[32mseL4(CPU 0)[0m[1m [decodeCNodeInvocation/107 T0xffffffc083b6f400 "rootserver" @dd7f8]: CNode Copy/Mint/Move/Mutate: Source slot invalid or empty.>>[0m
[0m[1m<<[0m[32mseL4(CPU 0)[0m[1m [decodeCNodeInvocation/107 T0xffffffc083b6f400 "rootserver" @dd7f8]: CNode Copy/Mint/Move/Mutate: Source slot invalid or empty.>>[0m
[0m[1m<<[0m[32mseL4(CPU 0)[0m[1m [decodeCNodeInvocation/107 T0xffffffc083b6f400 "rootserver" @dd7f8]: CNode Copy/Mint/Move/Mutate: Source slot invalid or empty.>>[0m
[0m[1m<<[0m[32mseL4(CPU 0)[0m[1m [decodeCNodeInvocation/107 T0xffffffc083b6f400 "rootserver" @dd7f8]: CNode Copy/Mint/Move/Mutate: Source slot invalid or empty.>>[0m
[0m[1m<<[0m[32mseL4(CPU 0)[0m[1m [decodeCNodeInvocation/95 T0xffffffc083b6f400 "rootserver" @dd7f8]: CNode Copy/Mint/Move/Mutate: Destination not empty.>>[0m
[0m[1m<<[0m[32mseL4(CPU 0)[0m[1m [decodeCNodeInvocation/107 T0xffffffc083b6f400 "rootserver" @dd7f8]: CNode Copy/Mint/Move/Mutate: Source slot invalid or empty.>>[0m
[0m[1m<<[0m[32mseL4(CPU 0)[0m[1m [decodeCNodeInvocation/107 T0xffffffc083b6f400 "rootserver" @dd7f8]: CNode Copy/Mint/Move/Mutate: Source slot invalid or empty.>>[0m
[0m[1m<<[0m[32mseL4(CPU 0)[0m[1m [decodeCNodeInvocation/107 T0xffffffc083b6f400 "rootserver" @dd7f8]: CNode Copy/Mint/Move/Mutate: Source slot invalid or empty.>>[0m
[0m[1m<<[0m[32mseL4(CPU 0)[0m[1m [decodeCNodeInvocation/107 T0xffffffc083b6f400 "rootserver" @dd7f8]: CNode Copy/Mint/Move/Mutate: Source slot invalid or empty.>>[0m
[0m[1m<<[0m[32mseL4(CPU 0)[0m[1m [decodeCNodeInvocation/107 T0xffffffc083b6f400 "rootserver" @dd7f8]: CNode Copy/Mint/Move/Mutate: Source slot invalid or empty.>>[0m
[0m[1m<<[0m[32mseL4(CPU 0)[0m[1m [decodeCNodeInvocation/107 T0xffffffc083b6f400 "rootserver" @dd7f8]: CNode Copy/Mint/Move/Mutate: Source slot invalid or empty.>>[0m
[0m[1m<<[0m[32mseL4(CPU 0)[0m[1m [decodeCNodeInvocation/107 T0xffffffc083b6f400 "rootserver" @dd7f8]: CNode Copy/Mint/Move/Mutate: Source slot invalid or empty.>>[0m
[0m[1m<<[0m[32mseL4(CPU 0)[0m[1m [decodeCNodeInvocation/107 T0xffffffc083b6f400 "rootserver" @dd7f8]: CNode Copy/Mint/Move/Mutate: Source slot invalid or empty.>>[0m
[0m[1m<<[0m[32mseL4(CPU 0)[0m[1m [decodeCNodeInvocation/107 T0xffffffc083b6f400 "rootserver" @dd7f8]: CNode Copy/Mint/Move/Mutate: Source slot invalid or empty.>>[0m
[0m[1m<<[0m[32mseL4(CPU 0)[0m[1m [decodeCNodeInvocation/107 T0xffffffc083b6f400 "rootserver" @dd7f8]: CNode Copy/Mint/Move/Mutate: Source slot invalid or empty.>>[0m
[0m[1m<<[0m[32mseL4(CPU 0)[0m[1m [decodeCNodeInvocation/107 T0xffffffc083b6f400 "rootserver" @dd7f8]: CNode Copy/Mint/Move/Mutate: Source slot invalid or empty.>>[0m
[0m[1m<<[0m[32mseL4(CPU 0)[0m[1m [decodeCNodeInvocation/107 T0xffffffc083b6f400 "rootserver" @dd7f8]: CNode Copy/Mint/Move/Mutate: Source slot invalid or empty.>>[0m
[0m[1m<<[0m[32mseL4(CPU 0)[0m[1m [decodeCNodeInvocation/107 T0xffffffc083b6f400 "rootserver" @dd7f8]: CNode Copy/Mint/Move/Mutate: Source slot invalid or empty.>>[0m
[0m[1m<<[0m[32mseL4(CPU 0)[0m[1m [decodeCNodeInvocation/107 T0xffffffc083b6f400 "rootserver" @dd7f8]: CNode Copy/Mint/Move/Mutate: Source slot invalid or empty.>>[0m
[0m[1m<<[0m[32mseL4(CPU 0)[0m[1m [decodeCNodeInvocation/107 T0xffffffc083b6f400 "rootserver" @dd7f8]: CNode Copy/Mint/Move/Mutate: Source slot invalid or empty.>>[0m
[0m[1m<<[0m[32mseL4(CPU 0)[0m[1m [decodeCNodeInvocation/107 T0xffffffc083b6f400 "rootserver" @dd7f8]: CNode Copy/Mint/Move/Mutate: Source slot invalid or empty.>>[0m
[0m[1m<<[0m[32mseL4(CPU 0)[0m[1m [decodeCNodeInvocation/107 T0xffffffc083b6f400 "rootserver" @dd7f8]: CNode Copy/Mint/Move/Mutate: Source slot invalid or empty.>>[0m
[0m[1m<<[0m[32mseL4(CPU 0)[0m[1m [decodeCNodeInvocation/107 T0xffffffc083b6f400 "rootserver" @dd7f8]: CNode Copy/Mint/Move/Mutate: Source slot invalid or empty.>>[0m
[0m[1m<<[0m[32mseL4(CPU 0)[0m[1m [decodeCNodeInvocation/107 T0xffffffc083b6f400 "rootserver" @dd7f8]: CNode Copy/Mint/Move/Mutate: Source slot invalid or empty.>>[0m
[0m[1m<<[0m[32mseL4(CPU 0)[0m[1m [decodeCNodeInvocation/107 T0xffffffc083b6f400 "rootserver" @dd7f8]: CNode Copy/Mint/Move/Mutate: Source slot invalid or empty.>>[0m
[0m[1m<<[0m[32mseL4(CPU 0)[0m[1m [decodeCNodeInvocation/107 T0xffffffc083b6f400 "rootserver" @dd7f8]: CNode Copy/Mint/Move/Mutate: Source slot invalid or empty.>>[0m
[0m[1m<<[0m[32mseL4(CPU 0)[0m[1m [decodeCNodeInvocation/107 T0xffffffc083b6f400 "rootserver" @dd7f8]: CNode Copy/Mint/Move/Mutate: Source slot invalid or empty.>>[0m
[0m[1m<<[0m[32mseL4(CPU 0)[0m[1m [decodeCNodeInvocation/107 T0xffffffc083b6f400 "rootserver" @dd7f8]: CNode Copy/Mint/Move/Mutate: Source slot invalid or empty.>>[0m
[0m[1m<<[0m[32mseL4(CPU 0)[0m[1m [decodeCNodeInvocation/107 T0xffffffc083b6f400 "rootserver" @dd7f8]: CNode Copy/Mint/Move/Mutate: Source slot invalid or empty.>>[0m
[0m[1m<<[0m[32mseL4(CPU 0)[0m[1m [decodeCNodeInvocation/107 T0xffffffc083b6f400 "rootserver" @dd7f8]: CNode Copy/Mint/Move/Mutate: Source slot invalid or empty.>>[0m
[0m[1m<<[0m[32mseL4(CPU 0)[0m[1m [decodeCNodeInvocation/107 T0xffffffc083b6f400 "rootserver" @dd7f8]: CNode Copy/Mint/Move/Mutate: Source slot invalid or empty.>>[0m
[0m[1m<<[0m[32mseL4(CPU 0)[0m[1m [decodeCNodeInvocation/107 T0xffffffc083b6f400 "rootserver" @dd7f8]: CNode Copy/Mint/Move/Mutate: Source slot invalid or empty.>>[0m
[0m[1m<<[0m[32mseL4(CPU 0)[0m[1m [decodeCNodeInvocation/107 T0xffffffc083b6f400 "rootserver" @dd7f8]: CNode Copy/Mint/Move/Mutate: Source slot invalid or empty.>>[0m
[0m[1m<<[0m[32mseL4(CPU 0)[0m[1m [decodeCNodeInvocation/107 T0xffffffc083b6f400 "rootserver" @dd7f8]: CNode Copy/Mint/Move/Mutate: Source slot invalid or empty.>>[0m
[0m[1m<<[0m[32mseL4(CPU 0)[0m[1m [decodeCNodeInvocation/107 T0xffffffc083b6f400 "rootserver" @dd7f8]: CNode Copy/Mint/Move/Mutate: Source slot invalid or empty.>>[0m
[0m[1m<<[0m[32mseL4(CPU 0)[0m[1m [decodeCNodeInvocation/107 T0xffffffc083b6f400 "rootserver" @dd7f8]: CNode Copy/Mint/Move/Mutate: Source slot invalid or empty.>>[0m
[0m[1m<<[0m[32mseL4(CPU 0)[0m[1m [decodeCNodeInvocation/107 T0xffffffc083b6f400 "rootserver" @dd7f8]: CNode Copy/Mint/Move/Mutate: Source slot invalid or empty.>>[0m
[0m[1m<<[0m[32mseL4(CPU 0)[0m[1m [decodeCNodeInvocation/107 T0xffffffc083b6f400 "rootserver" @dd7f8]: CNode Copy/Mint/Move/Mutate: Source slot invalid or empty.>>[0m
[0m[1m<<[0m[32mseL4(CPU 0)[0m[1m [decodeCNodeInvocation/107 T0xffffffc083b6f400 "rootserver" @dd7f8]: CNode Copy/Mint/Move/Mutate: Source slot invalid or empty.>>[0m
[0m[1m<<[0m[32mseL4(CPU 0)[0m[1m [decodeCNodeInvocation/107 T0xffffffc083b6f400 "rootserver" @dd7f8]: CNode Copy/Mint/Move/Mutate: Source slot invalid or empty.>>[0m
[0m[1m<<[0m[32mseL4(CPU 0)[0m[1m [decodeCNodeInvocation/107 T0xffffffc083b6f400 "rootserver" @dd7f8]: CNode Copy/Mint/Move/Mutate: Source slot invalid or empty.>>[0m
[0m[1m<<[0m[32mseL4(CPU 0)[0m[1m [decodeCNodeInvocation/107 T0xffffffc083b6f400 "rootserver" @dd7f8]: CNode Copy/Mint/Move/Mutate: Source slot invalid or empty.>>[0m
[0m[1m<<[0m[32mseL4(CPU 0)[0m[1m [decodeCNodeInvocation/107 T0xffffffc083b6f400 "rootserver" @dd7f8]: CNode Copy/Mint/Move/Mutate: Source slot invalid or empty.>>[0m
[0m[1m<<[0m[32mseL4(CPU 0)[0m[1m [decodeCNodeInvocation/107 T0xffffffc083b6f400 "rootserver" @dd7f8]: CNode Copy/Mint/Move/Mutate: Source slot invalid or empty.>>[0m
[0m[1m<<[0m[32mseL4(CPU 0)[0m[1m [decodeCNodeInvocation/107 T0xffffffc083b6f400 "rootserver" @dd7f8]: CNode Copy/Mint/Move/Mutate: Source slot invalid or empty.>>[0m
[0m[1m<<[0m[32mseL4(CPU 0)[0m[1m [decodeCNodeInvocation/107 T0xffffffc083b6f400 "rootserver" @dd7f8]: CNode Copy/Mint/Move/Mutate: Source slot invalid or empty.>>[0m
[0m[1m<<[0m[32mseL4(CPU 0)[0m[1m [decodeCNodeInvocation/107 T0xffffffc083b6f400 "rootserver" @dd7f8]: CNode Copy/Mint/Move/Mutate: Source slot invalid or empty.>>[0m
[0m[1m<<[0m[32mseL4(CPU 0)[0m[1m [decodeCNodeInvocation/107 T0xffffffc083b6f400 "rootserver" @dd7f8]: CNode Copy/Mint/Move/Mutate: Source slot invalid or empty.>>[0m
[0m[1m<<[0m[32mseL4(CPU 0)[0m[1m [decodeCNodeInvocation/107 T0xffffffc083b6f400 "rootserver" @dd7f8]: CNode Copy/Mint/Move/Mutate: Source slot invalid or empty.>>[0m
[0m[1m<<[0m[32mseL4(CPU 0)[0m[1m [decodeCNodeInvocation/107 T0xffffffc083b6f400 "rootserver" @dd7f8]: CNode Copy/Mint/Move/Mutate: Source slot invalid or empty.>>[0m
[0m[1m<<[0m[32mseL4(CPU 0)[0m[1m [decodeCNodeInvocation/107 T0xffffffc083b6f400 "rootserver" @dd7f8]: CNode Copy/Mint/Move/Mutate: Source slot invalid or empty.>>[0m
[0m[1m<<[0m[32mseL4(CPU 0)[0m[1m [decodeCNodeInvocation/107 T0xffffffc083b6f400 "rootserver" @dd7f8]: CNode Copy/Mint/Move/Mutate: Source slot invalid or empty.>>[0m
[0m[1m<<[0m[32mseL4(CPU 0)[0m[1m [decodeCNodeInvocation/107 T0xffffffc083b6f400 "rootserver" @dd7f8]: CNode Copy/Mint/Move/Mutate: Source slot invalid or empty.>>[0m
[0m[1m<<[0m[32mseL4(CPU 0)[0m[1m [decodeCNodeInvocation/107 T0xffffffc083b6f400 "rootserver" @dd7f8]: CNode Copy/Mint/Move/Mutate: Source slot invalid or empty.>>[0m
[0m[1m<<[0m[32mseL4(CPU 0)[0m[1m [decodeCNodeInvocation/107 T0xffffffc083b6f400 "rootserver" @dd7f8]: CNode Copy/Mint/Move/Mutate: Source slot invalid or empty.>>[0m
[0m[1m<<[0m[32mseL4(CPU 0)[0m[1m [decodeCNodeInvocation/107 T0xffffffc083b6f400 "rootserver" @dd7f8]: CNode Copy/Mint/Move/Mutate: Source slot invalid or empty.>>[0m
[0m[1m<<[0m[32mseL4(CPU 0)[0m[1m [decodeCNodeInvocation/107 T0xffffffc083b6f400 "rootserver" @dd7f8]: CNode Copy/Mint/Move/Mutate: Source slot invalid or empty.>>[0m
[0m[1m<<[0m[32mseL4(CPU 0)[0m[1m [decodeCNodeInvocation/107 T0xffffffc083b6f400 "rootserver" @dd7f8]: CNode Copy/Mint/Move/Mutate: Source slot invalid or empty.>>[0m
[0m[1m<<[0m[32mseL4(CPU 0)[0m[1m [decodeCNodeInvocation/107 T0xffffffc083b6f400 "rootserver" @dd7f8]: CNode Copy/Mint/Move/Mutate: Source slot invalid or empty.>>[0m
[0m[1m<<[0m[32mseL4(CPU 0)[0m[1m [decodeCNodeInvocation/107 T0xffffffc083b6f400 "rootserver" @dd7f8]: CNode Copy/Mint/Move/Mutate: Source slot invalid or empty.>>[0m
[0m[1m<<[0m[32mseL4(CPU 0)[0m[1m [decodeCNodeInvocation/107 T0xffffffc083b6f400 "rootserver" @dd7f8]: CNode Copy/Mint/Move/Mutate: Source slot invalid or empty.>>[0m
[0m[1m<<[0m[32mseL4(CPU 0)[0m[1m [decodeCNodeInvocation/107 T0xffffffc083b6f400 "rootserver" @dd7f8]: CNode Copy/Mint/Move/Mutate: Source slot invalid or empty.>>[0m
[0m[1m<<[0m[32mseL4(CPU 0)[0m[1m [decodeCNodeInvocation/107 T0xffffffc083b6f400 "rootserver" @dd7f8]: CNode Copy/Mint/Move/Mutate: Source slot invalid or empty.>>[0m
[0m[1m<<[0m[32mseL4(CPU 0)[0m[1m [decodeCNodeInvocation/107 T0xffffffc083b6f400 "rootserver" @dd7f8]: CNode Copy/Mint/Move/Mutate: Source slot invalid or empty.>>[0m
[0m[1m<<[0m[32mseL4(CPU 0)[0m[1m [decodeCNodeInvocation/107 T0xffffffc083b6f400 "rootserver" @dd7f8]: CNode Copy/Mint/Move/Mutate: Source slot invalid or empty.>>[0m
[0m[1m<<[0m[32mseL4(CPU 0)[0m[1m [decodeCNodeInvocation/107 T0xffffffc083b6f400 "rootserver" @dd7f8]: CNode Copy/Mint/Move/Mutate: Source slot invalid or empty.>>[0m
[0m[1m<<[0m[32mseL4(CPU 0)[0m[1m [decodeCNodeInvocation/107 T0xffffffc083b6f400 "rootserver" @dd7f8]: CNode Copy/Mint/Move/Mutate: Source slot invalid or empty.>>[0m
[0m[1m<<[0m[32mseL4(CPU 0)[0m[1m [decodeCNodeInvocation/107 T0xffffffc083b6f400 "rootserver" @dd7f8]: CNode Copy/Mint/Move/Mutate: Source slot invalid or empty.>>[0m
[0m[1m<<[0m[32mseL4(CPU 0)[0m[1m [decodeCNodeInvocation/107 T0xffffffc083b6f400 "rootserver" @dd7f8]: CNode Copy/Mint/Move/Mutate: Source slot invalid or empty.>>[0m
[0m[1m<<[0m[32mseL4(CPU 0)[0m[1m [decodeCNodeInvocation/107 T0xffffffc083b6f400 "rootserver" @dd7f8]: CNode Copy/Mint/Move/Mutate: Source slot invalid or empty.>>[0m
[0m[1m<<[0m[32mseL4(CPU 0)[0m[1m [decodeCNodeInvocation/107 T0xffffffc083b6f400 "rootserver" @dd7f8]: CNode Copy/Mint/Move/Mutate: Source slot invalid or empty.>>[0m
[0m[1m<<[0m[32mseL4(CPU 0)[0m[1m [decodeCNodeInvocation/107 T0xffffffc083b6f400 "rootserver" @dd7f8]: CNode Copy/Mint/Move/Mutate: Source slot invalid or empty.>>[0m
[0m[1m<<[0m[32mseL4(CPU 0)[0m[1m [decodeCNodeInvocation/107 T0xffffffc083b6f400 "rootserver" @dd7f8]: CNode Copy/Mint/Move/Mutate: Source slot invalid or empty.>>[0m
[0m[1m<<[0m[32mseL4(CPU 0)[0m[1m [decodeCNodeInvocation/107 T0xffffffc083b6f400 "rootserver" @dd7f8]: CNode Copy/Mint/Move/Mutate: Source slot invalid or empty.>>[0m
[0m[1m<<[0m[32mseL4(CPU 0)[0m[1m [decodeCNodeInvocation/107 T0xffffffc083b6f400 "rootserver" @dd7f8]: CNode Copy/Mint/Move/Mutate: Source slot invalid or empty.>>[0m
[0m[1m<<[0m[32mseL4(CPU 0)[0m[1m [decodeCNodeInvocation/107 T0xffffffc083b6f400 "rootserver" @dd7f8]: CNode Copy/Mint/Move/Mutate: Source slot invalid or empty.>>[0m
[0m[1m<<[0m[32mseL4(CPU 0)[0m[1m [decodeCNodeInvocation/107 T0xffffffc083b6f400 "rootserver" @dd7f8]: CNode Copy/Mint/Move/Mutate: Source slot invalid or empty.>>[0m
[0m[1m<<[0m[32mseL4(CPU 0)[0m[1m [decodeCNodeInvocation/107 T0xffffffc083b6f400 "rootserver" @dd7f8]: CNode Copy/Mint/Move/Mutate: Source slot invalid or empty.>>[0m
[0m[1m<<[0m[32mseL4(CPU 0)[0m[1m [decodeCNodeInvocation/107 T0xffffffc083b6f400 "rootserver" @dd7f8]: CNode Copy/Mint/Move/Mutate: Source slot invalid or empty.>>[0m
[0m[1m<<[0m[32mseL4(CPU 0)[0m[1m [decodeCNodeInvocation/107 T0xffffffc083b6f400 "rootserver" @dd7f8]: CNode Copy/Mint/Move/Mutate: Source slot invalid or empty.>>[0m
[0m[1m<<[0m[32mseL4(CPU 0)[0m[1m [decodeCNodeInvocation/107 T0xffffffc083b6f400 "rootserver" @dd7f8]: CNode Copy/Mint/Move/Mutate: Source slot invalid or empty.>>[0m
[0m[1m<<[0m[32mseL4(CPU 0)[0m[1m [decodeCNodeInvocation/107 T0xffffffc083b6f400 "rootserver" @dd7f8]: CNode Copy/Mint/Move/Mutate: Source slot invalid or empty.>>[0m
[0m[1m<<[0m[32mseL4(CPU 0)[0m[1m [decodeCNodeInvocation/107 T0xffffffc083b6f400 "rootserver" @dd7f8]: CNode Copy/Mint/Move/Mutate: Source slot invalid or empty.>>[0m
[0m[1m<<[0m[32mseL4(CPU 0)[0m[1m [decodeCNodeInvocation/107 T0xffffffc083b6f400 "rootserver" @dd7f8]: CNode Copy/Mint/Move/Mutate: Source slot invalid or empty.>>[0m
[0m[1m<<[0m[32mseL4(CPU 0)[0m[1m [decodeCNodeInvocation/107 T0xffffffc083b6f400 "rootserver" @dd7f8]: CNode Copy/Mint/Move/Mutate: Source slot invalid or empty.>>[0m
[0m[1m<<[0m[32mseL4(CPU 0)[0m[1m [decodeCNodeInvocation/107 T0xffffffc083b6f400 "rootserver" @dd7f8]: CNode Copy/Mint/Move/Mutate: Source slot invalid or empty.>>[0m
[0m[1m<<[0m[32mseL4(CPU 0)[0m[1m [decodeCNodeInvocation/107 T0xffffffc083b6f400 "rootserver" @dd7f8]: CNode Copy/Mint/Move/Mutate: Source slot invalid or empty.>>[0m
[0m[1m<<[0m[32mseL4(CPU 0)[0m[1m [decodeCNodeInvocation/107 T0xffffffc083b6f400 "rootserver" @dd7f8]: CNode Copy/Mint/Move/Mutate: Source slot invalid or empty.>>[0m
[0m[1m<<[0m[32mseL4(CPU 0)[0m[1m [decodeCNodeInvocation/107 T0xffffffc083b6f400 "rootserver" @dd7f8]: CNode Copy/Mint/Move/Mutate: Source slot invalid or empty.>>[0m
[0m[1m<<[0m[32mseL4(CPU 0)[0m[1m [decodeCNodeInvocation/107 T0xffffffc083b6f400 "rootserver" @dd7f8]: CNode Copy/Mint/Move/Mutate: Source slot invalid or empty.>>[0m
[0m[1m<<[0m[32mseL4(CPU 0)[0m[1m [decodeCNodeInvocation/107 T0xffffffc083b6f400 "rootserver" @dd7f8]: CNode Copy/Mint/Move/Mutate: Source slot invalid or empty.>>[0m
[0m[1m<<[0m[32mseL4(CPU 0)[0m[1m [decodeCNodeInvocation/107 T0xffffffc083b6f400 "rootserver" @dd7f8]: CNode Copy/Mint/Move/Mutate: Source slot invalid or empty.>>[0m
[0m[1m<<[0m[32mseL4(CPU 0)[0m[1m [decodeCNodeInvocation/107 T0xffffffc083b6f400 "rootserver" @dd7f8]: CNode Copy/Mint/Move/Mutate: Source slot invalid or empty.>>[0m
[0m[1m<<[0m[32mseL4(CPU 0)[0m[1m [decodeCNodeInvocation/107 T0xffffffc083b6f400 "rootserver" @dd7f8]: CNode Copy/Mint/Move/Mutate: Source slot invalid or empty.>>[0m
[0m[1m<<[0m[32mseL4(CPU 0)[0m[1m [decodeCNodeInvocation/107 T0xffffffc083b6f400 "rootserver" @dd7f8]: CNode Copy/Mint/Move/Mutate: Source slot invalid or empty.>>[0m
[0m[1m<<[0m[32mseL4(CPU 0)[0m[1m [decodeCNodeInvocation/107 T0xffffffc083b6f400 "rootserver" @dd7f8]: CNode Copy/Mint/Move/Mutate: Source slot invalid or empty.>>[0m
[0m[1m<<[0m[32mseL4(CPU 0)[0m[1m [decodeCNodeInvocation/107 T0xffffffc083b6f400 "rootserver" @dd7f8]: CNode Copy/Mint/Move/Mutate: Source slot invalid or empty.>>[0m
[0m[1m<<[0m[32mseL4(CPU 0)[0m[1m [decodeCNodeInvocation/107 T0xffffffc083b6f400 "rootserver" @dd7f8]: CNode Copy/Mint/Move/Mutate: Source slot invalid or empty.>>[0m
[0m[1m<<[0m[32mseL4(CPU 0)[0m[1m [decodeCNodeInvocation/107 T0xffffffc083b6f400 "rootserver" @dd7f8]: CNode Copy/Mint/Move/Mutate: Source slot invalid or empty.>>[0m
[0m[1m<<[0m[32mseL4(CPU 0)[0m[1m [decodeCNodeInvocation/107 T0xffffffc083b6f400 "rootserver" @dd7f8]: CNode Copy/Mint/Move/Mutate: Source slot invalid or empty.>>[0m
SLIME_GRAPH quota task=2 instance=sample-receiver executable=sample-receiver pages=2 buffers=1 mappings=2 loans=1
SLIME_MEM quota task=2 instance=sample-receiver declared=0 installed=0 base=0x0
SLIME_GRAPH native endpoint task=2 slot=33 side=both
SLIME_CLOCK authority task=2 instance=sample-receiver flags=0x0 timers=0 badge=0x0
SLIME_GRAPH spawned task=0 child=2 component=sample-receiver grants=0 endpoints=1 notifications=0 handle=3 supervision_grants=0 buffer_factory_grants=0
SLIME_GRAPH spawn preflight executable-ok task-instance=0 slot=1 executable=1 rights=0x10008
SLIME_GRAPH spawn preflight child-ok task-instance=0 child=1 name=sample-lender
SLIME_GRAPH spawn authorized task=0 slot=1 component=sample-lender grants=2
SLIME_GRAPH schedule instance=sample-lender priority=254 default=254
[0m[1m<<[0m[32mseL4(CPU 0)[0m[1m [decodeCNodeInvocation/107 T0xffffffc083b6f400 "rootserver" @dd7f8]: CNode Copy/Mint/Move/Mutate: Source slot invalid or empty.>>[0m
[0m[1m<<[0m[32mseL4(CPU 0)[0m[1m [decodeCNodeInvocation/95 T0xffffffc083b6f400 "rootserver" @dd7f8]: CNode Copy/Mint/Move/Mutate: Destination not empty.>>[0m
[0m[1m<<[0m[32mseL4(CPU 0)[0m[1m [decodeCNodeInvocation/95 T0xffffffc083b6f400 "rootserver" @dd7f8]: CNode Copy/Mint/Move/Mutate: Destination not empty.>>[0m
[0m[1m<<[0m[32mseL4(CPU 0)[0m[1m [decodeCNodeInvocation/95 T0xffffffc083b6f400 "rootserver" @dd7f8]: CNode Copy/Mint/Move/Mutate: Destination not empty.>>[0m
[0m[1m<<[0m[32mseL4(CPU 0)[0m[1m [decodeCNodeInvocation/95 T0xffffffc083b6f400 "rootserver" @dd7f8]: CNode Copy/Mint/Move/Mutate: Destination not empty.>>[0m
[0m[1m<<[0m[32mseL4(CPU 0)[0m[1m [decodeCNodeInvocation/107 T0xffffffc083b6f400 "rootserver" @dd7f8]: CNode Copy/Mint/Move/Mutate: Source slot invalid or empty.>>[0m
[0m[1m<<[0m[32mseL4(CPU 0)[0m[1m [decodeCNodeInvocation/107 T0xffffffc083b6f400 "rootserver" @dd7f8]: CNode Copy/Mint/Move/Mutate: Source slot invalid or empty.>>[0m
[0m[1m<<[0m[32mseL4(CPU 0)[0m[1m [decodeCNodeInvocation/107 T0xffffffc083b6f400 "rootserver" @dd7f8]: CNode Copy/Mint/Move/Mutate: Source slot invalid or empty.>>[0m
[0m[1m<<[0m[32mseL4(CPU 0)[0m[1m [decodeCNodeInvocation/107 T0xffffffc083b6f400 "rootserver" @dd7f8]: CNode Copy/Mint/Move/Mutate: Source slot invalid or empty.>>[0m
[0m[1m<<[0m[32mseL4(CPU 0)[0m[1m [decodeCNodeInvocation/107 T0xffffffc083b6f400 "rootserver" @dd7f8]: CNode Copy/Mint/Move/Mutate: Source slot invalid or empty.>>[0m
[0m[1m<<[0m[32mseL4(CPU 0)[0m[1m [decodeCNodeInvocation/107 T0xffffffc083b6f400 "rootserver" @dd7f8]: CNode Copy/Mint/Move/Mutate: Source slot invalid or empty.>>[0m
[0m[1m<<[0m[32mseL4(CPU 0)[0m[1m [decodeCNodeInvocation/107 T0xffffffc083b6f400 "rootserver" @dd7f8]: CNode Copy/Mint/Move/Mutate: Source slot invalid or empty.>>[0m
[0m[1m<<[0m[32mseL4(CPU 0)[0m[1m [decodeCNodeInvocation/107 T0xffffffc083b6f400 "rootserver" @dd7f8]: CNode Copy/Mint/Move/Mutate: Source slot invalid or empty.>>[0m
[0m[1m<<[0m[32mseL4(CPU 0)[0m[1m [decodeCNodeInvocation/107 T0xffffffc083b6f400 "rootserver" @dd7f8]: CNode Copy/Mint/Move/Mutate: Source slot invalid or empty.>>[0m
[0m[1m<<[0m[32mseL4(CPU 0)[0m[1m [decodeCNodeInvocation/107 T0xffffffc083b6f400 "rootserver" @dd7f8]: CNode Copy/Mint/Move/Mutate: Source slot invalid or empty.>>[0m
[0m[1m<<[0m[32mseL4(CPU 0)[0m[1m [decodeCNodeInvocation/107 T0xffffffc083b6f400 "rootserver" @dd7f8]: CNode Copy/Mint/Move/Mutate: Source slot invalid or empty.>>[0m
[0m[1m<<[0m[32mseL4(CPU 0)[0m[1m [decodeCNodeInvocation/107 T0xffffffc083b6f400 "rootserver" @dd7f8]: CNode Copy/Mint/Move/Mutate: Source slot invalid or empty.>>[0m
[0m[1m<<[0m[32mseL4(CPU 0)[0m[1m [decodeCNodeInvocation/107 T0xffffffc083b6f400 "rootserver" @dd7f8]: CNode Copy/Mint/Move/Mutate: Source slot invalid or empty.>>[0m
[0m[1m<<[0m[32mseL4(CPU 0)[0m[1m [decodeCNodeInvocation/107 T0xffffffc083b6f400 "rootserver" @dd7f8]: CNode Copy/Mint/Move/Mutate: Source slot invalid or empty.>>[0m
[0m[1m<<[0m[32mseL4(CPU 0)[0m[1m [decodeCNodeInvocation/107 T0xffffffc083b6f400 "rootserver" @dd7f8]: CNode Copy/Mint/Move/Mutate: Source slot invalid or empty.>>[0m
[0m[1m<<[0m[32mseL4(CPU 0)[0m[1m [decodeCNodeInvocation/107 T0xffffffc083b6f400 "rootserver" @dd7f8]: CNode Copy/Mint/Move/Mutate: Source slot invalid or empty.>>[0m
[0m[1m<<[0m[32mseL4(CPU 0)[0m[1m [decodeCNodeInvocation/107 T0xffffffc083b6f400 "rootserver" @dd7f8]: CNode Copy/Mint/Move/Mutate: Source slot invalid or empty.>>[0m
[0m[1m<<[0m[32mseL4(CPU 0)[0m[1m [decodeCNodeInvocation/107 T0xffffffc083b6f400 "rootserver" @dd7f8]: CNode Copy/Mint/Move/Mutate: Source slot invalid or empty.>>[0m
[0m[1m<<[0m[32mseL4(CPU 0)[0m[1m [decodeCNodeInvocation/107 T0xffffffc083b6f400 "rootserver" @dd7f8]: CNode Copy/Mint/Move/Mutate: Source slot invalid or empty.>>[0m
[0m[1m<<[0m[32mseL4(CPU 0)[0m[1m [decodeCNodeInvocation/107 T0xffffffc083b6f400 "rootserver" @dd7f8]: CNode Copy/Mint/Move/Mutate: Source slot invalid or empty.>>[0m
[0m[1m<<[0m[32mseL4(CPU 0)[0m[1m [decodeCNodeInvocation/107 T0xffffffc083b6f400 "rootserver" @dd7f8]: CNode Copy/Mint/Move/Mutate: Source slot invalid or empty.>>[0m
[0m[1m<<[0m[32mseL4(CPU 0)[0m[1m [decodeCNodeInvocation/107 T0xffffffc083b6f400 "rootserver" @dd7f8]: CNode Copy/Mint/Move/Mutate: Source slot invalid or empty.>>[0m
[0m[1m<<[0m[32mseL4(CPU 0)[0m[1m [decodeCNodeInvocation/107 T0xffffffc083b6f400 "rootserver" @dd7f8]: CNode Copy/Mint/Move/Mutate: Source slot invalid or empty.>>[0m
[0m[1m<<[0m[32mseL4(CPU 0)[0m[1m [decodeCNodeInvocation/107 T0xffffffc083b6f400 "rootserver" @dd7f8]: CNode Copy/Mint/Move/Mutate: Source slot invalid or empty.>>[0m
[0m[1m<<[0m[32mseL4(CPU 0)[0m[1m [decodeCNodeInvocation/107 T0xffffffc083b6f400 "rootserver" @dd7f8]: CNode Copy/Mint/Move/Mutate: Source slot invalid or empty.>>[0m
[0m[1m<<[0m[32mseL4(CPU 0)[0m[1m [decodeCNodeInvocation/107 T0xffffffc083b6f400 "rootserver" @dd7f8]: CNode Copy/Mint/Move/Mutate: Source slot invalid or empty.>>[0m
[0m[1m<<[0m[32mseL4(CPU 0)[0m[1m [decodeCNodeInvocation/107 T0xffffffc083b6f400 "rootserver" @dd7f8]: CNode Copy/Mint/Move/Mutate: Source slot invalid or empty.>>[0m
[0m[1m<<[0m[32mseL4(CPU 0)[0m[1m [decodeCNodeInvocation/95 T0xffffffc083b6f400 "rootserver" @dd7f8]: CNode Copy/Mint/Move/Mutate: Destination not empty.>>[0m
[0m[1m<<[0m[32mseL4(CPU 0)[0m[1m [decodeCNodeInvocation/107 T0xffffffc083b6f400 "rootserver" @dd7f8]: CNode Copy/Mint/Move/Mutate: Source slot invalid or empty.>>[0m
[0m[1m<<[0m[32mseL4(CPU 0)[0m[1m [decodeCNodeInvocation/107 T0xffffffc083b6f400 "rootserver" @dd7f8]: CNode Copy/Mint/Move/Mutate: Source slot invalid or empty.>>[0m
[0m[1m<<[0m[32mseL4(CPU 0)[0m[1m [decodeCNodeInvocation/107 T0xffffffc083b6f400 "rootserver" @dd7f8]: CNode Copy/Mint/Move/Mutate: Source slot invalid or empty.>>[0m
[0m[1m<<[0m[32mseL4(CPU 0)[0m[1m [decodeCNodeInvocation/107 T0xffffffc083b6f400 "rootserver" @dd7f8]: CNode Copy/Mint/Move/Mutate: Source slot invalid or empty.>>[0m
[0m[1m<<[0m[32mseL4(CPU 0)[0m[1m [decodeCNodeInvocation/107 T0xffffffc083b6f400 "rootserver" @dd7f8]: CNode Copy/Mint/Move/Mutate: Source slot invalid or empty.>>[0m
[0m[1m<<[0m[32mseL4(CPU 0)[0m[1m [decodeCNodeInvocation/107 T0xffffffc083b6f400 "rootserver" @dd7f8]: CNode Copy/Mint/Move/Mutate: Source slot invalid or empty.>>[0m
[0m[1m<<[0m[32mseL4(CPU 0)[0m[1m [decodeCNodeInvocation/107 T0xffffffc083b6f400 "rootserver" @dd7f8]: CNode Copy/Mint/Move/Mutate: Source slot invalid or empty.>>[0m
[0m[1m<<[0m[32mseL4(CPU 0)[0m[1m [decodeCNodeInvocation/107 T0xffffffc083b6f400 "rootserver" @dd7f8]: CNode Copy/Mint/Move/Mutate: Source slot invalid or empty.>>[0m
[0m[1m<<[0m[32mseL4(CPU 0)[0m[1m [decodeCNodeInvocation/107 T0xffffffc083b6f400 "rootserver" @dd7f8]: CNode Copy/Mint/Move/Mutate: Source slot invalid or empty.>>[0m
[0m[1m<<[0m[32mseL4(CPU 0)[0m[1m [decodeCNodeInvocation/107 T0xffffffc083b6f400 "rootserver" @dd7f8]: CNode Copy/Mint/Move/Mutate: Source slot invalid or empty.>>[0m
[0m[1m<<[0m[32mseL4(CPU 0)[0m[1m [decodeCNodeInvocation/107 T0xffffffc083b6f400 "rootserver" @dd7f8]: CNode Copy/Mint/Move/Mutate: Source slot invalid or empty.>>[0m
[0m[1m<<[0m[32mseL4(CPU 0)[0m[1m [decodeCNodeInvocation/107 T0xffffffc083b6f400 "rootserver" @dd7f8]: CNode Copy/Mint/Move/Mutate: Source slot invalid or empty.>>[0m
[0m[1m<<[0m[32mseL4(CPU 0)[0m[1m [decodeCNodeInvocation/107 T0xffffffc083b6f400 "rootserver" @dd7f8]: CNode Copy/Mint/Move/Mutate: Source slot invalid or empty.>>[0m
[0m[1m<<[0m[32mseL4(CPU 0)[0m[1m [decodeCNodeInvocation/107 T0xffffffc083b6f400 "rootserver" @dd7f8]: CNode Copy/Mint/Move/Mutate: Source slot invalid or empty.>>[0m
[0m[1m<<[0m[32mseL4(CPU 0)[0m[1m [decodeCNodeInvocation/107 T0xffffffc083b6f400 "rootserver" @dd7f8]: CNode Copy/Mint/Move/Mutate: Source slot invalid or empty.>>[0m
[0m[1m<<[0m[32mseL4(CPU 0)[0m[1m [decodeCNodeInvocation/107 T0xffffffc083b6f400 "rootserver" @dd7f8]: CNode Copy/Mint/Move/Mutate: Source slot invalid or empty.>>[0m
[0m[1m<<[0m[32mseL4(CPU 0)[0m[1m [decodeCNodeInvocation/107 T0xffffffc083b6f400 "rootserver" @dd7f8]: CNode Copy/Mint/Move/Mutate: Source slot invalid or empty.>>[0m
[0m[1m<<[0m[32mseL4(CPU 0)[0m[1m [decodeCNodeInvocation/107 T0xffffffc083b6f400 "rootserver" @dd7f8]: CNode Copy/Mint/Move/Mutate: Source slot invalid or empty.>>[0m
[0m[1m<<[0m[32mseL4(CPU 0)[0m[1m [decodeCNodeInvocation/107 T0xffffffc083b6f400 "rootserver" @dd7f8]: CNode Copy/Mint/Move/Mutate: Source slot invalid or empty.>>[0m
[0m[1m<<[0m[32mseL4(CPU 0)[0m[1m [decodeCNodeInvocation/107 T0xffffffc083b6f400 "rootserver" @dd7f8]: CNode Copy/Mint/Move/Mutate: Source slot invalid or empty.>>[0m
[0m[1m<<[0m[32mseL4(CPU 0)[0m[1m [decodeCNodeInvocation/107 T0xffffffc083b6f400 "rootserver" @dd7f8]: CNode Copy/Mint/Move/Mutate: Source slot invalid or empty.>>[0m
[0m[1m<<[0m[32mseL4(CPU 0)[0m[1m [decodeCNodeInvocation/107 T0xffffffc083b6f400 "rootserver" @dd7f8]: CNode Copy/Mint/Move/Mutate: Source slot invalid or empty.>>[0m
[0m[1m<<[0m[32mseL4(CPU 0)[0m[1m [decodeCNodeInvocation/107 T0xffffffc083b6f400 "rootserver" @dd7f8]: CNode Copy/Mint/Move/Mutate: Source slot invalid or empty.>>[0m
[0m[1m<<[0m[32mseL4(CPU 0)[0m[1m [decodeCNodeInvocation/107 T0xffffffc083b6f400 "rootserver" @dd7f8]: CNode Copy/Mint/Move/Mutate: Source slot invalid or empty.>>[0m
[0m[1m<<[0m[32mseL4(CPU 0)[0m[1m [decodeCNodeInvocation/107 T0xffffffc083b6f400 "rootserver" @dd7f8]: CNode Copy/Mint/Move/Mutate: Source slot invalid or empty.>>[0m
[0m[1m<<[0m[32mseL4(CPU 0)[0m[1m [decodeCNodeInvocation/107 T0xffffffc083b6f400 "rootserver" @dd7f8]: CNode Copy/Mint/Move/Mutate: Source slot invalid or empty.>>[0m
[0m[1m<<[0m[32mseL4(CPU 0)[0m[1m [decodeCNodeInvocation/107 T0xffffffc083b6f400 "rootserver" @dd7f8]: CNode Copy/Mint/Move/Mutate: Source slot invalid or empty.>>[0m
[0m[1m<<[0m[32mseL4(CPU 0)[0m[1m [decodeCNodeInvocation/107 T0xffffffc083b6f400 "rootserver" @dd7f8]: CNode Copy/Mint/Move/Mutate: Source slot invalid or empty.>>[0m
[0m[1m<<[0m[32mseL4(CPU 0)[0m[1m [decodeCNodeInvocation/107 T0xffffffc083b6f400 "rootserver" @dd7f8]: CNode Copy/Mint/Move/Mutate: Source slot invalid or empty.>>[0m
[0m[1m<<[0m[32mseL4(CPU 0)[0m[1m [decodeCNodeInvocation/107 T0xffffffc083b6f400 "rootserver" @dd7f8]: CNode Copy/Mint/Move/Mutate: Source slot invalid or empty.>>[0m
[0m[1m<<[0m[32mseL4(CPU 0)[0m[1m [decodeCNodeInvocation/107 T0xffffffc083b6f400 "rootserver" @dd7f8]: CNode Copy/Mint/Move/Mutate: Source slot invalid or empty.>>[0m
[0m[1m<<[0m[32mseL4(CPU 0)[0m[1m [decodeCNodeInvocation/107 T0xffffffc083b6f400 "rootserver" @dd7f8]: CNode Copy/Mint/Move/Mutate: Source slot invalid or empty.>>[0m
[0m[1m<<[0m[32mseL4(CPU 0)[0m[1m [decodeCNodeInvocation/107 T0xffffffc083b6f400 "rootserver" @dd7f8]: CNode Copy/Mint/Move/Mutate: Source slot invalid or empty.>>[0m
[0m[1m<<[0m[32mseL4(CPU 0)[0m[1m [decodeCNodeInvocation/107 T0xffffffc083b6f400 "rootserver" @dd7f8]: CNode Copy/Mint/Move/Mutate: Source slot invalid or empty.>>[0m
[0m[1m<<[0m[32mseL4(CPU 0)[0m[1m [decodeCNodeInvocation/107 T0xffffffc083b6f400 "rootserver" @dd7f8]: CNode Copy/Mint/Move/Mutate: Source slot invalid or empty.>>[0m
[0m[1m<<[0m[32mseL4(CPU 0)[0m[1m [decodeCNodeInvocation/107 T0xffffffc083b6f400 "rootserver" @dd7f8]: CNode Copy/Mint/Move/Mutate: Source slot invalid or empty.>>[0m
[0m[1m<<[0m[32mseL4(CPU 0)[0m[1m [decodeCNodeInvocation/107 T0xffffffc083b6f400 "rootserver" @dd7f8]: CNode Copy/Mint/Move/Mutate: Source slot invalid or empty.>>[0m
[0m[1m<<[0m[32mseL4(CPU 0)[0m[1m [decodeCNodeInvocation/107 T0xffffffc083b6f400 "rootserver" @dd7f8]: CNode Copy/Mint/Move/Mutate: Source slot invalid or empty.>>[0m
[0m[1m<<[0m[32mseL4(CPU 0)[0m[1m [decodeCNodeInvocation/107 T0xffffffc083b6f400 "rootserver" @dd7f8]: CNode Copy/Mint/Move/Mutate: Source slot invalid or empty.>>[0m
[0m[1m<<[0m[32mseL4(CPU 0)[0m[1m [decodeCNodeInvocation/107 T0xffffffc083b6f400 "rootserver" @dd7f8]: CNode Copy/Mint/Move/Mutate: Source slot invalid or empty.>>[0m
[0m[1m<<[0m[32mseL4(CPU 0)[0m[1m [decodeCNodeInvocation/107 T0xffffffc083b6f400 "rootserver" @dd7f8]: CNode Copy/Mint/Move/Mutate: Source slot invalid or empty.>>[0m
[0m[1m<<[0m[32mseL4(CPU 0)[0m[1m [decodeCNodeInvocation/107 T0xffffffc083b6f400 "rootserver" @dd7f8]: CNode Copy/Mint/Move/Mutate: Source slot invalid or empty.>>[0m
[0m[1m<<[0m[32mseL4(CPU 0)[0m[1m [decodeCNodeInvocation/107 T0xffffffc083b6f400 "rootserver" @dd7f8]: CNode Copy/Mint/Move/Mutate: Source slot invalid or empty.>>[0m
[0m[1m<<[0m[32mseL4(CPU 0)[0m[1m [decodeCNodeInvocation/107 T0xffffffc083b6f400 "rootserver" @dd7f8]: CNode Copy/Mint/Move/Mutate: Source slot invalid or empty.>>[0m
[0m[1m<<[0m[32mseL4(CPU 0)[0m[1m [decodeCNodeInvocation/107 T0xffffffc083b6f400 "rootserver" @dd7f8]: CNode Copy/Mint/Move/Mutate: Source slot invalid or empty.>>[0m
[0m[1m<<[0m[32mseL4(CPU 0)[0m[1m [decodeCNodeInvocation/107 T0xffffffc083b6f400 "rootserver" @dd7f8]: CNode Copy/Mint/Move/Mutate: Source slot invalid or empty.>>[0m
[0m[1m<<[0m[32mseL4(CPU 0)[0m[1m [decodeCNodeInvocation/107 T0xffffffc083b6f400 "rootserver" @dd7f8]: CNode Copy/Mint/Move/Mutate: Source slot invalid or empty.>>[0m
[0m[1m<<[0m[32mseL4(CPU 0)[0m[1m [decodeCNodeInvocation/107 T0xffffffc083b6f400 "rootserver" @dd7f8]: CNode Copy/Mint/Move/Mutate: Source slot invalid or empty.>>[0m
[0m[1m<<[0m[32mseL4(CPU 0)[0m[1m [decodeCNodeInvocation/107 T0xffffffc083b6f400 "rootserver" @dd7f8]: CNode Copy/Mint/Move/Mutate: Source slot invalid or empty.>>[0m
[0m[1m<<[0m[32mseL4(CPU 0)[0m[1m [decodeCNodeInvocation/107 T0xffffffc083b6f400 "rootserver" @dd7f8]: CNode Copy/Mint/Move/Mutate: Source slot invalid or empty.>>[0m
[0m[1m<<[0m[32mseL4(CPU 0)[0m[1m [decodeCNodeInvocation/107 T0xffffffc083b6f400 "rootserver" @dd7f8]: CNode Copy/Mint/Move/Mutate: Source slot invalid or empty.>>[0m
[0m[1m<<[0m[32mseL4(CPU 0)[0m[1m [decodeCNodeInvocation/107 T0xffffffc083b6f400 "rootserver" @dd7f8]: CNode Copy/Mint/Move/Mutate: Source slot invalid or empty.>>[0m
[0m[1m<<[0m[32mseL4(CPU 0)[0m[1m [decodeCNodeInvocation/107 T0xffffffc083b6f400 "rootserver" @dd7f8]: CNode Copy/Mint/Move/Mutate: Source slot invalid or empty.>>[0m
[0m[1m<<[0m[32mseL4(CPU 0)[0m[1m [decodeCNodeInvocation/107 T0xffffffc083b6f400 "rootserver" @dd7f8]: CNode Copy/Mint/Move/Mutate: Source slot invalid or empty.>>[0m
[0m[1m<<[0m[32mseL4(CPU 0)[0m[1m [decodeCNodeInvocation/107 T0xffffffc083b6f400 "rootserver" @dd7f8]: CNode Copy/Mint/Move/Mutate: Source slot invalid or empty.>>[0m
[0m[1m<<[0m[32mseL4(CPU 0)[0m[1m [decodeCNodeInvocation/107 T0xffffffc083b6f400 "rootserver" @dd7f8]: CNode Copy/Mint/Move/Mutate: Source slot invalid or empty.>>[0m
[0m[1m<<[0m[32mseL4(CPU 0)[0m[1m [decodeCNodeInvocation/107 T0xffffffc083b6f400 "rootserver" @dd7f8]: CNode Copy/Mint/Move/Mutate: Source slot invalid or empty.>>[0m
[0m[1m<<[0m[32mseL4(CPU 0)[0m[1m [decodeCNodeInvocation/107 T0xffffffc083b6f400 "rootserver" @dd7f8]: CNode Copy/Mint/Move/Mutate: Source slot invalid or empty.>>[0m
[0m[1m<<[0m[32mseL4(CPU 0)[0m[1m [decodeCNodeInvocation/107 T0xffffffc083b6f400 "rootserver" @dd7f8]: CNode Copy/Mint/Move/Mutate: Source slot invalid or empty.>>[0m
[0m[1m<<[0m[32mseL4(CPU 0)[0m[1m [decodeCNodeInvocation/107 T0xffffffc083b6f400 "rootserver" @dd7f8]: CNode Copy/Mint/Move/Mutate: Source slot invalid or empty.>>[0m
[0m[1m<<[0m[32mseL4(CPU 0)[0m[1m [decodeCNodeInvocation/107 T0xffffffc083b6f400 "rootserver" @dd7f8]: CNode Copy/Mint/Move/Mutate: Source slot invalid or empty.>>[0m
[0m[1m<<[0m[32mseL4(CPU 0)[0m[1m [decodeCNodeInvocation/107 T0xffffffc083b6f400 "rootserver" @dd7f8]: CNode Copy/Mint/Move/Mutate: Source slot invalid or empty.>>[0m
[0m[1m<<[0m[32mseL4(CPU 0)[0m[1m [decodeCNodeInvocation/107 T0xffffffc083b6f400 "rootserver" @dd7f8]: CNode Copy/Mint/Move/Mutate: Source slot invalid or empty.>>[0m
[0m[1m<<[0m[32mseL4(CPU 0)[0m[1m [decodeCNodeInvocation/107 T0xffffffc083b6f400 "rootserver" @dd7f8]: CNode Copy/Mint/Move/Mutate: Source slot invalid or empty.>>[0m
[0m[1m<<[0m[32mseL4(CPU 0)[0m[1m [decodeCNodeInvocation/107 T0xffffffc083b6f400 "rootserver" @dd7f8]: CNode Copy/Mint/Move/Mutate: Source slot invalid or empty.>>[0m
[0m[1m<<[0m[32mseL4(CPU 0)[0m[1m [decodeCNodeInvocation/107 T0xffffffc083b6f400 "rootserver" @dd7f8]: CNode Copy/Mint/Move/Mutate: Source slot invalid or empty.>>[0m
[0m[1m<<[0m[32mseL4(CPU 0)[0m[1m [decodeCNodeInvocation/107 T0xffffffc083b6f400 "rootserver" @dd7f8]: CNode Copy/Mint/Move/Mutate: Source slot invalid or empty.>>[0m
[0m[1m<<[0m[32mseL4(CPU 0)[0m[1m [decodeCNodeInvocation/107 T0xffffffc083b6f400 "rootserver" @dd7f8]: CNode Copy/Mint/Move/Mutate: Source slot invalid or empty.>>[0m
[0m[1m<<[0m[32mseL4(CPU 0)[0m[1m [decodeCNodeInvocation/107 T0xffffffc083b6f400 "rootserver" @dd7f8]: CNode Copy/Mint/Move/Mutate: Source slot invalid or empty.>>[0m
[0m[1m<<[0m[32mseL4(CPU 0)[0m[1m [decodeCNodeInvocation/107 T0xffffffc083b6f400 "rootserver" @dd7f8]: CNode Copy/Mint/Move/Mutate: Source slot invalid or empty.>>[0m
[0m[1m<<[0m[32mseL4(CPU 0)[0m[1m [decodeCNodeInvocation/107 T0xffffffc083b6f400 "rootserver" @dd7f8]: CNode Copy/Mint/Move/Mutate: Source slot invalid or empty.>>[0m
[0m[1m<<[0m[32mseL4(CPU 0)[0m[1m [decodeCNodeInvocation/107 T0xffffffc083b6f400 "rootserver" @dd7f8]: CNode Copy/Mint/Move/Mutate: Source slot invalid or empty.>>[0m
[0m[1m<<[0m[32mseL4(CPU 0)[0m[1m [decodeCNodeInvocation/107 T0xffffffc083b6f400 "rootserver" @dd7f8]: CNode Copy/Mint/Move/Mutate: Source slot invalid or empty.>>[0m
[0m[1m<<[0m[32mseL4(CPU 0)[0m[1m [decodeCNodeInvocation/107 T0xffffffc083b6f400 "rootserver" @dd7f8]: CNode Copy/Mint/Move/Mutate: Source slot invalid or empty.>>[0m
[0m[1m<<[0m[32mseL4(CPU 0)[0m[1m [decodeCNodeInvocation/107 T0xffffffc083b6f400 "rootserver" @dd7f8]: CNode Copy/Mint/Move/Mutate: Source slot invalid or empty.>>[0m
[0m[1m<<[0m[32mseL4(CPU 0)[0m[1m [decodeCNodeInvocation/107 T0xffffffc083b6f400 "rootserver" @dd7f8]: CNode Copy/Mint/Move/Mutate: Source slot invalid or empty.>>[0m
[0m[1m<<[0m[32mseL4(CPU 0)[0m[1m [decodeCNodeInvocation/107 T0xffffffc083b6f400 "rootserver" @dd7f8]: CNode Copy/Mint/Move/Mutate: Source slot invalid or empty.>>[0m
[0m[1m<<[0m[32mseL4(CPU 0)[0m[1m [decodeCNodeInvocation/107 T0xffffffc083b6f400 "rootserver" @dd7f8]: CNode Copy/Mint/Move/Mutate: Source slot invalid or empty.>>[0m
[0m[1m<<[0m[32mseL4(CPU 0)[0m[1m [decodeCNodeInvocation/107 T0xffffffc083b6f400 "rootserver" @dd7f8]: CNode Copy/Mint/Move/Mutate: Source slot invalid or empty.>>[0m
[0m[1m<<[0m[32mseL4(CPU 0)[0m[1m [decodeCNodeInvocation/107 T0xffffffc083b6f400 "rootserver" @dd7f8]: CNode Copy/Mint/Move/Mutate: Source slot invalid or empty.>>[0m
[0m[1m<<[0m[32mseL4(CPU 0)[0m[1m [decodeCNodeInvocation/107 T0xffffffc083b6f400 "rootserver" @dd7f8]: CNode Copy/Mint/Move/Mutate: Source slot invalid or empty.>>[0m
[0m[1m<<[0m[32mseL4(CPU 0)[0m[1m [decodeCNodeInvocation/107 T0xffffffc083b6f400 "rootserver" @dd7f8]: CNode Copy/Mint/Move/Mutate: Source slot invalid or empty.>>[0m
[0m[1m<<[0m[32mseL4(CPU 0)[0m[1m [decodeCNodeInvocation/107 T0xffffffc083b6f400 "rootserver" @dd7f8]: CNode Copy/Mint/Move/Mutate: Source slot invalid or empty.>>[0m
[0m[1m<<[0m[32mseL4(CPU 0)[0m[1m [decodeCNodeInvocation/107 T0xffffffc083b6f400 "rootserver" @dd7f8]: CNode Copy/Mint/Move/Mutate: Source slot invalid or empty.>>[0m
[0m[1m<<[0m[32mseL4(CPU 0)[0m[1m [decodeCNodeInvocation/107 T0xffffffc083b6f400 "rootserver" @dd7f8]: CNode Copy/Mint/Move/Mutate: Source slot invalid or empty.>>[0m
[0m[1m<<[0m[32mseL4(CPU 0)[0m[1m [decodeCNodeInvocation/107 T0xffffffc083b6f400 "rootserver" @dd7f8]: CNode Copy/Mint/Move/Mutate: Source slot invalid or empty.>>[0m
[0m[1m<<[0m[32mseL4(CPU 0)[0m[1m [decodeCNodeInvocation/107 T0xffffffc083b6f400 "rootserver" @dd7f8]: CNode Copy/Mint/Move/Mutate: Source slot invalid or empty.>>[0m
[0m[1m<<[0m[32mseL4(CPU 0)[0m[1m [decodeCNodeInvocation/107 T0xffffffc083b6f400 "rootserver" @dd7f8]: CNode Copy/Mint/Move/Mutate: Source slot invalid or empty.>>[0m
[0m[1m<<[0m[32mseL4(CPU 0)[0m[1m [decodeCNodeInvocation/107 T0xffffffc083b6f400 "rootserver" @dd7f8]: CNode Copy/Mint/Move/Mutate: Source slot invalid or empty.>>[0m
[0m[1m<<[0m[32mseL4(CPU 0)[0m[1m [decodeCNodeInvocation/107 T0xffffffc083b6f400 "rootserver" @dd7f8]: CNode Copy/Mint/Move/Mutate: Source slot invalid or empty.>>[0m
[0m[1m<<[0m[32mseL4(CPU 0)[0m[1m [decodeCNodeInvocation/107 T0xffffffc083b6f400 "rootserver" @dd7f8]: CNode Copy/Mint/Move/Mutate: Source slot invalid or empty.>>[0m
[0m[1m<<[0m[32mseL4(CPU 0)[0m[1m [decodeCNodeInvocation/107 T0xffffffc083b6f400 "rootserver" @dd7f8]: CNode Copy/Mint/Move/Mutate: Source slot invalid or empty.>>[0m
[0m[1m<<[0m[32mseL4(CPU 0)[0m[1m [decodeCNodeInvocation/107 T0xffffffc083b6f400 "rootserver" @dd7f8]: CNode Copy/Mint/Move/Mutate: Source slot invalid or empty.>>[0m
[0m[1m<<[0m[32mseL4(CPU 0)[0m[1m [decodeCNodeInvocation/107 T0xffffffc083b6f400 "rootserver" @dd7f8]: CNode Copy/Mint/Move/Mutate: Source slot invalid or empty.>>[0m
[0m[1m<<[0m[32mseL4(CPU 0)[0m[1m [decodeCNodeInvocation/107 T0xffffffc083b6f400 "rootserver" @dd7f8]: CNode Copy/Mint/Move/Mutate: Source slot invalid or empty.>>[0m
SLIME_GRAPH quota task=3 instance=sample-lender executable=sample-lender pages=4 buffers=1 mappings=2 loans=1
SLIME_MEM quota task=3 instance=sample-lender declared=0 installed=0 base=0x0
SLIME_GRAPH native endpoint task=3 slot=33 side=both
SLIME_CLOCK authority task=3 instance=sample-lender flags=0x0 timers=0 badge=0x0
SLIME_GRAPH spawned task=0 child=3 component=sample-lender grants=2 endpoints=1 notifications=0 handle=5 supervision_grants=1 buffer_factory_grants=1
SLIME_GRAPH spawn preflight executable-ok task-instance=0 slot=2 executable=2 rights=0x10008
SLIME_GRAPH spawn preflight child-ok task-instance=0 child=2 name=sample-receiver
SLIME_GRAPH spawn refused task=0 child=sample-receiver class=instance-live
[init] spawn budget refused
[sample-lender] factory is not a buffer
SLIME_GRAPH buffer created task=3 slot=3 id=1 pages=2 writable=1
[sample-lender] buffer created
[sample-lender] payload written
SLIME_GRAPH loan refused task=3 slot=3 class=unsealed
[sample-lender] unsealed loan denied
[0m[1m<<[0m[32mseL4(CPU 0)[0m[1m [decodeRISCVPageTableInvocation/806 T0xffffffc083b6f400 "rootserver" @de866]: RISCVPageTableMap: All objects mapped at this address>>[0m
[0m[1m<<[0m[32mseL4(CPU 0)[0m[1m [decodeRISCVPageTableInvocation/806 T0xffffffc083b6f400 "rootserver" @de866]: RISCVPageTableMap: All objects mapped at this address>>[0m
[0m[1m<<[0m[32mseL4(CPU 0)[0m[1m [decodeRISCVPageTableInvocation/806 T0xffffffc083b6f400 "rootserver" @de866]: RISCVPageTableMap: All objects mapped at this address>>[0m
[0m[1m<<[0m[32mseL4(CPU 0)[0m[1m [decodeRISCVPageTableInvocation/806 T0xffffffc083b6f400 "rootserver" @de866]: RISCVPageTableMap: All objects mapped at this address>>[0m
SLIME_GRAPH buffer map refused task=3 slot=3 class=write
[sample-lender] seal is irreversible
SLIME_GRAPH loan created task=3 slot=4 id=1 to=2 offset=0 length=8192
[sample-lender] loan created
SLIME_GRAPH capability exported task=3 id=1 kind=loan rights=0x200 retain=0
SLIME_GRAPH capability imported task=2 id=1 kind=loan rights=0x200 retain=0
[sample-receiver] descriptor received
SLIME_GRAPH loan mapped refused task=2 slot=1 class=range
[sample-receiver] malformed descriptor mapped nothing
[0m[1m<<[0m[32mseL4(CPU 0)[0m[1m [decodeRISCVFrameInvocation/909 T0xffffffc083b6f400 "rootserver" @ddeca]: RISCVPageMap: Attempting to remap a frame that does not belong to the passed address space>>[0m
SLIME_GRAPH frame aliased frame=1200 vaddr=0xa00000000 live=1
[0m[1m<<[0m[32mseL4(CPU 0)[0m[1m [decodeRISCVFrameInvocation/909 T0xffffffc083b6f400 "rootserver" @ddeca]: RISCVPageMap: Attempting to remap a frame that does not belong to the passed address space>>[0m
SLIME_GRAPH frame aliased frame=1201 vaddr=0xa00001000 live=2
SLIME_GRAPH loan mapped task=2 slot=1 id=1
[sample-receiver] loaned bytes mapped
[sample-receiver] loan stays read-only
[sample-receiver] payload verified
SLIME_GRAPH loan returned task=2 slot=1 id=1
[sample-receiver] loan returned once
[sample-lender] descriptor sent
[sample-lender] receiver settled
[sample-lender] released
[sample-lender] done
SLIME_GRAPH component exit task=3 status=0
SLIME_CLOCK teardown task=3 before=0 live=0
SLIME_LIFECYCLE terminated task=3 instance=1 cause=exit
SLIME_GRAPH quota released task=3 live=3
SLIME_ROOT reclaim census task=3 slots=2919 bytes=60947264 live_objects=141 arena_reuses=0
[sample-receiver] done
SLIME_GRAPH component exit task=2 status=0
SLIME_CLOCK teardown task=2 before=0 live=0
SLIME_LIFECYCLE terminated task=2 instance=2 cause=exit
SLIME_GRAPH quota released task=2 live=2
SLIME_ROOT reclaim census task=2 slots=2952 bytes=60947264 live_objects=110 arena_reuses=0
SLIME_GRAPH supervision collected task=0 child=2 kind=0
SLIME_GRAPH supervision collected task=0 child=3 kind=0
SLIME_GRAPH spawn preflight executable-ok task-instance=0 slot=2 executable=2 rights=0x10008
SLIME_GRAPH spawn preflight child-ok task-instance=0 child=2 name=sample-receiver
SLIME_GRAPH spawn authorized task=0 slot=2 component=sample-receiver grants=0
SLIME_GRAPH schedule instance=sample-receiver priority=254 default=254
[0m[1m<<[0m[32mseL4(CPU 0)[0m[1m [decodeCNodeInvocation/107 T0xffffffc083b6f400 "rootserver" @dd7f8]: CNode Copy/Mint/Move/Mutate: Source slot invalid or empty.>>[0m
[0m[1m<<[0m[32mseL4(CPU 0)[0m[1m [decodeCNodeInvocation/95 T0xffffffc083b6f400 "rootserver" @dd7f8]: CNode Copy/Mint/Move/Mutate: Destination not empty.>>[0m
[0m[1m<<[0m[32mseL4(CPU 0)[0m[1m [decodeCNodeInvocation/95 T0xffffffc083b6f400 "rootserver" @dd7f8]: CNode Copy/Mint/Move/Mutate: Destination not empty.>>[0m
[0m[1m<<[0m[32mseL4(CPU 0)[0m[1m [decodeCNodeInvocation/95 T0xffffffc083b6f400 "rootserver" @dd7f8]: CNode Copy/Mint/Move/Mutate: Destination not empty.>>[0m
[0m[1m<<[0m[32mseL4(CPU 0)[0m[1m [decodeCNodeInvocation/95 T0xffffffc083b6f400 "rootserver" @dd7f8]: CNode Copy/Mint/Move/Mutate: Destination not empty.>>[0m
[0m[1m<<[0m[32mseL4(CPU 0)[0m[1m [decodeCNodeInvocation/107 T0xffffffc083b6f400 "rootserver" @dd7f8]: CNode Copy/Mint/Move/Mutate: Source slot invalid or empty.>>[0m
[0m[1m<<[0m[32mseL4(CPU 0)[0m[1m [decodeCNodeInvocation/107 T0xffffffc083b6f400 "rootserver" @dd7f8]: CNode Copy/Mint/Move/Mutate: Source slot invalid or empty.>>[0m
[0m[1m<<[0m[32mseL4(CPU 0)[0m[1m [decodeCNodeInvocation/107 T0xffffffc083b6f400 "rootserver" @dd7f8]: CNode Copy/Mint/Move/Mutate: Source slot invalid or empty.>>[0m
[0m[1m<<[0m[32mseL4(CPU 0)[0m[1m [decodeCNodeInvocation/107 T0xffffffc083b6f400 "rootserver" @dd7f8]: CNode Copy/Mint/Move/Mutate: Source slot invalid or empty.>>[0m
[0m[1m<<[0m[32mseL4(CPU 0)[0m[1m [decodeCNodeInvocation/107 T0xffffffc083b6f400 "rootserver" @dd7f8]: CNode Copy/Mint/Move/Mutate: Source slot invalid or empty.>>[0m
[0m[1m<<[0m[32mseL4(CPU 0)[0m[1m [decodeCNodeInvocation/107 T0xffffffc083b6f400 "rootserver" @dd7f8]: CNode Copy/Mint/Move/Mutate: Source slot invalid or empty.>>[0m
[0m[1m<<[0m[32mseL4(CPU 0)[0m[1m [decodeCNodeInvocation/107 T0xffffffc083b6f400 "rootserver" @dd7f8]: CNode Copy/Mint/Move/Mutate: Source slot invalid or empty.>>[0m
[0m[1m<<[0m[32mseL4(CPU 0)[0m[1m [decodeCNodeInvocation/107 T0xffffffc083b6f400 "rootserver" @dd7f8]: CNode Copy/Mint/Move/Mutate: Source slot invalid or empty.>>[0m
[0m[1m<<[0m[32mseL4(CPU 0)[0m[1m [decodeCNodeInvocation/107 T0xffffffc083b6f400 "rootserver" @dd7f8]: CNode Copy/Mint/Move/Mutate: Source slot invalid or empty.>>[0m
[0m[1m<<[0m[32mseL4(CPU 0)[0m[1m [decodeCNodeInvocation/107 T0xffffffc083b6f400 "rootserver" @dd7f8]: CNode Copy/Mint/Move/Mutate: Source slot invalid or empty.>>[0m
[0m[1m<<[0m[32mseL4(CPU 0)[0m[1m [decodeCNodeInvocation/107 T0xffffffc083b6f400 "rootserver" @dd7f8]: CNode Copy/Mint/Move/Mutate: Source slot invalid or empty.>>[0m
[0m[1m<<[0m[32mseL4(CPU 0)[0m[1m [decodeCNodeInvocation/107 T0xffffffc083b6f400 "rootserver" @dd7f8]: CNode Copy/Mint/Move/Mutate: Source slot invalid or empty.>>[0m
[0m[1m<<[0m[32mseL4(CPU 0)[0m[1m [decodeCNodeInvocation/107 T0xffffffc083b6f400 "rootserver" @dd7f8]: CNode Copy/Mint/Move/Mutate: Source slot invalid or empty.>>[0m
[0m[1m<<[0m[32mseL4(CPU 0)[0m[1m [decodeCNodeInvocation/107 T0xffffffc083b6f400 "rootserver" @dd7f8]: CNode Copy/Mint/Move/Mutate: Source slot invalid or empty.>>[0m
[0m[1m<<[0m[32mseL4(CPU 0)[0m[1m [decodeCNodeInvocation/107 T0xffffffc083b6f400 "rootserver" @dd7f8]: CNode Copy/Mint/Move/Mutate: Source slot invalid or empty.>>[0m
[0m[1m<<[0m[32mseL4(CPU 0)[0m[1m [decodeCNodeInvocation/107 T0xffffffc083b6f400 "rootserver" @dd7f8]: CNode Copy/Mint/Move/Mutate: Source slot invalid or empty.>>[0m
[0m[1m<<[0m[32mseL4(CPU 0)[0m[1m [decodeCNodeInvocation/107 T0xffffffc083b6f400 "rootserver" @dd7f8]: CNode Copy/Mint/Move/Mutate: Source slot invalid or empty.>>[0m
[0m[1m<<[0m[32mseL4(CPU 0)[0m[1m [decodeCNodeInvocation/107 T0xffffffc083b6f400 "rootserver" @dd7f8]: CNode Copy/Mint/Move/Mutate: Source slot invalid or empty.>>[0m
[0m[1m<<[0m[32mseL4(CPU 0)[0m[1m [decodeCNodeInvocation/107 T0xffffffc083b6f400 "rootserver" @dd7f8]: CNode Copy/Mint/Move/Mutate: Source slot invalid or empty.>>[0m
[0m[1m<<[0m[32mseL4(CPU 0)[0m[1m [decodeCNodeInvocation/107 T0xffffffc083b6f400 "rootserver" @dd7f8]: CNode Copy/Mint/Move/Mutate: Source slot invalid or empty.>>[0m
[0m[1m<<[0m[32mseL4(CPU 0)[0m[1m [decodeCNodeInvocation/107 T0xffffffc083b6f400 "rootserver" @dd7f8]: CNode Copy/Mint/Move/Mutate: Source slot invalid or empty.>>[0m
[0m[1m<<[0m[32mseL4(CPU 0)[0m[1m [decodeCNodeInvocation/107 T0xffffffc083b6f400 "rootserver" @dd7f8]: CNode Copy/Mint/Move/Mutate: Source slot invalid or empty.>>[0m
[0m[1m<<[0m[32mseL4(CPU 0)[0m[1m [decodeCNodeInvocation/107 T0xffffffc083b6f400 "rootserver" @dd7f8]: CNode Copy/Mint/Move/Mutate: Source slot invalid or empty.>>[0m
[0m[1m<<[0m[32mseL4(CPU 0)[0m[1m [decodeCNodeInvocation/107 T0xffffffc083b6f400 "rootserver" @dd7f8]: CNode Copy/Mint/Move/Mutate: Source slot invalid or empty.>>[0m
[0m[1m<<[0m[32mseL4(CPU 0)[0m[1m [decodeCNodeInvocation/107 T0xffffffc083b6f400 "rootserver" @dd7f8]: CNode Copy/Mint/Move/Mutate: Source slot invalid or empty.>>[0m
[0m[1m<<[0m[32mseL4(CPU 0)[0m[1m [decodeCNodeInvocation/107 T0xffffffc083b6f400 "rootserver" @dd7f8]: CNode Copy/Mint/Move/Mutate: Source slot invalid or empty.>>[0m
[0m[1m<<[0m[32mseL4(CPU 0)[0m[1m [decodeCNodeInvocation/107 T0xffffffc083b6f400 "rootserver" @dd7f8]: CNode Copy/Mint/Move/Mutate: Source slot invalid or empty.>>[0m
[0m[1m<<[0m[32mseL4(CPU 0)[0m[1m [decodeCNodeInvocation/95 T0xffffffc083b6f400 "rootserver" @dd7f8]: CNode Copy/Mint/Move/Mutate: Destination not empty.>>[0m
[0m[1m<<[0m[32mseL4(CPU 0)[0m[1m [decodeCNodeInvocation/107 T0xffffffc083b6f400 "rootserver" @dd7f8]: CNode Copy/Mint/Move/Mutate: Source slot invalid or empty.>>[0m
[0m[1m<<[0m[32mseL4(CPU 0)[0m[1m [decodeCNodeInvocation/107 T0xffffffc083b6f400 "rootserver" @dd7f8]: CNode Copy/Mint/Move/Mutate: Source slot invalid or empty.>>[0m
[0m[1m<<[0m[32mseL4(CPU 0)[0m[1m [decodeCNodeInvocation/107 T0xffffffc083b6f400 "rootserver" @dd7f8]: CNode Copy/Mint/Move/Mutate: Source slot invalid or empty.>>[0m
[0m[1m<<[0m[32mseL4(CPU 0)[0m[1m [decodeCNodeInvocation/107 T0xffffffc083b6f400 "rootserver" @dd7f8]: CNode Copy/Mint/Move/Mutate: Source slot invalid or empty.>>[0m
[0m[1m<<[0m[32mseL4(CPU 0)[0m[1m [decodeCNodeInvocation/107 T0xffffffc083b6f400 "rootserver" @dd7f8]: CNode Copy/Mint/Move/Mutate: Source slot invalid or empty.>>[0m
[0m[1m<<[0m[32mseL4(CPU 0)[0m[1m [decodeCNodeInvocation/107 T0xffffffc083b6f400 "rootserver" @dd7f8]: CNode Copy/Mint/Move/Mutate: Source slot invalid or empty.>>[0m
[0m[1m<<[0m[32mseL4(CPU 0)[0m[1m [decodeCNodeInvocation/107 T0xffffffc083b6f400 "rootserver" @dd7f8]: CNode Copy/Mint/Move/Mutate: Source slot invalid or empty.>>[0m
[0m[1m<<[0m[32mseL4(CPU 0)[0m[1m [decodeCNodeInvocation/107 T0xffffffc083b6f400 "rootserver" @dd7f8]: CNode Copy/Mint/Move/Mutate: Source slot invalid or empty.>>[0m
[0m[1m<<[0m[32mseL4(CPU 0)[0m[1m [decodeCNodeInvocation/107 T0xffffffc083b6f400 "rootserver" @dd7f8]: CNode Copy/Mint/Move/Mutate: Source slot invalid or empty.>>[0m
[0m[1m<<[0m[32mseL4(CPU 0)[0m[1m [decodeCNodeInvocation/107 T0xffffffc083b6f400 "rootserver" @dd7f8]: CNode Copy/Mint/Move/Mutate: Source slot invalid or empty.>>[0m
[0m[1m<<[0m[32mseL4(CPU 0)[0m[1m [decodeCNodeInvocation/107 T0xffffffc083b6f400 "rootserver" @dd7f8]: CNode Copy/Mint/Move/Mutate: Source slot invalid or empty.>>[0m
[0m[1m<<[0m[32mseL4(CPU 0)[0m[1m [decodeCNodeInvocation/107 T0xffffffc083b6f400 "rootserver" @dd7f8]: CNode Copy/Mint/Move/Mutate: Source slot invalid or empty.>>[0m
[0m[1m<<[0m[32mseL4(CPU 0)[0m[1m [decodeCNodeInvocation/107 T0xffffffc083b6f400 "rootserver" @dd7f8]: CNode Copy/Mint/Move/Mutate: Source slot invalid or empty.>>[0m
[0m[1m<<[0m[32mseL4(CPU 0)[0m[1m [decodeCNodeInvocation/107 T0xffffffc083b6f400 "rootserver" @dd7f8]: CNode Copy/Mint/Move/Mutate: Source slot invalid or empty.>>[0m
[0m[1m<<[0m[32mseL4(CPU 0)[0m[1m [decodeCNodeInvocation/107 T0xffffffc083b6f400 "rootserver" @dd7f8]: CNode Copy/Mint/Move/Mutate: Source slot invalid or empty.>>[0m
[0m[1m<<[0m[32mseL4(CPU 0)[0m[1m [decodeCNodeInvocation/107 T0xffffffc083b6f400 "rootserver" @dd7f8]: CNode Copy/Mint/Move/Mutate: Source slot invalid or empty.>>[0m
[0m[1m<<[0m[32mseL4(CPU 0)[0m[1m [decodeCNodeInvocation/107 T0xffffffc083b6f400 "rootserver" @dd7f8]: CNode Copy/Mint/Move/Mutate: Source slot invalid or empty.>>[0m
[0m[1m<<[0m[32mseL4(CPU 0)[0m[1m [decodeCNodeInvocation/107 T0xffffffc083b6f400 "rootserver" @dd7f8]: CNode Copy/Mint/Move/Mutate: Source slot invalid or empty.>>[0m
[0m[1m<<[0m[32mseL4(CPU 0)[0m[1m [decodeCNodeInvocation/107 T0xffffffc083b6f400 "rootserver" @dd7f8]: CNode Copy/Mint/Move/Mutate: Source slot invalid or empty.>>[0m
[0m[1m<<[0m[32mseL4(CPU 0)[0m[1m [decodeCNodeInvocation/107 T0xffffffc083b6f400 "rootserver" @dd7f8]: CNode Copy/Mint/Move/Mutate: Source slot invalid or empty.>>[0m
[0m[1m<<[0m[32mseL4(CPU 0)[0m[1m [decodeCNodeInvocation/107 T0xffffffc083b6f400 "rootserver" @dd7f8]: CNode Copy/Mint/Move/Mutate: Source slot invalid or empty.>>[0m
[0m[1m<<[0m[32mseL4(CPU 0)[0m[1m [decodeCNodeInvocation/107 T0xffffffc083b6f400 "rootserver" @dd7f8]: CNode Copy/Mint/Move/Mutate: Source slot invalid or empty.>>[0m
[0m[1m<<[0m[32mseL4(CPU 0)[0m[1m [decodeCNodeInvocation/107 T0xffffffc083b6f400 "rootserver" @dd7f8]: CNode Copy/Mint/Move/Mutate: Source slot invalid or empty.>>[0m
[0m[1m<<[0m[32mseL4(CPU 0)[0m[1m [decodeCNodeInvocation/107 T0xffffffc083b6f400 "rootserver" @dd7f8]: CNode Copy/Mint/Move/Mutate: Source slot invalid or empty.>>[0m
[0m[1m<<[0m[32mseL4(CPU 0)[0m[1m [decodeCNodeInvocation/107 T0xffffffc083b6f400 "rootserver" @dd7f8]: CNode Copy/Mint/Move/Mutate: Source slot invalid or empty.>>[0m
[0m[1m<<[0m[32mseL4(CPU 0)[0m[1m [decodeCNodeInvocation/107 T0xffffffc083b6f400 "rootserver" @dd7f8]: CNode Copy/Mint/Move/Mutate: Source slot invalid or empty.>>[0m
[0m[1m<<[0m[32mseL4(CPU 0)[0m[1m [decodeCNodeInvocation/107 T0xffffffc083b6f400 "rootserver" @dd7f8]: CNode Copy/Mint/Move/Mutate: Source slot invalid or empty.>>[0m
[0m[1m<<[0m[32mseL4(CPU 0)[0m[1m [decodeCNodeInvocation/107 T0xffffffc083b6f400 "rootserver" @dd7f8]: CNode Copy/Mint/Move/Mutate: Source slot invalid or empty.>>[0m
[0m[1m<<[0m[32mseL4(CPU 0)[0m[1m [decodeCNodeInvocation/107 T0xffffffc083b6f400 "rootserver" @dd7f8]: CNode Copy/Mint/Move/Mutate: Source slot invalid or empty.>>[0m
[0m[1m<<[0m[32mseL4(CPU 0)[0m[1m [decodeCNodeInvocation/107 T0xffffffc083b6f400 "rootserver" @dd7f8]: CNode Copy/Mint/Move/Mutate: Source slot invalid or empty.>>[0m
[0m[1m<<[0m[32mseL4(CPU 0)[0m[1m [decodeCNodeInvocation/107 T0xffffffc083b6f400 "rootserver" @dd7f8]: CNode Copy/Mint/Move/Mutate: Source slot invalid or empty.>>[0m
[0m[1m<<[0m[32mseL4(CPU 0)[0m[1m [decodeCNodeInvocation/107 T0xffffffc083b6f400 "rootserver" @dd7f8]: CNode Copy/Mint/Move/Mutate: Source slot invalid or empty.>>[0m
[0m[1m<<[0m[32mseL4(CPU 0)[0m[1m [decodeCNodeInvocation/107 T0xffffffc083b6f400 "rootserver" @dd7f8]: CNode Copy/Mint/Move/Mutate: Source slot invalid or empty.>>[0m
[0m[1m<<[0m[32mseL4(CPU 0)[0m[1m [decodeCNodeInvocation/107 T0xffffffc083b6f400 "rootserver" @dd7f8]: CNode Copy/Mint/Move/Mutate: Source slot invalid or empty.>>[0m
[0m[1m<<[0m[32mseL4(CPU 0)[0m[1m [decodeCNodeInvocation/107 T0xffffffc083b6f400 "rootserver" @dd7f8]: CNode Copy/Mint/Move/Mutate: Source slot invalid or empty.>>[0m
[0m[1m<<[0m[32mseL4(CPU 0)[0m[1m [decodeCNodeInvocation/107 T0xffffffc083b6f400 "rootserver" @dd7f8]: CNode Copy/Mint/Move/Mutate: Source slot invalid or empty.>>[0m
[0m[1m<<[0m[32mseL4(CPU 0)[0m[1m [decodeCNodeInvocation/107 T0xffffffc083b6f400 "rootserver" @dd7f8]: CNode Copy/Mint/Move/Mutate: Source slot invalid or empty.>>[0m
[0m[1m<<[0m[32mseL4(CPU 0)[0m[1m [decodeCNodeInvocation/107 T0xffffffc083b6f400 "rootserver" @dd7f8]: CNode Copy/Mint/Move/Mutate: Source slot invalid or empty.>>[0m
[0m[1m<<[0m[32mseL4(CPU 0)[0m[1m [decodeCNodeInvocation/107 T0xffffffc083b6f400 "rootserver" @dd7f8]: CNode Copy/Mint/Move/Mutate: Source slot invalid or empty.>>[0m
[0m[1m<<[0m[32mseL4(CPU 0)[0m[1m [decodeCNodeInvocation/107 T0xffffffc083b6f400 "rootserver" @dd7f8]: CNode Copy/Mint/Move/Mutate: Source slot invalid or empty.>>[0m
[0m[1m<<[0m[32mseL4(CPU 0)[0m[1m [decodeCNodeInvocation/107 T0xffffffc083b6f400 "rootserver" @dd7f8]: CNode Copy/Mint/Move/Mutate: Source slot invalid or empty.>>[0m
[0m[1m<<[0m[32mseL4(CPU 0)[0m[1m [decodeCNodeInvocation/107 T0xffffffc083b6f400 "rootserver" @dd7f8]: CNode Copy/Mint/Move/Mutate: Source slot invalid or empty.>>[0m
[0m[1m<<[0m[32mseL4(CPU 0)[0m[1m [decodeCNodeInvocation/107 T0xffffffc083b6f400 "rootserver" @dd7f8]: CNode Copy/Mint/Move/Mutate: Source slot invalid or empty.>>[0m
[0m[1m<<[0m[32mseL4(CPU 0)[0m[1m [decodeCNodeInvocation/107 T0xffffffc083b6f400 "rootserver" @dd7f8]: CNode Copy/Mint/Move/Mutate: Source slot invalid or empty.>>[0m
[0m[1m<<[0m[32mseL4(CPU 0)[0m[1m [decodeCNodeInvocation/107 T0xffffffc083b6f400 "rootserver" @dd7f8]: CNode Copy/Mint/Move/Mutate: Source slot invalid or empty.>>[0m
[0m[1m<<[0m[32mseL4(CPU 0)[0m[1m [decodeCNodeInvocation/107 T0xffffffc083b6f400 "rootserver" @dd7f8]: CNode Copy/Mint/Move/Mutate: Source slot invalid or empty.>>[0m
[0m[1m<<[0m[32mseL4(CPU 0)[0m[1m [decodeCNodeInvocation/107 T0xffffffc083b6f400 "rootserver" @dd7f8]: CNode Copy/Mint/Move/Mutate: Source slot invalid or empty.>>[0m
[0m[1m<<[0m[32mseL4(CPU 0)[0m[1m [decodeCNodeInvocation/107 T0xffffffc083b6f400 "rootserver" @dd7f8]: CNode Copy/Mint/Move/Mutate: Source slot invalid or empty.>>[0m
[0m[1m<<[0m[32mseL4(CPU 0)[0m[1m [decodeCNodeInvocation/107 T0xffffffc083b6f400 "rootserver" @dd7f8]: CNode Copy/Mint/Move/Mutate: Source slot invalid or empty.>>[0m
[0m[1m<<[0m[32mseL4(CPU 0)[0m[1m [decodeCNodeInvocation/107 T0xffffffc083b6f400 "rootserver" @dd7f8]: CNode Copy/Mint/Move/Mutate: Source slot invalid or empty.>>[0m
[0m[1m<<[0m[32mseL4(CPU 0)[0m[1m [decodeCNodeInvocation/107 T0xffffffc083b6f400 "rootserver" @dd7f8]: CNode Copy/Mint/Move/Mutate: Source slot invalid or empty.>>[0m
[0m[1m<<[0m[32mseL4(CPU 0)[0m[1m [decodeCNodeInvocation/107 T0xffffffc083b6f400 "rootserver" @dd7f8]: CNode Copy/Mint/Move/Mutate: Source slot invalid or empty.>>[0m
[0m[1m<<[0m[32mseL4(CPU 0)[0m[1m [decodeCNodeInvocation/107 T0xffffffc083b6f400 "rootserver" @dd7f8]: CNode Copy/Mint/Move/Mutate: Source slot invalid or empty.>>[0m
[0m[1m<<[0m[32mseL4(CPU 0)[0m[1m [decodeCNodeInvocation/107 T0xffffffc083b6f400 "rootserver" @dd7f8]: CNode Copy/Mint/Move/Mutate: Source slot invalid or empty.>>[0m
[0m[1m<<[0m[32mseL4(CPU 0)[0m[1m [decodeCNodeInvocation/107 T0xffffffc083b6f400 "rootserver" @dd7f8]: CNode Copy/Mint/Move/Mutate: Source slot invalid or empty.>>[0m
[0m[1m<<[0m[32mseL4(CPU 0)[0m[1m [decodeCNodeInvocation/107 T0xffffffc083b6f400 "rootserver" @dd7f8]: CNode Copy/Mint/Move/Mutate: Source slot invalid or empty.>>[0m
[0m[1m<<[0m[32mseL4(CPU 0)[0m[1m [decodeCNodeInvocation/107 T0xffffffc083b6f400 "rootserver" @dd7f8]: CNode Copy/Mint/Move/Mutate: Source slot invalid or empty.>>[0m
[0m[1m<<[0m[32mseL4(CPU 0)[0m[1m [decodeCNodeInvocation/107 T0xffffffc083b6f400 "rootserver" @dd7f8]: CNode Copy/Mint/Move/Mutate: Source slot invalid or empty.>>[0m
[0m[1m<<[0m[32mseL4(CPU 0)[0m[1m [decodeCNodeInvocation/107 T0xffffffc083b6f400 "rootserver" @dd7f8]: CNode Copy/Mint/Move/Mutate: Source slot invalid or empty.>>[0m
[0m[1m<<[0m[32mseL4(CPU 0)[0m[1m [decodeCNodeInvocation/107 T0xffffffc083b6f400 "rootserver" @dd7f8]: CNode Copy/Mint/Move/Mutate: Source slot invalid or empty.>>[0m
[0m[1m<<[0m[32mseL4(CPU 0)[0m[1m [decodeCNodeInvocation/107 T0xffffffc083b6f400 "rootserver" @dd7f8]: CNode Copy/Mint/Move/Mutate: Source slot invalid or empty.>>[0m
[0m[1m<<[0m[32mseL4(CPU 0)[0m[1m [decodeCNodeInvocation/107 T0xffffffc083b6f400 "rootserver" @dd7f8]: CNode Copy/Mint/Move/Mutate: Source slot invalid or empty.>>[0m
[0m[1m<<[0m[32mseL4(CPU 0)[0m[1m [decodeCNodeInvocation/107 T0xffffffc083b6f400 "rootserver" @dd7f8]: CNode Copy/Mint/Move/Mutate: Source slot invalid or empty.>>[0m
[0m[1m<<[0m[32mseL4(CPU 0)[0m[1m [decodeCNodeInvocation/107 T0xffffffc083b6f400 "rootserver" @dd7f8]: CNode Copy/Mint/Move/Mutate: Source slot invalid or empty.>>[0m
[0m[1m<<[0m[32mseL4(CPU 0)[0m[1m [decodeCNodeInvocation/107 T0xffffffc083b6f400 "rootserver" @dd7f8]: CNode Copy/Mint/Move/Mutate: Source slot invalid or empty.>>[0m
[0m[1m<<[0m[32mseL4(CPU 0)[0m[1m [decodeCNodeInvocation/107 T0xffffffc083b6f400 "rootserver" @dd7f8]: CNode Copy/Mint/Move/Mutate: Source slot invalid or empty.>>[0m
[0m[1m<<[0m[32mseL4(CPU 0)[0m[1m [decodeCNodeInvocation/107 T0xffffffc083b6f400 "rootserver" @dd7f8]: CNode Copy/Mint/Move/Mutate: Source slot invalid or empty.>>[0m
[0m[1m<<[0m[32mseL4(CPU 0)[0m[1m [decodeCNodeInvocation/107 T0xffffffc083b6f400 "rootserver" @dd7f8]: CNode Copy/Mint/Move/Mutate: Source slot invalid or empty.>>[0m
[0m[1m<<[0m[32mseL4(CPU 0)[0m[1m [decodeCNodeInvocation/107 T0xffffffc083b6f400 "rootserver" @dd7f8]: CNode Copy/Mint/Move/Mutate: Source slot invalid or empty.>>[0m
[0m[1m<<[0m[32mseL4(CPU 0)[0m[1m [decodeCNodeInvocation/107 T0xffffffc083b6f400 "rootserver" @dd7f8]: CNode Copy/Mint/Move/Mutate: Source slot invalid or empty.>>[0m
[0m[1m<<[0m[32mseL4(CPU 0)[0m[1m [decodeCNodeInvocation/107 T0xffffffc083b6f400 "rootserver" @dd7f8]: CNode Copy/Mint/Move/Mutate: Source slot invalid or empty.>>[0m
[0m[1m<<[0m[32mseL4(CPU 0)[0m[1m [decodeCNodeInvocation/107 T0xffffffc083b6f400 "rootserver" @dd7f8]: CNode Copy/Mint/Move/Mutate: Source slot invalid or empty.>>[0m
[0m[1m<<[0m[32mseL4(CPU 0)[0m[1m [decodeCNodeInvocation/107 T0xffffffc083b6f400 "rootserver" @dd7f8]: CNode Copy/Mint/Move/Mutate: Source slot invalid or empty.>>[0m
[0m[1m<<[0m[32mseL4(CPU 0)[0m[1m [decodeCNodeInvocation/107 T0xffffffc083b6f400 "rootserver" @dd7f8]: CNode Copy/Mint/Move/Mutate: Source slot invalid or empty.>>[0m
[0m[1m<<[0m[32mseL4(CPU 0)[0m[1m [decodeCNodeInvocation/107 T0xffffffc083b6f400 "rootserver" @dd7f8]: CNode Copy/Mint/Move/Mutate: Source slot invalid or empty.>>[0m
[0m[1m<<[0m[32mseL4(CPU 0)[0m[1m [decodeCNodeInvocation/107 T0xffffffc083b6f400 "rootserver" @dd7f8]: CNode Copy/Mint/Move/Mutate: Source slot invalid or empty.>>[0m
[0m[1m<<[0m[32mseL4(CPU 0)[0m[1m [decodeCNodeInvocation/107 T0xffffffc083b6f400 "rootserver" @dd7f8]: CNode Copy/Mint/Move/Mutate: Source slot invalid or empty.>>[0m
[0m[1m<<[0m[32mseL4(CPU 0)[0m[1m [decodeCNodeInvocation/107 T0xffffffc083b6f400 "rootserver" @dd7f8]: CNode Copy/Mint/Move/Mutate: Source slot invalid or empty.>>[0m
[0m[1m<<[0m[32mseL4(CPU 0)[0m[1m [decodeCNodeInvocation/107 T0xffffffc083b6f400 "rootserver" @dd7f8]: CNode Copy/Mint/Move/Mutate: Source slot invalid or empty.>>[0m
[0m[1m<<[0m[32mseL4(CPU 0)[0m[1m [decodeCNodeInvocation/107 T0xffffffc083b6f400 "rootserver" @dd7f8]: CNode Copy/Mint/Move/Mutate: Source slot invalid or empty.>>[0m
[0m[1m<<[0m[32mseL4(CPU 0)[0m[1m [decodeCNodeInvocation/107 T0xffffffc083b6f400 "rootserver" @dd7f8]: CNode Copy/Mint/Move/Mutate: Source slot invalid or empty.>>[0m
[0m[1m<<[0m[32mseL4(CPU 0)[0m[1m [decodeCNodeInvocation/107 T0xffffffc083b6f400 "rootserver" @dd7f8]: CNode Copy/Mint/Move/Mutate: Source slot invalid or empty.>>[0m
[0m[1m<<[0m[32mseL4(CPU 0)[0m[1m [decodeCNodeInvocation/107 T0xffffffc083b6f400 "rootserver" @dd7f8]: CNode Copy/Mint/Move/Mutate: Source slot invalid or empty.>>[0m
[0m[1m<<[0m[32mseL4(CPU 0)[0m[1m [decodeCNodeInvocation/107 T0xffffffc083b6f400 "rootserver" @dd7f8]: CNode Copy/Mint/Move/Mutate: Source slot invalid or empty.>>[0m
[0m[1m<<[0m[32mseL4(CPU 0)[0m[1m [decodeCNodeInvocation/107 T0xffffffc083b6f400 "rootserver" @dd7f8]: CNode Copy/Mint/Move/Mutate: Source slot invalid or empty.>>[0m
[0m[1m<<[0m[32mseL4(CPU 0)[0m[1m [decodeCNodeInvocation/107 T0xffffffc083b6f400 "rootserver" @dd7f8]: CNode Copy/Mint/Move/Mutate: Source slot invalid or empty.>>[0m
[0m[1m<<[0m[32mseL4(CPU 0)[0m[1m [decodeCNodeInvocation/107 T0xffffffc083b6f400 "rootserver" @dd7f8]: CNode Copy/Mint/Move/Mutate: Source slot invalid or empty.>>[0m
[0m[1m<<[0m[32mseL4(CPU 0)[0m[1m [decodeCNodeInvocation/107 T0xffffffc083b6f400 "rootserver" @dd7f8]: CNode Copy/Mint/Move/Mutate: Source slot invalid or empty.>>[0m
[0m[1m<<[0m[32mseL4(CPU 0)[0m[1m [decodeCNodeInvocation/107 T0xffffffc083b6f400 "rootserver" @dd7f8]: CNode Copy/Mint/Move/Mutate: Source slot invalid or empty.>>[0m
[0m[1m<<[0m[32mseL4(CPU 0)[0m[1m [decodeCNodeInvocation/107 T0xffffffc083b6f400 "rootserver" @dd7f8]: CNode Copy/Mint/Move/Mutate: Source slot invalid or empty.>>[0m
[0m[1m<<[0m[32mseL4(CPU 0)[0m[1m [decodeCNodeInvocation/107 T0xffffffc083b6f400 "rootserver" @dd7f8]: CNode Copy/Mint/Move/Mutate: Source slot invalid or empty.>>[0m
[0m[1m<<[0m[32mseL4(CPU 0)[0m[1m [decodeCNodeInvocation/107 T0xffffffc083b6f400 "rootserver" @dd7f8]: CNode Copy/Mint/Move/Mutate: Source slot invalid or empty.>>[0m
[0m[1m<<[0m[32mseL4(CPU 0)[0m[1m [decodeCNodeInvocation/107 T0xffffffc083b6f400 "rootserver" @dd7f8]: CNode Copy/Mint/Move/Mutate: Source slot invalid or empty.>>[0m
[0m[1m<<[0m[32mseL4(CPU 0)[0m[1m [decodeCNodeInvocation/107 T0xffffffc083b6f400 "rootserver" @dd7f8]: CNode Copy/Mint/Move/Mutate: Source slot invalid or empty.>>[0m
[0m[1m<<[0m[32mseL4(CPU 0)[0m[1m [decodeCNodeInvocation/107 T0xffffffc083b6f400 "rootserver" @dd7f8]: CNode Copy/Mint/Move/Mutate: Source slot invalid or empty.>>[0m
SLIME_GRAPH quota task=4 instance=sample-receiver executable=sample-receiver pages=2 buffers=1 mappings=2 loans=1
SLIME_MEM quota task=4 instance=sample-receiver declared=0 installed=0 base=0x0
SLIME_GRAPH native endpoint task=4 slot=33 side=both
SLIME_CLOCK authority task=4 instance=sample-receiver flags=0x0 timers=0 badge=0x0
SLIME_GRAPH spawned task=0 child=4 component=sample-receiver grants=0 endpoints=1 notifications=0 handle=3 supervision_grants=0 buffer_factory_grants=0
[init] spawn budget recovered
[init] sample plane complete
SLIME_GRAPH component exit task=0 status=0
SLIME_CLOCK teardown task=0 before=0 live=0
SLIME_LIFECYCLE terminated task=0 instance=0 cause=exit
SLIME_GRAPH quota released task=0 live=2
SLIME_ROOT reclaim census task=0 slots=2957 bytes=60947264 live_objects=104 arena_reuses=1
[sample-receiver] no peer granted
SLIME_GRAPH component exit task=4 status=0
SLIME_CLOCK teardown task=4 before=0 live=0
SLIME_LIFECYCLE terminated task=4 instance=2 cause=exit
SLIME_GRAPH quota released task=4 live=1
SLIME_ROOT reclaim census task=4 slots=2990 bytes=60947264 live_objects=73 arena_reuses=1
[sample-worker] worker thread running
[sample-worker] native endpoint carried a message
[sample-worker] main thread done
SLIME_GRAPH component exit task=1 status=0
SLIME_CLOCK teardown task=1 before=0 live=0
SLIME_LIFECYCLE terminated task=1 instance=3 cause=exit
SLIME_GRAPH quota released task=1 live=0
SLIME_ROOT reclaim census task=1 slots=3042 bytes=60947264 live_objects=24 arena_reuses=1
SLIME_ROOT allocator quiescent live_slots=26 live_objects=24 live_bytes=845920
SLIME_GRAPH served live=0 unsupported=0 buffers=5 windows=0 tasks=0
SLIME_GRAPH tasks reclaimed live=0 slots=189
SLIME_GRAPH native task_caps=0 exports=0 tickets=0
SLIME_GRAPH capabilities exports=1 imports=1 cancels=0 finalized=1 outstanding=0 tickets=0
SLIME_GRAPH loans served=3 loans=0 mappings=0 regions=0 orphans=0 quota=0
SLIME_GRAPH spawns served=3 drops=1 terminated=5
SLIME_ROOT allocator live_slots=26 live_objects=24 live_bytes=845920 slot_reuses=20219 arena_reuses=1
SLIME_ROOT READY target_profile=riscv64-sel4-milkv-duo
SLIME_DUO reset request kind=cold�