2026-09-10T11:58:21.7344858Z Current runner version: '2.337.0'
2026-09-10T11:58:21.7381146Z ##[group]Runner Image Provisioner
2026-09-10T11:58:21.7382590Z Hosted Compute Agent
2026-09-10T11:58:21.7383552Z Version: 20260828.587
2026-09-10T11:58:21.7384255Z Commit: abac92662cab4cc7352de4f9f9d2e2419aad9c29
2026-09-10T11:58:21.7385057Z Build Date: 2026-08-28T16:44:25Z
2026-09-10T11:58:21.7385791Z Worker ID: {621b1316-3812-43a6-abb2-5b7363d21675}
2026-09-10T11:58:21.7386594Z Azure Region: northcentralus
2026-09-10T11:58:21.7387328Z ##[endgroup]
2026-09-10T11:58:21.7389902Z ##[group]Operating System
2026-09-10T11:58:21.7390617Z Ubuntu
2026-09-10T11:58:21.7391697Z 24.04.5
2026-09-10T11:58:21.7392263Z LTS
2026-09-10T11:58:21.7392955Z ##[endgroup]
2026-09-10T11:58:21.7393547Z ##[group]Runner Image
2026-09-10T11:58:21.7394182Z Image: ubuntu-24.04-arm
2026-09-10T11:58:21.7394954Z Version: 20260907.118.1
2026-09-10T11:58:21.7396499Z Included Software: https://github.com/actions/runner-images/blob/ubuntu24-arm64/20260907.118/images/ubuntu/Ubuntu2404-Arm64-Readme.md
2026-09-10T11:58:21.7398259Z Image Release: https://github.com/actions/runner-images/releases/tag/ubuntu24-arm64%2F20260907.118
2026-09-10T11:58:21.7399237Z ##[endgroup]
2026-09-10T11:58:21.7400844Z ##[group]GITHUB_TOKEN Permissions
2026-09-10T11:58:21.7406219Z Contents: read
2026-09-10T11:58:21.7407084Z Metadata: read
2026-09-10T11:58:21.7407646Z Packages: read
2026-09-10T11:58:21.7411083Z ##[endgroup]
2026-09-10T11:58:21.7415427Z Secret source: Actions
2026-09-10T11:58:21.7416901Z Cache mode: write
2026-09-10T11:58:21.7417798Z Prepare workflow directory
2026-09-10T11:58:21.7993424Z Prepare all required actions
2026-09-10T11:58:21.8061321Z Getting action download info
2026-09-10T11:58:22.0156229Z Download action repository 'actions/checkout@v7' (SHA:3d3c42e5aac5ba805825da76410c181273ba90b1)
2026-09-10T11:58:22.2352072Z Complete job name: Rollback, release trust, and BootState trace
2026-09-10T11:58:22.3214481Z ##[group]Run actions/checkout@v7
2026-09-10T11:58:22.3216129Z with:
2026-09-10T11:58:22.3216763Z   submodules: recursive
2026-09-10T11:58:22.3217557Z   repository: iceice666/slime_os
2026-09-10T11:58:22.3221924Z   token: ***
2026-09-10T11:58:22.3222681Z   ssh-strict: true
2026-09-10T11:58:22.3223249Z   ssh-user: git
2026-09-10T11:58:22.3223796Z   persist-credentials: true
2026-09-10T11:58:22.3224461Z   clean: true
2026-09-10T11:58:22.3225010Z   sparse-checkout-cone-mode: true
2026-09-10T11:58:22.3225704Z   fetch-depth: 1
2026-09-10T11:58:22.3226245Z   fetch-tags: false
2026-09-10T11:58:22.3226790Z   show-progress: true
2026-09-10T11:58:22.3227392Z   lfs: false
2026-09-10T11:58:22.3227950Z   set-safe-directory: true
2026-09-10T11:58:22.3228665Z   allow-unsafe-pr-checkout: false
2026-09-10T11:58:22.3230271Z env:
2026-09-10T11:58:22.3230830Z   CARGO_TERM_COLOR: always
2026-09-10T11:58:22.3231845Z ##[endgroup]
2026-09-10T11:58:22.4102299Z Syncing repository: iceice666/slime_os
2026-09-10T11:58:22.4105250Z ##[group]Getting Git version info
2026-09-10T11:58:22.4106430Z Working directory is '/home/runner/work/slime_os/slime_os'
2026-09-10T11:58:22.4108169Z [command]/usr/bin/git version
2026-09-10T11:58:22.4148524Z git version 2.55.0
2026-09-10T11:58:22.4167436Z ##[endgroup]
2026-09-10T11:58:22.4176767Z Temporarily overriding HOME='/home/runner/work/_temp/e98832e0-9d6d-4193-a213-37fc20daafe3' before making global git config changes
2026-09-10T11:58:22.4178611Z Adding repository directory to the temporary git global config as a safe directory
2026-09-10T11:58:22.4180536Z [command]/usr/bin/git config --global --add safe.directory /home/runner/work/slime_os/slime_os
2026-09-10T11:58:22.4209587Z Deleting the contents of '/home/runner/work/slime_os/slime_os'
2026-09-10T11:58:22.4214220Z ##[group]Determining repository object format
2026-09-10T11:58:22.4215439Z ##[endgroup]
2026-09-10T11:58:22.4216792Z ##[group]Initializing the repository
2026-09-10T11:58:22.4219904Z [command]/usr/bin/git init /home/runner/work/slime_os/slime_os
2026-09-10T11:58:22.4284985Z hint: Using 'master' as the name for the initial branch. This default branch name
2026-09-10T11:58:22.4286948Z hint: will change to "main" in Git 3.0. To configure the initial branch name
2026-09-10T11:58:22.4288816Z hint: to use in all of your new repositories, which will suppress this warning,
2026-09-10T11:58:22.4289842Z hint: call:
2026-09-10T11:58:22.4290350Z hint:
2026-09-10T11:58:22.4291027Z hint: 	git config --global init.defaultBranch <name>
2026-09-10T11:58:22.4291991Z hint:
2026-09-10T11:58:22.4292667Z hint: Names commonly chosen instead of 'master' are 'main', 'trunk' and
2026-09-10T11:58:22.4293808Z hint: 'development'. The just-created branch can be renamed via this command:
2026-09-10T11:58:22.4294634Z hint:
2026-09-10T11:58:22.4295147Z hint: 	git branch -m <name>
2026-09-10T11:58:22.4295784Z hint:
2026-09-10T11:58:22.4296514Z hint: Disable this message with "git config set advice.defaultBranchName false"
2026-09-10T11:58:22.4297785Z Initialized empty Git repository in /home/runner/work/slime_os/slime_os/.git/
2026-09-10T11:58:22.4301937Z [command]/usr/bin/git remote add origin https://github.com/iceice666/slime_os
2026-09-10T11:58:22.4337790Z ##[endgroup]
2026-09-10T11:58:22.4339228Z ##[group]Disabling automatic garbage collection
2026-09-10T11:58:22.4342044Z [command]/usr/bin/git config --local gc.auto 0
2026-09-10T11:58:22.4380255Z ##[endgroup]
2026-09-10T11:58:22.4382154Z ##[group]Setting up auth
2026-09-10T11:58:22.4383202Z Removing SSH command configuration
2026-09-10T11:58:22.4384453Z [command]/usr/bin/git config --local --name-only --get-regexp core\.sshCommand
2026-09-10T11:58:22.4425752Z [command]/usr/bin/git submodule foreach --recursive sh -c "git config --local --name-only --get-regexp 'core\.sshCommand' && git config --local --unset-all 'core.sshCommand' || :"
2026-09-10T11:58:22.4701837Z Removing HTTP extra header
2026-09-10T11:58:22.4706983Z [command]/usr/bin/git config --local --name-only --get-regexp http\.https\:\/\/github\.com\/\.extraheader
2026-09-10T11:58:22.4736163Z [command]/usr/bin/git submodule foreach --recursive sh -c "git config --local --name-only --get-regexp 'http\.https\:\/\/github\.com\/\.extraheader' && git config --local --unset-all 'http.https://github.com/.extraheader' || :"
2026-09-10T11:58:22.4922956Z Removing includeIf entries pointing to credentials config files
2026-09-10T11:58:22.4926799Z [command]/usr/bin/git config --local --name-only --get-regexp ^includeIf\.gitdir:
2026-09-10T11:58:22.4964052Z [command]/usr/bin/git submodule foreach --recursive git config --local --show-origin --name-only --get-regexp remote.origin.url
2026-09-10T11:58:22.5161669Z [command]/usr/bin/git config --file /home/runner/work/_temp/git-credentials-13366a69-692a-4134-b821-6f735494e989.config http.https://github.com/.extraheader AUTHORIZATION: basic ***
2026-09-10T11:58:22.5199416Z [command]/usr/bin/git config --local includeIf.gitdir:/home/runner/work/slime_os/slime_os/.git.path /home/runner/work/_temp/git-credentials-13366a69-692a-4134-b821-6f735494e989.config
2026-09-10T11:58:22.5228850Z [command]/usr/bin/git config --local includeIf.gitdir:/home/runner/work/slime_os/slime_os/.git/worktrees/*.path /home/runner/work/_temp/git-credentials-13366a69-692a-4134-b821-6f735494e989.config
2026-09-10T11:58:22.5258965Z [command]/usr/bin/git config --local includeIf.gitdir:/github/workspace/.git.path /github/runner_temp/git-credentials-13366a69-692a-4134-b821-6f735494e989.config
2026-09-10T11:58:22.5287937Z [command]/usr/bin/git config --local includeIf.gitdir:/github/workspace/.git/worktrees/*.path /github/runner_temp/git-credentials-13366a69-692a-4134-b821-6f735494e989.config
2026-09-10T11:58:22.5316797Z ##[endgroup]
2026-09-10T11:58:22.5317835Z ##[group]Fetching the repository
2026-09-10T11:58:22.5322736Z [command]/usr/bin/git -c protocol.version=2 fetch --no-tags --prune --no-recurse-submodules --depth=1 origin +65443ce0c4ddc7cc9cc7dd63b32faaaa4238c6a1:refs/remotes/origin/main
2026-09-10T11:58:23.5725355Z From https://github.com/iceice666/slime_os
2026-09-10T11:58:23.5728035Z  * [new ref]         65443ce0c4ddc7cc9cc7dd63b32faaaa4238c6a1 -> origin/main
2026-09-10T11:58:23.5733228Z [command]/usr/bin/git branch --list --remote origin/main
2026-09-10T11:58:23.5756797Z   origin/main
2026-09-10T11:58:23.5763907Z [command]/usr/bin/git rev-parse refs/remotes/origin/main
2026-09-10T11:58:23.5785503Z 65443ce0c4ddc7cc9cc7dd63b32faaaa4238c6a1
2026-09-10T11:58:23.5789496Z ##[endgroup]
2026-09-10T11:58:23.5790938Z ##[group]Determining the checkout info
2026-09-10T11:58:23.5792372Z ##[endgroup]
2026-09-10T11:58:23.5793438Z [command]/usr/bin/git sparse-checkout disable
2026-09-10T11:58:23.5832340Z [command]/usr/bin/git config --local --unset-all extensions.worktreeConfig
2026-09-10T11:58:23.5860926Z ##[group]Checking out the ref
2026-09-10T11:58:23.5863394Z [command]/usr/bin/git checkout --progress --force -B main refs/remotes/origin/main
2026-09-10T11:58:23.6916769Z Switched to a new branch 'main'
2026-09-10T11:58:23.6918223Z branch 'main' set up to track 'origin/main'.
2026-09-10T11:58:23.6927300Z ##[endgroup]
2026-09-10T11:58:23.6928640Z ##[group]Setting up auth for fetching submodules
2026-09-10T11:58:23.6932862Z [command]/usr/bin/git config --file /home/runner/work/_temp/git-credentials-13366a69-692a-4134-b821-6f735494e989.config http.https://github.com/.extraheader AUTHORIZATION: basic ***
2026-09-10T11:58:23.6977954Z [command]/usr/bin/git config --global include.path /home/runner/work/_temp/git-credentials-13366a69-692a-4134-b821-6f735494e989.config
2026-09-10T11:58:23.7007641Z [command]/usr/bin/git config --global --unset-all url.https://github.com/.insteadOf
2026-09-10T11:58:23.7037748Z [command]/usr/bin/git config --global --add url.https://github.com/.insteadOf git@github.com:
2026-09-10T11:58:23.7067438Z [command]/usr/bin/git config --global --add url.https://github.com/.insteadOf org-56882049@github.com:
2026-09-10T11:58:23.7094811Z ##[endgroup]
2026-09-10T11:58:23.7096345Z ##[group]Fetching submodules
2026-09-10T11:58:23.7098503Z [command]/usr/bin/git submodule sync --recursive
2026-09-10T11:58:23.7290094Z [command]/usr/bin/git -c protocol.version=2 submodule update --init --force --depth=1 --recursive
2026-09-10T11:58:23.7480267Z Submodule 'deps/rust-sel4' (https://github.com/iceice666/rust-sel4.git) registered for path 'deps/rust-sel4'
2026-09-10T11:58:23.7484064Z Submodule 'deps/rust-sel4-bcm2712-rpi5' (https://github.com/iceice666/rust-sel4.git) registered for path 'deps/rust-sel4-bcm2712-rpi5'
2026-09-10T11:58:23.7489779Z Submodule 'deps/rust-sel4-cv1800b-duo' (https://github.com/iceice666/rust-sel4.git) registered for path 'deps/rust-sel4-cv1800b-duo'
2026-09-10T11:58:23.7492589Z Submodule 'deps/rust-sel4-ns02201-h1v1' (https://github.com/iceice666/rust-sel4.git) registered for path 'deps/rust-sel4-ns02201-h1v1'
2026-09-10T11:58:23.7494238Z Submodule 'deps/sel4' (https://github.com/iceice666/seL4.git) registered for path 'deps/sel4'
2026-09-10T11:58:23.7497474Z Submodule 'deps/zutai' (https://github.com/iceice666/zutai.git) registered for path 'deps/zutai'
2026-09-10T11:58:23.7519669Z Cloning into '/home/runner/work/slime_os/slime_os/deps/rust-sel4'...
2026-09-10T11:58:24.9371296Z Cloning into '/home/runner/work/slime_os/slime_os/deps/rust-sel4-bcm2712-rpi5'...
2026-09-10T11:58:25.9104850Z Cloning into '/home/runner/work/slime_os/slime_os/deps/rust-sel4-cv1800b-duo'...
2026-09-10T11:58:26.4667689Z Cloning into '/home/runner/work/slime_os/slime_os/deps/rust-sel4-ns02201-h1v1'...
2026-09-10T11:58:27.2427079Z Cloning into '/home/runner/work/slime_os/slime_os/deps/sel4'...
2026-09-10T11:58:28.1172822Z Cloning into '/home/runner/work/slime_os/slime_os/deps/zutai'...
2026-09-10T11:58:30.1997483Z From https://github.com/iceice666/rust-sel4
2026-09-10T11:58:30.1998614Z  * branch            d441a880938209f661201704dfbee7b91c5aa905 -> FETCH_HEAD
2026-09-10T11:58:30.2329988Z Submodule path 'deps/rust-sel4': checked out 'd441a880938209f661201704dfbee7b91c5aa905'
2026-09-10T11:58:31.8189564Z From https://github.com/iceice666/rust-sel4
2026-09-10T11:58:31.8190502Z  * branch            1ef65fb100051a54c74eecc03050fa48ac0dec69 -> FETCH_HEAD
2026-09-10T11:58:31.8523677Z Submodule path 'deps/rust-sel4-bcm2712-rpi5': checked out '1ef65fb100051a54c74eecc03050fa48ac0dec69'
2026-09-10T11:58:33.3952684Z From https://github.com/iceice666/rust-sel4
2026-09-10T11:58:33.3953326Z  * branch            6885bfd155f2405e2eb6176e1a1065e1cab34680 -> FETCH_HEAD
2026-09-10T11:58:33.4287890Z Submodule path 'deps/rust-sel4-cv1800b-duo': checked out '6885bfd155f2405e2eb6176e1a1065e1cab34680'
2026-09-10T11:58:34.3510672Z From https://github.com/iceice666/rust-sel4
2026-09-10T11:58:34.3511324Z  * branch            7feeb3fedc2d806453bf3fbaed4cd0888d58e0e0 -> FETCH_HEAD
2026-09-10T11:58:34.3846580Z Submodule path 'deps/rust-sel4-ns02201-h1v1': checked out '7feeb3fedc2d806453bf3fbaed4cd0888d58e0e0'
2026-09-10T11:58:35.3629128Z From https://github.com/iceice666/seL4
2026-09-10T11:58:35.4084470Z  * branch            4aa98b2b6e0e9190e80d0175f433457dbfccee97 -> FETCH_HEAD
2026-09-10T11:58:35.4085397Z Submodule path 'deps/sel4': checked out '4aa98b2b6e0e9190e80d0175f433457dbfccee97'
2026-09-10T11:58:35.4416012Z Submodule path 'deps/zutai': checked out '9026fcff5f12e7b2377c25b3d389c2eb06d98e5a'
2026-09-10T11:58:35.4431640Z Submodule 'editors/tree-sitter-zutai' (https://github.com/iceice666/tree-sitter-zutai.git) registered for path 'deps/zutai/editors/tree-sitter-zutai'
2026-09-10T11:58:35.4434851Z Submodule 'editors/tree-sitter-zutai-immediate' (https://github.com/iceice666/tree-sitter-zutai-immediate.git) registered for path 'deps/zutai/editors/tree-sitter-zutai-immediate'
2026-09-10T11:58:35.4457722Z Cloning into '/home/runner/work/slime_os/slime_os/deps/zutai/editors/tree-sitter-zutai'...
2026-09-10T11:58:36.1161572Z Cloning into '/home/runner/work/slime_os/slime_os/deps/zutai/editors/tree-sitter-zutai-immediate'...
2026-09-10T11:58:36.9433041Z Submodule path 'deps/zutai/editors/tree-sitter-zutai': checked out '6c8b1d849192e1a19894eedaced32ddf3bf9bbd0'
2026-09-10T11:58:37.0153987Z Submodule path 'deps/zutai/editors/tree-sitter-zutai-immediate': checked out 'd4832bc6fd6ec3b88b5eb4e52874ae4783ec0863'
2026-09-10T11:58:37.0183178Z [command]/usr/bin/git submodule foreach --recursive git config --local gc.auto 0
2026-09-10T11:58:37.0361141Z Entering 'deps/rust-sel4'
2026-09-10T11:58:37.0392389Z Entering 'deps/rust-sel4-bcm2712-rpi5'
2026-09-10T11:58:37.0422907Z Entering 'deps/rust-sel4-cv1800b-duo'
2026-09-10T11:58:37.0454618Z Entering 'deps/rust-sel4-ns02201-h1v1'
2026-09-10T11:58:37.0486323Z Entering 'deps/sel4'
2026-09-10T11:58:37.0518861Z Entering 'deps/zutai'
2026-09-10T11:58:37.0549613Z Entering 'deps/zutai/editors/tree-sitter-zutai'
2026-09-10T11:58:37.0579768Z Entering 'deps/zutai/editors/tree-sitter-zutai-immediate'
2026-09-10T11:58:37.0618865Z ##[endgroup]
2026-09-10T11:58:37.0619544Z ##[group]Persisting credentials for submodules
2026-09-10T11:58:37.0624025Z [command]/usr/bin/git submodule foreach --recursive sh -c "git config --local --name-only --get-regexp 'url\.https\:\/\/github\.com\/\.insteadOf' && git config --local --unset-all 'url.https://github.com/.insteadOf' || :"
2026-09-10T11:58:37.0798487Z Entering 'deps/rust-sel4'
2026-09-10T11:58:37.0832681Z Entering 'deps/rust-sel4-bcm2712-rpi5'
2026-09-10T11:58:37.0868281Z Entering 'deps/rust-sel4-cv1800b-duo'
2026-09-10T11:58:37.0903180Z Entering 'deps/rust-sel4-ns02201-h1v1'
2026-09-10T11:58:37.0939648Z Entering 'deps/sel4'
2026-09-10T11:58:37.0977514Z Entering 'deps/zutai'
2026-09-10T11:58:37.1013079Z Entering 'deps/zutai/editors/tree-sitter-zutai'
2026-09-10T11:58:37.1049607Z Entering 'deps/zutai/editors/tree-sitter-zutai-immediate'
2026-09-10T11:58:37.1103734Z [command]/usr/bin/git submodule foreach --recursive git config --local --show-origin --name-only --get-regexp remote.origin.url
2026-09-10T11:58:37.1280819Z Entering 'deps/rust-sel4'
2026-09-10T11:58:37.1295690Z file:/home/runner/work/slime_os/slime_os/.git/modules/deps/rust-sel4/config	remote.origin.url
2026-09-10T11:58:37.1312984Z Entering 'deps/rust-sel4-bcm2712-rpi5'
2026-09-10T11:58:37.1328874Z file:/home/runner/work/slime_os/slime_os/.git/modules/deps/rust-sel4-bcm2712-rpi5/config	remote.origin.url
2026-09-10T11:58:37.1346227Z Entering 'deps/rust-sel4-cv1800b-duo'
2026-09-10T11:58:37.1359930Z file:/home/runner/work/slime_os/slime_os/.git/modules/deps/rust-sel4-cv1800b-duo/config	remote.origin.url
2026-09-10T11:58:37.1375507Z Entering 'deps/rust-sel4-ns02201-h1v1'
2026-09-10T11:58:37.1390515Z file:/home/runner/work/slime_os/slime_os/.git/modules/deps/rust-sel4-ns02201-h1v1/config	remote.origin.url
2026-09-10T11:58:37.1406539Z Entering 'deps/sel4'
2026-09-10T11:58:37.1422659Z file:/home/runner/work/slime_os/slime_os/.git/modules/deps/sel4/config	remote.origin.url
2026-09-10T11:58:37.1438886Z Entering 'deps/zutai'
2026-09-10T11:58:37.1454642Z file:/home/runner/work/slime_os/slime_os/.git/modules/deps/zutai/config	remote.origin.url
2026-09-10T11:58:37.1468494Z Entering 'deps/zutai/editors/tree-sitter-zutai'
2026-09-10T11:58:37.1484615Z file:/home/runner/work/slime_os/slime_os/.git/modules/deps/zutai/modules/editors/tree-sitter-zutai/config	remote.origin.url
2026-09-10T11:58:37.1499449Z Entering 'deps/zutai/editors/tree-sitter-zutai-immediate'
2026-09-10T11:58:37.1515438Z file:/home/runner/work/slime_os/slime_os/.git/modules/deps/zutai/modules/editors/tree-sitter-zutai-immediate/config	remote.origin.url
2026-09-10T11:58:37.1553494Z [command]/usr/bin/git config --file /home/runner/work/slime_os/slime_os/.git/modules/deps/rust-sel4/config includeIf.gitdir:/home/runner/work/slime_os/slime_os/.git/modules/deps/rust-sel4.path /home/runner/work/_temp/git-credentials-13366a69-692a-4134-b821-6f735494e989.config
2026-09-10T11:58:37.1591279Z [command]/usr/bin/git config --file /home/runner/work/slime_os/slime_os/.git/modules/deps/rust-sel4/config includeIf.gitdir:/github/workspace/.git/modules/deps/rust-sel4.path /github/runner_temp/git-credentials-13366a69-692a-4134-b821-6f735494e989.config
2026-09-10T11:58:37.1616104Z [command]/usr/bin/git config --file /home/runner/work/slime_os/slime_os/.git/modules/deps/rust-sel4-bcm2712-rpi5/config includeIf.gitdir:/home/runner/work/slime_os/slime_os/.git/modules/deps/rust-sel4-bcm2712-rpi5.path /home/runner/work/_temp/git-credentials-13366a69-692a-4134-b821-6f735494e989.config
2026-09-10T11:58:37.1646459Z [command]/usr/bin/git config --file /home/runner/work/slime_os/slime_os/.git/modules/deps/rust-sel4-bcm2712-rpi5/config includeIf.gitdir:/github/workspace/.git/modules/deps/rust-sel4-bcm2712-rpi5.path /github/runner_temp/git-credentials-13366a69-692a-4134-b821-6f735494e989.config
2026-09-10T11:58:37.1676223Z [command]/usr/bin/git config --file /home/runner/work/slime_os/slime_os/.git/modules/deps/rust-sel4-cv1800b-duo/config includeIf.gitdir:/home/runner/work/slime_os/slime_os/.git/modules/deps/rust-sel4-cv1800b-duo.path /home/runner/work/_temp/git-credentials-13366a69-692a-4134-b821-6f735494e989.config
2026-09-10T11:58:37.1705431Z [command]/usr/bin/git config --file /home/runner/work/slime_os/slime_os/.git/modules/deps/rust-sel4-cv1800b-duo/config includeIf.gitdir:/github/workspace/.git/modules/deps/rust-sel4-cv1800b-duo.path /github/runner_temp/git-credentials-13366a69-692a-4134-b821-6f735494e989.config
2026-09-10T11:58:37.1733737Z [command]/usr/bin/git config --file /home/runner/work/slime_os/slime_os/.git/modules/deps/rust-sel4-ns02201-h1v1/config includeIf.gitdir:/home/runner/work/slime_os/slime_os/.git/modules/deps/rust-sel4-ns02201-h1v1.path /home/runner/work/_temp/git-credentials-13366a69-692a-4134-b821-6f735494e989.config
2026-09-10T11:58:37.1763421Z [command]/usr/bin/git config --file /home/runner/work/slime_os/slime_os/.git/modules/deps/rust-sel4-ns02201-h1v1/config includeIf.gitdir:/github/workspace/.git/modules/deps/rust-sel4-ns02201-h1v1.path /github/runner_temp/git-credentials-13366a69-692a-4134-b821-6f735494e989.config
2026-09-10T11:58:37.1793183Z [command]/usr/bin/git config --file /home/runner/work/slime_os/slime_os/.git/modules/deps/sel4/config includeIf.gitdir:/home/runner/work/slime_os/slime_os/.git/modules/deps/sel4.path /home/runner/work/_temp/git-credentials-13366a69-692a-4134-b821-6f735494e989.config
2026-09-10T11:58:37.1826067Z [command]/usr/bin/git config --file /home/runner/work/slime_os/slime_os/.git/modules/deps/sel4/config includeIf.gitdir:/github/workspace/.git/modules/deps/sel4.path /github/runner_temp/git-credentials-13366a69-692a-4134-b821-6f735494e989.config
2026-09-10T11:58:37.1855027Z [command]/usr/bin/git config --file /home/runner/work/slime_os/slime_os/.git/modules/deps/zutai/config includeIf.gitdir:/home/runner/work/slime_os/slime_os/.git/modules/deps/zutai.path /home/runner/work/_temp/git-credentials-13366a69-692a-4134-b821-6f735494e989.config
2026-09-10T11:58:37.1888361Z [command]/usr/bin/git config --file /home/runner/work/slime_os/slime_os/.git/modules/deps/zutai/config includeIf.gitdir:/github/workspace/.git/modules/deps/zutai.path /github/runner_temp/git-credentials-13366a69-692a-4134-b821-6f735494e989.config
2026-09-10T11:58:37.1939465Z [command]/usr/bin/git config --file /home/runner/work/slime_os/slime_os/.git/modules/deps/zutai/modules/editors/tree-sitter-zutai/config includeIf.gitdir:/home/runner/work/slime_os/slime_os/.git/modules/deps/zutai/modules/editors/tree-sitter-zutai.path /home/runner/work/_temp/git-credentials-13366a69-692a-4134-b821-6f735494e989.config
2026-09-10T11:58:37.1955195Z [command]/usr/bin/git config --file /home/runner/work/slime_os/slime_os/.git/modules/deps/zutai/modules/editors/tree-sitter-zutai/config includeIf.gitdir:/github/workspace/.git/modules/deps/zutai/modules/editors/tree-sitter-zutai.path /github/runner_temp/git-credentials-13366a69-692a-4134-b821-6f735494e989.config
2026-09-10T11:58:37.1982514Z [command]/usr/bin/git config --file /home/runner/work/slime_os/slime_os/.git/modules/deps/zutai/modules/editors/tree-sitter-zutai-immediate/config includeIf.gitdir:/home/runner/work/slime_os/slime_os/.git/modules/deps/zutai/modules/editors/tree-sitter-zutai-immediate.path /home/runner/work/_temp/git-credentials-13366a69-692a-4134-b821-6f735494e989.config
2026-09-10T11:58:37.2013007Z [command]/usr/bin/git config --file /home/runner/work/slime_os/slime_os/.git/modules/deps/zutai/modules/editors/tree-sitter-zutai-immediate/config includeIf.gitdir:/github/workspace/.git/modules/deps/zutai/modules/editors/tree-sitter-zutai-immediate.path /github/runner_temp/git-credentials-13366a69-692a-4134-b821-6f735494e989.config
2026-09-10T11:58:37.2042691Z [command]/usr/bin/git submodule foreach --recursive git config --local --add 'url.https://github.com/.insteadOf' 'git@github.com:'
2026-09-10T11:58:37.2231320Z Entering 'deps/rust-sel4'
2026-09-10T11:58:37.2265080Z Entering 'deps/rust-sel4-bcm2712-rpi5'
2026-09-10T11:58:37.2300952Z Entering 'deps/rust-sel4-cv1800b-duo'
2026-09-10T11:58:37.2334067Z Entering 'deps/rust-sel4-ns02201-h1v1'
2026-09-10T11:58:37.2369506Z Entering 'deps/sel4'
2026-09-10T11:58:37.2402998Z Entering 'deps/zutai'
2026-09-10T11:58:37.2435664Z Entering 'deps/zutai/editors/tree-sitter-zutai'
2026-09-10T11:58:37.2468649Z Entering 'deps/zutai/editors/tree-sitter-zutai-immediate'
2026-09-10T11:58:37.2517031Z [command]/usr/bin/git submodule foreach --recursive git config --local --add 'url.https://github.com/.insteadOf' 'org-56882049@github.com:'
2026-09-10T11:58:37.2705743Z Entering 'deps/rust-sel4'
2026-09-10T11:58:37.2739034Z Entering 'deps/rust-sel4-bcm2712-rpi5'
2026-09-10T11:58:37.2773631Z Entering 'deps/rust-sel4-cv1800b-duo'
2026-09-10T11:58:37.2806997Z Entering 'deps/rust-sel4-ns02201-h1v1'
2026-09-10T11:58:37.2841121Z Entering 'deps/sel4'
2026-09-10T11:58:37.2876272Z Entering 'deps/zutai'
2026-09-10T11:58:37.2908589Z Entering 'deps/zutai/editors/tree-sitter-zutai'
2026-09-10T11:58:37.2941532Z Entering 'deps/zutai/editors/tree-sitter-zutai-immediate'
2026-09-10T11:58:37.2983452Z ##[endgroup]
2026-09-10T11:58:37.3022827Z [command]/usr/bin/git log -1 --format=%H
2026-09-10T11:58:37.3048513Z 65443ce0c4ddc7cc9cc7dd63b32faaaa4238c6a1
2026-09-10T11:58:37.3364216Z Prepare all required actions
2026-09-10T11:58:37.3365136Z Getting action download info
2026-09-10T11:58:37.4456678Z Download action repository 'nixbuild/nix-quick-install-action@v35' (SHA:9f63be77f412a248c9d9a65a4c82cf066cdf8f0c)
2026-09-10T11:58:37.6344884Z Download action repository 'nix-community/cache-nix-action@v7' (SHA:7df957e333c1e5da7721f60227dbba6d06080569)
2026-09-10T11:58:38.1656319Z ##[group]Run ./.github/actions/slime-env
2026-09-10T11:58:38.1656751Z env:
2026-09-10T11:58:38.1656987Z   CARGO_TERM_COLOR: always
2026-09-10T11:58:38.1657287Z ##[endgroup]
2026-09-10T11:58:38.1722021Z ##[start-action display=Run nixbuild/nix-quick-install-action@v35;id=__self.__nixbuild_nix-quick-install-action]
2026-09-10T11:58:38.1807615Z ##[group]Run nixbuild/nix-quick-install-action@v35
2026-09-10T11:58:38.1807956Z with:
2026-09-10T11:58:38.1808271Z   nix_conf: keep-env-derivations = true
keep-outputs = true

2026-09-10T11:58:38.1808678Z   nix_version: 2.34.7
2026-09-10T11:58:38.1811952Z   github_access_token: ***
2026-09-10T11:58:38.1812346Z   nix_on_tmpfs: false
2026-09-10T11:58:38.1812618Z   enable_kvm: true
2026-09-10T11:58:38.1812866Z env:
2026-09-10T11:58:38.1813077Z   CARGO_TERM_COLOR: always
2026-09-10T11:58:38.1813332Z ##[endgroup]
2026-09-10T11:58:38.1841146Z ##[start-action display=Install Nix in single-user mode;id=__self.__nixbuild_nix-quick-install-action.__run]
2026-09-10T11:58:38.1877763Z ##[group]Run /home/runner/work/_actions/nixbuild/nix-quick-install-action/v35/nix-quick-install.sh
2026-09-10T11:58:38.1878672Z [36;1m/home/runner/work/_actions/nixbuild/nix-quick-install-action/v35/nix-quick-install.sh[0m
2026-09-10T11:58:38.1968159Z shell: /usr/bin/bash --noprofile --norc -e -o pipefail {0}
2026-09-10T11:58:38.1968761Z env:
2026-09-10T11:58:38.1969033Z   CARGO_TERM_COLOR: always
2026-09-10T11:58:38.1969508Z   RELEASE_FILE: /home/runner/work/_actions/nixbuild/nix-quick-install-action/v35/RELEASE
2026-09-10T11:58:38.1969947Z   NIX_VERSION: 2.34.7
2026-09-10T11:58:38.1970276Z   NIX_CONF: keep-env-derivations = true
keep-outputs = true

2026-09-10T11:58:38.1970679Z   NIX_ARCHIVES_URL: 
2026-09-10T11:58:38.1970936Z   NIX_ON_TMPFS: false
2026-09-10T11:58:38.1974139Z   GITHUB_ACCESS_TOKEN: ***
2026-09-10T11:58:38.1974459Z   ENABLE_KVM: true
2026-09-10T11:58:38.1974698Z ##[endgroup]
2026-09-10T11:58:38.2149655Z KERNEL=="kvm", GROUP="kvm", MODE="0666", OPTIONS+="static_node=kvm"
2026-09-10T11:58:38.2356457Z Failed to open the device 'kvm': Invalid argument
2026-09-10T11:58:38.2365362Z KVM is not available
2026-09-10T11:58:38.2438574Z Fetching nix archives from https://github.com/nixbuild/nix-quick-install-action/releases/download/v35/nix-2.34.7-aarch64-linux.tar.zstd
2026-09-10T11:58:38.6079038Z installing 'nix-2.34.7'
2026-09-10T11:58:38.6141065Z building '/nix/store/i2plx1j205ipsphbwl1f97rhsrbr67k2-user-environment.drv'...
2026-09-10T11:58:38.6234594Z ##[end-action id=__self.__nixbuild_nix-quick-install-action.__run;outcome=success;conclusion=success;duration_ms=439]
2026-09-10T11:58:38.6247559Z ##[end-action id=__self.__nixbuild_nix-quick-install-action;outcome=success;conclusion=success;duration_ms=452]
2026-09-10T11:58:38.6251221Z ##[start-action display=Run nix-community/cache-nix-action@v7;id=__self.__nix-community_cache-nix-action]
2026-09-10T11:58:39.6118881Z ##[group]Run nix-community/cache-nix-action@v7
2026-09-10T11:58:39.6119311Z with:
2026-09-10T11:58:39.6119751Z   primary-key: slime-Linux-ARM64-b80469b0bf3cbe08460f9b014880fe5cb929e85bb2f7297dca11d51a0eda0497
2026-09-10T11:58:39.6120290Z   restore-prefixes-first-match: slime-Linux-ARM64-
2026-09-10T11:58:39.6120678Z   gc-max-store-size-linux: 5G
2026-09-10T11:58:39.6120971Z   paths: ~/.rustup
~/.cargo/registry
~/.cargo/git

2026-09-10T11:58:39.6121549Z   lookup-only: false
2026-09-10T11:58:39.6121789Z   nix: true
2026-09-10T11:58:39.6121970Z   save: true
2026-09-10T11:58:39.6122699Z   backend: actions
2026-09-10T11:58:39.6122914Z   purge: false
2026-09-10T11:58:39.6125779Z   token: ***
2026-09-10T11:58:39.6126012Z env:
2026-09-10T11:58:39.6126628Z   CARGO_TERM_COLOR: always
2026-09-10T11:58:39.6127066Z   NIX_PROFILES: /nix/var/nix/profiles/default /home/runner/.nix-profile
2026-09-10T11:58:39.6127544Z   NIX_USER_PROFILE_DIR: /nix/var/nix/profiles/per-user/runner
2026-09-10T11:58:39.6127957Z   NIX_SSL_CERT_FILE: /etc/ssl/certs/ca-certificates.crt
2026-09-10T11:58:39.6128433Z ##[endgroup]
2026-09-10T11:58:39.7565063Z Searching for a cache with the key "slime-Linux-ARM64-b80469b0bf3cbe08460f9b014880fe5cb929e85bb2f7297dca11d51a0eda0497".
2026-09-10T11:58:39.8709309Z Could not find a cache with the given "primary-key" and "paths".
2026-09-10T11:58:39.8710399Z Searching for a cache using the "restore-prefixes-first-match":
2026-09-10T11:58:39.8710924Z ["slime-Linux-ARM64-"]
2026-09-10T11:58:39.9586971Z Cache hit for: slime-Linux-ARM64-274f308fa31e17e69d8189b6dbec782b3e6c6ce6d6524c6a95af5f8ff0e35e94
2026-09-10T11:58:39.9587784Z Request key: dummy-primary-key-9238748923658961076458761340578645781643059823761298348927349233
2026-09-10T11:58:39.9588311Z Lookup only - skipping download
2026-09-10T11:58:39.9588635Z Found a cache using the "restore-prefixes-first-match".
2026-09-10T11:58:39.9593387Z Updating the database files' permissions.
2026-09-10T11:58:39.9609059Z [command]/usr/bin/bash -c sudo chown -R runner:runner /nix/var/nix/db && sudo chmod -R u+rw /nix/var/nix/db
2026-09-10T11:58:39.9759308Z Checkpointing the database.
2026-09-10T11:58:39.9771850Z [command]/usr/bin/bash -c sqlite3 "/nix/var/nix/db/db.sqlite" 'PRAGMA wal_checkpoint(TRUNCATE);'
2026-09-10T11:58:40.0233365Z 0|0|0
2026-09-10T11:58:40.0238130Z Copying database.
2026-09-10T11:58:40.0264981Z [command]/usr/bin/bash -c cp -p /nix/var/nix/db/db.sqlite /home/runner/work/_temp/c5cc4525-aa4a-42f6-9c42-f2cc97fdf8d4/old.sqlite
2026-09-10T11:58:40.0304517Z Restoring a cache with the key "slime-Linux-ARM64-274f308fa31e17e69d8189b6dbec782b3e6c6ce6d6524c6a95af5f8ff0e35e94".
2026-09-10T11:58:40.0310604Z ##[group]Logs produced while restoring a cache.
2026-09-10T11:58:40.1770226Z Cache hit for: slime-Linux-ARM64-274f308fa31e17e69d8189b6dbec782b3e6c6ce6d6524c6a95af5f8ff0e35e94
2026-09-10T11:58:41.2895763Z Received 117440512 of 1952961849 (6.0%), 111.9 MBs/sec
2026-09-10T11:58:42.2905877Z Received 318767104 of 1952961849 (16.3%), 151.8 MBs/sec
2026-09-10T11:58:43.2911915Z Received 402653184 of 1952961849 (20.6%), 127.9 MBs/sec
2026-09-10T11:58:44.2953176Z Received 616562688 of 1952961849 (31.6%), 146.9 MBs/sec
2026-09-10T11:58:45.2943046Z Received 796917760 of 1952961849 (40.8%), 151.9 MBs/sec
2026-09-10T11:58:46.2928288Z Received 994050048 of 1952961849 (50.9%), 157.9 MBs/sec
2026-09-10T11:58:47.2972895Z Received 1153433600 of 1952961849 (59.1%), 157.0 MBs/sec
2026-09-10T11:58:48.3192605Z Received 1342177280 of 1952961849 (68.7%), 159.4 MBs/sec
2026-09-10T11:58:49.3196399Z Received 1539309568 of 1952961849 (78.8%), 162.6 MBs/sec
2026-09-10T11:58:50.3205861Z Received 1732247552 of 1952961849 (88.7%), 164.7 MBs/sec
2026-09-10T11:58:51.3228837Z Received 1887436800 of 1952961849 (96.6%), 163.2 MBs/sec
2026-09-10T11:58:51.5965262Z Received 1952961849 of 1952961849 (100.0%), 164.7 MBs/sec
2026-09-10T11:58:51.5966641Z Cache Size: ~1862 MB (1952961849 B)
2026-09-10T11:58:51.6104544Z [command]/usr/bin/sudo /usr/bin/tar -xf /home/runner/work/_temp/b34dfde7-6c8a-42e3-84d6-28b49234a364/cache.tzst -P -C /home/runner/work/slime_os/slime_os --exclude-from /home/runner/work/_temp/8e0ebf78-6824-4cb7-92e0-33dfe194519e/paths --use-compress-program zstd -d -T0
2026-09-10T11:59:15.3178741Z Cache restored successfully
2026-09-10T11:59:15.3734551Z ##[endgroup]
2026-09-10T11:59:15.3734852Z Finished restoring the cache.
2026-09-10T11:59:15.3735353Z Updating the database files' permissions.
2026-09-10T11:59:15.3748635Z [command]/usr/bin/bash -c sudo chown -R runner:runner /nix/var/nix/db && sudo chmod -R u+rw /nix/var/nix/db
2026-09-10T11:59:15.3908184Z Checkpointing the database.
2026-09-10T11:59:15.3920231Z [command]/usr/bin/bash -c sqlite3 "/nix/var/nix/db/db.sqlite" 'PRAGMA wal_checkpoint(TRUNCATE);'
2026-09-10T11:59:15.3985552Z 0|0|0
2026-09-10T11:59:15.3989747Z Copying database.
2026-09-10T11:59:15.4003594Z [command]/usr/bin/bash -c cp -p /nix/var/nix/db/db.sqlite /home/runner/work/_temp/c5cc4525-aa4a-42f6-9c42-f2cc97fdf8d4/new.sqlite
2026-09-10T11:59:15.4072927Z Merging databases.
2026-09-10T11:59:15.4073801Z Writing the merge script at /home/runner/work/_temp/c5cc4525-aa4a-42f6-9c42-f2cc97fdf8d4/merge.sql.
2026-09-10T11:59:15.4129976Z Merging store databases "/home/runner/work/_temp/c5cc4525-aa4a-42f6-9c42-f2cc97fdf8d4/old.sqlite" and "/home/runner/work/_temp/c5cc4525-aa4a-42f6-9c42-f2cc97fdf8d4/new.sqlite"
2026-09-10T11:59:15.4130973Z into the new database "/home/runner/work/_temp/c5cc4525-aa4a-42f6-9c42-f2cc97fdf8d4/merged.sqlite".
2026-09-10T11:59:15.4141107Z [command]/usr/bin/bash -c sqlite3 /home/runner/work/_temp/c5cc4525-aa4a-42f6-9c42-f2cc97fdf8d4/merged.sqlite < /home/runner/work/_temp/c5cc4525-aa4a-42f6-9c42-f2cc97fdf8d4/merge.sql
2026-09-10T11:59:19.8396043Z Checking the new database.
2026-09-10T11:59:19.8410176Z [command]/usr/bin/bash -c sqlite3 "/home/runner/work/_temp/c5cc4525-aa4a-42f6-9c42-f2cc97fdf8d4/merged.sqlite" 'PRAGMA integrity_check;'
2026-09-10T11:59:19.8594800Z ok
2026-09-10T11:59:19.8596250Z Removing the old database files.
2026-09-10T11:59:19.8611322Z [command]/usr/bin/bash -c rm -f /nix/var/nix/db/db.sqlite /nix/var/nix/db/db.sqlite-wal /nix/var/nix/db/db.sqlite-shm
2026-09-10T11:59:19.8670232Z Moving the new database file to /nix/var/nix/db/db.sqlite.
2026-09-10T11:59:19.8681740Z [command]/usr/bin/bash -c mv /home/runner/work/_temp/c5cc4525-aa4a-42f6-9c42-f2cc97fdf8d4/merged.sqlite /nix/var/nix/db/db.sqlite
2026-09-10T11:59:19.8739564Z Finished merging databases.
2026-09-10T11:59:19.8839806Z ##[end-action id=__self.__nix-community_cache-nix-action;outcome=success;conclusion=success;duration_ms=41258]
2026-09-10T11:59:19.8843642Z ##[start-action display=Enter the dev shell;id=__self.__run]
2026-09-10T11:59:19.8867339Z ##[group]Run nix develop --command just --version
2026-09-10T11:59:19.8867786Z [36;1mnix develop --command just --version[0m
2026-09-10T11:59:19.8927188Z shell: /usr/bin/bash --noprofile --norc -e -o pipefail {0}
2026-09-10T11:59:19.8927729Z env:
2026-09-10T11:59:19.8927960Z   CARGO_TERM_COLOR: always
2026-09-10T11:59:19.8928357Z   NIX_PROFILES: /nix/var/nix/profiles/default /home/runner/.nix-profile
2026-09-10T11:59:19.8928901Z   NIX_USER_PROFILE_DIR: /nix/var/nix/profiles/per-user/runner
2026-09-10T11:59:19.8929314Z   NIX_SSL_CERT_FILE: /etc/ssl/certs/ca-certificates.crt
2026-09-10T11:59:19.8929730Z ##[endgroup]
2026-09-10T11:59:23.2737557Z copying path '/nix/store/4l2a70b6cpxlws0r0lsanl1gazncymqy-gsettings-desktop-schemas-50.1' from 'https://cache.nixos.org'...
2026-09-10T11:59:23.2761732Z copying path '/nix/store/9xw9wsmvzl76z36f6xvyl390n6l5fp7i-lld-21.1.8-lib' from 'https://cache.nixos.org'...
2026-09-10T11:59:23.2803770Z copying path '/nix/store/pqnmjwsj8055dkxcwgpgsnbzw1fx1q6g-cargo-machete-0.9.2' from 'https://cache.nixos.org'...
2026-09-10T11:59:23.2807469Z copying path '/nix/store/4a8wgz6pqx41qglwr6bl5aacsq5ilq04-dtc-1.7.2' from 'https://cache.nixos.org'...
2026-09-10T11:59:23.2809513Z copying path '/nix/store/8nv0clzsc093bkjsvdax0da4pbirza5p-compiler-rt-libc-21.1.8' from 'https://cache.nixos.org'...
2026-09-10T11:59:23.2814119Z copying path '/nix/store/74fdp30b8afqxrq74df4px37f8dvfkhb-expand-response-params' from 'https://cache.nixos.org'...
2026-09-10T11:59:23.2832364Z copying path '/nix/store/q9j7hbw6w65wd81x688v3gm0kcbqhyp0-gawk-5.4.0' from 'https://cache.nixos.org'...
2026-09-10T11:59:23.2852553Z copying path '/nix/store/zffizynwipkah90xdm9b7x871p6cianb-gnu-config-2024-01-01' from 'https://cache.nixos.org'...
2026-09-10T11:59:23.2853762Z copying path '/nix/store/5j2cz9f9hq8l0lyxd523c3dyz90qsq4f-just-1.56.0' from 'https://cache.nixos.org'...
2026-09-10T11:59:23.2889348Z copying path '/nix/store/qjkdqr5h5izhg4h1bk2bmypx8zzfhs8i-ninja-1.13.2' from 'https://cache.nixos.org'...
2026-09-10T11:59:23.2932922Z copying path '/nix/store/vl1z8vlw4nzcjb4vwzk4fzp0hl4grrmw-typos-1.48.0' from 'https://cache.nixos.org'...
2026-09-10T11:59:23.3022556Z copying path '/nix/store/6qrwnjxlrcy3aps86vxd0md4d6lx2gcg-brotli-1.2.0-lib' from 'https://cache.nixos.org'...
2026-09-10T11:59:23.3065511Z copying path '/nix/store/ifkqpc870qpnfz7sxijwyw4ajiq6xf11-clang-21.1.8' from 'https://cache.nixos.org'...
2026-09-10T11:59:23.3095503Z copying path '/nix/store/qcxd42xrscs9wi3i7z8nlfsk8whyxcjc-bzip2-1.0.8-bin' from 'https://cache.nixos.org'...
2026-09-10T11:59:23.3145978Z copying path '/nix/store/9dkcl96mb45shvnilkx4f0hxzapzjwmm-bin' from 'https://cache.nixos.org'...
2026-09-10T11:59:23.3251666Z copying path '/nix/store/skvlv5w4j48q0qwgca8yb342rrlgv3qy-dav1d-1.5.3' from 'https://cache.nixos.org'...
2026-09-10T11:59:23.3328164Z copying path '/nix/store/l8nwdy8imywypd45fkhmiqw73lhh3d9l-ansi-terminal-types-1.1.3-doc' from 'https://cache.nixos.org'...
2026-09-10T11:59:23.3362502Z copying path '/nix/store/xpfkz5dz50i5rzs0wimy2kav5z447vlc-cyrus-sasl-2.1.28' from 'https://cache.nixos.org'...
2026-09-10T11:59:23.3405547Z copying path '/nix/store/iydnq8gvqy9kk27pcpiq479x03ljimci-binutils-wrapper-2.46' from 'https://cache.nixos.org'...
2026-09-10T11:59:23.3420194Z copying path '/nix/store/0q3vcfbd2jaj7ll6f9y0mnrykv58z4g9-dejavu-fonts-minimal-2.37' from 'https://cache.nixos.org'...
2026-09-10T11:59:23.3462684Z copying path '/nix/store/87ld5dyqzxga89lak2k1r4bqgjfmsn33-diffutils-3.12' from 'https://cache.nixos.org'...
2026-09-10T11:59:23.3506614Z copying path '/nix/store/amb7fcp6zvjk3njpychcn32fsgg5gvwd-cjson-1.7.19' from 'https://cache.nixos.org'...
2026-09-10T11:59:23.3538765Z copying path '/nix/store/4ic0ckxq0n03lybgj3mnbhf3q9p8aqyb-ed-1.22.5' from 'https://cache.nixos.org'...
2026-09-10T11:59:23.3575451Z copying path '/nix/store/zlwc35h8780xaxl8x0ys537f0jir38j1-faad2-2.11.2' from 'https://cache.nixos.org'...
2026-09-10T11:59:23.3622901Z copying path '/nix/store/177wccxmlprg7364kxb9a53lvri17jgp-ffmpeg-headless-8.1.2-data' from 'https://cache.nixos.org'...
2026-09-10T11:59:23.3635507Z copying path '/nix/store/mh7j8mb1fm02kcbliyss5s8sc374krsf-fftw-double-3.3.11' from 'https://cache.nixos.org'...
2026-09-10T11:59:23.3636638Z copying path '/nix/store/j3g7p734xmbk8wkj6zyds8vmzrx2vy9i-fftw-single-3.3.11' from 'https://cache.nixos.org'...
2026-09-10T11:59:23.3641648Z copying path '/nix/store/11cfwwxqmqk7jax4q7a54b92l46i001g-flac-1.5.0' from 'https://cache.nixos.org'...
2026-09-10T11:59:23.3642764Z copying path '/nix/store/3khj3ldh7faal1ypilhsnhyzz2kdaif6-ansi-terminal-1.1.5-doc' from 'https://cache.nixos.org'...
2026-09-10T11:59:23.3643942Z copying path '/nix/store/s39g2a9n21ah7py0qz7lcar7pzpmfbzi-game-music-emu-0.6.5' from 'https://cache.nixos.org'...
2026-09-10T11:59:23.3644901Z copying path '/nix/store/f3ir55c8vbz9pwmd6nji44qr5gnr4j2q-freetype-2.14.3' from 'https://cache.nixos.org'...
2026-09-10T11:59:23.3645900Z copying path '/nix/store/hv2ngdkclwrihgf6m164gilqpdls1k2h-fontconfig-2.18.1' from 'https://cache.nixos.org'...
2026-09-10T11:59:23.3646835Z copying path '/nix/store/5407jn4la4z4fvqvq1mq38p2q9kzvwv2-gnumake-4.4.1' from 'https://cache.nixos.org'...
2026-09-10T11:59:23.3647848Z copying path '/nix/store/8lw0mv8whczk0b1qa67a7cji883c90dw-gnum4-1.4.21' from 'https://cache.nixos.org'...
2026-09-10T11:59:23.3648819Z copying path '/nix/store/76sab12pkk4fn8q89mndbrmd1bw1x1h0-gnused-4.10' from 'https://cache.nixos.org'...
2026-09-10T11:59:23.3649753Z copying path '/nix/store/ss8ji54l6w5ijg0nl112hnz5skfzrd59-ghc-9.10.3' from 'https://cache.nixos.org'...
2026-09-10T11:59:23.3650626Z copying path '/nix/store/pjvqwwag3f100g7bjdj781fgya8j1n08-gnutar-1.35' from 'https://cache.nixos.org'...
2026-09-10T11:59:23.3651687Z copying path '/nix/store/jqzbafphmllrv3d86pm9naq6yy3s3fgn-graphite2-1.3.15' from 'https://cache.nixos.org'...
2026-09-10T11:59:23.3652803Z copying path '/nix/store/hhwaghwi7qwr966kjdw6gasfl86434jq-haskell-lexer-1.2.1-doc' from 'https://cache.nixos.org'...
2026-09-10T11:59:23.3672349Z copying path '/nix/store/vdlnp3vsgvdhf81jk47f0wx77rij7f5h-hspec-discover-2.11.17-doc' from 'https://cache.nixos.org'...
2026-09-10T11:59:23.3712298Z copying path '/nix/store/4y1h01dk1m3ha4zj7wvw9qh2qb3gd6x3-hspec-expectations-0.8.4-doc' from 'https://cache.nixos.org'...
2026-09-10T11:59:23.3713619Z copying path '/nix/store/g9b5s2kfsl1lacziv067hws46jjms7d6-icu4c-76.1' from 'https://cache.nixos.org'...
2026-09-10T11:59:23.3733767Z copying path '/nix/store/643dqw2dc37bdqzd5xrpylj7rbdcl8gj-imath-3.2.2' from 'https://cache.nixos.org'...
2026-09-10T11:59:23.3813157Z copying path '/nix/store/ll1qd5cp8c5rd3xgys6kvkay40i2jm5d-fontconfig-2.18.1-lib' from 'https://cache.nixos.org'...
2026-09-10T11:59:23.3922638Z copying path '/nix/store/6bwdm3zz7ys18d069cw1bfi66yg9hhbv-isl-0.20' from 'https://cache.nixos.org'...
2026-09-10T11:59:23.3963461Z copying path '/nix/store/bqmvgx1dd1wk53fvrchqi4gqqcs29k3m-jemalloc-5.3.1' from 'https://cache.nixos.org'...
2026-09-10T11:59:23.4026490Z copying path '/nix/store/d75x2glgcq46vwma3w31y0ya7pff393n-json-c-0.18' from 'https://cache.nixos.org'...
2026-09-10T11:59:23.4082318Z copying path '/nix/store/4364b092400p2sjp05aidj2myr0mw8wf-kbd-2.9.0' from 'https://cache.nixos.org'...
2026-09-10T11:59:23.4132276Z copying path '/nix/store/nc83y1fjvkmq3fihlalmqnwvmxq9r1kn-hspec-core-2.11.17-doc' from 'https://cache.nixos.org'...
2026-09-10T11:59:23.4162463Z copying path '/nix/store/q4m2lsfbydyv8swyvzh73pdxsyhyq0ii-kexec-tools-2.0.32' from 'https://cache.nixos.org'...
2026-09-10T11:59:23.4163776Z copying path '/nix/store/vbrkkna9fw9hia76nln5j7diqfgr2rkz-kmod-31' from 'https://cache.nixos.org'...
2026-09-10T11:59:23.4207545Z copying path '/nix/store/mvi4z8hncvhdgqbj7zn1nmf2kd4vqi72-kmod-31-lib' from 'https://cache.nixos.org'...
2026-09-10T11:59:23.4232440Z copying path '/nix/store/nm68icfa0flhbxrcdyyll233j9cdv1wz-lcms2-2.19.1' from 'https://cache.nixos.org'...
2026-09-10T11:59:23.4262585Z copying path '/nix/store/ngcs1ny68mibhax64lz2f23dfhgdcgdp-ldacbt-2.0.72' from 'https://cache.nixos.org'...
2026-09-10T11:59:23.4268835Z copying path '/nix/store/r44vlxf58cy0vy7whv9jjys1v79mv7km-lerc-4.1.0' from 'https://cache.nixos.org'...
2026-09-10T11:59:23.4311775Z copying path '/nix/store/xic6qybs2cg09nx5j796i44im2g7x1ja-libbluray-1.4.1' from 'https://cache.nixos.org'...
2026-09-10T11:59:23.4353974Z copying path '/nix/store/xmrhz69s7pwkj8d5sabdgx9v8rr396ig-libde265-1.1.1' from 'https://cache.nixos.org'...
2026-09-10T11:59:23.4364875Z copying path '/nix/store/w9dlsyb2zfpynrgzwp8qn407463bj6ah-alsa-ucm-conf-1.2.16' from 'https://cache.nixos.org'...
2026-09-10T11:59:23.4404684Z copying path '/nix/store/blxh4w27r2z2vw6gg8sm0yza1pqm0hnh-libconfig-1.8.2' from 'https://cache.nixos.org'...
2026-09-10T11:59:23.4432245Z copying path '/nix/store/kbh7a93ar7srbyzkib7yrj5s6494l841-libcbor-0.14.0' from 'https://cache.nixos.org'...
2026-09-10T11:59:23.4442569Z copying path '/nix/store/a3sz823whawgqh8f0jsr8cmky5acfrss-libdeflate-1.25' from 'https://cache.nixos.org'...
2026-09-10T11:59:23.4443977Z copying path '/nix/store/whyn341hwr964a4mj3jpbp82i7b00jdl-compiler-rt-libc-21.1.8-dev' from 'https://cache.nixos.org'...
2026-09-10T11:59:23.4514337Z copying path '/nix/store/yg0l1yrpfva85lw5v3a9mxqh8rhj8pmx-libjpeg-turbo-3.1.4.1' from 'https://cache.nixos.org'...
2026-09-10T11:59:23.4542616Z copying path '/nix/store/vhwhxv5n9jya86plj7rhv1zpykxf7d52-libebur128-1.2.6' from 'https://cache.nixos.org'...
2026-09-10T11:59:23.4611183Z copying path '/nix/store/fk7qxmrds8hiahbq7nxgjcfnsnxlgvfa-libmysofa-1.3.3' from 'https://cache.nixos.org'...
2026-09-10T11:59:23.4615426Z copying path '/nix/store/zsajriw8jqdk05rg474ajr04bj7fp8jw-libsamplerate-0.2.2' from 'https://cache.nixos.org'...
2026-09-10T11:59:23.4616743Z copying path '/nix/store/sk4qg2i0m2nq7n8irqwnz5gvkk6skj0x-libmodplug-0.8.9.0' from 'https://cache.nixos.org'...
2026-09-10T11:59:23.4622624Z copying path '/nix/store/yv3723fxmdc5m79m3d5z1hca1yh3ajnk-hspec-2.11.17-doc' from 'https://cache.nixos.org'...
2026-09-10T11:59:23.4641092Z copying path '/nix/store/fa4kwh7yfgihznrnnd77xpl0gvwghwvb-libselinux-3.10' from 'https://cache.nixos.org'...
2026-09-10T11:59:23.4677675Z copying path '/nix/store/dggzricnr03yg59zi2vfwbjbbgnqv77m-libfido2-1.17.0' from 'https://cache.nixos.org'...
2026-09-10T11:59:23.4703389Z copying path '/nix/store/9d48h0sx93hz82ingdy7rqf56lq856lk-libssh2-1.11.1' from 'https://cache.nixos.org'...
2026-09-10T11:59:23.4713896Z copying path '/nix/store/vdls01801h2wcy5gkrwpx3qqdnlwb79k-libssh-0.12.0' from 'https://cache.nixos.org'...
2026-09-10T11:59:23.4734869Z copying path '/nix/store/53zzk0dv4m38mdqwvksvnm1x5zyk4x15-libsigc++-2.12.1' from 'https://cache.nixos.org'...
2026-09-10T11:59:23.4778428Z copying path '/nix/store/bwfih6c3zkhm6zpnyv75wy1lsr6zz85i-libtheora-1.2.0' from 'https://cache.nixos.org'...
2026-09-10T11:59:23.4883950Z copying path '/nix/store/krdgvp5g6f8d87nymgwpv7w9jr146ryd-libunwind-1.8.3' from 'https://cache.nixos.org'...
2026-09-10T11:59:23.4912380Z copying path '/nix/store/m2ia78mzig6mia55yw9ihfz8lvj9sif0-libvmaf-3.0.0' from 'https://cache.nixos.org'...
2026-09-10T11:59:23.4926453Z copying path '/nix/store/kdakgxs7wp66sg6iypr1qc4zg87k8svg-libusb-1.0.30' from 'https://cache.nixos.org'...
2026-09-10T11:59:23.4935824Z copying path '/nix/store/s62y1ir1vyjni6fv4bljgdnfqb43w8yh-libvorbis-1.3.7' from 'https://cache.nixos.org'...
2026-09-10T11:59:23.4937122Z copying path '/nix/store/b99v2g01742qbfxy62wdjs2clzcbq5aw-glib-2.88.1' from 'https://cache.nixos.org'...
2026-09-10T11:59:23.4942960Z copying path '/nix/store/ghq1fy1kjhpkam070zfyx9gn3nppwzwl-curl-8.21.0' from 'https://cache.nixos.org'...
2026-09-10T11:59:23.4958584Z copying path '/nix/store/h357gh9plvkbd04m8zxzdynd4bs22z0y-libvpx-1.16.0' from 'https://cache.nixos.org'...
2026-09-10T11:59:23.4970701Z copying path '/nix/store/r9n1hk86dzmgwljp72zdihjfm5zdfqjw-libwebp-1.6.0' from 'https://cache.nixos.org'...
2026-09-10T11:59:23.4973948Z copying path '/nix/store/z5zw7jbz478dldk5ry1kyghbgs16yc91-lld-21.1.8' from 'https://cache.nixos.org'...
2026-09-10T11:59:23.4983092Z copying path '/nix/store/v227pw3x95agnhvpn12710i5zzp4lkd0-libxft-2.3.9' from 'https://cache.nixos.org'...
2026-09-10T11:59:23.4986606Z copying path '/nix/store/q7cqainkw4vhp8diral9xwcqi6l384mh-lttng-ust-2.15.1' from 'https://cache.nixos.org'...
2026-09-10T11:59:23.5036505Z copying path '/nix/store/b4xn6q1jzsv0mp0axigj4417b7pp9ww7-lvm2-2.03.41-lib' from 'https://cache.nixos.org'...
2026-09-10T11:59:23.5153496Z copying path '/nix/store/56gj169434gzh523ihdsra0ihvwfyxfg-make-binary-wrapper-hook' from 'https://cache.nixos.org'...
2026-09-10T11:59:23.5207673Z copying path '/nix/store/8xi97kng8ka0hx0r8bd4yj019y1w5xpf-lz4-1.10.0-lib' from 'https://cache.nixos.org'...
2026-09-10T11:59:23.5249846Z copying path '/nix/store/dnvbd1y399mnivn1xxfmqc4xyvcsgymd-mbedtls-3.6.6' from 'https://cache.nixos.org'...
2026-09-10T11:59:23.5316295Z copying path '/nix/store/farjyyfb30iwqx8iwvavhza1s8qsng49-libsndfile-1.2.2' from 'https://cache.nixos.org'...
2026-09-10T11:59:23.5360302Z copying path '/nix/store/m87il7pyh4xzz7li4mjh8vq6nr5i5s1r-libaom-3.12.1' from 'https://cache.nixos.org'...
2026-09-10T11:59:23.5397546Z copying path '/nix/store/i5nywklhdw7pnk9m6hwcj00mgi2mrs7w-mjpegtools-2.2.1-lib' from 'https://cache.nixos.org'...
2026-09-10T11:59:23.5398800Z copying path '/nix/store/pa5immmd8j96vgiyqf861ahpf0c3nmf2-cmake-4.1.2' from 'https://cache.nixos.org'...
2026-09-10T11:59:23.5426075Z copying path '/nix/store/kp5ilnnd53wj0c960j3j4fln100y3whq-mpfr-4.2.2' from 'https://cache.nixos.org'...
2026-09-10T11:59:23.5438726Z copying path '/nix/store/bjs0ync68l1hbxdq1n97xbawcy7gja5b-cryptsetup-2.8.6' from 'https://cache.nixos.org'...
2026-09-10T11:59:23.5439942Z copying path '/nix/store/z91brh1h0hpxf1dcd0wmni9sb0dii8h9-ngtcp2-1.23.0' from 'https://cache.nixos.org'...
2026-09-10T11:59:23.5440868Z copying path '/nix/store/qb4wk04wzr5k02llz0qlcw1ckcgsi8bm-nettle-3.10.2' from 'https://cache.nixos.org'...
2026-09-10T11:59:23.5472839Z copying path '/nix/store/f0iq1cchx7gblcrgcypx7yv4rsgcs3f2-libbs2b-3.1.0' from 'https://cache.nixos.org'...
2026-09-10T11:59:23.5474442Z copying path '/nix/store/8zbam93qaz9c8xlpl8pdf6q7g5yjh1qc-libtiff-4.7.1' from 'https://cache.nixos.org'...
2026-09-10T11:59:23.5527050Z copying path '/nix/store/am7xq7sdyqrgb6lk12haczrrbm5zqhkn-alsa-lib-1.2.16' from 'https://cache.nixos.org'...
2026-09-10T11:59:23.5568913Z copying path '/nix/store/ybaks462nb8apf8f4ci1mmmjc7wxyzpl-lilv-0.28.0' from 'https://cache.nixos.org'...
2026-09-10T11:59:23.5650261Z copying path '/nix/store/dv3v4q23mbiq73xm6ixrzggdcyjwsvai-libmpc-1.4.1' from 'https://cache.nixos.org'...
2026-09-10T11:59:23.5662244Z copying path '/nix/store/b5zq99n1wv18v5yn95d9w6pg5q53lwpk-clang-wrapper-21.1.8' from 'https://cache.nixos.org'...
2026-09-10T11:59:23.5701964Z copying path '/nix/store/3dh6jqr1wgvmfda2y3hd2qyykdngikfl-curl-8.21.0' from 'https://cache.nixos.org'...
2026-09-10T11:59:23.5747703Z copying path '/nix/store/f5bz64zaw9w4nqf75ficwif77y83yj3q-nss-3.112.5' from 'https://cache.nixos.org'...
2026-09-10T11:59:23.5815821Z copying path '/nix/store/r41b5ycwx2l57flb85q1ziskvr14wc63-openexr-3.4.11' from 'https://cache.nixos.org'...
2026-09-10T11:59:23.5817080Z copying path '/nix/store/v8px2gdrd5855rmd8vm8cpll5abr4pkh-ocl-icd-2.3.5' from 'https://cache.nixos.org'...
2026-09-10T11:59:23.5818053Z copying path '/nix/store/mhvgxk5fkkw7k7i52nmzxnzaq7d2yrsz-openapv-0.2.1.3' from 'https://cache.nixos.org'...
2026-09-10T11:59:23.5819046Z copying path '/nix/store/l0c0bshibqzhl4v6r2qsp9vmxnhbfgcw-libajantv2-17.5.0' from 'https://cache.nixos.org'...
2026-09-10T11:59:23.5864121Z copying path '/nix/store/g7583dxi7avddzicpm3hjdqvssvb01c6-librist-0.2.11' from 'https://cache.nixos.org'...
2026-09-10T11:59:23.5875588Z copying path '/nix/store/rs6rixvy8w81mz356j66q5dhywk696ja-libwebp-1.6.0' from 'https://cache.nixos.org'...
2026-09-10T11:59:23.5944755Z copying path '/nix/store/7g5xkamvprnn0kmjnvjavyzdmkmvw3j7-openh264-2.6.0' from 'https://cache.nixos.org'...
2026-09-10T11:59:23.6042854Z copying path '/nix/store/b76cws5fxqazixa2xz6fn4wayfyrfva5-openjpeg-2.5.4' from 'https://cache.nixos.org'...
2026-09-10T11:59:23.6059211Z copying path '/nix/store/zzwcx3mm3mpxdvs5sv4z4zzmwcvkzwjd-patch-2.8' from 'https://cache.nixos.org'...
2026-09-10T11:59:23.6091789Z copying path '/nix/store/ychhwm4sn7ad82q6qh45vkm2ngv3xrgb-patchelf-0.15.2' from 'https://cache.nixos.org'...
2026-09-10T11:59:23.6132672Z copying path '/nix/store/91ilfma7gm5s5vrhzd7z3ggn0pdlm4fa-elfutils-0.195' from 'https://cache.nixos.org'...
2026-09-10T11:59:23.6172284Z copying path '/nix/store/xr2c4qzljq522isqy3qwx2z3k0yc6yg1-perl-5.42.0' from 'https://cache.nixos.org'...
2026-09-10T11:59:23.6173761Z copying path '/nix/store/f9jcizwx8hnahp9v2nlqb4vdwb0qwijp-python3.14-lxml-6.1.1' from 'https://cache.nixos.org'...
2026-09-10T11:59:23.6272857Z copying path '/nix/store/3pfxwcgd3d0q78gh0hyfmi5p4mdlgk5d-python3.14-markupsafe-3.0.3' from 'https://cache.nixos.org'...
2026-09-10T11:59:23.6302569Z copying path '/nix/store/671912n9d0l9kg9x8kh4n95lvbgm0bdd-python3.14-pyyaml-6.0.3' from 'https://cache.nixos.org'...
2026-09-10T11:59:23.6332329Z copying path '/nix/store/gkybjpr7hcadxin0si10prmcggd01q6i-python3.14-pyfdt-0.3' from 'https://cache.nixos.org'...
2026-09-10T11:59:23.6394723Z copying path '/nix/store/d2hz9g47ji437wnvjyz615aj61mnj7vd-python3.14-setuptools-82.0.1' from 'https://cache.nixos.org'...
2026-09-10T11:59:23.6432266Z copying path '/nix/store/kfyq0c1c29nfx9wklhablfr3yspx8h0x-raptor2-2.0.16' from 'https://cache.nixos.org'...
2026-09-10T11:59:23.6442410Z copying path '/nix/store/6mix243njny7yps0nbppyf9vh04d29gl-riscv64-unknown-linux-gnu-binutils-wrapper-2.46' from 'https://cache.nixos.org'...
2026-09-10T11:59:23.6472754Z copying path '/nix/store/kbqrsrccxkdl7lik6wp3v86r35d41k3h-ruff-0.15.20' from 'https://cache.nixos.org'...
2026-09-10T11:59:23.6502418Z copying path '/nix/store/nsfknd9kfypn5f3rb7zz2978c1yj5sp0-python3.14-jinja2-3.1.6' from 'https://cache.nixos.org'...
2026-09-10T11:59:23.6532335Z copying path '/nix/store/9vj55909r9midg5sz7v2g4x8kjczf1l7-rustup-1.29.0' from 'https://cache.nixos.org'...
2026-09-10T11:59:23.6562283Z copying path '/nix/store/ini3n2mmkjawqw86frfaz5wacqkd12yq-sbc-2.2' from 'https://cache.nixos.org'...
2026-09-10T11:59:23.6617750Z copying path '/nix/store/a2j3mxj5dvyll9lzsp62dwcbp5a663ay-simdutf-9.0.0' from 'https://cache.nixos.org'...
2026-09-10T11:59:23.6642823Z copying path '/nix/store/3gg2p3cmjrzjqwfy0xy5qs48q488axlr-snappy-1.2.2' from 'https://cache.nixos.org'...
2026-09-10T11:59:23.6851280Z copying path '/nix/store/mxc5nq8j7h78ln9mxc818p9xd5s35apf-lrdf-0.6.1' from 'https://cache.nixos.org'...
2026-09-10T11:59:23.6856430Z copying path '/nix/store/5fbj06z893cv9sxskv7bj1hj037v0m5b-libbpf-1.7.0' from 'https://cache.nixos.org'...
2026-09-10T11:59:23.6912255Z copying path '/nix/store/nfr8x8xifd9zj79ix47igajj9fqm2pv0-cairo-1.18.4' from 'https://cache.nixos.org'...
2026-09-10T11:59:23.6962783Z copying path '/nix/store/7lskv2pspakmd1rgccjknnrv3kvk3y9i-gdk-pixbuf-2.44.6' from 'https://cache.nixos.org'...
2026-09-10T11:59:23.6978283Z copying path '/nix/store/p7hjam1k5ffigq4gg1l3kyj4yfrdrc06-glibmm-2.66.8' from 'https://cache.nixos.org'...
2026-09-10T11:59:23.7012613Z copying path '/nix/store/hdc8hsm465p4piq1fvw6c4wl97xg9g1p-dconf-0.49.0-lib' from 'https://cache.nixos.org'...
2026-09-10T11:59:23.7019078Z copying path '/nix/store/a4944cdw46scyqswk4mzx53k3mp9dpcr-graphene-1.10.8' from 'https://cache.nixos.org'...
2026-09-10T11:59:23.7042390Z copying path '/nix/store/0k9p5w0hsin65whgnlhi8dyd51jry5bp-gstreamer-1.28.4' from 'https://cache.nixos.org'...
2026-09-10T11:59:23.7082390Z copying path '/nix/store/m8qqxna1viay4vnbw1srpqmfhxcjnx0w-harfbuzz-13.2.1' from 'https://cache.nixos.org'...
2026-09-10T11:59:23.7182360Z copying path '/nix/store/xrq1azhzqhfkyfwyhfxkvnfgch0y4jp8-json-glib-1.10.8' from 'https://cache.nixos.org'...
2026-09-10T11:59:23.7248011Z copying path '/nix/store/iwsmzgzn7g9sbx7kz7ay603gi27riv6a-libcacard-2.8.2' from 'https://cache.nixos.org'...
2026-09-10T11:59:23.7381237Z copying path '/nix/store/6j3qvhfwv5rcpb7qrv0sk6yz9d1rlv2p-libgudev-238' from 'https://cache.nixos.org'...
2026-09-10T11:59:23.7454051Z copying path '/nix/store/ky2rjkl35vwadqj9bmj9wq0sib079ij1-gobject-introspection-1.86.0' from 'https://cache.nixos.org'...
2026-09-10T11:59:23.7469812Z copying path '/nix/store/krikzdirrkbwsrrw8rwcj66aclcxwcij-libslirp-4.9.3' from 'https://cache.nixos.org'...
2026-09-10T11:59:23.7535648Z copying path '/nix/store/35nkdgv5lwmn10h7vm78cjazq5fjbnnw-libass-0.17.4' from 'https://cache.nixos.org'...
2026-09-10T11:59:23.7557842Z copying path '/nix/store/2dmwaqsmjzk8h2k57cl451a1p37q4r7n-libsoup-3.6.6' from 'https://cache.nixos.org'...
2026-09-10T11:59:23.7572401Z copying path '/nix/store/l1bgaxkiw1qfppzhn571qmc8qwb15w4x-boost-1.89.0' from 'https://cache.nixos.org'...
2026-09-10T11:59:23.7602401Z copying path '/nix/store/m1wz5hfbkgp472an6s7503qjk4v4nkrm-libical-3.0.20' from 'https://cache.nixos.org'...
2026-09-10T11:59:23.7641180Z copying path '/nix/store/448pha3djk55i3cwi1m0w6v7k988dz1q-libxmlb-0.3.27-lib' from 'https://cache.nixos.org'...
2026-09-10T11:59:23.7662602Z copying path '/nix/store/nf22l6y3c9dfi4l3z0j4zqi87dp7x5dm-pango-1.57.1' from 'https://cache.nixos.org'...
2026-09-10T11:59:23.7688814Z copying path '/nix/store/4cz740l57hhga9wzjqvjjyycprmcnl42-libxml++-3.2.5' from 'https://cache.nixos.org'...
2026-09-10T11:59:23.7727384Z copying path '/nix/store/b9v24gzx3zgq1vl7yd6h57lkxxpny0sv-qemu-11.0.1-ga' from 'https://cache.nixos.org'...
2026-09-10T11:59:23.7810272Z copying path '/nix/store/hqbxwii9cirns1d3qh7brwmlnldxv8qj-riscv64-unknown-linux-gnu-gcc-15.2.0' from 'https://cache.nixos.org'...
2026-09-10T11:59:23.8967749Z copying path '/nix/store/il5lkr53xqpcfx37da2vlxivwdrkknml-soundtouch-2.4.1' from 'https://cache.nixos.org'...
2026-09-10T11:59:23.9172179Z copying path '/nix/store/b8bi4bnmfqyyd6mp5agqk5r3zmxqzd9k-soxr-0.1.3' from 'https://cache.nixos.org'...
2026-09-10T11:59:23.9202594Z copying path '/nix/store/jg07s3vj28l5pimncvbykz1d8y444cir-librsvg-2.62.3' from 'https://cache.nixos.org'...
2026-09-10T11:59:23.9204007Z copying path '/nix/store/54i4njwpqxavpws99qx8bh856mgl3qgf-spandsp-0.0.6' from 'https://cache.nixos.org'...
2026-09-10T11:59:23.9235108Z copying path '/nix/store/k2fjy3i7999g5za5psw6knj5l4c14qfl-ffado-2.4.9' from 'https://cache.nixos.org'...
2026-09-10T11:59:23.9262850Z copying path '/nix/store/cvc3sdc17nbhhg2ww53k2r7a2qg7sqy1-speexdsp-1.2.1' from 'https://cache.nixos.org'...
2026-09-10T11:59:23.9312789Z copying path '/nix/store/4wmaj1lk6r5cxpvyz1zn09xfjfprz34m-srt-1.5.5' from 'https://cache.nixos.org'...
2026-09-10T11:59:23.9372603Z copying path '/nix/store/yygs267rmxgmryb9xkwq2xw5iqlyqny1-svt-av1-4.1.0' from 'https://cache.nixos.org'...
2026-09-10T11:59:23.9402495Z copying path '/nix/store/v5qwq0zc5h8vh121y16kf2kxayhw05ay-systemd-minimal-261' from 'https://cache.nixos.org'...
2026-09-10T11:59:23.9447350Z copying path '/nix/store/ifhxxdcjnic1zr186y5y86ampf0wj51w-gssdp-1.6.5' from 'https://cache.nixos.org'...
2026-09-10T11:59:23.9492453Z copying path '/nix/store/n9rz0c6xxi20jfdvzi5f3j4sssng0jgz-tpm2-tss-4.1.3' from 'https://cache.nixos.org'...
2026-09-10T11:59:23.9522934Z copying path '/nix/store/x4ajn3n8c25bb8q6x3l7msyag9zy6f8w-update-autotools-gnu-config-scripts-hook' from 'https://cache.nixos.org'...
2026-09-10T11:59:23.9532419Z copying path '/nix/store/sczbndsl16w439fpl7rjc3v3gy1hh2bw-unbound-1.25.1-lib' from 'https://cache.nixos.org'...
2026-09-10T11:59:23.9562447Z copying path '/nix/store/w1kn3xxs319r0n6si2xq798rv1v5mgbs-usbredir-0.15.0' from 'https://cache.nixos.org'...
2026-09-10T11:59:23.9583874Z copying path '/nix/store/ksd06c532z8qx5im9w6k6br1z9cqaxv1-util-linux-minimal-2.42.2-bin' from 'https://cache.nixos.org'...
2026-09-10T11:59:23.9665243Z copying path '/nix/store/r8c4rqkdd4xrlkywzz1gn6j0z4a4cn5c-lld-21.1.8-dev' from 'https://cache.nixos.org'...
2026-09-10T11:59:23.9762921Z copying path '/nix/store/hryr1yjaayc6nvqcldj01wadgpmpjhqq-gupnp-1.6.10' from 'https://cache.nixos.org'...
2026-09-10T11:59:23.9764500Z copying path '/nix/store/15lyr96pc5k5afi1sgsll8appys579aa-v4l-utils-1.32.0' from 'https://cache.nixos.org'...
2026-09-10T11:59:23.9929808Z copying path '/nix/store/vqnvbk2sj2537vhgjyf3r729hh3w05aa-vde2-2.3.3' from 'https://cache.nixos.org'...
2026-09-10T11:59:23.9974078Z copying path '/nix/store/s7l7l086jgd9c5k8d8qmqpcbc01f0pyi-vid.stab-1.1.1-unstable-2025-08-21' from 'https://cache.nixos.org'...
2026-09-10T11:59:24.0053234Z copying path '/nix/store/pyk38pphc00gnlnyyb2bb1p1ba4ssl4j-gnutls-3.8.13' from 'https://cache.nixos.org'...
2026-09-10T11:59:24.0055058Z copying path '/nix/store/i69jbz1v0vd0mrh8zgg2w9bq63s3yax7-wayland-1.25.0' from 'https://cache.nixos.org'...
2026-09-10T11:59:24.0082637Z copying path '/nix/store/jni38wis2qyv22qhmy7b1a1x0rh626ki-webrtc-audio-processing-1.3' from 'https://cache.nixos.org'...
2026-09-10T11:59:24.0083624Z copying path '/nix/store/6iw8l1b9hbljwqbrk7g62q36p9mihj9w-vulkan-loader-1.4.350.0' from 'https://cache.nixos.org'...
2026-09-10T11:59:24.0084965Z copying path '/nix/store/d3680qkya668d8496l5kibj9raiv0gsw-libpisp-1.2.1' from 'https://cache.nixos.org'...
2026-09-10T11:59:24.0109871Z copying path '/nix/store/xy0mrjgcfb9vihldp7a9khmv01g47qah-gupnp-igd-1.6.0' from 'https://cache.nixos.org'...
2026-09-10T11:59:24.0164536Z copying path '/nix/store/jxbf5j299rlzail9hcvax2rshfmmkpf4-wildmidi-0.4.6' from 'https://cache.nixos.org'...
2026-09-10T11:59:24.0190844Z copying path '/nix/store/ghrwm1pnmmp3yv3y77kcn94c45bvca3k-x265-4.2' from 'https://cache.nixos.org'...
2026-09-10T11:59:24.0232745Z copying path '/nix/store/jizcaajladih0ml36m7s4afbdgny9siz-xz-5.8.3-bin' from 'https://cache.nixos.org'...
2026-09-10T11:59:24.0241754Z copying path '/nix/store/0gv6qxracdpkkysrw9hn87k1n3ssz556-gst-plugins-base-1.28.4' from 'https://cache.nixos.org'...
2026-09-10T11:59:24.0278110Z copying path '/nix/store/3czdq7gc7mn72d44b2dmrv0vsqkyzi9n-zimg-3.0.6' from 'https://cache.nixos.org'...
2026-09-10T11:59:24.0302685Z copying path '/nix/store/prg08af815ssb9fgj465nlvl720xacr5-libva-2.23.0' from 'https://cache.nixos.org'...
2026-09-10T11:59:24.0319393Z copying path '/nix/store/izyiphiacfkf171pfjc0rwrsq4b9lq5a-libxkbcommon-1.13.2' from 'https://cache.nixos.org'...
2026-09-10T11:59:24.0340437Z copying path '/nix/store/fqzqydrgraxg5ib0vvgnwrzvwz9rr3cf-gfxstream-0.1.2' from 'https://cache.nixos.org'...
2026-09-10T11:59:24.0362560Z copying path '/nix/store/id4w82qalkc9rbvqv2xrqd12nwa7r8qk-zxing-cpp-2.3.0' from 'https://cache.nixos.org'...
2026-09-10T11:59:24.0446639Z copying path '/nix/store/6m72h6zi3z6rhwjlb4n5cg4yiqgl9078-libmicrohttpd-1.0.5' from 'https://cache.nixos.org'...
2026-09-10T11:59:24.0502459Z copying path '/nix/store/fsflqsdbj7xj7rg73v8195jijmc9ird5-libnice-0.1.23' from 'https://cache.nixos.org'...
2026-09-10T11:59:24.0542555Z copying path '/nix/store/x2nn0gxp53a95nl72xysa73vn3pjk8xm-stdenv-linux' from 'https://cache.nixos.org'...
2026-09-10T11:59:24.0562082Z copying path '/nix/store/ix2khgv4k3j2mm5yf2hhnyp0rlhfp2nz-stdenv-linux-no-cc' from 'https://cache.nixos.org'...
2026-09-10T11:59:24.0588085Z copying path '/nix/store/r93wsc10wfmzrywqr03a5ij14l4dizh5-virglrenderer-1.3.0' from 'https://cache.nixos.org'...
2026-09-10T11:59:24.0843727Z copying path '/nix/store/99bh37dhcwpwqmr8lvqjf3409skrrg31-systemd-261' from 'https://cache.nixos.org'...
2026-09-10T11:59:24.1502820Z building '/nix/store/j8q3nyrpa7yf7j74yyq84d1cr92l348b-builder.pl.drv'...
2026-09-10T11:59:24.1513160Z copying path '/nix/store/cad185jdmrnypc0akyy9ra02hd6xxlcr-fuse-3.18.2' from 'https://cache.nixos.org'...
2026-09-10T11:59:24.1552522Z copying path '/nix/store/cbcbwzrsx8q12f209a0kv13b8zav8zva-rutabaga_gfx-0.1.6' from 'https://cache.nixos.org'...
2026-09-10T11:59:24.1772388Z copying path '/nix/store/3i7ih0hgqglav79a9bl8srcfipsxj0zd-spice-0.16.0' from 'https://cache.nixos.org'...
2026-09-10T11:59:24.1842762Z copying path '/nix/store/ymcrnmk1n0aq1bsfpndndc4h6akgk3v3-libcamera-0.7.0' from 'https://cache.nixos.org'...
2026-09-10T11:59:24.1963508Z copying path '/nix/store/pgvbfbix71pv8wbqjg7k6g7aq0yhn976-dbus-1.16.2-lib' from 'https://cache.nixos.org'...
2026-09-10T11:59:24.2133217Z copying path '/nix/store/asx95mjf40ihnr1nkqhzgr6q9x8rvr4x-bluez-5.86' from 'https://cache.nixos.org'...
2026-09-10T11:59:24.2134559Z copying path '/nix/store/fvykbaiar0an6l8bjy7vranv9j59nkzq-at-spi2-core-2.60.4' from 'https://cache.nixos.org'...
2026-09-10T11:59:24.2135715Z copying path '/nix/store/p12nspa1cgpss6rsffh5k8lcp1f6kvk6-avahi-0.8' from 'https://cache.nixos.org'...
2026-09-10T11:59:24.2136695Z copying path '/nix/store/3va7klvwbhxcqczfqrb8xj6w4bqidr0s-libpulseaudio-17.0' from 'https://cache.nixos.org'...
2026-09-10T11:59:24.2137661Z copying path '/nix/store/znw5vy6giqr403rxs65qmhvz5d8yc0by-libjack2-1.9.22' from 'https://cache.nixos.org'...
2026-09-10T11:59:24.2800217Z copying path '/nix/store/v16wcxs588vy5k7zswkziicx3lnqlqgq-cups-2.4.19-lib' from 'https://cache.nixos.org'...
2026-09-10T11:59:24.2869963Z copying path '/nix/store/66fs19qwvhcmxjmrjshhap6dzsnzs1ba-tinysparql-3.11.1' from 'https://cache.nixos.org'...
2026-09-10T11:59:24.2892898Z copying path '/nix/store/bgx7grcjzrgdd03amgp6giqkvs6h3nqc-flite-2.2-lib' from 'https://cache.nixos.org'...
2026-09-10T11:59:24.2893989Z copying path '/nix/store/icbm5mffmgbnvaz0iry8pbibaw6rlf2k-mpg123-1.33.5' from 'https://cache.nixos.org'...
2026-09-10T11:59:24.2895072Z copying path '/nix/store/0g3c8szc098qzbb0mx4pxzyx46vj08r6-fluidsynth-2.5.5' from 'https://cache.nixos.org'...
2026-09-10T11:59:24.2896079Z copying path '/nix/store/fsyflldh4di6sjp05jpm5gpbqh4ndm8j-libao-1.2.2' from 'https://cache.nixos.org'...
2026-09-10T11:59:24.3095160Z copying path '/nix/store/0f22saa27jg9d6zxlciza11xsv3in52j-sox-unstable-2021-05-09-lib' from 'https://cache.nixos.org'...
2026-09-10T11:59:24.3219632Z copying path '/nix/store/rajpp1i9py0dyib6ira28zqw1j2n6rcb-libopenmpt-0.8.7' from 'https://cache.nixos.org'...
2026-09-10T11:59:24.3380477Z copying path '/nix/store/g50rx9yz3fl0ffdjm8qyr58j5sf806qq-roc-toolkit-0.4.0' from 'https://cache.nixos.org'...
2026-09-10T11:59:24.3732240Z copying path '/nix/store/0s350m2q129hisg2qdr8iryngm475ixd-ffmpeg-headless-8.1.2-lib' from 'https://cache.nixos.org'...
2026-09-10T11:59:24.3953443Z copying path '/nix/store/nf1m5hb9nngczpqsizpcc62s6y14ll0f-gtk+3-3.24.52' from 'https://cache.nixos.org'...
2026-09-10T11:59:24.5333617Z copying path '/nix/store/fvjf84lwf59pfsvm3286bwm67qlchrml-chromaprint-1.6.0' from 'https://cache.nixos.org'...
2026-09-10T11:59:24.5704369Z copying path '/nix/store/kml8ydg198sxzck5n62hx71vhcrg4j70-appstream-1.1.3' from 'https://cache.nixos.org'...
2026-09-10T11:59:24.5745065Z copying path '/nix/store/6d3m2054mysxb6i02337bif9wfswixbi-libcanberra-0.30' from 'https://cache.nixos.org'...
2026-09-10T11:59:24.6153483Z building '/nix/store/gka3szc4xc3n6v87z8jhbrzhyan1w901-haskell-generic-builder-test-wrapper.sh.drv'...
2026-09-10T11:59:24.6203861Z copying path '/nix/store/c0slsa75i9hhiwi6y7hkd1i9h1mxf3nz-pipewire-1.6.7' from 'https://cache.nixos.org'...
2026-09-10T11:59:24.6232988Z copying path '/nix/store/c71wxbh3bsqznmf6sbqr7qg4iaklzgqv-libdecor-0.2.5' from 'https://cache.nixos.org'...
2026-09-10T11:59:24.6263283Z copying path '/nix/store/1bdf9v05vrmlv743ihhy5s5rb7sbk13p-vte-0.84.0' from 'https://cache.nixos.org'...
2026-09-10T11:59:24.8671942Z building '/nix/store/hw53gvh0bhrxv6fgfwf5l10sipb5x55d-python3-3.14.6-env.drv'...
2026-09-10T11:59:24.8728495Z copying path '/nix/store/h1il0c6vww1xsgpv87n4w7w6z9bnpzn1-openal-soft-1.24.3' from 'https://cache.nixos.org'...
2026-09-10T11:59:24.8983126Z copying path '/nix/store/yry0q365q5hx0psm7apx45lq27msagna-gst-plugins-bad-1.28.4' from 'https://cache.nixos.org'...
2026-09-10T11:59:25.1260770Z copying path '/nix/store/l9nw2qv0d2cxqfrd720g6h6m5aad7l45-gtk4-4.22.4' from 'https://cache.nixos.org'...
2026-09-10T11:59:25.1783451Z copying path '/nix/store/pm7q3wrjp5sf0rb7dpv7shhbf68mz2n4-riscv64-unknown-linux-gnu-gcc-wrapper-15.2.0' from 'https://cache.nixos.org'...
2026-09-10T11:59:25.3127714Z copying path '/nix/store/94li861jsl9h777mi5fkymha2bn0qvdm-libadwaita-1.9.1' from 'https://cache.nixos.org'...
2026-09-10T11:59:25.3277393Z copying path '/nix/store/m00950aa5423ikxlzpq2f1z5xg6vszcb-zenity-4.2.2' from 'https://cache.nixos.org'...
2026-09-10T11:59:25.3722929Z copying path '/nix/store/9dznn0illkzrxn6ygrcwd6plzhxdwpvh-sdl3-3.4.10-lib' from 'https://cache.nixos.org'...
2026-09-10T11:59:25.3873107Z copying path '/nix/store/k9vq4xip63l4asi61xpvqj8yqja0im91-sdl2-compat-2.32.70' from 'https://cache.nixos.org'...
2026-09-10T11:59:25.3986198Z copying path '/nix/store/kqzbfng2cl4k0rh82cmyaak49b13flv2-SDL2_image-2.8.12' from 'https://cache.nixos.org'...
2026-09-10T11:59:25.4023450Z copying path '/nix/store/7mdnxq531qcyl5f61r5p8csvnqwpfr00-qemu-11.0.1' from 'https://cache.nixos.org'...
2026-09-10T11:59:27.1638212Z building '/nix/store/6z28sg0xrqiclwpi493xg7fqh909b224-remove-references-to.drv'...
2026-09-10T11:59:32.9625019Z copying path '/nix/store/h0znbp0zq5ylv9ibrmd1bnnr3f4rmi4r-call-stack-0.4.0' from 'https://cache.nixos.org'...
2026-09-10T11:59:32.9626070Z copying path '/nix/store/w5780n8fqpmxknq9cb70f52fwl4vnrm5-haskell-lexer-1.2.1' from 'https://cache.nixos.org'...
2026-09-10T11:59:32.9626928Z copying path '/nix/store/3c5411743ilb81y1x1igqybvax1qyrfq-colour-2.3.7' from 'https://cache.nixos.org'...
2026-09-10T11:59:32.9627742Z copying path '/nix/store/p8gbl2r66zj5zhd2kgrdknq8q79yi31m-hspec-discover-2.11.17' from 'https://cache.nixos.org'...
2026-09-10T11:59:32.9628696Z copying path '/nix/store/9sn28c636h03kpj8spr0kaj4jy7mvcb5-splitmix-0.1.3.2' from 'https://cache.nixos.org'...
2026-09-10T11:59:32.9903599Z copying path '/nix/store/ibmmivxhhc9rhplbqqarw2j10lsb7nc1-HUnit-1.6.2.0' from 'https://cache.nixos.org'...
2026-09-10T11:59:32.9922593Z copying path '/nix/store/rhmk1w61h0jx4rwhicm9q1j2jwdnn8lf-random-1.2.1.3' from 'https://cache.nixos.org'...
2026-09-10T11:59:32.9998170Z copying path '/nix/store/lwd2yx38xq286mlly8j3pz7qz20rj34i-hspec-expectations-0.8.4' from 'https://cache.nixos.org'...
2026-09-10T11:59:33.0004532Z copying path '/nix/store/kxhmcdrzvmk8zqxsjbw91ajslaj88p0a-ansi-terminal-types-1.1.3' from 'https://cache.nixos.org'...
2026-09-10T11:59:33.0105980Z copying path '/nix/store/spn882nr8rrw2fddkbcpvjy9zms81fp4-ansi-terminal-1.1.5' from 'https://cache.nixos.org'...
2026-09-10T11:59:33.0373844Z copying path '/nix/store/jxdddlvv82bwjnp5hw0wnh6dni83mc5x-QuickCheck-2.15.0.1' from 'https://cache.nixos.org'...
2026-09-10T11:59:33.1633878Z copying path '/nix/store/lpj155dbg5cvjv0cn446jyb7pr6k7xx8-quickcheck-io-0.2.0' from 'https://cache.nixos.org'...
2026-09-10T11:59:33.1696596Z copying path '/nix/store/p90x9gz574732w0glqz3n8iklq48xlh5-hspec-core-2.11.17' from 'https://cache.nixos.org'...
2026-09-10T11:59:33.2866561Z copying path '/nix/store/cimc67a8jyrplac6b0fpgps8dall7fgx-hspec-2.11.17' from 'https://cache.nixos.org'...
2026-09-10T11:59:33.3423563Z building '/nix/store/q0szja86z97m5imp81hpbv73b2zrjvjw-myque-0.1.0.0.drv'...
2026-09-10T11:59:51.1457340Z building '/nix/store/8bjgigdw8s0m1m2dxnmlcb5lp1s89gp3-nix-shell-env.drv'...
2026-09-10T11:59:51.6867383Z info: syncing channel updates for nightly-2026-05-26-aarch64-unknown-linux-gnu
2026-09-10T11:59:51.8260810Z info: latest update on 2026-05-26 for version 1.98.0-nightly (31a9463c6 2026-05-25)
2026-09-10T11:59:51.8362478Z info: component clippy is up to date
2026-09-10T11:59:51.8362983Z info: component llvm-tools is up to date
2026-09-10T11:59:51.8363359Z info: component miri is up to date
2026-09-10T11:59:51.8363685Z info: component rust-src is up to date
2026-09-10T11:59:51.8364052Z info: component rust-std is up to date
2026-09-10T11:59:51.8364482Z info: component rust-std for target aarch64-unknown-none is up to date
2026-09-10T11:59:51.8365009Z info: component rust-std for target x86_64-unknown-none is up to date
2026-09-10T11:59:51.8365429Z info: component rustfmt is up to date
2026-09-10T11:59:51.8373843Z 
2026-09-10T11:59:51.8445435Z info: self-update is disabled for this build of rustup
2026-09-10T11:59:51.8446169Z info: any updates to rustup will need to be fetched with your system package manager
2026-09-10T11:59:51.8446818Z   nightly-2026-05-26-aarch64-unknown-linux-gnu unchanged - rustc 1.98.0-nightly (31a9463c6 2026-05-25)
2026-09-10T11:59:51.8447291Z 
2026-09-10T11:59:51.8878927Z info: syncing channel updates for nightly-2026-04-04-aarch64-unknown-linux-gnu
2026-09-10T11:59:52.2905399Z info: latest update on 2026-04-04 for version 1.96.0-nightly (2972b5e59 2026-04-03)
2026-09-10T11:59:52.3005975Z info: component clippy is up to date
2026-09-10T11:59:52.3006558Z info: component rust-src is up to date
2026-09-10T11:59:52.3006900Z info: component rust-std is up to date
2026-09-10T11:59:52.3007276Z info: component rustfmt is up to date
2026-09-10T11:59:52.3017071Z 
2026-09-10T11:59:52.3089210Z   nightly-2026-04-04-aarch64-unknown-linux-gnu unchanged - rustc 1.96.0-nightly (2972b5e59 2026-04-03)
2026-09-10T11:59:52.3089663Z 
2026-09-10T11:59:52.3091550Z info: self-update is disabled for this build of rustup
2026-09-10T11:59:52.3092182Z info: any updates to rustup will need to be fetched with your system package manager
2026-09-10T11:59:52.3152967Z just 1.56.0
2026-09-10T11:59:52.3164347Z ##[end-action id=__self.__run;outcome=success;conclusion=success;duration_ms=32432]
2026-09-10T11:59:52.3174658Z ##[start-action display=Fetch pinned crates;id=__self.__run_2]
2026-09-10T11:59:52.3198471Z ##[group]Run set -euo pipefail
2026-09-10T11:59:52.3198940Z [36;1mset -euo pipefail[0m
2026-09-10T11:59:52.3199294Z [36;1mtoolchain="$(nix develop --command python3 -c \[0m
2026-09-10T11:59:52.3199974Z [36;1m  "import pathlib,tomllib; print(tomllib.loads(pathlib.Path('sel4/pins.toml').read_text())['rust_sel4']['toolchain'])")"[0m
2026-09-10T11:59:52.3200669Z [36;1m# Our own workspaces, each with its own lockfile, because `cargo[0m
2026-09-10T11:59:52.3201173Z [36;1m# fetch` resolves one manifest at a time: the two top-level[0m
2026-09-10T11:59:52.3201925Z [36;1m# workspaces, the shared base rust-sel4 checkout, and one per patched[0m
2026-09-10T11:59:52.3202467Z [36;1m# physical platform's independent loader submodule[0m
2026-09-10T11:59:52.3202883Z [36;1m# (`sel4/pins.toml`'s `[rust_sel4_<platform>]` tables).[0m
2026-09-10T11:59:52.3203243Z [36;1mfor manifest in \[0m
2026-09-10T11:59:52.3203533Z [36;1m  Cargo.toml \[0m
2026-09-10T11:59:52.3203835Z [36;1m  slime-root/child/Cargo.toml \[0m
2026-09-10T11:59:52.3204162Z [36;1m  deps/rust-sel4/Cargo.toml \[0m
2026-09-10T11:59:52.3204496Z [36;1m  deps/rust-sel4-bcm2712-rpi5/Cargo.toml \[0m
2026-09-10T11:59:52.3204885Z [36;1m  deps/rust-sel4-cv1800b-duo/Cargo.toml \[0m
2026-09-10T11:59:52.3205537Z [36;1m  deps/rust-sel4-ns02201-h1v1/Cargo.toml \[0m
2026-09-10T11:59:52.3205894Z [36;1m; do[0m
2026-09-10T11:59:52.3206189Z [36;1m  echo "::group::cargo fetch $manifest"[0m
2026-09-10T11:59:52.3206658Z [36;1m  nix develop --command cargo fetch --locked --manifest-path "$manifest"[0m
2026-09-10T11:59:52.3207303Z [36;1m  RUSTUP_TOOLCHAIN="$toolchain" \[0m
2026-09-10T11:59:52.3207766Z [36;1m    nix develop --command cargo fetch --locked --manifest-path "$manifest"[0m
2026-09-10T11:59:52.3208218Z [36;1m  echo "::endgroup::"[0m
2026-09-10T11:59:52.3208480Z [36;1mdone[0m
2026-09-10T11:59:52.3208804Z [36;1m# And the standard library's own workspace, which is the one that[0m
2026-09-10T11:59:52.3209351Z [36;1m# actually broke: `-Z build-std` compiles `sysroot` from `rust-src`,[0m
2026-09-10T11:59:52.3209828Z [36;1m# and that workspace pulls crates.io dependencies of its own[0m
2026-09-10T11:59:52.3210334Z [36;1m# (`unwinding`, `compiler_builtins`, ...) which no manifest above[0m
2026-09-10T11:59:52.3210829Z [36;1m# names. Fetching only our lockfiles left the child build resolving[0m
2026-09-10T11:59:52.3211309Z [36;1m# `unwinding` offline against an empty cache.[0m
2026-09-10T11:59:52.3212099Z [36;1mfor tc in "$toolchain" ""; do[0m
2026-09-10T11:59:52.3212574Z [36;1m  sysroot="$(RUSTUP_TOOLCHAIN="$tc" nix develop --command rustc --print sysroot | tail -1)"[0m
2026-09-10T11:59:52.3213142Z [36;1m  library="$sysroot/lib/rustlib/src/rust/library"[0m
2026-09-10T11:59:52.3213580Z [36;1m  # Absent unless `rust-src` is installed for that toolchain; the dev[0m
2026-09-10T11:59:52.3214132Z [36;1m  # shell's hook installs it for both, so a miss is worth reporting[0m
2026-09-10T11:59:52.3214538Z [36;1m  # rather than skipping silently.[0m
2026-09-10T11:59:52.3215267Z [36;1m  if [ ! -f "$library/Cargo.toml" ]; then[0m
2026-09-10T11:59:52.3215705Z [36;1m    echo "no rust-src library workspace at $library" >&2[0m
2026-09-10T11:59:52.3216059Z [36;1m    exit 1[0m
2026-09-10T11:59:52.3216331Z [36;1m  fi[0m
2026-09-10T11:59:52.3216619Z [36;1m  echo "::group::cargo fetch rust-src (${tc:-default})"[0m
2026-09-10T11:59:52.3217021Z [36;1m  RUSTUP_TOOLCHAIN="$tc" \[0m
2026-09-10T11:59:52.3217476Z [36;1m    nix develop --command cargo fetch --locked --manifest-path "$library/Cargo.toml"[0m
2026-09-10T11:59:52.3218004Z [36;1m  echo "::endgroup::"[0m
2026-09-10T11:59:52.3218268Z [36;1mdone[0m
2026-09-10T11:59:52.3280279Z shell: /usr/bin/bash --noprofile --norc -e -o pipefail {0}
2026-09-10T11:59:52.3280657Z env:
2026-09-10T11:59:52.3281027Z   CARGO_TERM_COLOR: always
2026-09-10T11:59:52.3281628Z   NIX_PROFILES: /nix/var/nix/profiles/default /home/runner/.nix-profile
2026-09-10T11:59:52.3282187Z   NIX_USER_PROFILE_DIR: /nix/var/nix/profiles/per-user/runner
2026-09-10T11:59:52.3282599Z   NIX_SSL_CERT_FILE: /etc/ssl/certs/ca-certificates.crt
2026-09-10T11:59:52.3282957Z ##[endgroup]
2026-09-10T11:59:54.8506293Z info: syncing channel updates for nightly-2026-05-26-aarch64-unknown-linux-gnu
2026-09-10T11:59:54.9258191Z info: latest update on 2026-05-26 for version 1.98.0-nightly (31a9463c6 2026-05-25)
2026-09-10T11:59:54.9359855Z info: component clippy is up to date
2026-09-10T11:59:54.9360278Z info: component llvm-tools is up to date
2026-09-10T11:59:54.9360815Z info: component miri is up to date
2026-09-10T11:59:54.9361147Z info: component rust-src is up to date
2026-09-10T11:59:54.9361748Z info: component rust-std is up to date
2026-09-10T11:59:54.9362177Z info: component rust-std for target aarch64-unknown-none is up to date
2026-09-10T11:59:54.9362717Z info: component rust-std for target x86_64-unknown-none is up to date
2026-09-10T11:59:54.9363168Z info: component rustfmt is up to date
2026-09-10T11:59:54.9444190Z info: self-update is disabled for this build of rustup
2026-09-10T11:59:54.9444989Z info: any updates to rustup will need to be fetched with your system package manager
2026-09-10T11:59:54.9873463Z info: syncing channel updates for nightly-2026-04-04-aarch64-unknown-linux-gnu
2026-09-10T11:59:55.0688896Z info: latest update on 2026-04-04 for version 1.96.0-nightly (2972b5e59 2026-04-03)
2026-09-10T11:59:55.0791872Z info: component clippy is up to date
2026-09-10T11:59:55.0792357Z info: component rust-src is up to date
2026-09-10T11:59:55.0792668Z info: component rust-std is up to date
2026-09-10T11:59:55.0793340Z info: component rustfmt is up to date
2026-09-10T11:59:55.0876006Z info: self-update is disabled for this build of rustup
2026-09-10T11:59:55.0876829Z info: any updates to rustup will need to be fetched with your system package manager
2026-09-10T11:59:55.1230791Z ##[group]cargo fetch Cargo.toml
2026-09-10T11:59:55.4296291Z info: syncing channel updates for nightly-2026-05-26-aarch64-unknown-linux-gnu
2026-09-10T11:59:55.5119049Z info: latest update on 2026-05-26 for version 1.98.0-nightly (31a9463c6 2026-05-25)
2026-09-10T11:59:55.5219671Z info: component clippy is up to date
2026-09-10T11:59:55.5220212Z info: component llvm-tools is up to date
2026-09-10T11:59:55.5220591Z info: component miri is up to date
2026-09-10T11:59:55.5220927Z info: component rust-src is up to date
2026-09-10T11:59:55.5221307Z info: component rust-std is up to date
2026-09-10T11:59:55.5221860Z info: component rust-std for target aarch64-unknown-none is up to date
2026-09-10T11:59:55.5222432Z info: component rust-std for target x86_64-unknown-none is up to date
2026-09-10T11:59:55.5222864Z info: component rustfmt is up to date
2026-09-10T11:59:55.5231007Z 
2026-09-10T11:59:55.5301704Z   nightly-2026-05-26-aarch64-unknown-linux-gnu unchanged - rustc 1.98.0-nightly (31a9463c6 2026-05-25)
2026-09-10T11:59:55.5302238Z 
2026-09-10T11:59:55.5302890Z info: self-update is disabled for this build of rustup
2026-09-10T11:59:55.5303461Z info: any updates to rustup will need to be fetched with your system package manager
2026-09-10T11:59:55.5729432Z info: syncing channel updates for nightly-2026-04-04-aarch64-unknown-linux-gnu
2026-09-10T11:59:55.6527410Z info: latest update on 2026-04-04 for version 1.96.0-nightly (2972b5e59 2026-04-03)
2026-09-10T11:59:55.6630671Z info: component clippy is up to date
2026-09-10T11:59:55.6631088Z info: component rust-src is up to date
2026-09-10T11:59:55.6631703Z info: component rust-std is up to date
2026-09-10T11:59:55.6632053Z info: component rustfmt is up to date
2026-09-10T11:59:55.6641642Z 
2026-09-10T11:59:55.6713983Z   nightly-2026-04-04-aarch64-unknown-linux-gnu unchanged - rustc 1.96.0-nightly (2972b5e59 2026-04-03)
2026-09-10T11:59:55.6714704Z info: self-update is disabled for this build of rustup
2026-09-10T11:59:55.6715202Z info: any updates to rustup will need to be fetched with your system package manager
2026-09-10T11:59:55.6715582Z 
2026-09-10T11:59:56.0783869Z info: syncing channel updates for nightly-2026-05-26-aarch64-unknown-linux-gnu
2026-09-10T11:59:56.1526276Z info: latest update on 2026-05-26 for version 1.98.0-nightly (31a9463c6 2026-05-25)
2026-09-10T11:59:56.1627278Z info: component clippy is up to date
2026-09-10T11:59:56.1627904Z info: component llvm-tools is up to date
2026-09-10T11:59:56.1628300Z info: component miri is up to date
2026-09-10T11:59:56.1628690Z info: component rust-src is up to date
2026-09-10T11:59:56.1629027Z info: component rust-std is up to date
2026-09-10T11:59:56.1629405Z info: component rust-std for target aarch64-unknown-none is up to date
2026-09-10T11:59:56.1629963Z info: component rust-std for target x86_64-unknown-none is up to date
2026-09-10T11:59:56.1630394Z info: component rustfmt is up to date
2026-09-10T11:59:56.1638500Z 
2026-09-10T11:59:56.1708851Z   nightly-2026-05-26-aarch64-unknown-linux-gnu unchanged - rustc 1.98.0-nightly (31a9463c6 2026-05-25)
2026-09-10T11:59:56.1709306Z 
2026-09-10T11:59:56.1709488Z info: self-update is disabled for this build of rustup
2026-09-10T11:59:56.1710070Z info: any updates to rustup will need to be fetched with your system package manager
2026-09-10T11:59:56.2137141Z info: syncing channel updates for nightly-2026-04-04-aarch64-unknown-linux-gnu
2026-09-10T11:59:56.2932897Z info: latest update on 2026-04-04 for version 1.96.0-nightly (2972b5e59 2026-04-03)
2026-09-10T11:59:56.3034529Z info: component clippy is up to date
2026-09-10T11:59:56.3034929Z info: component rust-src is up to date
2026-09-10T11:59:56.3035382Z info: component rust-std is up to date
2026-09-10T11:59:56.3035750Z info: component rustfmt is up to date
2026-09-10T11:59:56.3045863Z 
2026-09-10T11:59:56.3119166Z info: self-update is disabled for this build of rustup
2026-09-10T11:59:56.3119722Z info: any updates to rustup will need to be fetched with your system package manager
2026-09-10T11:59:56.3120439Z   nightly-2026-04-04-aarch64-unknown-linux-gnu unchanged - rustc 1.96.0-nightly (2972b5e59 2026-04-03)
2026-09-10T11:59:56.3120882Z 
2026-09-10T11:59:56.3864086Z ##[endgroup]
2026-09-10T11:59:56.3864842Z ##[group]cargo fetch slime-root/child/Cargo.toml
2026-09-10T11:59:56.6857865Z info: syncing channel updates for nightly-2026-05-26-aarch64-unknown-linux-gnu
2026-09-10T11:59:56.7645787Z info: latest update on 2026-05-26 for version 1.98.0-nightly (31a9463c6 2026-05-25)
2026-09-10T11:59:56.7746193Z info: component clippy is up to date
2026-09-10T11:59:56.7746591Z info: component llvm-tools is up to date
2026-09-10T11:59:56.7746933Z info: component miri is up to date
2026-09-10T11:59:56.7747386Z info: component rust-src is up to date
2026-09-10T11:59:56.7747736Z info: component rust-std is up to date
2026-09-10T11:59:56.7748211Z info: component rust-std for target aarch64-unknown-none is up to date
2026-09-10T11:59:56.7748709Z info: component rust-std for target x86_64-unknown-none is up to date
2026-09-10T11:59:56.7749162Z info: component rustfmt is up to date
2026-09-10T11:59:56.7757667Z 
2026-09-10T11:59:56.7831997Z info: self-update is disabled for this build of rustup
2026-09-10T11:59:56.7832649Z info: any updates to rustup will need to be fetched with your system package manager
2026-09-10T11:59:56.7833450Z   nightly-2026-05-26-aarch64-unknown-linux-gnu unchanged - rustc 1.98.0-nightly (31a9463c6 2026-05-25)
2026-09-10T11:59:56.7833869Z 
2026-09-10T11:59:56.8255328Z info: syncing channel updates for nightly-2026-04-04-aarch64-unknown-linux-gnu
2026-09-10T11:59:56.9057232Z info: latest update on 2026-04-04 for version 1.96.0-nightly (2972b5e59 2026-04-03)
2026-09-10T11:59:56.9158443Z info: component clippy is up to date
2026-09-10T11:59:56.9158981Z info: component rust-src is up to date
2026-09-10T11:59:56.9159319Z info: component rust-std is up to date
2026-09-10T11:59:56.9159706Z info: component rustfmt is up to date
2026-09-10T11:59:56.9169981Z 
2026-09-10T11:59:56.9242123Z info: self-update is disabled for this build of rustup
2026-09-10T11:59:56.9242675Z info: any updates to rustup will need to be fetched with your system package manager
2026-09-10T11:59:56.9243464Z   nightly-2026-04-04-aarch64-unknown-linux-gnu unchanged - rustc 1.96.0-nightly (2972b5e59 2026-04-03)
2026-09-10T11:59:56.9243876Z 
2026-09-10T11:59:57.2910083Z info: syncing channel updates for nightly-2026-05-26-aarch64-unknown-linux-gnu
2026-09-10T11:59:57.3668875Z info: latest update on 2026-05-26 for version 1.98.0-nightly (31a9463c6 2026-05-25)
2026-09-10T11:59:57.3772191Z info: component clippy is up to date
2026-09-10T11:59:57.3772616Z info: component llvm-tools is up to date
2026-09-10T11:59:57.3772951Z info: component miri is up to date
2026-09-10T11:59:57.3773318Z info: component rust-src is up to date
2026-09-10T11:59:57.3773734Z info: component rust-std is up to date
2026-09-10T11:59:57.3774170Z info: component rust-std for target aarch64-unknown-none is up to date
2026-09-10T11:59:57.3774662Z info: component rust-std for target x86_64-unknown-none is up to date
2026-09-10T11:59:57.3775103Z info: component rustfmt is up to date
2026-09-10T11:59:57.3783603Z 
2026-09-10T11:59:57.3859468Z   nightly-2026-05-26-aarch64-unknown-linux-gnu unchanged - rustc 1.98.0-nightly (31a9463c6 2026-05-25)
2026-09-10T11:59:57.3860162Z info: self-update is disabled for this build of rustup
2026-09-10T11:59:57.3860818Z info: any updates to rustup will need to be fetched with your system package manager
2026-09-10T11:59:57.3861815Z 
2026-09-10T11:59:57.4306151Z info: syncing channel updates for nightly-2026-04-04-aarch64-unknown-linux-gnu
2026-09-10T11:59:57.5129559Z info: latest update on 2026-04-04 for version 1.96.0-nightly (2972b5e59 2026-04-03)
2026-09-10T11:59:57.5233520Z info: component clippy is up to date
2026-09-10T11:59:57.5362112Z info: component rust-src is up to date
2026-09-10T11:59:57.5362453Z info: component rust-std is up to date
2026-09-10T11:59:57.5362722Z info: component rustfmt is up to date
2026-09-10T11:59:57.5372265Z info: self-update is disabled for this build of rustup
2026-09-10T11:59:57.5372735Z info: any updates to rustup will need to be fetched with your system package manager
2026-09-10T11:59:57.5373046Z 
2026-09-10T11:59:57.5382254Z   nightly-2026-04-04-aarch64-unknown-linux-gnu unchanged - rustc 1.96.0-nightly (2972b5e59 2026-04-03)
2026-09-10T11:59:57.5382868Z 
2026-09-10T11:59:57.5976575Z ##[endgroup]
2026-09-10T11:59:57.5976982Z ##[group]cargo fetch deps/rust-sel4/Cargo.toml
2026-09-10T11:59:57.8996298Z info: syncing channel updates for nightly-2026-05-26-aarch64-unknown-linux-gnu
2026-09-10T11:59:57.9744550Z info: latest update on 2026-05-26 for version 1.98.0-nightly (31a9463c6 2026-05-25)
2026-09-10T11:59:57.9846599Z info: component clippy is up to date
2026-09-10T11:59:57.9846935Z info: component llvm-tools is up to date
2026-09-10T11:59:57.9847209Z info: component miri is up to date
2026-09-10T11:59:57.9847459Z info: component rust-src is up to date
2026-09-10T11:59:57.9847717Z info: component rust-std is up to date
2026-09-10T11:59:57.9848061Z info: component rust-std for target aarch64-unknown-none is up to date
2026-09-10T11:59:57.9848496Z info: component rust-std for target x86_64-unknown-none is up to date
2026-09-10T11:59:57.9848848Z info: component rustfmt is up to date
2026-09-10T11:59:57.9858325Z 
2026-09-10T11:59:57.9936407Z   nightly-2026-05-26-aarch64-unknown-linux-gnu unchanged - rustc 1.98.0-nightly (31a9463c6 2026-05-25)
2026-09-10T11:59:57.9936983Z info: self-update is disabled for this build of rustup
2026-09-10T11:59:57.9937410Z info: any updates to rustup will need to be fetched with your system package manager
2026-09-10T11:59:57.9937717Z 
2026-09-10T11:59:58.0374606Z info: syncing channel updates for nightly-2026-04-04-aarch64-unknown-linux-gnu
2026-09-10T11:59:58.1150774Z info: latest update on 2026-04-04 for version 1.96.0-nightly (2972b5e59 2026-04-03)
2026-09-10T11:59:58.1252308Z info: component clippy is up to date
2026-09-10T11:59:58.1252619Z info: component rust-src is up to date
2026-09-10T11:59:58.1252881Z info: component rust-std is up to date
2026-09-10T11:59:58.1253143Z info: component rustfmt is up to date
2026-09-10T11:59:58.1263593Z 
2026-09-10T11:59:58.1337888Z info: self-update is disabled for this build of rustup
2026-09-10T11:59:58.1338441Z   nightly-2026-04-04-aarch64-unknown-linux-gnu unchanged - rustc 1.96.0-nightly (2972b5e59 2026-04-03)
2026-09-10T11:59:58.1339077Z info: any updates to rustup will need to be fetched with your system package manager
2026-09-10T11:59:58.1339387Z 
2026-09-10T11:59:58.6522291Z info: syncing channel updates for nightly-2026-05-26-aarch64-unknown-linux-gnu
2026-09-10T11:59:58.7298171Z info: latest update on 2026-05-26 for version 1.98.0-nightly (31a9463c6 2026-05-25)
2026-09-10T11:59:58.7399697Z info: component clippy is up to date
2026-09-10T11:59:58.7399991Z info: component llvm-tools is up to date
2026-09-10T11:59:58.7400280Z info: component miri is up to date
2026-09-10T11:59:58.7400533Z info: component rust-src is up to date
2026-09-10T11:59:58.7400792Z info: component rust-std is up to date
2026-09-10T11:59:58.7401138Z info: component rust-std for target aarch64-unknown-none is up to date
2026-09-10T11:59:58.7401724Z info: component rust-std for target x86_64-unknown-none is up to date
2026-09-10T11:59:58.7402078Z info: component rustfmt is up to date
2026-09-10T11:59:58.7411638Z 
2026-09-10T11:59:58.7484753Z info: self-update is disabled for this build of rustup
2026-09-10T11:59:58.7485634Z info: any updates to rustup will need to be fetched with your system package manager
2026-09-10T11:59:58.7486260Z   nightly-2026-05-26-aarch64-unknown-linux-gnu unchanged - rustc 1.98.0-nightly (31a9463c6 2026-05-25)
2026-09-10T11:59:58.7486665Z 
2026-09-10T11:59:58.7927325Z info: syncing channel updates for nightly-2026-04-04-aarch64-unknown-linux-gnu
2026-09-10T11:59:58.8664215Z info: latest update on 2026-04-04 for version 1.96.0-nightly (2972b5e59 2026-04-03)
2026-09-10T11:59:58.8765599Z info: component clippy is up to date
2026-09-10T11:59:58.8765905Z info: component rust-src is up to date
2026-09-10T11:59:58.8766170Z info: component rust-std is up to date
2026-09-10T11:59:58.8766428Z info: component rustfmt is up to date
2026-09-10T11:59:58.8776960Z 
2026-09-10T11:59:58.8849303Z   nightly-2026-04-04-aarch64-unknown-linux-gnu unchanged - rustc 1.96.0-nightly (2972b5e59 2026-04-03)
2026-09-10T11:59:58.8849734Z 
2026-09-10T11:59:58.8849888Z info: self-update is disabled for this build of rustup
2026-09-10T11:59:58.8850351Z info: any updates to rustup will need to be fetched with your system package manager
2026-09-10T11:59:59.0629787Z ##[endgroup]
2026-09-10T11:59:59.0630244Z ##[group]cargo fetch deps/rust-sel4-bcm2712-rpi5/Cargo.toml
2026-09-10T11:59:59.3631680Z info: syncing channel updates for nightly-2026-05-26-aarch64-unknown-linux-gnu
2026-09-10T11:59:59.4395917Z info: latest update on 2026-05-26 for version 1.98.0-nightly (31a9463c6 2026-05-25)
2026-09-10T11:59:59.4497306Z info: component clippy is up to date
2026-09-10T11:59:59.4497631Z info: component llvm-tools is up to date
2026-09-10T11:59:59.4497895Z info: component miri is up to date
2026-09-10T11:59:59.4498141Z info: component rust-src is up to date
2026-09-10T11:59:59.4498402Z info: component rust-std is up to date
2026-09-10T11:59:59.4498742Z info: component rust-std for target aarch64-unknown-none is up to date
2026-09-10T11:59:59.4499184Z info: component rust-std for target x86_64-unknown-none is up to date
2026-09-10T11:59:59.4499572Z info: component rustfmt is up to date
2026-09-10T11:59:59.4509086Z 
2026-09-10T11:59:59.4581950Z   nightly-2026-05-26-aarch64-unknown-linux-gnu unchanged - rustc 1.98.0-nightly (31a9463c6 2026-05-25)
2026-09-10T11:59:59.4582525Z info: self-update is disabled for this build of rustup
2026-09-10T11:59:59.4583001Z info: any updates to rustup will need to be fetched with your system package manager
2026-09-10T11:59:59.4583308Z 
2026-09-10T11:59:59.5015682Z info: syncing channel updates for nightly-2026-04-04-aarch64-unknown-linux-gnu
2026-09-10T11:59:59.5861231Z info: latest update on 2026-04-04 for version 1.96.0-nightly (2972b5e59 2026-04-03)
2026-09-10T11:59:59.5962435Z info: component clippy is up to date
2026-09-10T11:59:59.5962729Z info: component rust-src is up to date
2026-09-10T11:59:59.5962996Z info: component rust-std is up to date
2026-09-10T11:59:59.5963254Z info: component rustfmt is up to date
2026-09-10T11:59:59.5973645Z 
2026-09-10T11:59:59.6047511Z   nightly-2026-04-04-aarch64-unknown-linux-gnu unchanged - rustc 1.96.0-nightly (2972b5e59 2026-04-03)
2026-09-10T11:59:59.6047907Z 
2026-09-10T11:59:59.6048047Z info: self-update is disabled for this build of rustup
2026-09-10T11:59:59.6048466Z info: any updates to rustup will need to be fetched with your system package manager
2026-09-10T12:00:00.1128501Z info: syncing channel updates for nightly-2026-05-26-aarch64-unknown-linux-gnu
2026-09-10T12:00:00.1910868Z info: latest update on 2026-05-26 for version 1.98.0-nightly (31a9463c6 2026-05-25)
2026-09-10T12:00:00.2011940Z info: component clippy is up to date
2026-09-10T12:00:00.2012248Z info: component llvm-tools is up to date
2026-09-10T12:00:00.2012511Z info: component miri is up to date
2026-09-10T12:00:00.2012758Z info: component rust-src is up to date
2026-09-10T12:00:00.2013018Z info: component rust-std is up to date
2026-09-10T12:00:00.2013356Z info: component rust-std for target aarch64-unknown-none is up to date
2026-09-10T12:00:00.2013797Z info: component rust-std for target x86_64-unknown-none is up to date
2026-09-10T12:00:00.2014683Z info: component rustfmt is up to date
2026-09-10T12:00:00.2023953Z 
2026-09-10T12:00:00.2096726Z   nightly-2026-05-26-aarch64-unknown-linux-gnu unchanged - rustc 1.98.0-nightly (31a9463c6 2026-05-25)
2026-09-10T12:00:00.2097161Z 
2026-09-10T12:00:00.2097670Z info: self-update is disabled for this build of rustup
2026-09-10T12:00:00.2098541Z info: any updates to rustup will need to be fetched with your system package manager
2026-09-10T12:00:00.2510993Z info: syncing channel updates for nightly-2026-04-04-aarch64-unknown-linux-gnu
2026-09-10T12:00:00.3276517Z info: latest update on 2026-04-04 for version 1.96.0-nightly (2972b5e59 2026-04-03)
2026-09-10T12:00:00.3378231Z info: component clippy is up to date
2026-09-10T12:00:00.3378513Z info: component rust-src is up to date
2026-09-10T12:00:00.3378803Z info: component rust-std is up to date
2026-09-10T12:00:00.3379060Z info: component rustfmt is up to date
2026-09-10T12:00:00.3390203Z 
2026-09-10T12:00:00.3463029Z info: self-update is disabled for this build of rustup
2026-09-10T12:00:00.3463487Z info: any updates to rustup will need to be fetched with your system package manager
2026-09-10T12:00:00.3464092Z   nightly-2026-04-04-aarch64-unknown-linux-gnu unchanged - rustc 1.96.0-nightly (2972b5e59 2026-04-03)
2026-09-10T12:00:00.3464611Z 
2026-09-10T12:00:00.5205315Z ##[endgroup]
2026-09-10T12:00:00.5205759Z ##[group]cargo fetch deps/rust-sel4-cv1800b-duo/Cargo.toml
2026-09-10T12:00:00.8194484Z info: syncing channel updates for nightly-2026-05-26-aarch64-unknown-linux-gnu
2026-09-10T12:00:00.8928191Z info: latest update on 2026-05-26 for version 1.98.0-nightly (31a9463c6 2026-05-25)
2026-09-10T12:00:00.9027562Z info: component clippy is up to date
2026-09-10T12:00:00.9027871Z info: component llvm-tools is up to date
2026-09-10T12:00:00.9028135Z info: component miri is up to date
2026-09-10T12:00:00.9028384Z info: component rust-src is up to date
2026-09-10T12:00:00.9028637Z info: component rust-std is up to date
2026-09-10T12:00:00.9029006Z info: component rust-std for target aarch64-unknown-none is up to date
2026-09-10T12:00:00.9029446Z info: component rust-std for target x86_64-unknown-none is up to date
2026-09-10T12:00:00.9029793Z info: component rustfmt is up to date
2026-09-10T12:00:00.9039323Z 
2026-09-10T12:00:00.9112439Z   nightly-2026-05-26-aarch64-unknown-linux-gnu unchanged - rustc 1.98.0-nightly (31a9463c6 2026-05-25)
2026-09-10T12:00:00.9112983Z info: self-update is disabled for this build of rustup
2026-09-10T12:00:00.9113407Z info: any updates to rustup will need to be fetched with your system package manager
2026-09-10T12:00:00.9113715Z 
2026-09-10T12:00:00.9531034Z info: syncing channel updates for nightly-2026-04-04-aarch64-unknown-linux-gnu
2026-09-10T12:00:01.0295573Z info: latest update on 2026-04-04 for version 1.96.0-nightly (2972b5e59 2026-04-03)
2026-09-10T12:00:01.0397837Z info: component clippy is up to date
2026-09-10T12:00:01.0398119Z info: component rust-src is up to date
2026-09-10T12:00:01.0398415Z info: component rust-std is up to date
2026-09-10T12:00:01.0398679Z info: component rustfmt is up to date
2026-09-10T12:00:01.0409187Z 
2026-09-10T12:00:01.0479596Z   nightly-2026-04-04-aarch64-unknown-linux-gnu unchanged - rustc 1.96.0-nightly (2972b5e59 2026-04-03)
2026-09-10T12:00:01.0479999Z 
2026-09-10T12:00:01.0480241Z info: self-update is disabled for this build of rustup
2026-09-10T12:00:01.0480678Z info: any updates to rustup will need to be fetched with your system package manager
2026-09-10T12:00:01.5543677Z info: syncing channel updates for nightly-2026-05-26-aarch64-unknown-linux-gnu
2026-09-10T12:00:01.6294951Z info: latest update on 2026-05-26 for version 1.98.0-nightly (31a9463c6 2026-05-25)
2026-09-10T12:00:01.6397676Z info: component clippy is up to date
2026-09-10T12:00:01.6397978Z info: component llvm-tools is up to date
2026-09-10T12:00:01.6398245Z info: component miri is up to date
2026-09-10T12:00:01.6398496Z info: component rust-src is up to date
2026-09-10T12:00:01.6399236Z info: component rust-std is up to date
2026-09-10T12:00:01.6399597Z info: component rust-std for target aarch64-unknown-none is up to date
2026-09-10T12:00:01.6400029Z info: component rust-std for target x86_64-unknown-none is up to date
2026-09-10T12:00:01.6400377Z info: component rustfmt is up to date
2026-09-10T12:00:01.6412075Z 
2026-09-10T12:00:01.6480598Z   nightly-2026-05-26-aarch64-unknown-linux-gnu unchanged - rustc 1.98.0-nightly (31a9463c6 2026-05-25)
2026-09-10T12:00:01.6481146Z info: self-update is disabled for this build of rustup
2026-09-10T12:00:01.6481683Z info: any updates to rustup will need to be fetched with your system package manager
2026-09-10T12:00:01.6481985Z 
2026-09-10T12:00:01.6909587Z info: syncing channel updates for nightly-2026-04-04-aarch64-unknown-linux-gnu
2026-09-10T12:00:01.7761309Z info: latest update on 2026-04-04 for version 1.96.0-nightly (2972b5e59 2026-04-03)
2026-09-10T12:00:01.7863155Z info: component clippy is up to date
2026-09-10T12:00:01.7863476Z info: component rust-src is up to date
2026-09-10T12:00:01.7863742Z info: component rust-std is up to date
2026-09-10T12:00:01.7863995Z info: component rustfmt is up to date
2026-09-10T12:00:01.7875146Z 
2026-09-10T12:00:01.7948757Z info: self-update is disabled for this build of rustup
2026-09-10T12:00:01.7949219Z info: any updates to rustup will need to be fetched with your system package manager
2026-09-10T12:00:01.7949850Z   nightly-2026-04-04-aarch64-unknown-linux-gnu unchanged - rustc 1.96.0-nightly (2972b5e59 2026-04-03)
2026-09-10T12:00:01.7950240Z 
2026-09-10T12:00:01.9738857Z ##[endgroup]
2026-09-10T12:00:01.9739304Z ##[group]cargo fetch deps/rust-sel4-ns02201-h1v1/Cargo.toml
2026-09-10T12:00:02.2746304Z info: syncing channel updates for nightly-2026-05-26-aarch64-unknown-linux-gnu
2026-09-10T12:00:02.3513507Z info: latest update on 2026-05-26 for version 1.98.0-nightly (31a9463c6 2026-05-25)
2026-09-10T12:00:02.3615113Z info: component clippy is up to date
2026-09-10T12:00:02.3615604Z info: component llvm-tools is up to date
2026-09-10T12:00:02.3615916Z info: component miri is up to date
2026-09-10T12:00:02.3616164Z info: component rust-src is up to date
2026-09-10T12:00:02.3616424Z info: component rust-std is up to date
2026-09-10T12:00:02.3616766Z info: component rust-std for target aarch64-unknown-none is up to date
2026-09-10T12:00:02.3617218Z info: component rust-std for target x86_64-unknown-none is up to date
2026-09-10T12:00:02.3617570Z info: component rustfmt is up to date
2026-09-10T12:00:02.3627158Z 
2026-09-10T12:00:02.3699906Z   nightly-2026-05-26-aarch64-unknown-linux-gnu unchanged - rustc 1.98.0-nightly (31a9463c6 2026-05-25)
2026-09-10T12:00:02.3700622Z info: self-update is disabled for this build of rustup
2026-09-10T12:00:02.3701044Z info: any updates to rustup will need to be fetched with your system package manager
2026-09-10T12:00:02.3701440Z 
2026-09-10T12:00:02.4130872Z info: syncing channel updates for nightly-2026-04-04-aarch64-unknown-linux-gnu
2026-09-10T12:00:02.4910140Z info: latest update on 2026-04-04 for version 1.96.0-nightly (2972b5e59 2026-04-03)
2026-09-10T12:00:02.5012539Z info: component clippy is up to date
2026-09-10T12:00:02.5012833Z info: component rust-src is up to date
2026-09-10T12:00:02.5013099Z info: component rust-std is up to date
2026-09-10T12:00:02.5013366Z info: component rustfmt is up to date
2026-09-10T12:00:02.5023985Z 
2026-09-10T12:00:02.5097268Z   nightly-2026-04-04-aarch64-unknown-linux-gnu unchanged - rustc 1.96.0-nightly (2972b5e59 2026-04-03)
2026-09-10T12:00:02.5097703Z 
2026-09-10T12:00:02.5101313Z info: self-update is disabled for this build of rustup
2026-09-10T12:00:02.5122091Z info: any updates to rustup will need to be fetched with your system package manager
2026-09-10T12:00:03.0196718Z info: syncing channel updates for nightly-2026-05-26-aarch64-unknown-linux-gnu
2026-09-10T12:00:03.0995463Z info: latest update on 2026-05-26 for version 1.98.0-nightly (31a9463c6 2026-05-25)
2026-09-10T12:00:03.1096151Z info: component clippy is up to date
2026-09-10T12:00:03.1096870Z info: component llvm-tools is up to date
2026-09-10T12:00:03.1097154Z info: component miri is up to date
2026-09-10T12:00:03.1097403Z info: component rust-src is up to date
2026-09-10T12:00:03.1097664Z info: component rust-std is up to date
2026-09-10T12:00:03.1098011Z info: component rust-std for target aarch64-unknown-none is up to date
2026-09-10T12:00:03.1098617Z info: component rust-std for target x86_64-unknown-none is up to date
2026-09-10T12:00:03.1098974Z info: component rustfmt is up to date
2026-09-10T12:00:03.1108050Z 
2026-09-10T12:00:03.1180702Z   nightly-2026-05-26-aarch64-unknown-linux-gnu unchanged - rustc 1.98.0-nightly (31a9463c6 2026-05-25)
2026-09-10T12:00:03.1181121Z 
2026-09-10T12:00:03.1185114Z info: self-update is disabled for this build of rustup
2026-09-10T12:00:03.1185557Z info: any updates to rustup will need to be fetched with your system package manager
2026-09-10T12:00:03.1623419Z info: syncing channel updates for nightly-2026-04-04-aarch64-unknown-linux-gnu
2026-09-10T12:00:03.2364228Z info: latest update on 2026-04-04 for version 1.96.0-nightly (2972b5e59 2026-04-03)
2026-09-10T12:00:03.2468985Z info: component clippy is up to date
2026-09-10T12:00:03.2469277Z info: component rust-src is up to date
2026-09-10T12:00:03.2469541Z info: component rust-std is up to date
2026-09-10T12:00:03.2469821Z info: component rustfmt is up to date
2026-09-10T12:00:03.2480481Z 
2026-09-10T12:00:03.2553473Z   nightly-2026-04-04-aarch64-unknown-linux-gnu unchanged - rustc 1.96.0-nightly (2972b5e59 2026-04-03)
2026-09-10T12:00:03.2553904Z 
2026-09-10T12:00:03.2555605Z info: self-update is disabled for this build of rustup
2026-09-10T12:00:03.2556038Z info: any updates to rustup will need to be fetched with your system package manager
2026-09-10T12:00:03.4341174Z ##[endgroup]
2026-09-10T12:00:03.7370647Z info: syncing channel updates for nightly-2026-05-26-aarch64-unknown-linux-gnu
2026-09-10T12:00:03.8125575Z info: latest update on 2026-05-26 for version 1.98.0-nightly (31a9463c6 2026-05-25)
2026-09-10T12:00:03.8226241Z info: component clippy is up to date
2026-09-10T12:00:03.8226539Z info: component llvm-tools is up to date
2026-09-10T12:00:03.8226809Z info: component miri is up to date
2026-09-10T12:00:03.8227076Z info: component rust-src is up to date
2026-09-10T12:00:03.8227338Z info: component rust-std is up to date
2026-09-10T12:00:03.8227699Z info: component rust-std for target aarch64-unknown-none is up to date
2026-09-10T12:00:03.8228139Z info: component rust-std for target x86_64-unknown-none is up to date
2026-09-10T12:00:03.8228490Z info: component rustfmt is up to date
2026-09-10T12:00:03.8311742Z info: self-update is disabled for this build of rustup
2026-09-10T12:00:03.8312213Z info: any updates to rustup will need to be fetched with your system package manager
2026-09-10T12:00:03.8745104Z info: syncing channel updates for nightly-2026-04-04-aarch64-unknown-linux-gnu
2026-09-10T12:00:03.9492006Z info: latest update on 2026-04-04 for version 1.96.0-nightly (2972b5e59 2026-04-03)
2026-09-10T12:00:03.9594145Z info: component clippy is up to date
2026-09-10T12:00:03.9594440Z info: component rust-src is up to date
2026-09-10T12:00:03.9594700Z info: component rust-std is up to date
2026-09-10T12:00:03.9594966Z info: component rustfmt is up to date
2026-09-10T12:00:03.9678602Z info: self-update is disabled for this build of rustup
2026-09-10T12:00:03.9679061Z info: any updates to rustup will need to be fetched with your system package manager
2026-09-10T12:00:03.9896830Z ##[group]cargo fetch rust-src (
2026-09-10T12:00:03.9897345Z   nightly-2026-05-26-aarch64-unknown-linux-gnu unchanged - rustc 1.98.0-nightly (31a9463c6 2026-05-25)
2026-09-10T12:00:03.9897741Z 
2026-09-10T12:00:03.9897745Z 
2026-09-10T12:00:03.9898038Z   nightly-2026-04-04-aarch64-unknown-linux-gnu unchanged - rustc 1.96.0-nightly (2972b5e59 2026-04-03)
2026-09-10T12:00:03.9898420Z 
2026-09-10T12:00:03.9898494Z nightly-2026-04-04)
2026-09-10T12:00:04.2920975Z info: syncing channel updates for nightly-2026-05-26-aarch64-unknown-linux-gnu
2026-09-10T12:00:04.3668554Z info: latest update on 2026-05-26 for version 1.98.0-nightly (31a9463c6 2026-05-25)
2026-09-10T12:00:04.3768814Z info: component clippy is up to date
2026-09-10T12:00:04.3769133Z info: component llvm-tools is up to date
2026-09-10T12:00:04.3769408Z info: component miri is up to date
2026-09-10T12:00:04.3770091Z info: component rust-src is up to date
2026-09-10T12:00:04.3770350Z info: component rust-std is up to date
2026-09-10T12:00:04.3770694Z info: component rust-std for target aarch64-unknown-none is up to date
2026-09-10T12:00:04.3771135Z info: component rust-std for target x86_64-unknown-none is up to date
2026-09-10T12:00:04.3771738Z info: component rustfmt is up to date
2026-09-10T12:00:04.3780124Z 
2026-09-10T12:00:04.3853917Z   nightly-2026-05-26-aarch64-unknown-linux-gnu unchanged - rustc 1.98.0-nightly (31a9463c6 2026-05-25)
2026-09-10T12:00:04.3854335Z 
2026-09-10T12:00:04.3858169Z info: self-update is disabled for this build of rustup
2026-09-10T12:00:04.3858679Z info: any updates to rustup will need to be fetched with your system package manager
2026-09-10T12:00:04.4281669Z info: syncing channel updates for nightly-2026-04-04-aarch64-unknown-linux-gnu
2026-09-10T12:00:04.5045591Z info: latest update on 2026-04-04 for version 1.96.0-nightly (2972b5e59 2026-04-03)
2026-09-10T12:00:04.5149256Z info: component clippy is up to date
2026-09-10T12:00:04.5149541Z info: component rust-src is up to date
2026-09-10T12:00:04.5149806Z info: component rust-std is up to date
2026-09-10T12:00:04.5150068Z info: component rustfmt is up to date
2026-09-10T12:00:04.5161142Z 
2026-09-10T12:00:04.5234327Z info: self-update is disabled for this build of rustup
2026-09-10T12:00:04.5234874Z   nightly-2026-04-04-aarch64-unknown-linux-gnu unchanged - rustc 1.96.0-nightly (2972b5e59 2026-04-03)
2026-09-10T12:00:04.5235475Z info: any updates to rustup will need to be fetched with your system package manager
2026-09-10T12:00:04.5235784Z 
2026-09-10T12:00:04.5768703Z ##[endgroup]
2026-09-10T12:00:04.8796801Z info: syncing channel updates for nightly-2026-05-26-aarch64-unknown-linux-gnu
2026-09-10T12:00:04.9577636Z info: latest update on 2026-05-26 for version 1.98.0-nightly (31a9463c6 2026-05-25)
2026-09-10T12:00:04.9680274Z info: component clippy is up to date
2026-09-10T12:00:04.9680642Z info: component llvm-tools is up to date
2026-09-10T12:00:04.9680911Z info: component miri is up to date
2026-09-10T12:00:04.9681159Z info: component rust-src is up to date
2026-09-10T12:00:04.9681599Z info: component rust-std is up to date
2026-09-10T12:00:04.9681943Z info: component rust-std for target aarch64-unknown-none is up to date
2026-09-10T12:00:04.9682382Z info: component rust-std for target x86_64-unknown-none is up to date
2026-09-10T12:00:04.9682731Z info: component rustfmt is up to date
2026-09-10T12:00:04.9765679Z info: self-update is disabled for this build of rustup
2026-09-10T12:00:04.9766149Z info: any updates to rustup will need to be fetched with your system package manager
2026-09-10T12:00:05.0188366Z info: syncing channel updates for nightly-2026-04-04-aarch64-unknown-linux-gnu
2026-09-10T12:00:05.0916348Z info: latest update on 2026-04-04 for version 1.96.0-nightly (2972b5e59 2026-04-03)
2026-09-10T12:00:05.1019135Z info: component clippy is up to date
2026-09-10T12:00:05.1019464Z info: component rust-src is up to date
2026-09-10T12:00:05.1019731Z info: component rust-std is up to date
2026-09-10T12:00:05.1019995Z info: component rustfmt is up to date
2026-09-10T12:00:05.1104614Z info: self-update is disabled for this build of rustup
2026-09-10T12:00:05.1105091Z info: any updates to rustup will need to be fetched with your system package manager
2026-09-10T12:00:05.1326316Z ##[group]cargo fetch rust-src (default)
2026-09-10T12:00:05.4342314Z info: syncing channel updates for nightly-2026-05-26-aarch64-unknown-linux-gnu
2026-09-10T12:00:05.5104923Z info: latest update on 2026-05-26 for version 1.98.0-nightly (31a9463c6 2026-05-25)
2026-09-10T12:00:05.5210511Z info: component clippy is up to date
2026-09-10T12:00:05.5211272Z info: component llvm-tools is up to date
2026-09-10T12:00:05.5211698Z info: component miri is up to date
2026-09-10T12:00:05.5211948Z info: component rust-src is up to date
2026-09-10T12:00:05.5212224Z info: component rust-std is up to date
2026-09-10T12:00:05.5212804Z info: component rust-std for target aarch64-unknown-none is up to date
2026-09-10T12:00:05.5213237Z info: component rust-std for target x86_64-unknown-none is up to date
2026-09-10T12:00:05.5213587Z info: component rustfmt is up to date
2026-09-10T12:00:05.5222525Z 
2026-09-10T12:00:05.5297399Z   nightly-2026-05-26-aarch64-unknown-linux-gnu unchanged - rustc 1.98.0-nightly (31a9463c6 2026-05-25)
2026-09-10T12:00:05.5297813Z 
2026-09-10T12:00:05.5301981Z info: self-update is disabled for this build of rustup
2026-09-10T12:00:05.5312003Z info: any updates to rustup will need to be fetched with your system package manager
2026-09-10T12:00:05.5738905Z info: syncing channel updates for nightly-2026-04-04-aarch64-unknown-linux-gnu
2026-09-10T12:00:05.6522159Z info: latest update on 2026-04-04 for version 1.96.0-nightly (2972b5e59 2026-04-03)
2026-09-10T12:00:05.6625005Z info: component clippy is up to date
2026-09-10T12:00:05.6625293Z info: component rust-src is up to date
2026-09-10T12:00:05.6625569Z info: component rust-std is up to date
2026-09-10T12:00:05.6625887Z info: component rustfmt is up to date
2026-09-10T12:00:05.6636693Z 
2026-09-10T12:00:05.6711026Z info: self-update is disabled for this build of rustup
2026-09-10T12:00:05.6711593Z info: any updates to rustup will need to be fetched with your system package manager
2026-09-10T12:00:05.6712215Z   nightly-2026-04-04-aarch64-unknown-linux-gnu unchanged - rustc 1.96.0-nightly (2972b5e59 2026-04-03)
2026-09-10T12:00:05.6712856Z 
2026-09-10T12:00:05.7224764Z ##[endgroup]
2026-09-10T12:00:05.7236168Z ##[end-action id=__self.__run_2;outcome=success;conclusion=success;duration_ms=13406]
2026-09-10T12:00:05.7264305Z ##[group]Run nix develop --command just sel4_qemu_image_check
2026-09-10T12:00:05.7264782Z [36;1mnix develop --command just sel4_qemu_image_check[0m
2026-09-10T12:00:05.7301006Z shell: /usr/bin/bash -e {0}
2026-09-10T12:00:05.7301244Z env:
2026-09-10T12:00:05.7301654Z   CARGO_TERM_COLOR: always
2026-09-10T12:00:05.7301978Z   NIX_PROFILES: /nix/var/nix/profiles/default /home/runner/.nix-profile
2026-09-10T12:00:05.7302417Z   NIX_USER_PROFILE_DIR: /nix/var/nix/profiles/per-user/runner
2026-09-10T12:00:05.7302770Z   NIX_SSL_CERT_FILE: /etc/ssl/certs/ca-certificates.crt
2026-09-10T12:00:05.7303055Z ##[endgroup]
2026-09-10T12:00:06.0400880Z info: syncing channel updates for nightly-2026-05-26-aarch64-unknown-linux-gnu
2026-09-10T12:00:06.1135598Z info: latest update on 2026-05-26 for version 1.98.0-nightly (31a9463c6 2026-05-25)
2026-09-10T12:00:06.1238490Z info: component clippy is up to date
2026-09-10T12:00:06.1238780Z info: component llvm-tools is up to date
2026-09-10T12:00:06.1239136Z info: component miri is up to date
2026-09-10T12:00:06.1239389Z info: component rust-src is up to date
2026-09-10T12:00:06.1239645Z info: component rust-std is up to date
2026-09-10T12:00:06.1239990Z info: component rust-std for target aarch64-unknown-none is up to date
2026-09-10T12:00:06.1240428Z info: component rust-std for target x86_64-unknown-none is up to date
2026-09-10T12:00:06.1241009Z info: component rustfmt is up to date
2026-09-10T12:00:06.1249742Z 
2026-09-10T12:00:06.1322325Z   nightly-2026-05-26-aarch64-unknown-linux-gnu unchanged - rustc 1.98.0-nightly (31a9463c6 2026-05-25)
2026-09-10T12:00:06.1322729Z 
2026-09-10T12:00:06.1326999Z info: self-update is disabled for this build of rustup
2026-09-10T12:00:06.1332202Z info: any updates to rustup will need to be fetched with your system package manager
2026-09-10T12:00:06.1761423Z info: syncing channel updates for nightly-2026-04-04-aarch64-unknown-linux-gnu
2026-09-10T12:00:06.2620991Z info: latest update on 2026-04-04 for version 1.96.0-nightly (2972b5e59 2026-04-03)
2026-09-10T12:00:06.2723985Z info: component clippy is up to date
2026-09-10T12:00:06.2724279Z info: component rust-src is up to date
2026-09-10T12:00:06.2724541Z info: component rust-std is up to date
2026-09-10T12:00:06.2724798Z info: component rustfmt is up to date
2026-09-10T12:00:06.2735143Z 
2026-09-10T12:00:06.2808027Z info: self-update is disabled for this build of rustup
2026-09-10T12:00:06.2808943Z info: any updates to rustup will need to be fetched with your system package manager
2026-09-10T12:00:06.2809546Z   nightly-2026-04-04-aarch64-unknown-linux-gnu unchanged - rustc 1.96.0-nightly (2972b5e59 2026-04-03)
2026-09-10T12:00:06.2809940Z 
2026-09-10T12:00:06.2925198Z python3 scripts/check/check-sel4-pins.py
2026-09-10T12:00:07.4792664Z seL4 pin check: exact source, toolchain, target, config, and host pins verified
2026-09-10T12:00:07.4904870Z python3 scripts/build/build-sel4.py --skip-pin-check
2026-09-10T12:00:07.7066424Z [dump platform device tree] /nix/store/7mdnxq531qcyl5f61r5p8csvnqwpfr00-qemu-11.0.1/bin/qemu-system-aarch64 -machine virt,secure=off,virtualization=on,gic-version=2,dtb-randomness=off,dumpdtb=/home/runner/work/slime_os/slime_os/build/sel4-qemu/slime-qemu-arm-virt.dtb -cpu cortex-a53 -smp 1 -m 1024 -nographic
2026-09-10T12:00:07.7759884Z [configure seL4] cmake -S /home/runner/work/slime_os/slime_os/deps/sel4 -B /home/runner/work/slime_os/slime_os/build/sel4-qemu -G Ninja -C /home/runner/work/slime_os/slime_os/sel4/config/qemu-arm-virt.cmake -DCMAKE_INSTALL_PREFIX=/home/runner/work/slime_os/slime_os/build/sel4-prefix -DCROSS_COMPILER_PREFIX=/nix/store/d6gsw7k6sba2m5zjd3xm79kaah97x62w-gcc-wrapper-15.2.0/bin/ -DCMAKE_C_FLAGS=-ffile-prefix-map=/home/runner/work/slime_os/slime_os/deps/sel4=/slime/sel4 -ffile-prefix-map=/home/runner/work/slime_os/slime_os/build/sel4-qemu=/slime/build -frandom-seed=slime-sel4-qemu-arm-virt -fomit-frame-pointer -momit-leaf-frame-pointer -DCMAKE_ASM_FLAGS=-ffile-prefix-map=/home/runner/work/slime_os/slime_os/deps/sel4=/slime/sel4 -ffile-prefix-map=/home/runner/work/slime_os/slime_os/build/sel4-qemu=/slime/build -frandom-seed=slime-sel4-qemu-arm-virt -fomit-frame-pointer -momit-leaf-frame-pointer -DCMAKE_EXE_LINKER_FLAGS= -DQEMU_DTB=/home/runner/work/slime_os/slime_os/build/sel4-qemu/slime-qemu-arm-virt.dtb
2026-09-10T12:00:08.3811884Z loading initial cache file /home/runner/work/slime_os/slime_os/sel4/config/qemu-arm-virt.cmake
2026-09-10T12:00:08.3812439Z -- ARM_CPU not set, defaulting to cortex-a53
2026-09-10T12:00:08.3814236Z -- The C compiler identification is GNU 15.2.0
2026-09-10T12:00:08.3814532Z -- The ASM compiler identification is GNU
2026-09-10T12:00:08.3814967Z -- Found assembler: /nix/store/d6gsw7k6sba2m5zjd3xm79kaah97x62w-gcc-wrapper-15.2.0/bin/gcc
2026-09-10T12:00:08.3815401Z -- Detecting C compiler ABI info
2026-09-10T12:00:08.3815650Z -- Detecting C compiler ABI info - done
2026-09-10T12:00:08.3816149Z -- Check for working C compiler: /nix/store/d6gsw7k6sba2m5zjd3xm79kaah97x62w-gcc-wrapper-15.2.0/bin/gcc - skipped
2026-09-10T12:00:08.3816673Z -- Detecting C compile features
2026-09-10T12:00:08.3816915Z -- Detecting C compile features - done
2026-09-10T12:00:08.3817469Z -- /home/runner/work/slime_os/slime_os/build/sel4-qemu/gen_headers/plat/machine/devices_gen.h is out of date. Regenerating from DTB...
2026-09-10T12:00:08.3818033Z -- Configuring done (0.6s)
2026-09-10T12:00:08.3818253Z -- Generating done (0.0s)
2026-09-10T12:00:08.3818607Z -- Build files have been written to: /home/runner/work/slime_os/slime_os/build/sel4-qemu
2026-09-10T12:00:08.3819146Z [build seL4] cmake --build /home/runner/work/slime_os/slime_os/build/sel4-qemu --parallel
2026-09-10T12:00:13.2744662Z [1/44] Generate dummy headers for prune compilation
2026-09-10T12:00:13.2745056Z [2/44] Concatenating C files
2026-09-10T12:00:13.2745381Z [3/44] Generate invocation header gen_headers/arch/api/invocation.h
2026-09-10T12:00:13.2745736Z [4/44] Creating C input file for preprocessor
2026-09-10T12:00:13.2746062Z [5/44] Creating C input file for preprocessor
2026-09-10T12:00:13.2746597Z [6/44] Building C object libsel4/CMakeFiles/libsel4_shared_types_gen_pbf_temp_lib.dir/libsel4_shared_types_gen_pbf_temp.c.obj
2026-09-10T12:00:13.2747401Z [7/44] Building C object libsel4/CMakeFiles/libsel4_sel4_arch_types_gen_pbf_temp_lib.dir/libsel4_sel4_arch_types_gen_pbf_temp.c.obj
2026-09-10T12:00:13.2747971Z [8/44] Generating include/sel4/shared_types.pbf
2026-09-10T12:00:13.2748715Z [9/44] Generate invocation header gen_headers/arch/api/sel4_invocation.h
2026-09-10T12:00:13.2749094Z [10/44] Generating generated/invocations_all.json
2026-09-10T12:00:13.2749449Z [11/44] Generating sel4_arch_include/aarch64/sel4/sel4_arch/types.pbf
2026-09-10T12:00:13.2749850Z [12/44] Generate invocation header gen_headers/api/invocation.h
2026-09-10T12:00:13.2750169Z [13/44] Generate syscall invocations
2026-09-10T12:00:13.2750431Z [14/44] Creating C input file for preprocessor
2026-09-10T12:00:13.2750722Z [15/44] Creating C input file for preprocessor
2026-09-10T12:00:13.2751220Z [16/44] Generating from /home/runner/work/slime_os/slime_os/build/sel4-qemu/libsel4/include/sel4/shared_types.pbf
2026-09-10T12:00:13.2752157Z [17/44] Building C object CMakeFiles/kernel_all_pp_prune_wrapper_temp_lib.dir/kernel_all_pp_prune_wrapper_temp.c.obj
2026-09-10T12:00:13.2752666Z [18/44] Generating kernel_all_pp_prune.c
2026-09-10T12:00:13.2753143Z [19/44] Building C object CMakeFiles/kernel_bf_gen_target_1_pbf_temp_lib.dir/kernel_bf_gen_target_1_pbf_temp.c.obj
2026-09-10T12:00:13.2753681Z [20/44] Generating generated/arch/object/structures.bf.pbf
2026-09-10T12:00:13.2754038Z [21/44] Generate invocation header include/sel4/invocation.h
2026-09-10T12:00:13.2754436Z [22/44] Generate invocation header arch_include/arm/sel4/arch/invocation.h
2026-09-10T12:00:13.2755081Z [23/44] Generating from /home/runner/work/slime_os/slime_os/build/sel4-qemu/libsel4/sel4_arch_include/aarch64/sel4/sel4_arch/types.pbf
2026-09-10T12:00:13.2755623Z [24/44] Generate sel4_client.h
2026-09-10T12:00:13.2756098Z [25/44] Generate syscall.h
2026-09-10T12:00:13.2756392Z [26/44] Generating from generated/arch/object/structures.bf.pbf
2026-09-10T12:00:13.2756728Z [27/44] Creating C input file for preprocessor
2026-09-10T12:00:13.2757138Z [28/44] Generate invocation header sel4_arch_include/aarch64/sel4/sel4_arch/invocation.h
2026-09-10T12:00:13.2757758Z [29/44] Building C object CMakeFiles/kernel_bf_gen_target_11_pbf_temp_lib.dir/kernel_bf_gen_target_11_pbf_temp.c.obj
2026-09-10T12:00:13.2758287Z [30/44] Generating generated/sel4/shared_types.bf.pbf
2026-09-10T12:00:13.2758625Z [31/44] Generating from generated/sel4/shared_types.bf.pbf
2026-09-10T12:00:13.2758943Z [32/44] Creating C input file for preprocessor
2026-09-10T12:00:13.2759232Z [33/44] Creating C input file for preprocessor
2026-09-10T12:00:13.2759667Z [34/44] Building C object CMakeFiles/linker_ld_wrapper_temp_lib.dir/linker_ld_wrapper_temp.c.obj
2026-09-10T12:00:13.2760097Z [35/44] Generating linker.lds_pp
2026-09-10T12:00:13.2760472Z [36/44] Building C object CMakeFiles/kernel_i_wrapper_temp_lib.dir/kernel_all_copy.c.obj
2026-09-10T12:00:13.2760868Z [37/44] Generating kernel_all.i
2026-09-10T12:00:13.2761112Z [38/44] Generating circular_includes_valid
2026-09-10T12:00:13.2761727Z [39/44] Building ASM object CMakeFiles/kernel.elf.dir/src/arch/arm/armv/armv8-a/64/machine_asm.S.obj
2026-09-10T12:00:13.2762295Z [40/44] Building ASM object CMakeFiles/kernel.elf.dir/src/arch/arm/64/head.S.obj
2026-09-10T12:00:13.2762785Z [41/44] Building ASM object CMakeFiles/kernel.elf.dir/src/arch/arm/64/traps.S.obj
2026-09-10T12:00:13.2763265Z [42/44] Building ASM object CMakeFiles/kernel.elf.dir/src/arch/arm/64/idle.S.obj
2026-09-10T12:00:13.2763714Z [43/44] Building C object CMakeFiles/kernel.elf.dir/kernel_all.c.obj
2026-09-10T12:00:13.2764052Z [44/44] Linking C executable kernel.elf
2026-09-10T12:00:13.2764614Z /nix/store/azr1j7bwjazffqmya4gxzkznkylg1bg0-binutils-2.46/bin/ld.bfd: warning: kernel.elf has a LOAD segment with RWX permissions
2026-09-10T12:00:13.2765307Z [install seL4] cmake --install /home/runner/work/slime_os/slime_os/build/sel4-qemu
2026-09-10T12:00:13.2872060Z -- Install configuration: "None"
2026-09-10T12:00:13.2872476Z -- Installing: /home/runner/work/slime_os/slime_os/build/sel4-prefix/bin/kernel.elf
2026-09-10T12:00:13.2872999Z -- Installing: /home/runner/work/slime_os/slime_os/build/sel4-prefix/libsel4/include
2026-09-10T12:00:13.2873530Z -- Installing: /home/runner/work/slime_os/slime_os/build/sel4-prefix/libsel4/include/api
2026-09-10T12:00:13.2874427Z -- Installing: /home/runner/work/slime_os/slime_os/build/sel4-prefix/libsel4/include/api/syscall.xsd
2026-09-10T12:00:13.2875055Z -- Installing: /home/runner/work/slime_os/slime_os/build/sel4-prefix/libsel4/include/api/syscall.xml
2026-09-10T12:00:13.2875640Z -- Installing: /home/runner/work/slime_os/slime_os/build/sel4-prefix/libsel4/include/sel4
2026-09-10T12:00:13.2876243Z -- Installing: /home/runner/work/slime_os/slime_os/build/sel4-prefix/libsel4/include/sel4/syscalls_mcs.h
2026-09-10T12:00:13.2876976Z -- Installing: /home/runner/work/slime_os/slime_os/build/sel4-prefix/libsel4/include/sel4/benchmark_track_types.h
2026-09-10T12:00:13.2877633Z -- Installing: /home/runner/work/slime_os/slime_os/build/sel4-prefix/libsel4/include/sel4/errors.h
2026-09-10T12:00:13.2878253Z -- Installing: /home/runner/work/slime_os/slime_os/build/sel4-prefix/libsel4/include/sel4/functions.h
2026-09-10T12:00:13.2878874Z -- Installing: /home/runner/work/slime_os/slime_os/build/sel4-prefix/libsel4/include/sel4/faults.h
2026-09-10T12:00:13.2879558Z -- Installing: /home/runner/work/slime_os/slime_os/build/sel4-prefix/libsel4/include/sel4/benchmark_utilisation_types.h
2026-09-10T12:00:13.2880230Z -- Installing: /home/runner/work/slime_os/slime_os/build/sel4-prefix/libsel4/include/sel4/sel4.h
2026-09-10T12:00:13.2880857Z -- Installing: /home/runner/work/slime_os/slime_os/build/sel4-prefix/libsel4/include/sel4/debug_assert.h
2026-09-10T12:00:13.2882059Z -- Installing: /home/runner/work/slime_os/slime_os/build/sel4-prefix/libsel4/include/sel4/objecttype.h
2026-09-10T12:00:13.2882940Z -- Installing: /home/runner/work/slime_os/slime_os/build/sel4-prefix/libsel4/include/sel4/virtual_client.h
2026-09-10T12:00:13.2883631Z -- Installing: /home/runner/work/slime_os/slime_os/build/sel4-prefix/libsel4/include/sel4/syscalls_master.h
2026-09-10T12:00:13.2884265Z -- Installing: /home/runner/work/slime_os/slime_os/build/sel4-prefix/libsel4/include/sel4/types.h
2026-09-10T12:00:13.2884887Z -- Installing: /home/runner/work/slime_os/slime_os/build/sel4-prefix/libsel4/include/sel4/constants.h
2026-09-10T12:00:13.2885519Z -- Installing: /home/runner/work/slime_os/slime_os/build/sel4-prefix/libsel4/include/sel4/deprecated.h
2026-09-10T12:00:13.2886143Z -- Installing: /home/runner/work/slime_os/slime_os/build/sel4-prefix/libsel4/include/sel4/assert.h
2026-09-10T12:00:13.2886826Z -- Installing: /home/runner/work/slime_os/slime_os/build/sel4-prefix/libsel4/include/sel4/benchmark_tracepoints_types.h
2026-09-10T12:00:13.2887532Z -- Installing: /home/runner/work/slime_os/slime_os/build/sel4-prefix/libsel4/include/sel4/simple_types.h
2026-09-10T12:00:13.2888183Z -- Installing: /home/runner/work/slime_os/slime_os/build/sel4-prefix/libsel4/include/sel4/shared_types.h
2026-09-10T12:00:13.2888815Z -- Installing: /home/runner/work/slime_os/slime_os/build/sel4-prefix/libsel4/include/sel4/syscalls.h
2026-09-10T12:00:13.2889433Z -- Installing: /home/runner/work/slime_os/slime_os/build/sel4-prefix/libsel4/include/sel4/macros.h
2026-09-10T12:00:13.2890075Z -- Installing: /home/runner/work/slime_os/slime_os/build/sel4-prefix/libsel4/include/sel4/bootinfo_types.h
2026-09-10T12:00:13.2890710Z -- Installing: /home/runner/work/slime_os/slime_os/build/sel4-prefix/libsel4/include/sel4/config.h
2026-09-10T12:00:13.2891321Z -- Installing: /home/runner/work/slime_os/slime_os/build/sel4-prefix/libsel4/include/sel4/bootinfo.h
2026-09-10T12:00:13.2892382Z -- Installing: /home/runner/work/slime_os/slime_os/build/sel4-prefix/libsel4/include/interfaces
2026-09-10T12:00:13.2893041Z -- Installing: /home/runner/work/slime_os/slime_os/build/sel4-prefix/libsel4/include/interfaces/object-api.xml
2026-09-10T12:00:13.2893643Z -- Up-to-date: /home/runner/work/slime_os/slime_os/build/sel4-prefix/libsel4/include
2026-09-10T12:00:13.2894174Z -- Up-to-date: /home/runner/work/slime_os/slime_os/build/sel4-prefix/libsel4/include/sel4
2026-09-10T12:00:13.2894738Z -- Installing: /home/runner/work/slime_os/slime_os/build/sel4-prefix/libsel4/include/sel4/arch
2026-09-10T12:00:13.2895661Z -- Installing: /home/runner/work/slime_os/slime_os/build/sel4-prefix/libsel4/include/sel4/arch/constants_cortex_a73.h
2026-09-10T12:00:13.2896410Z -- Installing: /home/runner/work/slime_os/slime_os/build/sel4-prefix/libsel4/include/sel4/arch/constants_cortex_a7.h
2026-09-10T12:00:13.2897100Z -- Installing: /home/runner/work/slime_os/slime_os/build/sel4-prefix/libsel4/include/sel4/arch/mapping.h
2026-09-10T12:00:13.2897798Z -- Installing: /home/runner/work/slime_os/slime_os/build/sel4-prefix/libsel4/include/sel4/arch/constants_cortex_a55.h
2026-09-10T12:00:13.2898509Z -- Installing: /home/runner/work/slime_os/slime_os/build/sel4-prefix/libsel4/include/sel4/arch/objecttype.h
2026-09-10T12:00:13.2899165Z -- Installing: /home/runner/work/slime_os/slime_os/build/sel4-prefix/libsel4/include/sel4/arch/types.h
2026-09-10T12:00:13.2899811Z -- Installing: /home/runner/work/slime_os/slime_os/build/sel4-prefix/libsel4/include/sel4/arch/constants.h
2026-09-10T12:00:13.2900607Z -- Installing: /home/runner/work/slime_os/slime_os/build/sel4-prefix/libsel4/include/sel4/arch/constants_cortex_a72.h
2026-09-10T12:00:13.2901488Z -- Installing: /home/runner/work/slime_os/slime_os/build/sel4-prefix/libsel4/include/sel4/arch/constants_cortex_a15.h
2026-09-10T12:00:13.2902200Z -- Installing: /home/runner/work/slime_os/slime_os/build/sel4-prefix/libsel4/include/sel4/arch/deprecated.h
2026-09-10T12:00:13.2902908Z -- Installing: /home/runner/work/slime_os/slime_os/build/sel4-prefix/libsel4/include/sel4/arch/constants_cortex_a9.h
2026-09-10T12:00:13.2903780Z -- Installing: /home/runner/work/slime_os/slime_os/build/sel4-prefix/libsel4/include/sel4/arch/simple_types.h
2026-09-10T12:00:13.2904474Z -- Installing: /home/runner/work/slime_os/slime_os/build/sel4-prefix/libsel4/include/sel4/arch/shared_types.h
2026-09-10T12:00:13.2905183Z -- Installing: /home/runner/work/slime_os/slime_os/build/sel4-prefix/libsel4/include/sel4/arch/constants_cortex_a57.h
2026-09-10T12:00:13.2905885Z -- Installing: /home/runner/work/slime_os/slime_os/build/sel4-prefix/libsel4/include/sel4/arch/syscalls.h
2026-09-10T12:00:13.2906583Z -- Installing: /home/runner/work/slime_os/slime_os/build/sel4-prefix/libsel4/include/sel4/arch/constants_cortex_a76.h
2026-09-10T12:00:13.2907322Z -- Installing: /home/runner/work/slime_os/slime_os/build/sel4-prefix/libsel4/include/sel4/arch/constants_cortex_a35.h
2026-09-10T12:00:13.2908061Z -- Installing: /home/runner/work/slime_os/slime_os/build/sel4-prefix/libsel4/include/sel4/arch/constants_cortex_a8.h
2026-09-10T12:00:13.2908800Z -- Installing: /home/runner/work/slime_os/slime_os/build/sel4-prefix/libsel4/include/sel4/arch/constants_cortex_a53.h
2026-09-10T12:00:13.2909462Z -- Up-to-date: /home/runner/work/slime_os/slime_os/build/sel4-prefix/libsel4/include/interfaces
2026-09-10T12:00:13.2910116Z -- Installing: /home/runner/work/slime_os/slime_os/build/sel4-prefix/libsel4/include/interfaces/object-api-arch.xml
2026-09-10T12:00:13.2910740Z -- Up-to-date: /home/runner/work/slime_os/slime_os/build/sel4-prefix/libsel4/include
2026-09-10T12:00:13.2911274Z -- Up-to-date: /home/runner/work/slime_os/slime_os/build/sel4-prefix/libsel4/include/sel4
2026-09-10T12:00:13.2912165Z -- Installing: /home/runner/work/slime_os/slime_os/build/sel4-prefix/libsel4/include/sel4/sel4_arch
2026-09-10T12:00:13.2912825Z -- Installing: /home/runner/work/slime_os/slime_os/build/sel4-prefix/libsel4/include/sel4/sel4_arch/mapping.h
2026-09-10T12:00:13.2913507Z -- Installing: /home/runner/work/slime_os/slime_os/build/sel4-prefix/libsel4/include/sel4/sel4_arch/faults.h
2026-09-10T12:00:13.2914204Z -- Installing: /home/runner/work/slime_os/slime_os/build/sel4-prefix/libsel4/include/sel4/sel4_arch/objecttype.h
2026-09-10T12:00:13.2914885Z -- Installing: /home/runner/work/slime_os/slime_os/build/sel4-prefix/libsel4/include/sel4/sel4_arch/types.h
2026-09-10T12:00:13.2915565Z -- Installing: /home/runner/work/slime_os/slime_os/build/sel4-prefix/libsel4/include/sel4/sel4_arch/constants.h
2026-09-10T12:00:13.2916506Z -- Installing: /home/runner/work/slime_os/slime_os/build/sel4-prefix/libsel4/include/sel4/sel4_arch/deprecated.h
2026-09-10T12:00:13.2917212Z -- Installing: /home/runner/work/slime_os/slime_os/build/sel4-prefix/libsel4/include/sel4/sel4_arch/simple_types.h
2026-09-10T12:00:13.2918000Z -- Installing: /home/runner/work/slime_os/slime_os/build/sel4-prefix/libsel4/include/sel4/sel4_arch/syscalls.h
2026-09-10T12:00:13.2918633Z -- Up-to-date: /home/runner/work/slime_os/slime_os/build/sel4-prefix/libsel4/include/interfaces
2026-09-10T12:00:13.2919318Z -- Installing: /home/runner/work/slime_os/slime_os/build/sel4-prefix/libsel4/include/interfaces/object-api-sel4-arch.xml
2026-09-10T12:00:13.2919956Z -- Up-to-date: /home/runner/work/slime_os/slime_os/build/sel4-prefix/libsel4/include
2026-09-10T12:00:13.2920486Z -- Up-to-date: /home/runner/work/slime_os/slime_os/build/sel4-prefix/libsel4/include/sel4
2026-09-10T12:00:13.2921046Z -- Installing: /home/runner/work/slime_os/slime_os/build/sel4-prefix/libsel4/include/sel4/plat
2026-09-10T12:00:13.2921817Z -- Installing: /home/runner/work/slime_os/slime_os/build/sel4-prefix/libsel4/include/sel4/plat/api
2026-09-10T12:00:13.2922484Z -- Installing: /home/runner/work/slime_os/slime_os/build/sel4-prefix/libsel4/include/sel4/plat/api/constants.h
2026-09-10T12:00:13.2923086Z -- Up-to-date: /home/runner/work/slime_os/slime_os/build/sel4-prefix/libsel4/include
2026-09-10T12:00:13.2923615Z -- Up-to-date: /home/runner/work/slime_os/slime_os/build/sel4-prefix/libsel4/include/sel4
2026-09-10T12:00:13.2924177Z -- Installing: /home/runner/work/slime_os/slime_os/build/sel4-prefix/libsel4/include/sel4/mode
2026-09-10T12:00:13.2924988Z -- Installing: /home/runner/work/slime_os/slime_os/build/sel4-prefix/libsel4/include/sel4/mode/types.h
2026-09-10T12:00:13.2925581Z -- Up-to-date: /home/runner/work/slime_os/slime_os/build/sel4-prefix/libsel4/include
2026-09-10T12:00:13.2926106Z -- Up-to-date: /home/runner/work/slime_os/slime_os/build/sel4-prefix/libsel4/include/sel4
2026-09-10T12:00:13.2926723Z -- Installing: /home/runner/work/slime_os/slime_os/build/sel4-prefix/libsel4/include/sel4/shared_types_gen.h
2026-09-10T12:00:13.2927379Z -- Installing: /home/runner/work/slime_os/slime_os/build/sel4-prefix/libsel4/include/sel4/invocation.h
2026-09-10T12:00:13.2928032Z -- Installing: /home/runner/work/slime_os/slime_os/build/sel4-prefix/libsel4/include/sel4/shared_types.pbf
2026-09-10T12:00:13.2928707Z -- Installing: /home/runner/work/slime_os/slime_os/build/sel4-prefix/libsel4/include/sel4/syscall.h
2026-09-10T12:00:13.2929302Z -- Up-to-date: /home/runner/work/slime_os/slime_os/build/sel4-prefix/libsel4/include/interfaces
2026-09-10T12:00:13.2929938Z -- Installing: /home/runner/work/slime_os/slime_os/build/sel4-prefix/libsel4/include/interfaces/sel4_client.h
2026-09-10T12:00:13.2930539Z -- Up-to-date: /home/runner/work/slime_os/slime_os/build/sel4-prefix/libsel4/include
2026-09-10T12:00:13.2931061Z -- Up-to-date: /home/runner/work/slime_os/slime_os/build/sel4-prefix/libsel4/include/sel4
2026-09-10T12:00:13.2931920Z -- Up-to-date: /home/runner/work/slime_os/slime_os/build/sel4-prefix/libsel4/include/sel4/arch
2026-09-10T12:00:13.2932552Z -- Installing: /home/runner/work/slime_os/slime_os/build/sel4-prefix/libsel4/include/sel4/arch/invocation.h
2026-09-10T12:00:13.2933144Z -- Up-to-date: /home/runner/work/slime_os/slime_os/build/sel4-prefix/libsel4/include
2026-09-10T12:00:13.2933666Z -- Up-to-date: /home/runner/work/slime_os/slime_os/build/sel4-prefix/libsel4/include/sel4
2026-09-10T12:00:13.2934236Z -- Up-to-date: /home/runner/work/slime_os/slime_os/build/sel4-prefix/libsel4/include/sel4/sel4_arch
2026-09-10T12:00:13.2934898Z -- Installing: /home/runner/work/slime_os/slime_os/build/sel4-prefix/libsel4/include/sel4/sel4_arch/invocation.h
2026-09-10T12:00:13.2935590Z -- Installing: /home/runner/work/slime_os/slime_os/build/sel4-prefix/libsel4/include/sel4/sel4_arch/types.pbf
2026-09-10T12:00:13.2936282Z -- Installing: /home/runner/work/slime_os/slime_os/build/sel4-prefix/libsel4/include/sel4/sel4_arch/types_gen.h
2026-09-10T12:00:13.2937131Z -- Up-to-date: /home/runner/work/slime_os/slime_os/build/sel4-prefix/libsel4/include
2026-09-10T12:00:13.2937671Z -- Installing: /home/runner/work/slime_os/slime_os/build/sel4-prefix/libsel4/include/kernel
2026-09-10T12:00:13.2938321Z -- Installing: /home/runner/work/slime_os/slime_os/build/sel4-prefix/libsel4/include/kernel/gen_config.json
2026-09-10T12:00:13.2938982Z -- Installing: /home/runner/work/slime_os/slime_os/build/sel4-prefix/libsel4/include/kernel/gen_config.h
2026-09-10T12:00:13.2939562Z -- Up-to-date: /home/runner/work/slime_os/slime_os/build/sel4-prefix/libsel4/include
2026-09-10T12:00:13.2940093Z -- Up-to-date: /home/runner/work/slime_os/slime_os/build/sel4-prefix/libsel4/include/sel4
2026-09-10T12:00:13.2940693Z -- Installing: /home/runner/work/slime_os/slime_os/build/sel4-prefix/libsel4/include/sel4/gen_config.json
2026-09-10T12:00:13.2941478Z -- Installing: /home/runner/work/slime_os/slime_os/build/sel4-prefix/libsel4/include/sel4/gen_config.h
2026-09-10T12:00:13.2942120Z -- Up-to-date: /home/runner/work/slime_os/slime_os/build/sel4-prefix/libsel4/include
2026-09-10T12:00:13.2942673Z -- Installing: /home/runner/work/slime_os/slime_os/build/sel4-prefix/libsel4/include/autoconf.h
2026-09-10T12:00:13.2943211Z -- Installing: /home/runner/work/slime_os/slime_os/build/sel4-prefix/libsel4/src
2026-09-10T12:00:13.2943753Z -- Installing: /home/runner/work/slime_os/slime_os/build/sel4-prefix/libsel4/src/sel4_bootinfo.c
2026-09-10T12:00:13.2944316Z -- Installing: /home/runner/work/slime_os/slime_os/build/sel4-prefix/support/kernel.dtb
2026-09-10T12:00:13.2945155Z -- Installing: /home/runner/work/slime_os/slime_os/build/sel4-prefix/support/platform_gen.yaml
2026-09-10T12:00:13.2945757Z -- Installing: /home/runner/work/slime_os/slime_os/build/sel4-prefix/support/platform_gen.json
2026-09-10T12:00:13.2946751Z [verify installed seL4 prefix] /nix/store/kw5npc7zf81dx00bz7zk01swlxbd7z72-python3-3.14.6-env/bin/python3 /home/runner/work/slime_os/slime_os/scripts/check/check-sel4-pins.py --prefix --platform qemu-arm-virt
2026-09-10T12:00:13.5457293Z seL4 pin check: exact source, toolchain, target, config, and host pins verified
2026-09-10T12:00:13.5464820Z [build root child] cargo build --locked --offline --release --manifest-path /home/runner/work/slime_os/slime_os/slime-root/child/Cargo.toml --package slime-root-child --target /home/runner/work/slime_os/slime_os/deps/rust-sel4/support/targets/aarch64-sel4-minimal.json --target-dir /home/runner/work/slime_os/slime_os/build/sel4-cargo/qemu-arm-virt/child -Z json-target-spec -Z build-std=core,alloc,compiler_builtins -Z build-std-features=compiler-builtins-mem
2026-09-10T12:00:30.4252421Z [1m[92m   Compiling[0m proc-macro2 v1.0.107
2026-09-10T12:00:30.4252871Z [1m[92m   Compiling[0m memchr v2.8.3
2026-09-10T12:00:30.4253211Z [1m[92m   Compiling[0m quote v1.0.47
2026-09-10T12:00:30.4253538Z [1m[92m   Compiling[0m unicode-ident v1.0.24
2026-09-10T12:00:30.4254482Z [1m[92m   Compiling[0m compiler_builtins v0.1.160 (/home/runner/.rustup/toolchains/nightly-2026-04-04-aarch64-unknown-linux-gnu/lib/rustlib/src/rust/library/compiler-builtins/compiler-builtins)
2026-09-10T12:00:30.4255350Z [1m[92m   Compiling[0m serde_core v1.0.229
2026-09-10T12:00:30.4255659Z [1m[92m   Compiling[0m serde v1.0.229
2026-09-10T12:00:30.4255950Z [1m[92m   Compiling[0m zmij v1.0.23
2026-09-10T12:00:30.4256652Z [1m[92m   Compiling[0m core v0.0.0 (/home/runner/.rustup/toolchains/nightly-2026-04-04-aarch64-unknown-linux-gnu/lib/rustlib/src/rust/library/core)
2026-09-10T12:00:30.4257293Z [1m[92m   Compiling[0m syn v3.0.3
2026-09-10T12:00:30.4257609Z [1m[92m   Compiling[0m serde_json v1.0.151
2026-09-10T12:00:30.4257916Z [1m[92m   Compiling[0m syn v2.0.119
2026-09-10T12:00:30.4258200Z [1m[92m   Compiling[0m itoa v1.0.18
2026-09-10T12:00:30.4258509Z [1m[92m   Compiling[0m serde_derive v1.0.229
2026-09-10T12:00:30.4258844Z [1m[92m   Compiling[0m prettyplease v0.2.37
2026-09-10T12:00:30.4259440Z [1m[92m   Compiling[0m sel4-build-env v0.1.0 (/home/runner/work/slime_os/slime_os/deps/rust-sel4/crates/sel4/build-env)
2026-09-10T12:00:30.4260389Z [1m[92m   Compiling[0m glob v0.3.4
2026-09-10T12:00:30.4260679Z [1m[92m   Compiling[0m libc v0.2.189
2026-09-10T12:00:30.4260975Z [1m[92m   Compiling[0m clang-sys v1.9.1
2026-09-10T12:00:30.4261275Z [1m[92m   Compiling[0m ucd-trie v0.1.7
2026-09-10T12:00:30.4261840Z [1m[92m   Compiling[0m aho-corasick v1.1.4
2026-09-10T12:00:30.4262156Z [1m[92m   Compiling[0m pest v2.8.8
2026-09-10T12:00:30.4262756Z [1m[92m   Compiling[0m sel4-config-types v0.1.0 (/home/runner/work/slime_os/slime_os/deps/rust-sel4/crates/sel4/config/types)
2026-09-10T12:00:30.4263607Z [1m[92m   Compiling[0m sel4-config-data v0.1.0 (/home/runner/work/slime_os/slime_os/deps/rust-sel4/crates/sel4/config/data)
2026-09-10T12:00:30.4264404Z [1m[92m   Compiling[0m sel4-config v0.1.0 (/home/runner/work/slime_os/slime_os/deps/rust-sel4/crates/sel4/config)
2026-09-10T12:00:30.4264917Z [1m[92m   Compiling[0m cfg-if v1.0.4
2026-09-10T12:00:30.4265240Z [1m[92m   Compiling[0m minimal-lexical v0.2.1
2026-09-10T12:00:30.4265568Z [1m[92m   Compiling[0m regex-syntax v0.8.11
2026-09-10T12:00:30.4265909Z [1m[92m   Compiling[0m fallible-iterator v0.3.0
2026-09-10T12:00:30.4266246Z [1m[92m   Compiling[0m rustversion v1.0.23
2026-09-10T12:00:30.4266858Z [1m[92m   Compiling[0m sel4-config-macros v0.1.0 (/home/runner/work/slime_os/slime_os/deps/rust-sel4/crates/sel4/config/macros)
2026-09-10T12:00:30.4267415Z [1m[92m   Compiling[0m nom v7.1.3
2026-09-10T12:00:30.4267710Z [1m[92m   Compiling[0m libloading v0.8.9
2026-09-10T12:00:30.4268318Z [1m[92m   Compiling[0m pest_meta v2.8.8
2026-09-10T12:00:30.4268717Z [1m[92m   Compiling[0m regex-automata v0.4.16
2026-09-10T12:00:30.4269037Z [1m[92m   Compiling[0m either v1.17.0
2026-09-10T12:00:30.4269338Z [1m[92m   Compiling[0m bindgen v0.72.1
2026-09-10T12:00:30.4269638Z [1m[92m   Compiling[0m itertools v0.13.0
2026-09-10T12:00:30.4269940Z [1m[92m   Compiling[0m regex v1.13.1
2026-09-10T12:00:30.4270236Z [1m[92m   Compiling[0m cexpr v0.6.0
2026-09-10T12:00:30.4270542Z [1m[92m   Compiling[0m pest_generator v2.8.8
2026-09-10T12:00:30.4270862Z [1m[92m   Compiling[0m bitflags v2.13.1
2026-09-10T12:00:30.4271152Z [1m[92m   Compiling[0m log v0.4.33
2026-09-10T12:00:30.4271820Z [1m[92m   Compiling[0m rustc-hash v2.1.3
2026-09-10T12:00:30.4272137Z [1m[92m   Compiling[0m shlex v1.3.0
2026-09-10T12:00:30.4272418Z [1m[92m   Compiling[0m xml v1.3.0
2026-09-10T12:00:30.4272703Z [1m[92m   Compiling[0m xmltree v0.12.0
2026-09-10T12:00:30.4273309Z [1m[92m   Compiling[0m sel4-bitfield-ops v0.1.0 (/home/runner/work/slime_os/slime_os/deps/rust-sel4/crates/sel4/bitfield-ops)
2026-09-10T12:00:30.4273872Z [1m[92m   Compiling[0m pest_derive v2.8.8
2026-09-10T12:00:30.4274595Z [1m[92m   Compiling[0m alloc v0.0.0 (/home/runner/.rustup/toolchains/nightly-2026-04-04-aarch64-unknown-linux-gnu/lib/rustlib/src/rust/library/alloc)
2026-09-10T12:00:30.4275475Z [1m[92m   Compiling[0m sel4-sys v0.1.0 (/home/runner/work/slime_os/slime_os/deps/rust-sel4/crates/sel4/sys)
2026-09-10T12:00:30.4276297Z [1m[92m   Compiling[0m sel4-phdrs-constants v0.1.0 (/home/runner/work/slime_os/slime_os/deps/rust-sel4/crates/sel4-phdrs/constants)
2026-09-10T12:00:30.4277118Z [1m[92m   Compiling[0m sel4-phdrs v0.1.0 (/home/runner/work/slime_os/slime_os/deps/rust-sel4/crates/sel4-phdrs)
2026-09-10T12:00:30.4277868Z [1m[92m   Compiling[0m sel4-stack v0.1.0 (/home/runner/work/slime_os/slime_os/deps/rust-sel4/crates/sel4-stack)
2026-09-10T12:00:30.4278685Z [1m[92m   Compiling[0m sel4-panicking-env v0.1.0 (/home/runner/work/slime_os/slime_os/deps/rust-sel4/crates/sel4-panicking/env)
2026-09-10T12:00:30.4279538Z [1m[92m   Compiling[0m sel4-ctors-dtors v0.1.0 (/home/runner/work/slime_os/slime_os/deps/rust-sel4/crates/sel4-ctors-dtors)
2026-09-10T12:00:30.4280404Z [1m[92m   Compiling[0m sel4-immutable-cell v0.1.0 (/home/runner/work/slime_os/slime_os/deps/rust-sel4/crates/sel4-immutable-cell)
2026-09-10T12:00:30.4281793Z [1m[92m   Compiling[0m sel4-runtime-common v0.1.0 (/home/runner/work/slime_os/slime_os/deps/rust-sel4/crates/sel4-runtime-common)
2026-09-10T12:00:30.4282630Z [1m[92m   Compiling[0m sel4 v0.1.0 (/home/runner/work/slime_os/slime_os/deps/rust-sel4/crates/sel4)
2026-09-10T12:00:30.4283302Z [1m[92m   Compiling[0m slime-root-child v0.1.0 (/home/runner/work/slime_os/slime_os/slime-root/child)
2026-09-10T12:00:30.4283883Z [1m[92m    Finished[0m `release` profile [optimized] target(s) in 16.86s
2026-09-10T12:00:30.4285437Z [build product Slisp component] /nix/store/kw5npc7zf81dx00bz7zk01swlxbd7z72-python3-3.14.6-env/bin/python3 /home/runner/work/slime_os/slime_os/scripts/build/build-c-component.py --architecture aarch64 /home/runner/work/slime_os/slime_os/components/slisp/slisp.c /home/runner/work/slime_os/slime_os/components/slisp/main.c /home/runner/work/slime_os/slime_os/build/slisp-product-aarch64.elf
2026-09-10T12:00:30.9975621Z Warning: supplying the --target aarch64-none-elf != aarch64-unknown-linux-gnu argument to a nix-wrapped compiler may not work correctly - cc-wrapper is currently not designed with multi-target compilers in mind. You may want to use an un-wrapped compiler instead.
2026-09-10T12:00:30.9977018Z clang: warning: argument unused during compilation: '-fstack-clash-protection' [-Wunused-command-line-argument]
2026-09-10T12:00:30.9978724Z Warning: supplying the --target aarch64-none-elf != aarch64-unknown-linux-gnu argument to a nix-wrapped compiler may not work correctly - cc-wrapper is currently not designed with multi-target compilers in mind. You may want to use an un-wrapped compiler instead.
2026-09-10T12:00:30.9979957Z clang: warning: argument unused during compilation: '-fstack-clash-protection' [-Wunused-command-line-argument]
2026-09-10T12:00:30.9981174Z Warning: supplying the --target aarch64-none-elf != aarch64-unknown-linux-gnu argument to a nix-wrapped compiler may not work correctly - cc-wrapper is currently not designed with multi-target compilers in mind. You may want to use an un-wrapped compiler instead.
2026-09-10T12:00:30.9982662Z clang: warning: argument unused during compilation: '-fstack-clash-protection' [-Wunused-command-line-argument]
2026-09-10T12:00:30.9983887Z Warning: supplying the --target aarch64-none-elf != aarch64-unknown-linux-gnu argument to a nix-wrapped compiler may not work correctly - cc-wrapper is currently not designed with multi-target compilers in mind. You may want to use an un-wrapped compiler instead.
2026-09-10T12:00:30.9985104Z clang: warning: argument unused during compilation: '-fstack-clash-protection' [-Wunused-command-line-argument]
2026-09-10T12:00:30.9986321Z Warning: supplying the --target aarch64-none-elf != aarch64-unknown-linux-gnu argument to a nix-wrapped compiler may not work correctly - cc-wrapper is currently not designed with multi-target compilers in mind. You may want to use an un-wrapped compiler instead.
2026-09-10T12:00:30.9987382Z /home/runner/work/slime_os/slime_os/build/slisp-product-aarch64.elf
2026-09-10T12:00:30.9988739Z [build seL4 generation] /nix/store/kw5npc7zf81dx00bz7zk01swlxbd7z72-python3-3.14.6-env/bin/python3 /home/runner/work/slime_os/slime_os/scripts/build/build-generation.py --external-component slisp-external=/home/runner/work/slime_os/slime_os/build/slisp-product-aarch64.elf /home/runner/work/slime_os/slime_os/build/sel4-generation
2026-09-10T12:01:54.0577287Z [1m[92m   Compiling[0m compiler_builtins v0.1.160 (/home/runner/.rustup/toolchains/nightly-2026-04-04-aarch64-unknown-linux-gnu/lib/rustlib/src/rust/library/compiler-builtins/compiler-builtins)
2026-09-10T12:01:54.0578285Z [1m[92m   Compiling[0m proc-macro2 v1.0.107
2026-09-10T12:01:54.0578620Z [1m[92m   Compiling[0m memchr v2.8.3
2026-09-10T12:01:54.0579333Z [1m[92m   Compiling[0m core v0.0.0 (/home/runner/.rustup/toolchains/nightly-2026-04-04-aarch64-unknown-linux-gnu/lib/rustlib/src/rust/library/core)
2026-09-10T12:01:54.0579985Z [1m[92m   Compiling[0m quote v1.0.47
2026-09-10T12:01:54.0580821Z [1m[92m   Compiling[0m unicode-ident v1.0.24
2026-09-10T12:01:54.0581160Z [1m[92m   Compiling[0m serde_core v1.0.229
2026-09-10T12:01:54.0581746Z [1m[92m   Compiling[0m serde v1.0.229
2026-09-10T12:01:54.0582053Z [1m[92m   Compiling[0m syn v3.0.3
2026-09-10T12:01:54.0582334Z [1m[92m   Compiling[0m zmij v1.0.23
2026-09-10T12:01:54.0582635Z [1m[92m   Compiling[0m serde_json v1.0.151
2026-09-10T12:01:54.0582941Z [1m[92m   Compiling[0m syn v2.0.119
2026-09-10T12:01:54.0583224Z [1m[92m   Compiling[0m itoa v1.0.18
2026-09-10T12:01:54.0583528Z [1m[92m   Compiling[0m serde_derive v1.0.229
2026-09-10T12:01:54.0584135Z [1m[92m   Compiling[0m sel4-build-env v0.1.0 (/home/runner/work/slime_os/slime_os/deps/rust-sel4/crates/sel4/build-env)
2026-09-10T12:01:54.0584703Z [1m[92m   Compiling[0m prettyplease v0.2.37
2026-09-10T12:01:54.0585016Z [1m[92m   Compiling[0m glob v0.3.4
2026-09-10T12:01:54.0585310Z [1m[92m   Compiling[0m clang-sys v1.9.1
2026-09-10T12:01:54.0585621Z [1m[92m   Compiling[0m ucd-trie v0.1.7
2026-09-10T12:01:54.0585917Z [1m[92m   Compiling[0m libc v0.2.189
2026-09-10T12:01:54.0586220Z [1m[92m   Compiling[0m version_check v0.9.5
2026-09-10T12:01:54.0586844Z [1m[92m   Compiling[0m sel4-config-types v0.1.0 (/home/runner/work/slime_os/slime_os/deps/rust-sel4/crates/sel4/config/types)
2026-09-10T12:01:54.0587661Z [1m[92m   Compiling[0m slime-build-support v0.1.0 (/home/runner/work/slime_os/slime_os/components/build-support)
2026-09-10T12:01:54.0588229Z [1m[92m   Compiling[0m generic-array v0.14.7
2026-09-10T12:01:54.0588540Z [1m[92m   Compiling[0m pest v2.8.8
2026-09-10T12:01:54.0589426Z [1m[92m   Compiling[0m sel4-config-data v0.1.0 (/home/runner/work/slime_os/slime_os/deps/rust-sel4/crates/sel4/config/data)
2026-09-10T12:01:54.0590059Z [1m[92m   Compiling[0m aho-corasick v1.1.4
2026-09-10T12:01:54.0590618Z [1m[92m   Compiling[0m sel4-config v0.1.0 (/home/runner/work/slime_os/slime_os/deps/rust-sel4/crates/sel4/config)
2026-09-10T12:01:54.0591164Z [1m[92m   Compiling[0m minimal-lexical v0.2.1
2026-09-10T12:01:54.0591725Z [1m[92m   Compiling[0m cfg-if v1.0.4
2026-09-10T12:01:54.0592067Z [1m[92m   Compiling[0m fallible-iterator v0.3.0
2026-09-10T12:01:54.0592404Z [1m[92m   Compiling[0m rustversion v1.0.23
2026-09-10T12:01:54.0592726Z [1m[92m   Compiling[0m regex-syntax v0.8.11
2026-09-10T12:01:54.0593347Z [1m[92m   Compiling[0m sel4-config-macros v0.1.0 (/home/runner/work/slime_os/slime_os/deps/rust-sel4/crates/sel4/config/macros)
2026-09-10T12:01:54.0593915Z [1m[92m   Compiling[0m libloading v0.8.9
2026-09-10T12:01:54.0594228Z [1m[92m   Compiling[0m pest_meta v2.8.8
2026-09-10T12:01:54.0594519Z [1m[92m   Compiling[0m nom v7.1.3
2026-09-10T12:01:54.0594825Z [1m[92m   Compiling[0m regex-automata v0.4.16
2026-09-10T12:01:54.0595142Z [1m[92m   Compiling[0m either v1.17.0
2026-09-10T12:01:54.0595435Z [1m[92m   Compiling[0m bindgen v0.72.1
2026-09-10T12:01:54.0595737Z [1m[92m   Compiling[0m itertools v0.13.0
2026-09-10T12:01:54.0596044Z [1m[92m   Compiling[0m cexpr v0.6.0
2026-09-10T12:01:54.0596333Z [1m[92m   Compiling[0m regex v1.13.1
2026-09-10T12:01:54.0596643Z [1m[92m   Compiling[0m pest_generator v2.8.8
2026-09-10T12:01:54.0596947Z [1m[92m   Compiling[0m xml v1.3.0
2026-09-10T12:01:54.0597642Z [1m[92m   Compiling[0m alloc v0.0.0 (/home/runner/.rustup/toolchains/nightly-2026-04-04-aarch64-unknown-linux-gnu/lib/rustlib/src/rust/library/alloc)
2026-09-10T12:01:54.0598304Z [1m[92m   Compiling[0m bitflags v2.13.1
2026-09-10T12:01:54.0598602Z [1m[92m   Compiling[0m shlex v1.3.0
2026-09-10T12:01:54.0598903Z [1m[92m   Compiling[0m rustc-hash v2.1.3
2026-09-10T12:01:54.0599198Z [1m[92m   Compiling[0m log v0.4.33
2026-09-10T12:01:54.0599483Z [1m[92m   Compiling[0m xmltree v0.12.0
2026-09-10T12:01:54.0600080Z [1m[92m   Compiling[0m sel4-bitfield-ops v0.1.0 (/home/runner/work/slime_os/slime_os/deps/rust-sel4/crates/sel4/bitfield-ops)
2026-09-10T12:01:54.0600651Z [1m[92m   Compiling[0m pest_derive v2.8.8
2026-09-10T12:01:54.0601852Z [1m[92m   Compiling[0m slime-proto v0.1.0 (/home/runner/work/slime_os/slime_os/components/proto)
2026-09-10T12:01:54.0602582Z [1m[92m   Compiling[0m slime-components v0.1.0 (/home/runner/work/slime_os/slime_os/components/lib)
2026-09-10T12:01:54.0603396Z [1m[92m   Compiling[0m slime-component-spawn-service v0.1.0 (/home/runner/work/slime_os/slime_os/components/services/spawn-service)
2026-09-10T12:01:54.0603994Z [1m[92m   Compiling[0m typenum v1.20.1
2026-09-10T12:01:54.0604622Z [1m[92m   Compiling[0m sel4-phdrs-constants v0.1.0 (/home/runner/work/slime_os/slime_os/deps/rust-sel4/crates/sel4-phdrs/constants)
2026-09-10T12:01:54.0605222Z [1m[92m   Compiling[0m cpufeatures v0.2.17
2026-09-10T12:01:54.0605779Z [1m[92m   Compiling[0m sel4-phdrs v0.1.0 (/home/runner/work/slime_os/slime_os/deps/rust-sel4/crates/sel4-phdrs)
2026-09-10T12:01:54.0606533Z [1m[92m   Compiling[0m sel4-stack v0.1.0 (/home/runner/work/slime_os/slime_os/deps/rust-sel4/crates/sel4-stack)
2026-09-10T12:01:54.0607335Z [1m[92m   Compiling[0m sel4-ctors-dtors v0.1.0 (/home/runner/work/slime_os/slime_os/deps/rust-sel4/crates/sel4-ctors-dtors)
2026-09-10T12:01:54.0608196Z [1m[92m   Compiling[0m sel4-panicking-env v0.1.0 (/home/runner/work/slime_os/slime_os/deps/rust-sel4/crates/sel4-panicking/env)
2026-09-10T12:01:54.0609082Z [1m[92m   Compiling[0m sel4-immutable-cell v0.1.0 (/home/runner/work/slime_os/slime_os/deps/rust-sel4/crates/sel4-immutable-cell)
2026-09-10T12:01:54.0610165Z [1m[92m   Compiling[0m sel4-runtime-common v0.1.0 (/home/runner/work/slime_os/slime_os/deps/rust-sel4/crates/sel4-runtime-common)
2026-09-10T12:01:54.0611116Z [1m[92m   Compiling[0m slime-component-echo-agent v0.1.0 (/home/runner/work/slime_os/slime_os/components/testkit/echo-agent)
2026-09-10T12:01:54.0612189Z [1m[92m   Compiling[0m slime-component-console v0.1.0 (/home/runner/work/slime_os/slime_os/components/system/console)
2026-09-10T12:01:54.0612753Z [1m[92m   Compiling[0m block-buffer v0.10.4
2026-09-10T12:01:54.0613090Z [1m[92m   Compiling[0m crypto-common v0.1.7
2026-09-10T12:01:54.0613401Z [1m[92m   Compiling[0m digest v0.10.7
2026-09-10T12:01:54.0613967Z [1m[92m   Compiling[0m slime-component-sysinfo v0.1.0 (/home/runner/work/slime_os/slime_os/components/system/sysinfo)
2026-09-10T12:01:54.0614498Z [1m[92m   Compiling[0m sha2 v0.10.9
2026-09-10T12:01:54.0615038Z [1m[92m   Compiling[0m slime-component-init v0.1.0 (/home/runner/work/slime_os/slime_os/components/system/init)
2026-09-10T12:01:54.0615750Z [1m[92m   Compiling[0m boot-contracts v0.1.0 (/home/runner/work/slime_os/slime_os/boot-contracts)
2026-09-10T12:01:54.0616439Z [1m[92m   Compiling[0m sel4-sys v0.1.0 (/home/runner/work/slime_os/slime_os/deps/rust-sel4/crates/sel4/sys)
2026-09-10T12:01:54.0617124Z [1m[92m   Compiling[0m sel4 v0.1.0 (/home/runner/work/slime_os/slime_os/deps/rust-sel4/crates/sel4)
2026-09-10T12:01:54.0617761Z [1m[92m   Compiling[0m slime-rt v0.1.0 (/home/runner/work/slime_os/slime_os/components/runtime)
2026-09-10T12:01:54.0618323Z [1m[92m    Finished[0m `release` profile [optimized] target(s) in 19.44s
2026-09-10T12:01:54.0619260Z Component source: executable=console implementation=console provider=workspace path=/home/runner/work/slime_os/slime_os/target/components/aarch64-sel4-qemu-virt/generation-1/aarch64-sel4-minimal/release/console.elf
2026-09-10T12:01:54.0620737Z Component source: executable=echo-agent implementation=echo-agent provider=workspace path=/home/runner/work/slime_os/slime_os/target/components/aarch64-sel4-qemu-virt/generation-1/aarch64-sel4-minimal/release/echo-agent.elf
2026-09-10T12:01:54.0622297Z Component source: executable=init implementation=init provider=workspace path=/home/runner/work/slime_os/slime_os/target/components/aarch64-sel4-qemu-virt/generation-1/aarch64-sel4-minimal/release/init.elf
2026-09-10T12:01:54.0623499Z Component source: executable=slisp implementation=slisp-external provider=external path=/home/runner/work/slime_os/slime_os/build/slisp-product-aarch64.elf
2026-09-10T12:01:54.0625019Z Component source: executable=spawn-service implementation=spawn-service provider=workspace path=/home/runner/work/slime_os/slime_os/target/components/aarch64-sel4-qemu-virt/generation-1/aarch64-sel4-minimal/release/spawn-service.elf
2026-09-10T12:01:54.0626554Z Component source: executable=sysinfo implementation=sysinfo provider=workspace path=/home/runner/work/slime_os/slime_os/target/components/aarch64-sel4-qemu-virt/generation-1/aarch64-sel4-minimal/release/sysinfo.elf
2026-09-10T12:01:54.0627669Z Built seL4 generation 2baed352ac8959c46ad5e51e6d76d83f167ebf30fd8e50c1f610f3e5a105278c target=aarch64-sel4-qemu-virt
2026-09-10T12:01:54.0628197Z Built boot-store.bin (33554432 bytes)
2026-09-10T12:01:54.0629787Z [build root task] cargo build --locked --offline --release --manifest-path /home/runner/work/slime_os/slime_os/Cargo.toml --package slime-root --target /home/runner/work/slime_os/slime_os/deps/rust-sel4/support/targets/aarch64-sel4-roottask-minimal.json --target-dir /home/runner/work/slime_os/slime_os/build/sel4-cargo/qemu-arm-virt/root -Z json-target-spec -Z build-std=core,alloc,compiler_builtins -Z build-std-features=compiler-builtins-mem
2026-09-10T12:02:17.1134382Z [1m[92m   Compiling[0m compiler_builtins v0.1.160 (/home/runner/.rustup/toolchains/nightly-2026-04-04-aarch64-unknown-linux-gnu/lib/rustlib/src/rust/library/compiler-builtins/compiler-builtins)
2026-09-10T12:02:17.1135754Z [1m[92m   Compiling[0m core v0.0.0 (/home/runner/.rustup/toolchains/nightly-2026-04-04-aarch64-unknown-linux-gnu/lib/rustlib/src/rust/library/core)
2026-09-10T12:02:17.1136921Z [1m[92m   Compiling[0m proc-macro2 v1.0.107
2026-09-10T12:02:17.1137332Z [1m[92m   Compiling[0m unicode-ident v1.0.24
2026-09-10T12:02:17.1137659Z [1m[92m   Compiling[0m quote v1.0.47
2026-09-10T12:02:17.1137949Z [1m[92m   Compiling[0m memchr v2.8.3
2026-09-10T12:02:17.1138252Z [1m[92m   Compiling[0m serde_core v1.0.229
2026-09-10T12:02:17.1138555Z [1m[92m   Compiling[0m syn v3.0.3
2026-09-10T12:02:17.1138852Z [1m[92m   Compiling[0m zmij v1.0.23
2026-09-10T12:02:17.1139139Z [1m[92m   Compiling[0m serde v1.0.229
2026-09-10T12:02:17.1139430Z [1m[92m   Compiling[0m syn v2.0.119
2026-09-10T12:02:17.1139744Z [1m[92m   Compiling[0m serde_json v1.0.151
2026-09-10T12:02:17.1140051Z [1m[92m   Compiling[0m itoa v1.0.18
2026-09-10T12:02:17.1140354Z [1m[92m   Compiling[0m serde_derive v1.0.229
2026-09-10T12:02:17.1140949Z [1m[92m   Compiling[0m sel4-build-env v0.1.0 (/home/runner/work/slime_os/slime_os/deps/rust-sel4/crates/sel4/build-env)
2026-09-10T12:02:17.1141889Z [1m[92m   Compiling[0m prettyplease v0.2.37
2026-09-10T12:02:17.1142202Z [1m[92m   Compiling[0m glob v0.3.4
2026-09-10T12:02:17.1142492Z [1m[92m   Compiling[0m clang-sys v1.9.1
2026-09-10T12:02:17.1142814Z [1m[92m   Compiling[0m version_check v0.9.5
2026-09-10T12:02:17.1143120Z [1m[92m   Compiling[0m libc v0.2.189
2026-09-10T12:02:17.1143414Z [1m[92m   Compiling[0m ucd-trie v0.1.7
2026-09-10T12:02:17.1143712Z [1m[92m   Compiling[0m pest v2.8.8
2026-09-10T12:02:17.1144307Z [1m[92m   Compiling[0m sel4-config-types v0.1.0 (/home/runner/work/slime_os/slime_os/deps/rust-sel4/crates/sel4/config/types)
2026-09-10T12:02:17.1144883Z [1m[92m   Compiling[0m generic-array v0.14.7
2026-09-10T12:02:17.1145482Z [1m[92m   Compiling[0m sel4-config-data v0.1.0 (/home/runner/work/slime_os/slime_os/deps/rust-sel4/crates/sel4/config/data)
2026-09-10T12:02:17.1146044Z [1m[92m   Compiling[0m aho-corasick v1.1.4
2026-09-10T12:02:17.1146613Z [1m[92m   Compiling[0m sel4-config v0.1.0 (/home/runner/work/slime_os/slime_os/deps/rust-sel4/crates/sel4/config)
2026-09-10T12:02:17.1147146Z [1m[92m   Compiling[0m regex-syntax v0.8.11
2026-09-10T12:02:17.1147479Z [1m[92m   Compiling[0m fallible-iterator v0.3.0
2026-09-10T12:02:17.1147818Z [1m[92m   Compiling[0m minimal-lexical v0.2.1
2026-09-10T12:02:17.1148148Z [1m[92m   Compiling[0m rustversion v1.0.23
2026-09-10T12:02:17.1148833Z [1m[92m   Compiling[0m cfg-if v1.0.4
2026-09-10T12:02:17.1149135Z [1m[92m   Compiling[0m libloading v0.8.9
2026-09-10T12:02:17.1149432Z [1m[92m   Compiling[0m nom v7.1.3
2026-09-10T12:02:17.1150021Z [1m[92m   Compiling[0m sel4-config-macros v0.1.0 (/home/runner/work/slime_os/slime_os/deps/rust-sel4/crates/sel4/config/macros)
2026-09-10T12:02:17.1150604Z [1m[92m   Compiling[0m regex-automata v0.4.16
2026-09-10T12:02:17.1150921Z [1m[92m   Compiling[0m pest_meta v2.8.8
2026-09-10T12:02:17.1151218Z [1m[92m   Compiling[0m bindgen v0.72.1
2026-09-10T12:02:17.1151978Z [1m[92m   Compiling[0m either v1.17.0
2026-09-10T12:02:17.1152291Z [1m[92m   Compiling[0m itertools v0.13.0
2026-09-10T12:02:17.1152594Z [1m[92m   Compiling[0m regex v1.13.1
2026-09-10T12:02:17.1152901Z [1m[92m   Compiling[0m pest_generator v2.8.8
2026-09-10T12:02:17.1153209Z [1m[92m   Compiling[0m cexpr v0.6.0
2026-09-10T12:02:17.1153503Z [1m[92m   Compiling[0m bitflags v2.13.1
2026-09-10T12:02:17.1153802Z [1m[92m   Compiling[0m shlex v1.3.0
2026-09-10T12:02:17.1154085Z [1m[92m   Compiling[0m xml v1.3.0
2026-09-10T12:02:17.1154935Z [1m[92m   Compiling[0m alloc v0.0.0 (/home/runner/.rustup/toolchains/nightly-2026-04-04-aarch64-unknown-linux-gnu/lib/rustlib/src/rust/library/alloc)
2026-09-10T12:02:17.1155635Z [1m[92m   Compiling[0m log v0.4.33
2026-09-10T12:02:17.1155933Z [1m[92m   Compiling[0m rustc-hash v2.1.3
2026-09-10T12:02:17.1156234Z [1m[92m   Compiling[0m xmltree v0.12.0
2026-09-10T12:02:17.1157084Z [1m[92m   Compiling[0m sel4-bitfield-ops v0.1.0 (/home/runner/work/slime_os/slime_os/deps/rust-sel4/crates/sel4/bitfield-ops)
2026-09-10T12:02:17.1157720Z [1m[92m   Compiling[0m pest_derive v2.8.8
2026-09-10T12:02:17.1158025Z [1m[92m   Compiling[0m typenum v1.20.1
2026-09-10T12:02:17.1158325Z [1m[92m   Compiling[0m semver v1.0.28
2026-09-10T12:02:17.1158635Z [1m[92m   Compiling[0m rustc_version v0.4.1
2026-09-10T12:02:17.1158966Z [1m[92m   Compiling[0m curve25519-dalek v4.1.3
2026-09-10T12:02:17.1159298Z [1m[92m   Compiling[0m scopeguard v1.2.0
2026-09-10T12:02:17.1159608Z [1m[92m   Compiling[0m cpufeatures v0.2.17
2026-09-10T12:02:17.1159924Z [1m[92m   Compiling[0m lock_api v0.4.14
2026-09-10T12:02:17.1160633Z [1m[92m   Compiling[0m sel4-immediate-sync-once-cell v0.1.0 (/home/runner/work/slime_os/slime_os/deps/rust-sel4/crates/sel4-immediate-sync-once-cell)
2026-09-10T12:02:17.1161297Z [1m[92m   Compiling[0m crypto-common v0.1.7
2026-09-10T12:02:17.1162056Z [1m[92m   Compiling[0m block-buffer v0.10.4
2026-09-10T12:02:17.1162684Z [1m[92m   Compiling[0m sel4-panicking-env v0.1.0 (/home/runner/work/slime_os/slime_os/deps/rust-sel4/crates/sel4-panicking/env)
2026-09-10T12:02:17.1163253Z [1m[92m   Compiling[0m digest v0.10.7
2026-09-10T12:02:17.1163540Z [1m[92m   Compiling[0m subtle v2.6.1
2026-09-10T12:02:17.1164160Z [1m[92m   Compiling[0m sel4-phdrs-constants v0.1.0 (/home/runner/work/slime_os/slime_os/deps/rust-sel4/crates/sel4-phdrs/constants)
2026-09-10T12:02:17.1164749Z [1m[92m   Compiling[0m signature v2.2.0
2026-09-10T12:02:17.1165296Z [1m[92m   Compiling[0m sel4-phdrs v0.1.0 (/home/runner/work/slime_os/slime_os/deps/rust-sel4/crates/sel4-phdrs)
2026-09-10T12:02:17.1165803Z [1m[92m   Compiling[0m ed25519 v2.2.3
2026-09-10T12:02:17.1166086Z [1m[92m   Compiling[0m sha2 v0.10.9
2026-09-10T12:02:17.1166373Z [1m[92m   Compiling[0m dlmalloc v0.2.14
2026-09-10T12:02:17.1166960Z [1m[92m   Compiling[0m sel4-ctors-dtors v0.1.0 (/home/runner/work/slime_os/slime_os/deps/rust-sel4/crates/sel4-ctors-dtors)
2026-09-10T12:02:17.1167752Z [1m[92m   Compiling[0m sel4-stack v0.1.0 (/home/runner/work/slime_os/slime_os/deps/rust-sel4/crates/sel4-stack)
2026-09-10T12:02:17.1168576Z [1m[92m   Compiling[0m sel4-immutable-cell v0.1.0 (/home/runner/work/slime_os/slime_os/deps/rust-sel4/crates/sel4-immutable-cell)
2026-09-10T12:02:17.1169335Z [1m[92m   Compiling[0m slime-proto v0.1.0 (/home/runner/work/slime_os/slime_os/components/proto)
2026-09-10T12:02:17.1170128Z [1m[92m   Compiling[0m object v0.38.1
2026-09-10T12:02:17.1170738Z [1m[92m   Compiling[0m sel4-runtime-common v0.1.0 (/home/runner/work/slime_os/slime_os/deps/rust-sel4/crates/sel4-runtime-common)
2026-09-10T12:02:17.1171795Z [1m[92m   Compiling[0m sel4-dlmalloc v0.1.0 (/home/runner/work/slime_os/slime_os/deps/rust-sel4/crates/sel4-dlmalloc)
2026-09-10T12:02:17.1172390Z [1m[92m   Compiling[0m ed25519-dalek v2.2.0
2026-09-10T12:02:17.1172981Z [1m[92m   Compiling[0m sel4-panicking v0.1.0 (/home/runner/work/slime_os/slime_os/deps/rust-sel4/crates/sel4-panicking)
2026-09-10T12:02:17.1173851Z [1m[92m   Compiling[0m sel4-root-task-macros v0.1.0 (/home/runner/work/slime_os/slime_os/deps/rust-sel4/crates/sel4-root-task/macros)
2026-09-10T12:02:17.1174598Z [1m[92m   Compiling[0m slime-root v0.1.0 (/home/runner/work/slime_os/slime_os/slime-root)
2026-09-10T12:02:17.1175223Z [1m[92m   Compiling[0m boot-contracts v0.1.0 (/home/runner/work/slime_os/slime_os/boot-contracts)
2026-09-10T12:02:17.1175912Z [1m[92m   Compiling[0m sel4-sys v0.1.0 (/home/runner/work/slime_os/slime_os/deps/rust-sel4/crates/sel4/sys)
2026-09-10T12:02:17.1176602Z [1m[92m   Compiling[0m sel4 v0.1.0 (/home/runner/work/slime_os/slime_os/deps/rust-sel4/crates/sel4)
2026-09-10T12:02:17.1177394Z [1m[92m   Compiling[0m sel4-sync v0.1.0 (/home/runner/work/slime_os/slime_os/deps/rust-sel4/crates/sel4-sync)
2026-09-10T12:02:17.1178172Z [1m[92m   Compiling[0m sel4-root-task v0.1.0 (/home/runner/work/slime_os/slime_os/deps/rust-sel4/crates/sel4-root-task)
2026-09-10T12:02:17.1178977Z [1m[92m    Finished[0m `release` profile [optimized] target(s) in 23.03s
2026-09-10T12:02:17.1180489Z [build seL4 kernel loader] cargo build --locked --offline --release --manifest-path /home/runner/work/slime_os/slime_os/deps/rust-sel4/Cargo.toml --package sel4-kernel-loader --target aarch64-unknown-none --target-dir /home/runner/work/slime_os/slime_os/build/sel4-cargo/qemu-arm-virt/loader -Z build-std=core,alloc,compiler_builtins -Z build-std-features=compiler-builtins-mem
2026-09-10T12:02:36.1867923Z [1m[92m   Compiling[0m compiler_builtins v0.1.160 (/home/runner/.rustup/toolchains/nightly-2026-04-04-aarch64-unknown-linux-gnu/lib/rustlib/src/rust/library/compiler-builtins/compiler-builtins)
2026-09-10T12:02:36.1868871Z [1m[92m   Compiling[0m proc-macro2 v1.0.106
2026-09-10T12:02:36.1869193Z [1m[92m   Compiling[0m quote v1.0.45
2026-09-10T12:02:36.1869513Z [1m[92m   Compiling[0m unicode-ident v1.0.24
2026-09-10T12:02:36.1870261Z [1m[92m   Compiling[0m core v0.0.0 (/home/runner/.rustup/toolchains/nightly-2026-04-04-aarch64-unknown-linux-gnu/lib/rustlib/src/rust/library/core)
2026-09-10T12:02:36.1870922Z [1m[92m   Compiling[0m serde_core v1.0.228
2026-09-10T12:02:36.1871231Z [1m[92m   Compiling[0m serde v1.0.228
2026-09-10T12:02:36.1871956Z [1m[92m   Compiling[0m zmij v1.0.21
2026-09-10T12:02:36.1872272Z [1m[92m   Compiling[0m serde_json v1.0.149
2026-09-10T12:02:36.1872574Z [1m[92m   Compiling[0m syn v2.0.117
2026-09-10T12:02:36.1872870Z [1m[92m   Compiling[0m itoa v1.0.18
2026-09-10T12:02:36.1873155Z [1m[92m   Compiling[0m memchr v2.8.0
2026-09-10T12:02:36.1873724Z [1m[92m   Compiling[0m sel4-build-env v0.1.0 (/home/runner/work/slime_os/slime_os/deps/rust-sel4/crates/sel4/build-env)
2026-09-10T12:02:36.1874286Z [1m[92m   Compiling[0m prettyplease v0.2.37
2026-09-10T12:02:36.1874604Z [1m[92m   Compiling[0m hashbrown v0.16.1
2026-09-10T12:02:36.1874934Z [1m[92m   Compiling[0m fallible-iterator v0.3.0
2026-09-10T12:02:36.1875265Z [1m[92m   Compiling[0m thiserror v2.0.18
2026-09-10T12:02:36.1875578Z [1m[92m   Compiling[0m equivalent v1.0.2
2026-09-10T12:02:36.1875885Z [1m[92m   Compiling[0m indexmap v2.13.0
2026-09-10T12:02:36.1876181Z [1m[92m   Compiling[0m ryu v1.0.23
2026-09-10T12:02:36.1876487Z [1m[92m   Compiling[0m unsafe-libyaml v0.2.11
2026-09-10T12:02:36.1876803Z [1m[92m   Compiling[0m autocfg v1.5.0
2026-09-10T12:02:36.1877103Z [1m[92m   Compiling[0m num-traits v0.2.19
2026-09-10T12:02:36.1877999Z [1m[92m   Compiling[0m serde_derive v1.0.228
2026-09-10T12:02:36.1878338Z [1m[92m   Compiling[0m ptr_meta_derive v0.3.1
2026-09-10T12:02:36.1878660Z [1m[92m   Compiling[0m munge_macro v0.4.7
2026-09-10T12:02:36.1878984Z [1m[92m   Compiling[0m thiserror-impl v2.0.18
2026-09-10T12:02:36.1879306Z [1m[92m   Compiling[0m rkyv_derive v0.8.15
2026-09-10T12:02:36.1879614Z [1m[92m   Compiling[0m crc32fast v1.5.0
2026-09-10T12:02:36.1879916Z [1m[92m   Compiling[0m ptr_meta v0.3.1
2026-09-10T12:02:36.1880213Z [1m[92m   Compiling[0m heapless v0.9.1
2026-09-10T12:02:36.1880526Z [1m[92m   Compiling[0m simd-adler32 v0.3.8
2026-09-10T12:02:36.1880836Z [1m[92m   Compiling[0m adler2 v2.0.1
2026-09-10T12:02:36.1881118Z [1m[92m   Compiling[0m cfg-if v1.0.4
2026-09-10T12:02:36.1881719Z [1m[92m   Compiling[0m miniz_oxide v0.8.9
2026-09-10T12:02:36.1882088Z [1m[92m   Compiling[0m rancor v0.1.1
2026-09-10T12:02:36.1882373Z [1m[92m   Compiling[0m munge v0.4.7
2026-09-10T12:02:36.1882667Z [1m[92m   Compiling[0m rend v0.5.3
2026-09-10T12:02:36.1883256Z [1m[92m   Compiling[0m sel4-config-types v0.1.0 (/home/runner/work/slime_os/slime_os/deps/rust-sel4/crates/sel4/config/types)
2026-09-10T12:02:36.1884181Z [1m[92m   Compiling[0m sel4-platform-info-types v0.1.0 (/home/runner/work/slime_os/slime_os/deps/rust-sel4/crates/sel4-platform-info/types)
2026-09-10T12:02:36.1884827Z [1m[92m   Compiling[0m serde_yaml v0.9.34+deprecated
2026-09-10T12:02:36.1885436Z [1m[92m   Compiling[0m sel4-config-data v0.1.0 (/home/runner/work/slime_os/slime_os/deps/rust-sel4/crates/sel4/config/data)
2026-09-10T12:02:36.1886547Z [1m[92m   Compiling[0m sel4-config v0.1.0 (/home/runner/work/slime_os/slime_os/deps/rust-sel4/crates/sel4/config)
2026-09-10T12:02:36.1887494Z [1m[92m   Compiling[0m sel4-config-macros v0.1.0 (/home/runner/work/slime_os/slime_os/deps/rust-sel4/crates/sel4/config/macros)
2026-09-10T12:02:36.1888064Z [1m[92m   Compiling[0m twox-hash v2.1.2
2026-09-10T12:02:36.1888369Z [1m[92m   Compiling[0m object v0.38.1
2026-09-10T12:02:36.1888977Z [1m[92m   Compiling[0m sel4-platform-info v0.1.0 (/home/runner/work/slime_os/slime_os/deps/rust-sel4/crates/sel4-platform-info)
2026-09-10T12:02:36.1889537Z [1m[92m   Compiling[0m ruzstd v0.8.2
2026-09-10T12:02:36.1889822Z [1m[92m   Compiling[0m flate2 v1.1.9
2026-09-10T12:02:36.1890110Z [1m[92m   Compiling[0m cobs v0.3.0
2026-09-10T12:02:36.1890390Z [1m[92m   Compiling[0m shlex v1.3.0
2026-09-10T12:02:36.1890695Z [1m[92m   Compiling[0m find-msvc-tools v0.1.9
2026-09-10T12:02:36.1891006Z [1m[92m   Compiling[0m rkyv v0.8.15
2026-09-10T12:02:36.1891289Z [1m[92m   Compiling[0m cc v1.2.57
2026-09-10T12:02:36.1891876Z [1m[92m   Compiling[0m postcard v1.1.3
2026-09-10T12:02:36.1892176Z [1m[92m   Compiling[0m glob v0.3.3
2026-09-10T12:02:36.1892910Z [1m[92m   Compiling[0m sel4-kernel-loader-payload-types v0.1.0 (/home/runner/work/slime_os/slime_os/deps/rust-sel4/crates/sel4-kernel-loader/payload-types)
2026-09-10T12:02:36.1894005Z [1m[92m   Compiling[0m alloc v0.0.0 (/home/runner/.rustup/toolchains/nightly-2026-04-04-aarch64-unknown-linux-gnu/lib/rustlib/src/rust/library/alloc)
2026-09-10T12:02:36.1894954Z [1m[92m   Compiling[0m sel4-kernel-loader v0.1.0 (/home/runner/work/slime_os/slime_os/deps/rust-sel4/crates/sel4-kernel-loader)
2026-09-10T12:02:36.1895527Z [1m[92m   Compiling[0m scopeguard v1.2.0
2026-09-10T12:02:36.1895832Z [1m[92m   Compiling[0m byteorder v1.5.0
2026-09-10T12:02:36.1896129Z [1m[92m   Compiling[0m lock_api v0.4.14
2026-09-10T12:02:36.1896427Z [1m[92m   Compiling[0m hash32 v0.3.1
2026-09-10T12:02:36.1896710Z [1m[92m   Compiling[0m nb v1.1.0
2026-09-10T12:02:36.1897008Z [1m[92m   Compiling[0m embedded-hal v1.0.0
2026-09-10T12:02:36.1897343Z [1m[92m   Compiling[0m stable_deref_trait v1.2.1
2026-09-10T12:02:36.1897663Z [1m[92m   Compiling[0m chrono v0.4.44
2026-09-10T12:02:36.1897982Z [1m[92m   Compiling[0m embedded-hal-nb v1.0.0
2026-09-10T12:02:36.1898659Z [1m[92m   Compiling[0m tock-registers v0.10.1
2026-09-10T12:02:36.1899307Z [1m[92m   Compiling[0m sel4-phdrs-constants v0.1.0 (/home/runner/work/slime_os/slime_os/deps/rust-sel4/crates/sel4-phdrs/constants)
2026-09-10T12:02:36.1899878Z [1m[92m   Compiling[0m rtcc v0.4.0
2026-09-10T12:02:36.1900404Z [1m[92m   Compiling[0m sel4-phdrs v0.1.0 (/home/runner/work/slime_os/slime_os/deps/rust-sel4/crates/sel4-phdrs)
2026-09-10T12:02:36.1900905Z [1m[92m   Compiling[0m log v0.4.29
2026-09-10T12:02:36.1901662Z [1m[92m   Compiling[0m sel4-rodata-static v0.1.0 (/home/runner/work/slime_os/slime_os/deps/rust-sel4/crates/sel4-rodata-static)
2026-09-10T12:02:36.1902667Z [1m[92m   Compiling[0m sel4-driver-interfaces v0.1.0 (/home/runner/work/slime_os/slime_os/deps/rust-sel4/crates/experimental/sel4-driver-interfaces)
2026-09-10T12:02:36.1903615Z [1m[92m   Compiling[0m sel4-phdrs-patched v0.1.0 (/home/runner/work/slime_os/slime_os/deps/rust-sel4/crates/sel4-phdrs/patched)
2026-09-10T12:02:36.1904444Z [1m[92m   Compiling[0m sel4-logging v0.1.0 (/home/runner/work/slime_os/slime_os/deps/rust-sel4/crates/sel4-logging)
2026-09-10T12:02:36.1905336Z [1m[92m   Compiling[0m sel4-bcm2835-aux-uart-driver v0.1.0 (/home/runner/work/slime_os/slime_os/deps/rust-sel4/crates/drivers/bcm2835-aux-uart)
2026-09-10T12:02:36.1906234Z [1m[92m   Compiling[0m sel4-pl011-driver v0.1.0 (/home/runner/work/slime_os/slime_os/deps/rust-sel4/crates/drivers/pl011)
2026-09-10T12:02:36.1906776Z [1m[92m   Compiling[0m smccc v0.2.2
2026-09-10T12:02:36.1907078Z [1m[92m   Compiling[0m aarch64-cpu v11.2.0
2026-09-10T12:02:36.1907661Z [1m[92m   Compiling[0m spin v0.10.0
2026-09-10T12:02:36.1908297Z [1m[92m   Compiling[0m sel4-stack v0.1.0 (/home/runner/work/slime_os/slime_os/deps/rust-sel4/crates/sel4-stack)
2026-09-10T12:02:36.1909119Z [1m[92m   Compiling[0m sel4-immutable-cell v0.1.0 (/home/runner/work/slime_os/slime_os/deps/rust-sel4/crates/sel4-immutable-cell)
2026-09-10T12:02:36.1909986Z [1m[92m   Compiling[0m sel4-no-allocator v0.1.0 (/home/runner/work/slime_os/slime_os/deps/rust-sel4/crates/sel4-no-allocator)
2026-09-10T12:02:36.1910647Z [1m[92m    Finished[0m `release` profile [optimized] target(s) in 19.04s
2026-09-10T12:02:36.1911986Z [build loader payload tool] cargo build --locked --offline --release --manifest-path /home/runner/work/slime_os/slime_os/deps/rust-sel4/Cargo.toml --package sel4-kernel-loader-add-payload --target-dir /home/runner/work/slime_os/slime_os/build/sel4-cargo/host-tools
2026-09-10T12:02:52.6592503Z [1m[92m   Compiling[0m proc-macro2 v1.0.106
2026-09-10T12:02:52.6592973Z [1m[92m   Compiling[0m quote v1.0.45
2026-09-10T12:02:52.6593300Z [1m[92m   Compiling[0m unicode-ident v1.0.24
2026-09-10T12:02:52.6593619Z [1m[92m   Compiling[0m autocfg v1.5.0
2026-09-10T12:02:52.6593959Z [1m[92m   Compiling[0m serde_core v1.0.228
2026-09-10T12:02:52.6594271Z [1m[92m   Compiling[0m serde v1.0.228
2026-09-10T12:02:52.6594575Z [1m[92m   Compiling[0m num-traits v0.2.19
2026-09-10T12:02:52.6594897Z [1m[92m   Compiling[0m crc32fast v1.5.0
2026-09-10T12:02:52.6595197Z [1m[92m   Compiling[0m syn v2.0.117
2026-09-10T12:02:52.6595491Z [1m[92m   Compiling[0m hashbrown v0.16.1
2026-09-10T12:02:52.6595804Z [1m[92m   Compiling[0m num-integer v0.1.46
2026-09-10T12:02:52.6596130Z [1m[92m   Compiling[0m simd-adler32 v0.3.8
2026-09-10T12:02:52.6596441Z [1m[92m   Compiling[0m utf8parse v0.2.2
2026-09-10T12:02:52.6596747Z [1m[92m   Compiling[0m simdutf8 v0.1.5
2026-09-10T12:02:52.6597039Z [1m[92m   Compiling[0m cfg-if v1.0.4
2026-09-10T12:02:52.6597327Z [1m[92m   Compiling[0m adler2 v2.0.1
2026-09-10T12:02:52.6597639Z [1m[92m   Compiling[0m miniz_oxide v0.8.9
2026-09-10T12:02:52.6597963Z [1m[92m   Compiling[0m anstyle-parse v1.0.0
2026-09-10T12:02:52.6598288Z [1m[92m   Compiling[0m colorchoice v1.0.5
2026-09-10T12:02:52.6598600Z [1m[92m   Compiling[0m object v0.38.1
2026-09-10T12:02:52.6598891Z [1m[92m   Compiling[0m zmij v1.0.21
2026-09-10T12:02:52.6599636Z [1m[92m   Compiling[0m twox-hash v2.1.2
2026-09-10T12:02:52.6599976Z [1m[92m   Compiling[0m is_terminal_polyfill v1.70.2
2026-09-10T12:02:52.6600324Z [1m[92m   Compiling[0m anstyle-query v1.1.5
2026-09-10T12:02:52.6600638Z [1m[92m   Compiling[0m memchr v2.8.0
2026-09-10T12:02:52.6601024Z [1m[92m   Compiling[0m anstyle v1.0.14
2026-09-10T12:02:52.6601325Z [1m[92m   Compiling[0m anstream v1.0.0
2026-09-10T12:02:52.6602032Z [1m[92m   Compiling[0m ruzstd v0.8.2
2026-09-10T12:02:52.6602327Z [1m[92m   Compiling[0m flate2 v1.1.9
2026-09-10T12:02:52.6602631Z [1m[92m   Compiling[0m num-bigint v0.4.6
2026-09-10T12:02:52.6602942Z [1m[92m   Compiling[0m anyhow v1.0.102
2026-09-10T12:02:52.6603256Z [1m[92m   Compiling[0m ptr_meta_derive v0.3.1
2026-09-10T12:02:52.6603589Z [1m[92m   Compiling[0m serde_derive v1.0.228
2026-09-10T12:02:52.6603938Z [1m[92m   Compiling[0m ptr_meta v0.3.1
2026-09-10T12:02:52.6604231Z [1m[92m   Compiling[0m rancor v0.1.1
2026-09-10T12:02:52.6604554Z [1m[92m   Compiling[0m bytecheck_derive v0.8.2
2026-09-10T12:02:52.6604876Z [1m[92m   Compiling[0m bytecheck v0.8.2
2026-09-10T12:02:52.6605182Z [1m[92m   Compiling[0m munge_macro v0.4.7
2026-09-10T12:02:52.6605482Z [1m[92m   Compiling[0m munge v0.4.7
2026-09-10T12:02:52.6605773Z [1m[92m   Compiling[0m rend v0.5.3
2026-09-10T12:02:52.6606067Z [1m[92m   Compiling[0m rkyv_derive v0.8.15
2026-09-10T12:02:52.6606376Z [1m[92m   Compiling[0m clap_lex v1.1.0
2026-09-10T12:02:52.6606672Z [1m[92m   Compiling[0m strsim v0.11.1
2026-09-10T12:02:52.6606955Z [1m[92m   Compiling[0m heck v0.5.0
2026-09-10T12:02:52.6607502Z [1m[92m   Compiling[0m itoa v1.0.18
2026-09-10T12:02:52.6607873Z [1m[92m   Compiling[0m equivalent v1.0.2
2026-09-10T12:02:52.6608188Z [1m[92m   Compiling[0m serde_json v1.0.149
2026-09-10T12:02:52.6608499Z [1m[92m   Compiling[0m indexmap v2.13.0
2026-09-10T12:02:52.6608807Z [1m[92m   Compiling[0m clap_derive v4.6.0
2026-09-10T12:02:52.6609123Z [1m[92m   Compiling[0m clap_builder v4.6.0
2026-09-10T12:02:52.6609812Z [1m[92m   Compiling[0m sel4-platform-info-types v0.1.0 (/home/runner/work/slime_os/slime_os/deps/rust-sel4/crates/sel4-platform-info/types)
2026-09-10T12:02:52.6610437Z [1m[92m   Compiling[0m num-rational v0.4.2
2026-09-10T12:02:52.6610741Z [1m[92m   Compiling[0m rkyv v0.8.15
2026-09-10T12:02:52.6611051Z [1m[92m   Compiling[0m bitfield-macros v0.19.4
2026-09-10T12:02:52.6611609Z [1m[92m   Compiling[0m num-iter v0.1.45
2026-09-10T12:02:52.6611971Z [1m[92m   Compiling[0m num-complex v0.4.6
2026-09-10T12:02:52.6612271Z [1m[92m   Compiling[0m ryu v1.0.23
2026-09-10T12:02:52.6612589Z [1m[92m   Compiling[0m unsafe-libyaml v0.2.11
2026-09-10T12:02:52.6613340Z [1m[92m   Compiling[0m sel4-kernel-loader-payload-types v0.1.0 (/home/runner/work/slime_os/slime_os/deps/rust-sel4/crates/sel4-kernel-loader/payload-types)
2026-09-10T12:02:52.6614053Z [1m[92m   Compiling[0m serde_yaml v0.9.34+deprecated
2026-09-10T12:02:52.6614656Z [1m[92m   Compiling[0m sel4-patch-elf v0.1.0 (/home/runner/work/slime_os/slime_os/deps/rust-sel4/crates/sel4-patch-elf)
2026-09-10T12:02:52.6615188Z [1m[92m   Compiling[0m num v0.4.3
2026-09-10T12:02:52.6615476Z [1m[92m   Compiling[0m bitfield v0.19.4
2026-09-10T12:02:52.6615765Z [1m[92m   Compiling[0m clap v4.6.0
2026-09-10T12:02:52.6616353Z [1m[92m   Compiling[0m sel4-config-types v0.1.0 (/home/runner/work/slime_os/slime_os/deps/rust-sel4/crates/sel4/config/types)
2026-09-10T12:02:52.6617235Z [1m[92m   Compiling[0m sel4-phdrs-constants v0.1.0 (/home/runner/work/slime_os/slime_os/deps/rust-sel4/crates/sel4-phdrs/constants)
2026-09-10T12:02:52.6618227Z [1m[92m   Compiling[0m sel4-kernel-loader-add-payload v0.1.0 (/home/runner/work/slime_os/slime_os/deps/rust-sel4/crates/sel4-kernel-loader/add-payload)
2026-09-10T12:02:52.6618987Z [1m[92m    Finished[0m `release` profile [optimized] target(s) in 16.45s
2026-09-10T12:02:52.6620935Z [package seL4 image] /home/runner/work/slime_os/slime_os/build/sel4-cargo/host-tools/release/sel4-kernel-loader-add-payload --sel4-prefix /home/runner/work/slime_os/slime_os/build/sel4-prefix --loader /home/runner/work/slime_os/slime_os/build/sel4-cargo/qemu-arm-virt/loader/aarch64-unknown-none/release/sel4-kernel-loader --app /home/runner/work/slime_os/slime_os/build/sel4-cargo/qemu-arm-virt/root/aarch64-sel4-roottask-minimal/release/slime-root.elf -o /home/runner/work/slime_os/slime_os/build/slime-sel4.elf
2026-09-10T12:02:52.6835666Z seL4 image build: wrote build/slime-sel4.elf and build/slime-sel4.identity.json
2026-09-10T12:02:52.6994155Z ##[group]Run nix develop --command just bootstate_trace_check
2026-09-10T12:02:52.6994603Z [36;1mnix develop --command just bootstate_trace_check[0m
2026-09-10T12:02:52.7029058Z shell: /usr/bin/bash -e {0}
2026-09-10T12:02:52.7029297Z env:
2026-09-10T12:02:52.7029471Z   CARGO_TERM_COLOR: always
2026-09-10T12:02:52.7029785Z   NIX_PROFILES: /nix/var/nix/profiles/default /home/runner/.nix-profile
2026-09-10T12:02:52.7030203Z   NIX_USER_PROFILE_DIR: /nix/var/nix/profiles/per-user/runner
2026-09-10T12:02:52.7030580Z   NIX_SSL_CERT_FILE: /etc/ssl/certs/ca-certificates.crt
2026-09-10T12:02:52.7030900Z ##[endgroup]
2026-09-10T12:02:53.0351912Z info: syncing channel updates for nightly-2026-05-26-aarch64-unknown-linux-gnu
2026-09-10T12:02:53.2187380Z info: latest update on 2026-05-26 for version 1.98.0-nightly (31a9463c6 2026-05-25)
2026-09-10T12:02:53.2289902Z info: component clippy is up to date
2026-09-10T12:02:53.2290189Z info: component llvm-tools is up to date
2026-09-10T12:02:53.2290540Z info: component miri is up to date
2026-09-10T12:02:53.2290811Z info: component rust-src is up to date
2026-09-10T12:02:53.2291076Z info: component rust-std is up to date
2026-09-10T12:02:53.2291630Z info: component rust-std for target aarch64-unknown-none is up to date
2026-09-10T12:02:53.2292077Z info: component rust-std for target x86_64-unknown-none is up to date
2026-09-10T12:02:53.2292433Z info: component rustfmt is up to date
2026-09-10T12:02:53.2301720Z 
2026-09-10T12:02:53.2376955Z   nightly-2026-05-26-aarch64-unknown-linux-gnu unchanged - rustc 1.98.0-nightly (31a9463c6 2026-05-25)
2026-09-10T12:02:53.2377384Z 
2026-09-10T12:02:53.2377852Z info: self-update is disabled for this build of rustup
2026-09-10T12:02:53.2378309Z info: any updates to rustup will need to be fetched with your system package manager
2026-09-10T12:02:53.2829686Z info: syncing channel updates for nightly-2026-04-04-aarch64-unknown-linux-gnu
2026-09-10T12:02:53.6887420Z info: latest update on 2026-04-04 for version 1.96.0-nightly (2972b5e59 2026-04-03)
2026-09-10T12:02:53.6989189Z info: component clippy is up to date
2026-09-10T12:02:53.6989473Z info: component rust-src is up to date
2026-09-10T12:02:53.6989739Z info: component rust-std is up to date
2026-09-10T12:02:53.6990027Z info: component rustfmt is up to date
2026-09-10T12:02:53.7000523Z 
2026-09-10T12:02:53.7077975Z   nightly-2026-04-04-aarch64-unknown-linux-gnu unchanged - rustc 1.96.0-nightly (2972b5e59 2026-04-03)
2026-09-10T12:02:53.7078447Z 
2026-09-10T12:02:53.7082438Z info: self-update is disabled for this build of rustup
2026-09-10T12:02:53.7092045Z info: any updates to rustup will need to be fetched with your system package manager
2026-09-10T12:02:53.7175550Z cargo build --release --manifest-path deps/zutai/Cargo.toml -q -p zutai-cli
2026-09-10T12:02:53.8181673Z ZUTAI_STDLIB_ROOT=deps/zutai/stdlib deps/zutai/target/release/zutai-cli model-check contracts/bootstate/model/bootstate.zt
2026-09-10T12:05:24.2724142Z scenario "main": ok (5416 states)
2026-09-10T12:05:24.2725208Z graph: states=5416 transitions=10125 duplicates=4710 max-depth=76 terminals=0 deadlocks=0 sccs=2636 largest-scc=804
2026-09-10T12:05:24.2726127Z scenario "skip-attempt": ok (violated "PendingAttemptConsumedBeforeTransfer" as expected)
2026-09-10T12:05:24.2726779Z graph: states=571 transitions=944 duplicates=374 max-depth=23 terminals=0 deadlocks=0 sccs=336 largest-scc=139
2026-09-10T12:05:24.2727363Z scenario "omitted-root": ok (violated "ProtectedRootsPresent" as expected)
2026-09-10T12:05:24.2728475Z graph: states=11 transitions=11 duplicates=1 max-depth=4 terminals=0 deadlocks=0 sccs=11 largest-scc=1
2026-09-10T12:05:24.2729045Z scenario "mixed-epoch": ok (violated "RetainedGraphsConsistent" as expected)
2026-09-10T12:05:24.2729605Z graph: states=34 transitions=50 duplicates=17 max-depth=9 terminals=0 deadlocks=0 sccs=22 largest-scc=13
2026-09-10T12:05:24.2730064Z model-check: all 4 scenarios passed
2026-09-10T12:05:24.2780478Z python3 scripts/check/check-sel4-pins.py
2026-09-10T12:05:24.5419822Z seL4 pin check: exact source, toolchain, target, config, and host pins verified
2026-09-10T12:05:24.5533751Z python3 scripts/check/check-sel4-rollback-plane.py
2026-09-10T12:05:43.2659834Z [closure build] sel4-rollback c9c53fccc768
2026-09-10T12:07:44.0775434Z [boot] /nix/store/7mdnxq531qcyl5f61r5p8csvnqwpfr00-qemu-11.0.1/bin/qemu-system-aarch64 -machine virt,virtualization=on -cpu cortex-a53 -smp 1 -m size=2048M -nographic -serial mon:stdio -kernel /home/runner/work/slime_os/slime_os/build/closure/sel4-rollback/image.elf -drive if=none,id=slimedisk,format=raw,file=/tmp/nix-shell.q2kAtp/tmpp9kk5e6e/rollback-plane.img -device virtio-blk-device,drive=slimedisk
2026-09-10T12:07:44.5271267Z --- serial transcript (tail) ---
2026-09-10T12:07:44.5271804Z SLIME_IO payload frame index=3 slot=1532 paddr=Some(1613004800)
2026-09-10T12:07:44.5272221Z SLIME_IO payload frame index=4 slot=1533 paddr=Some(1613008896)
2026-09-10T12:07:44.5272607Z SLIME_IO payload frame index=5 slot=1534 paddr=Some(1613012992)
2026-09-10T12:07:44.5273013Z SLIME_IO payload frame index=6 slot=1535 paddr=Some(1613017088)
2026-09-10T12:07:44.5273399Z SLIME_IO payload frame index=7 slot=1536 paddr=Some(1613021184)
2026-09-10T12:07:44.5273828Z [virtio-blk-driver] authority rings=1 rights=read,write source=generation
2026-09-10T12:07:44.5274232Z [virtio-blk-driver] ready capacity=2048 epoch=1
2026-09-10T12:07:44.5274538Z [sel4-rollback-probe] idle without a run token
2026-09-10T12:07:44.5274849Z SLIME_GRAPH component exit task=1 status=0
2026-09-10T12:07:44.5275125Z SLIME_CLOCK teardown task=1 before=0 live=0
2026-09-10T12:07:44.5275432Z SLIME_LIFECYCLE terminated task=1 instance=2 cause=exit
2026-09-10T12:07:44.5275745Z SLIME_GRAPH quota released task=1 live=3
2026-09-10T12:07:44.5276143Z SLIME_ROOT reclaim census task=1 slots=2637 bytes=526379376 live_objects=379 arena_reuses=0
2026-09-10T12:07:44.5276561Z [sel4-rollback-probe] empty slots refused
2026-09-10T12:07:44.5276909Z [sel4-rollback-probe] genesis seq=1 pending=0 attempts=0 release=0
2026-09-10T12:07:44.5278659Z [bootstate-trace] v1 action=stage-pending commit=after-pending-commit selected_slot=A target_slot=B sequence_before=1 sequence_after=2 attempts_before=0 attempts_after=3 known_good=1111111111111111111111111111111111111111111111111111111111111111 pending=2222222222222222222222222222222222222222222222222222222222222222 generation_root=4444444444444444444444444444444444444444444444444444444444444444 state_root=e3b0c44298fc1c149afbf4c8996fb92427ae41e4649b934ca495991b7852b855
2026-09-10T12:07:44.5280413Z [sel4-rollback-probe] staged seq=2 pending=1 attempts=3 release=0
2026-09-10T12:07:44.5282330Z [bootstate-trace] v1 action=consume-attempt commit=after-attempt-commit selected_slot=B target_slot=A sequence_before=2 sequence_after=3 attempts_before=3 attempts_after=2 known_good=1111111111111111111111111111111111111111111111111111111111111111 pending=2222222222222222222222222222222222222222222222222222222222222222 generation_root=4444444444444444444444444444444444444444444444444444444444444444 state_root=e3b0c44298fc1c149afbf4c8996fb92427ae41e4649b934ca495991b7852b855
2026-09-10T12:07:44.5284085Z [sel4-rollback-probe] attempt seq=3 pending=1 attempts=2 release=0
2026-09-10T12:07:44.5285835Z [bootstate-trace] v1 action=consume-attempt commit=after-attempt-commit selected_slot=A target_slot=B sequence_before=3 sequence_after=4 attempts_before=2 attempts_after=1 known_good=1111111111111111111111111111111111111111111111111111111111111111 pending=2222222222222222222222222222222222222222222222222222222222222222 generation_root=4444444444444444444444444444444444444444444444444444444444444444 state_root=e3b0c44298fc1c149afbf4c8996fb92427ae41e4649b934ca495991b7852b855
2026-09-10T12:07:44.5288055Z [sel4-rollback-probe] attempt seq=4 pending=1 attempts=1 release=0
2026-09-10T12:07:44.5289954Z [bootstate-trace] v1 action=consume-attempt commit=after-attempt-commit selected_slot=B target_slot=A sequence_before=4 sequence_after=5 attempts_before=1 attempts_after=0 known_good=1111111111111111111111111111111111111111111111111111111111111111 pending=2222222222222222222222222222222222222222222222222222222222222222 generation_root=4444444444444444444444444444444444444444444444444444444444444444 state_root=e3b0c44298fc1c149afbf4c8996fb92427ae41e4649b934ca495991b7852b855
2026-09-10T12:07:44.5292052Z [sel4-rollback-probe] attempt seq=5 pending=1 attempts=0 release=0
2026-09-10T12:07:44.5292413Z [sel4-rollback-probe] attempts exhausted
2026-09-10T12:07:44.5293839Z [bootstate-trace] v1 action=rollback commit=rollback-update selected_slot=A target_slot=B sequence_before=5 sequence_after=6 attempts_before=0 attempts_after=0 known_good=1111111111111111111111111111111111111111111111111111111111111111 pending=none generation_root=4444444444444444444444444444444444444444444444444444444444444444 state_root=e3b0c44298fc1c149afbf4c8996fb92427ae41e4649b934ca495991b7852b855
2026-09-10T12:07:44.5295368Z [sel4-rollback-probe] rolled-back seq=6 pending=0 attempts=0 release=0
2026-09-10T12:07:44.5295751Z [sel4-rollback-probe] rollback is idempotent
2026-09-10T12:07:44.5297419Z [bootstate-trace] v1 action=stage-pending commit=after-pending-commit selected_slot=B target_slot=A sequence_before=6 sequence_after=7 attempts_before=0 attempts_after=3 known_good=1111111111111111111111111111111111111111111111111111111111111111 pending=2222222222222222222222222222222222222222222222222222222222222222 generation_root=4444444444444444444444444444444444444444444444444444444444444444 state_root=e3b0c44298fc1c149afbf4c8996fb92427ae41e4649b934ca495991b7852b855
2026-09-10T12:07:44.5299103Z [sel4-rollback-probe] unauthorized promotion refused
2026-09-10T12:07:44.5300575Z [bootstate-trace] v1 action=promotion commit=health-promotion selected_slot=A target_slot=B sequence_before=7 sequence_after=8 attempts_before=3 attempts_after=0 known_good=2222222222222222222222222222222222222222222222222222222222222222 pending=none generation_root=4444444444444444444444444444444444444444444444444444444444444444 state_root=e3b0c44298fc1c149afbf4c8996fb92427ae41e4649b934ca495991b7852b855
2026-09-10T12:07:44.5302185Z [sel4-rollback-probe] promoted seq=8 pending=0 attempts=0 release=1
2026-09-10T12:07:44.5302546Z [sel4-rollback-probe] both slots decode
2026-09-10T12:07:44.5302825Z [sel4-rollback-probe] rollback plane complete
2026-09-10T12:07:44.5303114Z SLIME_GRAPH component exit task=3 status=0
2026-09-10T12:07:44.5303392Z SLIME_CLOCK teardown task=3 before=0 live=0
2026-09-10T12:07:44.5303699Z SLIME_LIFECYCLE terminated task=3 instance=1 cause=exit
2026-09-10T12:07:44.5304055Z SLIME_GRAPH holder reclaimed task=3 charges=6 actions=36
2026-09-10T12:07:44.5304371Z SLIME_GRAPH quota released task=3 live=2
2026-09-10T12:07:44.5304766Z SLIME_ROOT reclaim census task=3 slots=2791 bytes=526379376 live_objects=240 arena_reuses=0
2026-09-10T12:07:44.5305579Z SLIME_ROOT FATAL SLIME_GRAPH FAIL required instance virtio-blk-driver fault kind=VirtualMemory { access: Execute, status: 64 } instruction=Some(1527) address=Some(64)
2026-09-10T12:07:44.5306234Z --- end transcript ---
2026-09-10T12:07:44.5306579Z seL4 rollback plane check: boot exceeded 240s without completing the plane
2026-09-10T12:07:44.5447725Z error: recipe `sel4_rollback_check` failed on line 15 with exit code 1
2026-09-10T12:07:44.5468470Z ##[error]Process completed with exit code 1.
2026-09-10T12:07:44.5590299Z Post job cleanup.
2026-09-10T12:07:44.5594175Z ##[start-action display=Run nix-community/cache-nix-action@v7;id=__fddf822c-6f9f-48d3-9047-f78a5b1977cd.__nix-community_cache-nix-action]
2026-09-10T12:07:44.5598548Z ##[end-action id=__fddf822c-6f9f-48d3-9047-f78a5b1977cd.__nix-community_cache-nix-action;outcome=skipped;conclusion=skipped;duration_ms=0]
2026-09-10T12:07:44.5664723Z Post job cleanup.
2026-09-10T12:07:44.6957359Z [command]/usr/bin/git version
2026-09-10T12:07:44.7010651Z git version 2.55.0
2026-09-10T12:07:44.7042501Z Temporarily overriding HOME='/home/runner/work/_temp/710edfad-b2f6-484f-8b5c-cbdafefda42b' before making global git config changes
2026-09-10T12:07:44.7043350Z Adding repository directory to the temporary git global config as a safe directory
2026-09-10T12:07:44.7050790Z [command]/usr/bin/git config --global --add safe.directory /home/runner/work/slime_os/slime_os
2026-09-10T12:07:44.7083497Z Removing SSH command configuration
2026-09-10T12:07:44.7084048Z [command]/usr/bin/git config --local --name-only --get-regexp core\.sshCommand
2026-09-10T12:07:44.7116180Z [command]/usr/bin/git submodule foreach --recursive sh -c "git config --local --name-only --get-regexp 'core\.sshCommand' && git config --local --unset-all 'core.sshCommand' || :"
2026-09-10T12:07:44.7305393Z Entering 'deps/rust-sel4'
2026-09-10T12:07:44.7345394Z Entering 'deps/rust-sel4-bcm2712-rpi5'
2026-09-10T12:07:44.7383845Z Entering 'deps/rust-sel4-cv1800b-duo'
2026-09-10T12:07:44.7422339Z Entering 'deps/rust-sel4-ns02201-h1v1'
2026-09-10T12:07:44.7460004Z Entering 'deps/sel4'
2026-09-10T12:07:44.7498914Z Entering 'deps/zutai'
2026-09-10T12:07:44.7537700Z Entering 'deps/zutai/editors/tree-sitter-zutai'
2026-09-10T12:07:44.7594475Z Entering 'deps/zutai/editors/tree-sitter-zutai-immediate'
2026-09-10T12:07:44.7653049Z Removing HTTP extra header
2026-09-10T12:07:44.7660932Z [command]/usr/bin/git config --local --name-only --get-regexp http\.https\:\/\/github\.com\/\.extraheader
2026-09-10T12:07:44.7699379Z [command]/usr/bin/git submodule foreach --recursive sh -c "git config --local --name-only --get-regexp 'http\.https\:\/\/github\.com\/\.extraheader' && git config --local --unset-all 'http.https://github.com/.extraheader' || :"
2026-09-10T12:07:44.7887494Z Entering 'deps/rust-sel4'
2026-09-10T12:07:44.7924205Z Entering 'deps/rust-sel4-bcm2712-rpi5'
2026-09-10T12:07:44.7961224Z Entering 'deps/rust-sel4-cv1800b-duo'
2026-09-10T12:07:44.7997962Z Entering 'deps/rust-sel4-ns02201-h1v1'
2026-09-10T12:07:44.8035662Z Entering 'deps/sel4'
2026-09-10T12:07:44.8072644Z Entering 'deps/zutai'
2026-09-10T12:07:44.8108403Z Entering 'deps/zutai/editors/tree-sitter-zutai'
2026-09-10T12:07:44.8145388Z Entering 'deps/zutai/editors/tree-sitter-zutai-immediate'
2026-09-10T12:07:44.8198507Z Removing includeIf entries pointing to credentials config files
2026-09-10T12:07:44.8202635Z [command]/usr/bin/git config --local --name-only --get-regexp ^includeIf\.gitdir:
2026-09-10T12:07:44.8226730Z includeif.gitdir:/home/runner/work/slime_os/slime_os/.git.path
2026-09-10T12:07:44.8227357Z includeif.gitdir:/home/runner/work/slime_os/slime_os/.git/worktrees/*.path
2026-09-10T12:07:44.8228021Z includeif.gitdir:/github/workspace/.git.path
2026-09-10T12:07:44.8229004Z includeif.gitdir:/github/workspace/.git/worktrees/*.path
2026-09-10T12:07:44.8234425Z [command]/usr/bin/git config --local --get-all includeif.gitdir:/home/runner/work/slime_os/slime_os/.git.path
2026-09-10T12:07:44.8260910Z /home/runner/work/_temp/git-credentials-13366a69-692a-4134-b821-6f735494e989.config
2026-09-10T12:07:44.8270369Z [command]/usr/bin/git config --local --unset includeif.gitdir:/home/runner/work/slime_os/slime_os/.git.path \/home\/runner\/work\/_temp\/git\-credentials\-13366a69\-692a\-4134\-b821\-6f735494e989\.config
2026-09-10T12:07:44.8307377Z [command]/usr/bin/git config --local --get-all includeif.gitdir:/home/runner/work/slime_os/slime_os/.git/worktrees/*.path
2026-09-10T12:07:44.8331001Z /home/runner/work/_temp/git-credentials-13366a69-692a-4134-b821-6f735494e989.config
2026-09-10T12:07:44.8346219Z [command]/usr/bin/git config --local --unset includeif.gitdir:/home/runner/work/slime_os/slime_os/.git/worktrees/*.path \/home\/runner\/work\/_temp\/git\-credentials\-13366a69\-692a\-4134\-b821\-6f735494e989\.config
2026-09-10T12:07:44.8377627Z [command]/usr/bin/git config --local --get-all includeif.gitdir:/github/workspace/.git.path
2026-09-10T12:07:44.8399846Z /github/runner_temp/git-credentials-13366a69-692a-4134-b821-6f735494e989.config
2026-09-10T12:07:44.8406264Z [command]/usr/bin/git config --local --unset includeif.gitdir:/github/workspace/.git.path \/github\/runner_temp\/git\-credentials\-13366a69\-692a\-4134\-b821\-6f735494e989\.config
2026-09-10T12:07:44.8437605Z [command]/usr/bin/git config --local --get-all includeif.gitdir:/github/workspace/.git/worktrees/*.path
2026-09-10T12:07:44.8460702Z /github/runner_temp/git-credentials-13366a69-692a-4134-b821-6f735494e989.config
2026-09-10T12:07:44.8492882Z [command]/usr/bin/git config --local --unset includeif.gitdir:/github/workspace/.git/worktrees/*.path \/github\/runner_temp\/git\-credentials\-13366a69\-692a\-4134\-b821\-6f735494e989\.config
2026-09-10T12:07:44.8549861Z [command]/usr/bin/git submodule foreach --recursive git config --local --show-origin --name-only --get-regexp remote.origin.url
2026-09-10T12:07:44.8721696Z Entering 'deps/rust-sel4'
2026-09-10T12:07:44.8753824Z file:/home/runner/work/slime_os/slime_os/.git/modules/deps/rust-sel4/config	remote.origin.url
2026-09-10T12:07:44.8769325Z Entering 'deps/rust-sel4-bcm2712-rpi5'
2026-09-10T12:07:44.8785828Z file:/home/runner/work/slime_os/slime_os/.git/modules/deps/rust-sel4-bcm2712-rpi5/config	remote.origin.url
2026-09-10T12:07:44.8804002Z Entering 'deps/rust-sel4-cv1800b-duo'
2026-09-10T12:07:44.8819384Z file:/home/runner/work/slime_os/slime_os/.git/modules/deps/rust-sel4-cv1800b-duo/config	remote.origin.url
2026-09-10T12:07:44.8835207Z Entering 'deps/rust-sel4-ns02201-h1v1'
2026-09-10T12:07:44.8851947Z file:/home/runner/work/slime_os/slime_os/.git/modules/deps/rust-sel4-ns02201-h1v1/config	remote.origin.url
2026-09-10T12:07:44.8867011Z Entering 'deps/sel4'
2026-09-10T12:07:44.8883594Z file:/home/runner/work/slime_os/slime_os/.git/modules/deps/sel4/config	remote.origin.url
2026-09-10T12:07:44.8899891Z Entering 'deps/zutai'
2026-09-10T12:07:44.8916417Z file:/home/runner/work/slime_os/slime_os/.git/modules/deps/zutai/config	remote.origin.url
2026-09-10T12:07:44.8931017Z Entering 'deps/zutai/editors/tree-sitter-zutai'
2026-09-10T12:07:44.8947594Z file:/home/runner/work/slime_os/slime_os/.git/modules/deps/zutai/modules/editors/tree-sitter-zutai/config	remote.origin.url
2026-09-10T12:07:44.8963789Z Entering 'deps/zutai/editors/tree-sitter-zutai-immediate'
2026-09-10T12:07:44.8978879Z file:/home/runner/work/slime_os/slime_os/.git/modules/deps/zutai/modules/editors/tree-sitter-zutai-immediate/config	remote.origin.url
2026-09-10T12:07:44.9010583Z [command]/usr/bin/git config --file /home/runner/work/slime_os/slime_os/.git/modules/deps/rust-sel4/config --name-only --get-regexp ^includeIf\.gitdir:
2026-09-10T12:07:44.9036245Z includeif.gitdir:/home/runner/work/slime_os/slime_os/.git/modules/deps/rust-sel4.path
2026-09-10T12:07:44.9036891Z includeif.gitdir:/github/workspace/.git/modules/deps/rust-sel4.path
2026-09-10T12:07:44.9041820Z [command]/usr/bin/git config --file /home/runner/work/slime_os/slime_os/.git/modules/deps/rust-sel4/config --get-all includeif.gitdir:/home/runner/work/slime_os/slime_os/.git/modules/deps/rust-sel4.path
2026-09-10T12:07:44.9065454Z /home/runner/work/_temp/git-credentials-13366a69-692a-4134-b821-6f735494e989.config
2026-09-10T12:07:44.9072080Z [command]/usr/bin/git config --file /home/runner/work/slime_os/slime_os/.git/modules/deps/rust-sel4/config --unset includeif.gitdir:/home/runner/work/slime_os/slime_os/.git/modules/deps/rust-sel4.path \/home\/runner\/work\/_temp\/git\-credentials\-13366a69\-692a\-4134\-b821\-6f735494e989\.config
2026-09-10T12:07:44.9104696Z [command]/usr/bin/git config --file /home/runner/work/slime_os/slime_os/.git/modules/deps/rust-sel4/config --get-all includeif.gitdir:/github/workspace/.git/modules/deps/rust-sel4.path
2026-09-10T12:07:44.9127905Z /github/runner_temp/git-credentials-13366a69-692a-4134-b821-6f735494e989.config
2026-09-10T12:07:44.9134828Z [command]/usr/bin/git config --file /home/runner/work/slime_os/slime_os/.git/modules/deps/rust-sel4/config --unset includeif.gitdir:/github/workspace/.git/modules/deps/rust-sel4.path \/github\/runner_temp\/git\-credentials\-13366a69\-692a\-4134\-b821\-6f735494e989\.config
2026-09-10T12:07:44.9169726Z [command]/usr/bin/git config --file /home/runner/work/slime_os/slime_os/.git/modules/deps/rust-sel4-bcm2712-rpi5/config --name-only --get-regexp ^includeIf\.gitdir:
2026-09-10T12:07:44.9193136Z includeif.gitdir:/home/runner/work/slime_os/slime_os/.git/modules/deps/rust-sel4-bcm2712-rpi5.path
2026-09-10T12:07:44.9193872Z includeif.gitdir:/github/workspace/.git/modules/deps/rust-sel4-bcm2712-rpi5.path
2026-09-10T12:07:44.9200297Z [command]/usr/bin/git config --file /home/runner/work/slime_os/slime_os/.git/modules/deps/rust-sel4-bcm2712-rpi5/config --get-all includeif.gitdir:/home/runner/work/slime_os/slime_os/.git/modules/deps/rust-sel4-bcm2712-rpi5.path
2026-09-10T12:07:44.9224090Z /home/runner/work/_temp/git-credentials-13366a69-692a-4134-b821-6f735494e989.config
2026-09-10T12:07:44.9231016Z [command]/usr/bin/git config --file /home/runner/work/slime_os/slime_os/.git/modules/deps/rust-sel4-bcm2712-rpi5/config --unset includeif.gitdir:/home/runner/work/slime_os/slime_os/.git/modules/deps/rust-sel4-bcm2712-rpi5.path \/home\/runner\/work\/_temp\/git\-credentials\-13366a69\-692a\-4134\-b821\-6f735494e989\.config
2026-09-10T12:07:44.9262573Z [command]/usr/bin/git config --file /home/runner/work/slime_os/slime_os/.git/modules/deps/rust-sel4-bcm2712-rpi5/config --get-all includeif.gitdir:/github/workspace/.git/modules/deps/rust-sel4-bcm2712-rpi5.path
2026-09-10T12:07:44.9285212Z /github/runner_temp/git-credentials-13366a69-692a-4134-b821-6f735494e989.config
2026-09-10T12:07:44.9291503Z [command]/usr/bin/git config --file /home/runner/work/slime_os/slime_os/.git/modules/deps/rust-sel4-bcm2712-rpi5/config --unset includeif.gitdir:/github/workspace/.git/modules/deps/rust-sel4-bcm2712-rpi5.path \/github\/runner_temp\/git\-credentials\-13366a69\-692a\-4134\-b821\-6f735494e989\.config
2026-09-10T12:07:44.9323185Z [command]/usr/bin/git config --file /home/runner/work/slime_os/slime_os/.git/modules/deps/rust-sel4-cv1800b-duo/config --name-only --get-regexp ^includeIf\.gitdir:
2026-09-10T12:07:44.9345906Z includeif.gitdir:/home/runner/work/slime_os/slime_os/.git/modules/deps/rust-sel4-cv1800b-duo.path
2026-09-10T12:07:44.9346602Z includeif.gitdir:/github/workspace/.git/modules/deps/rust-sel4-cv1800b-duo.path
2026-09-10T12:07:44.9352956Z [command]/usr/bin/git config --file /home/runner/work/slime_os/slime_os/.git/modules/deps/rust-sel4-cv1800b-duo/config --get-all includeif.gitdir:/home/runner/work/slime_os/slime_os/.git/modules/deps/rust-sel4-cv1800b-duo.path
2026-09-10T12:07:44.9374947Z /home/runner/work/_temp/git-credentials-13366a69-692a-4134-b821-6f735494e989.config
2026-09-10T12:07:44.9381538Z [command]/usr/bin/git config --file /home/runner/work/slime_os/slime_os/.git/modules/deps/rust-sel4-cv1800b-duo/config --unset includeif.gitdir:/home/runner/work/slime_os/slime_os/.git/modules/deps/rust-sel4-cv1800b-duo.path \/home\/runner\/work\/_temp\/git\-credentials\-13366a69\-692a\-4134\-b821\-6f735494e989\.config
2026-09-10T12:07:44.9412471Z [command]/usr/bin/git config --file /home/runner/work/slime_os/slime_os/.git/modules/deps/rust-sel4-cv1800b-duo/config --get-all includeif.gitdir:/github/workspace/.git/modules/deps/rust-sel4-cv1800b-duo.path
2026-09-10T12:07:44.9435908Z /github/runner_temp/git-credentials-13366a69-692a-4134-b821-6f735494e989.config
2026-09-10T12:07:44.9442761Z [command]/usr/bin/git config --file /home/runner/work/slime_os/slime_os/.git/modules/deps/rust-sel4-cv1800b-duo/config --unset includeif.gitdir:/github/workspace/.git/modules/deps/rust-sel4-cv1800b-duo.path \/github\/runner_temp\/git\-credentials\-13366a69\-692a\-4134\-b821\-6f735494e989\.config
2026-09-10T12:07:44.9479247Z [command]/usr/bin/git config --file /home/runner/work/slime_os/slime_os/.git/modules/deps/rust-sel4-ns02201-h1v1/config --name-only --get-regexp ^includeIf\.gitdir:
2026-09-10T12:07:44.9507033Z includeif.gitdir:/home/runner/work/slime_os/slime_os/.git/modules/deps/rust-sel4-ns02201-h1v1.path
2026-09-10T12:07:44.9507674Z includeif.gitdir:/github/workspace/.git/modules/deps/rust-sel4-ns02201-h1v1.path
2026-09-10T12:07:44.9514387Z [command]/usr/bin/git config --file /home/runner/work/slime_os/slime_os/.git/modules/deps/rust-sel4-ns02201-h1v1/config --get-all includeif.gitdir:/home/runner/work/slime_os/slime_os/.git/modules/deps/rust-sel4-ns02201-h1v1.path
2026-09-10T12:07:44.9535551Z /home/runner/work/_temp/git-credentials-13366a69-692a-4134-b821-6f735494e989.config
2026-09-10T12:07:44.9542733Z [command]/usr/bin/git config --file /home/runner/work/slime_os/slime_os/.git/modules/deps/rust-sel4-ns02201-h1v1/config --unset includeif.gitdir:/home/runner/work/slime_os/slime_os/.git/modules/deps/rust-sel4-ns02201-h1v1.path \/home\/runner\/work\/_temp\/git\-credentials\-13366a69\-692a\-4134\-b821\-6f735494e989\.config
2026-09-10T12:07:44.9576231Z [command]/usr/bin/git config --file /home/runner/work/slime_os/slime_os/.git/modules/deps/rust-sel4-ns02201-h1v1/config --get-all includeif.gitdir:/github/workspace/.git/modules/deps/rust-sel4-ns02201-h1v1.path
2026-09-10T12:07:44.9599595Z /github/runner_temp/git-credentials-13366a69-692a-4134-b821-6f735494e989.config
2026-09-10T12:07:44.9605409Z [command]/usr/bin/git config --file /home/runner/work/slime_os/slime_os/.git/modules/deps/rust-sel4-ns02201-h1v1/config --unset includeif.gitdir:/github/workspace/.git/modules/deps/rust-sel4-ns02201-h1v1.path \/github\/runner_temp\/git\-credentials\-13366a69\-692a\-4134\-b821\-6f735494e989\.config
2026-09-10T12:07:44.9636770Z [command]/usr/bin/git config --file /home/runner/work/slime_os/slime_os/.git/modules/deps/sel4/config --name-only --get-regexp ^includeIf\.gitdir:
2026-09-10T12:07:44.9661045Z includeif.gitdir:/home/runner/work/slime_os/slime_os/.git/modules/deps/sel4.path
2026-09-10T12:07:44.9661715Z includeif.gitdir:/github/workspace/.git/modules/deps/sel4.path
2026-09-10T12:07:44.9667219Z [command]/usr/bin/git config --file /home/runner/work/slime_os/slime_os/.git/modules/deps/sel4/config --get-all includeif.gitdir:/home/runner/work/slime_os/slime_os/.git/modules/deps/sel4.path
2026-09-10T12:07:44.9688771Z /home/runner/work/_temp/git-credentials-13366a69-692a-4134-b821-6f735494e989.config
2026-09-10T12:07:44.9695049Z [command]/usr/bin/git config --file /home/runner/work/slime_os/slime_os/.git/modules/deps/sel4/config --unset includeif.gitdir:/home/runner/work/slime_os/slime_os/.git/modules/deps/sel4.path \/home\/runner\/work\/_temp\/git\-credentials\-13366a69\-692a\-4134\-b821\-6f735494e989\.config
2026-09-10T12:07:44.9726781Z [command]/usr/bin/git config --file /home/runner/work/slime_os/slime_os/.git/modules/deps/sel4/config --get-all includeif.gitdir:/github/workspace/.git/modules/deps/sel4.path
2026-09-10T12:07:44.9748522Z /github/runner_temp/git-credentials-13366a69-692a-4134-b821-6f735494e989.config
2026-09-10T12:07:44.9755355Z [command]/usr/bin/git config --file /home/runner/work/slime_os/slime_os/.git/modules/deps/sel4/config --unset includeif.gitdir:/github/workspace/.git/modules/deps/sel4.path \/github\/runner_temp\/git\-credentials\-13366a69\-692a\-4134\-b821\-6f735494e989\.config
2026-09-10T12:07:44.9787075Z [command]/usr/bin/git config --file /home/runner/work/slime_os/slime_os/.git/modules/deps/zutai/config --name-only --get-regexp ^includeIf\.gitdir:
2026-09-10T12:07:44.9809458Z includeif.gitdir:/home/runner/work/slime_os/slime_os/.git/modules/deps/zutai.path
2026-09-10T12:07:44.9809942Z includeif.gitdir:/github/workspace/.git/modules/deps/zutai.path
2026-09-10T12:07:44.9815520Z [command]/usr/bin/git config --file /home/runner/work/slime_os/slime_os/.git/modules/deps/zutai/config --get-all includeif.gitdir:/home/runner/work/slime_os/slime_os/.git/modules/deps/zutai.path
2026-09-10T12:07:44.9838083Z /home/runner/work/_temp/git-credentials-13366a69-692a-4134-b821-6f735494e989.config
2026-09-10T12:07:44.9844655Z [command]/usr/bin/git config --file /home/runner/work/slime_os/slime_os/.git/modules/deps/zutai/config --unset includeif.gitdir:/home/runner/work/slime_os/slime_os/.git/modules/deps/zutai.path \/home\/runner\/work\/_temp\/git\-credentials\-13366a69\-692a\-4134\-b821\-6f735494e989\.config
2026-09-10T12:07:44.9875320Z [command]/usr/bin/git config --file /home/runner/work/slime_os/slime_os/.git/modules/deps/zutai/config --get-all includeif.gitdir:/github/workspace/.git/modules/deps/zutai.path
2026-09-10T12:07:44.9898027Z /github/runner_temp/git-credentials-13366a69-692a-4134-b821-6f735494e989.config
2026-09-10T12:07:44.9904096Z [command]/usr/bin/git config --file /home/runner/work/slime_os/slime_os/.git/modules/deps/zutai/config --unset includeif.gitdir:/github/workspace/.git/modules/deps/zutai.path \/github\/runner_temp\/git\-credentials\-13366a69\-692a\-4134\-b821\-6f735494e989\.config
2026-09-10T12:07:44.9936700Z [command]/usr/bin/git config --file /home/runner/work/slime_os/slime_os/.git/modules/deps/zutai/modules/editors/tree-sitter-zutai/config --name-only --get-regexp ^includeIf\.gitdir:
2026-09-10T12:07:44.9960261Z includeif.gitdir:/home/runner/work/slime_os/slime_os/.git/modules/deps/zutai/modules/editors/tree-sitter-zutai.path
2026-09-10T12:07:44.9960990Z includeif.gitdir:/github/workspace/.git/modules/deps/zutai/modules/editors/tree-sitter-zutai.path
2026-09-10T12:07:44.9966637Z [command]/usr/bin/git config --file /home/runner/work/slime_os/slime_os/.git/modules/deps/zutai/modules/editors/tree-sitter-zutai/config --get-all includeif.gitdir:/home/runner/work/slime_os/slime_os/.git/modules/deps/zutai/modules/editors/tree-sitter-zutai.path
2026-09-10T12:07:44.9989696Z /home/runner/work/_temp/git-credentials-13366a69-692a-4134-b821-6f735494e989.config
2026-09-10T12:07:44.9996354Z [command]/usr/bin/git config --file /home/runner/work/slime_os/slime_os/.git/modules/deps/zutai/modules/editors/tree-sitter-zutai/config --unset includeif.gitdir:/home/runner/work/slime_os/slime_os/.git/modules/deps/zutai/modules/editors/tree-sitter-zutai.path \/home\/runner\/work\/_temp\/git\-credentials\-13366a69\-692a\-4134\-b821\-6f735494e989\.config
2026-09-10T12:07:45.0028969Z [command]/usr/bin/git config --file /home/runner/work/slime_os/slime_os/.git/modules/deps/zutai/modules/editors/tree-sitter-zutai/config --get-all includeif.gitdir:/github/workspace/.git/modules/deps/zutai/modules/editors/tree-sitter-zutai.path
2026-09-10T12:07:45.0052431Z /github/runner_temp/git-credentials-13366a69-692a-4134-b821-6f735494e989.config
2026-09-10T12:07:45.0059055Z [command]/usr/bin/git config --file /home/runner/work/slime_os/slime_os/.git/modules/deps/zutai/modules/editors/tree-sitter-zutai/config --unset includeif.gitdir:/github/workspace/.git/modules/deps/zutai/modules/editors/tree-sitter-zutai.path \/github\/runner_temp\/git\-credentials\-13366a69\-692a\-4134\-b821\-6f735494e989\.config
2026-09-10T12:07:45.0090418Z [command]/usr/bin/git config --file /home/runner/work/slime_os/slime_os/.git/modules/deps/zutai/modules/editors/tree-sitter-zutai-immediate/config --name-only --get-regexp ^includeIf\.gitdir:
2026-09-10T12:07:45.0113413Z includeif.gitdir:/home/runner/work/slime_os/slime_os/.git/modules/deps/zutai/modules/editors/tree-sitter-zutai-immediate.path
2026-09-10T12:07:45.0114199Z includeif.gitdir:/github/workspace/.git/modules/deps/zutai/modules/editors/tree-sitter-zutai-immediate.path
2026-09-10T12:07:45.0119928Z [command]/usr/bin/git config --file /home/runner/work/slime_os/slime_os/.git/modules/deps/zutai/modules/editors/tree-sitter-zutai-immediate/config --get-all includeif.gitdir:/home/runner/work/slime_os/slime_os/.git/modules/deps/zutai/modules/editors/tree-sitter-zutai-immediate.path
2026-09-10T12:07:45.0146683Z /home/runner/work/_temp/git-credentials-13366a69-692a-4134-b821-6f735494e989.config
2026-09-10T12:07:45.0152982Z [command]/usr/bin/git config --file /home/runner/work/slime_os/slime_os/.git/modules/deps/zutai/modules/editors/tree-sitter-zutai-immediate/config --unset includeif.gitdir:/home/runner/work/slime_os/slime_os/.git/modules/deps/zutai/modules/editors/tree-sitter-zutai-immediate.path \/home\/runner\/work\/_temp\/git\-credentials\-13366a69\-692a\-4134\-b821\-6f735494e989\.config
2026-09-10T12:07:45.0185430Z [command]/usr/bin/git config --file /home/runner/work/slime_os/slime_os/.git/modules/deps/zutai/modules/editors/tree-sitter-zutai-immediate/config --get-all includeif.gitdir:/github/workspace/.git/modules/deps/zutai/modules/editors/tree-sitter-zutai-immediate.path
2026-09-10T12:07:45.0207443Z /github/runner_temp/git-credentials-13366a69-692a-4134-b821-6f735494e989.config
2026-09-10T12:07:45.0215044Z [command]/usr/bin/git config --file /home/runner/work/slime_os/slime_os/.git/modules/deps/zutai/modules/editors/tree-sitter-zutai-immediate/config --unset includeif.gitdir:/github/workspace/.git/modules/deps/zutai/modules/editors/tree-sitter-zutai-immediate.path \/github\/runner_temp\/git\-credentials\-13366a69\-692a\-4134\-b821\-6f735494e989\.config
2026-09-10T12:07:45.0242443Z Removing credentials config '/home/runner/work/_temp/git-credentials-13366a69-692a-4134-b821-6f735494e989.config'
2026-09-10T12:07:45.0381179Z Cleaning up orphan processes
