project / apply	UNKNOWN STEP	﻿2026-09-13T11:20:09.4268371Z Current runner version: '2.337.0'
project / apply	UNKNOWN STEP	2026-09-13T11:20:09.4293846Z ##[group]Runner Image Provisioner
project / apply	UNKNOWN STEP	2026-09-13T11:20:09.4294765Z Hosted Compute Agent
project / apply	UNKNOWN STEP	2026-09-13T11:20:09.4295391Z Version: 20260828.587
project / apply	UNKNOWN STEP	2026-09-13T11:20:09.4296128Z Commit: abac92662cab4cc7352de4f9f9d2e2419aad9c29
project / apply	UNKNOWN STEP	2026-09-13T11:20:09.4296862Z Build Date: 2026-08-28T16:44:25Z
project / apply	UNKNOWN STEP	2026-09-13T11:20:09.4297559Z Worker ID: {a744e13e-4ca8-4d15-b6e2-944b671c9bf9}
project / apply	UNKNOWN STEP	2026-09-13T11:20:09.4298282Z Azure Region: westus2
project / apply	UNKNOWN STEP	2026-09-13T11:20:09.4298884Z ##[endgroup]
project / apply	UNKNOWN STEP	2026-09-13T11:20:09.4300997Z ##[group]Operating System
project / apply	UNKNOWN STEP	2026-09-13T11:20:09.4301646Z Ubuntu
project / apply	UNKNOWN STEP	2026-09-13T11:20:09.4302143Z 24.04.5
project / apply	UNKNOWN STEP	2026-09-13T11:20:09.4302744Z LTS
project / apply	UNKNOWN STEP	2026-09-13T11:20:09.4303299Z ##[endgroup]
project / apply	UNKNOWN STEP	2026-09-13T11:20:09.4303935Z ##[group]Runner Image
project / apply	UNKNOWN STEP	2026-09-13T11:20:09.4304530Z Image: ubuntu-24.04
project / apply	UNKNOWN STEP	2026-09-13T11:20:09.4305066Z Version: 20260907.300.1
project / apply	UNKNOWN STEP	2026-09-13T11:20:09.4306896Z Included Software: https://github.com/actions/runner-images/blob/ubuntu24/20260907.300/images/ubuntu/Ubuntu2404-Readme.md
project / apply	UNKNOWN STEP	2026-09-13T11:20:09.4308488Z Image Release: https://github.com/actions/runner-images/releases/tag/ubuntu24%2F20260907.300
project / apply	UNKNOWN STEP	2026-09-13T11:20:09.4309442Z ##[endgroup]
project / apply	UNKNOWN STEP	2026-09-13T11:20:09.4311149Z ##[group]GITHUB_TOKEN Permissions
project / apply	UNKNOWN STEP	2026-09-13T11:20:09.4313480Z Checks: read
project / apply	UNKNOWN STEP	2026-09-13T11:20:09.4314068Z Contents: read
project / apply	UNKNOWN STEP	2026-09-13T11:20:09.4314753Z Issues: write
project / apply	UNKNOWN STEP	2026-09-13T11:20:09.4315308Z Metadata: read
project / apply	UNKNOWN STEP	2026-09-13T11:20:09.4315897Z PullRequests: read
project / apply	UNKNOWN STEP	2026-09-13T11:20:09.4316525Z ##[endgroup]
project / apply	UNKNOWN STEP	2026-09-13T11:20:09.4318578Z Secret source: Actions
project / apply	UNKNOWN STEP	2026-09-13T11:20:09.4319617Z Cache mode: write
project / apply	UNKNOWN STEP	2026-09-13T11:20:09.4320624Z Prepare workflow directory
project / apply	UNKNOWN STEP	2026-09-13T11:20:09.4667334Z Prepare all required actions
project / apply	UNKNOWN STEP	2026-09-13T11:20:09.4740707Z Getting action download info
project / apply	UNKNOWN STEP	2026-09-13T11:20:09.8783645Z Download action repository 'actions/checkout@v7' (SHA:3d3c42e5aac5ba805825da76410c181273ba90b1)
project / apply	UNKNOWN STEP	2026-09-13T11:20:09.9913474Z Download action repository 'nixbuild/nix-quick-install-action@v35' (SHA:9f63be77f412a248c9d9a65a4c82cf066cdf8f0c)
project / apply	UNKNOWN STEP	2026-09-13T11:20:10.3005583Z Uses: mozufu/myque-gh/.github/workflows/reconcile.yml@c1da385362d1eca3dc1bdf52b4c499e68d3007a4
project / apply	UNKNOWN STEP	2026-09-13T11:20:10.3010139Z ##[group] Inputs
project / apply	UNKNOWN STEP	2026-09-13T11:20:10.3010721Z   branch: main
project / apply	UNKNOWN STEP	2026-09-13T11:20:10.3011176Z   project: tag = github
project / apply	UNKNOWN STEP	2026-09-13T11:20:10.3011757Z   myque-gh-ref: c1da385362d1eca3dc1bdf52b4c499e68d3007a4
project / apply	UNKNOWN STEP	2026-09-13T11:20:10.3012421Z   issue-authors: github-actions[bot]
project / apply	UNKNOWN STEP	2026-09-13T11:20:10.3012953Z   store: .
project / apply	UNKNOWN STEP	2026-09-13T11:20:10.3013401Z   source-repo: iceice666/slime_os
project / apply	UNKNOWN STEP	2026-09-13T11:20:10.3013933Z   source-branch: main
project / apply	UNKNOWN STEP	2026-09-13T11:20:10.3014408Z ##[endgroup]
project / apply	UNKNOWN STEP	2026-09-13T11:20:10.3014857Z Complete job name: project / apply
project / apply	UNKNOWN STEP	2026-09-13T11:20:10.3806073Z ##[group]Run actions/checkout@v7
project / apply	UNKNOWN STEP	2026-09-13T11:20:10.3806970Z with:
project / apply	UNKNOWN STEP	2026-09-13T11:20:10.3807391Z   ref: main
project / apply	UNKNOWN STEP	2026-09-13T11:20:10.3807808Z   fetch-depth: 0
project / apply	UNKNOWN STEP	2026-09-13T11:20:10.3808273Z   repository: iceice666/slime_os
project / apply	UNKNOWN STEP	2026-09-13T11:20:10.3812597Z   token: ***
project / apply	UNKNOWN STEP	2026-09-13T11:20:10.3813048Z   ssh-strict: true
project / apply	UNKNOWN STEP	2026-09-13T11:20:10.3813512Z   ssh-user: git
project / apply	UNKNOWN STEP	2026-09-13T11:20:10.3813960Z   persist-credentials: true
project / apply	UNKNOWN STEP	2026-09-13T11:20:10.3814449Z   clean: true
project / apply	UNKNOWN STEP	2026-09-13T11:20:10.3814894Z   sparse-checkout-cone-mode: true
project / apply	UNKNOWN STEP	2026-09-13T11:20:10.3815460Z   fetch-tags: false
project / apply	UNKNOWN STEP	2026-09-13T11:20:10.3816122Z   show-progress: true
project / apply	UNKNOWN STEP	2026-09-13T11:20:10.3816751Z   lfs: false
project / apply	UNKNOWN STEP	2026-09-13T11:20:10.3817166Z   submodules: false
project / apply	UNKNOWN STEP	2026-09-13T11:20:10.3817616Z   set-safe-directory: true
project / apply	UNKNOWN STEP	2026-09-13T11:20:10.3818127Z   allow-unsafe-pr-checkout: false
project / apply	UNKNOWN STEP	2026-09-13T11:20:10.3819004Z ##[endgroup]
project / apply	UNKNOWN STEP	2026-09-13T11:20:10.4919357Z Syncing repository: iceice666/slime_os
project / apply	UNKNOWN STEP	2026-09-13T11:20:10.4922518Z ##[group]Getting Git version info
project / apply	UNKNOWN STEP	2026-09-13T11:20:10.4923891Z Working directory is '/home/runner/work/slime_os/slime_os'
project / apply	UNKNOWN STEP	2026-09-13T11:20:10.4925805Z [command]/usr/bin/git version
project / apply	UNKNOWN STEP	2026-09-13T11:20:10.5014334Z git version 2.55.0
project / apply	UNKNOWN STEP	2026-09-13T11:20:10.5044497Z ##[endgroup]
project / apply	UNKNOWN STEP	2026-09-13T11:20:10.5057529Z Temporarily overriding HOME='/home/runner/work/_temp/d83cd2c5-e2e5-4e04-abf8-5f5d9565cdcb' before making global git config changes
project / apply	UNKNOWN STEP	2026-09-13T11:20:10.5061080Z Adding repository directory to the temporary git global config as a safe directory
project / apply	UNKNOWN STEP	2026-09-13T11:20:10.5065584Z [command]/usr/bin/git config --global --add safe.directory /home/runner/work/slime_os/slime_os
project / apply	UNKNOWN STEP	2026-09-13T11:20:10.5142535Z Deleting the contents of '/home/runner/work/slime_os/slime_os'
project / apply	UNKNOWN STEP	2026-09-13T11:20:10.5145063Z ##[group]Determining repository object format
project / apply	UNKNOWN STEP	2026-09-13T11:20:10.7411271Z ##[endgroup]
project / apply	UNKNOWN STEP	2026-09-13T11:20:10.7412623Z ##[group]Initializing the repository
project / apply	UNKNOWN STEP	2026-09-13T11:20:10.7420783Z [command]/usr/bin/git init /home/runner/work/slime_os/slime_os
project / apply	UNKNOWN STEP	2026-09-13T11:20:10.7602304Z hint: Using 'master' as the name for the initial branch. This default branch name
project / apply	UNKNOWN STEP	2026-09-13T11:20:10.7604026Z hint: will change to "main" in Git 3.0. To configure the initial branch name
project / apply	UNKNOWN STEP	2026-09-13T11:20:10.7605297Z hint: to use in all of your new repositories, which will suppress this warning,
project / apply	UNKNOWN STEP	2026-09-13T11:20:10.7606669Z hint: call:
project / apply	UNKNOWN STEP	2026-09-13T11:20:10.7607413Z hint:
project / apply	UNKNOWN STEP	2026-09-13T11:20:10.7608351Z hint: 	git config --global init.defaultBranch <name>
project / apply	UNKNOWN STEP	2026-09-13T11:20:10.7609449Z hint:
project / apply	UNKNOWN STEP	2026-09-13T11:20:10.7610794Z hint: Names commonly chosen instead of 'master' are 'main', 'trunk' and
project / apply	UNKNOWN STEP	2026-09-13T11:20:10.7612575Z hint: 'development'. The just-created branch can be renamed via this command:
project / apply	UNKNOWN STEP	2026-09-13T11:20:10.7613892Z hint:
project / apply	UNKNOWN STEP	2026-09-13T11:20:10.7614637Z hint: 	git branch -m <name>
project / apply	UNKNOWN STEP	2026-09-13T11:20:10.7615461Z hint:
project / apply	UNKNOWN STEP	2026-09-13T11:20:10.7616518Z hint: Disable this message with "git config set advice.defaultBranchName false"
project / apply	UNKNOWN STEP	2026-09-13T11:20:10.7618600Z Initialized empty Git repository in /home/runner/work/slime_os/slime_os/.git/
project / apply	UNKNOWN STEP	2026-09-13T11:20:10.7622516Z [command]/usr/bin/git remote add origin https://github.com/iceice666/slime_os
project / apply	UNKNOWN STEP	2026-09-13T11:20:10.7691842Z ##[endgroup]
project / apply	UNKNOWN STEP	2026-09-13T11:20:10.7693289Z ##[group]Disabling automatic garbage collection
project / apply	UNKNOWN STEP	2026-09-13T11:20:10.7701165Z [command]/usr/bin/git config --local gc.auto 0
project / apply	UNKNOWN STEP	2026-09-13T11:20:10.7739578Z ##[endgroup]
project / apply	UNKNOWN STEP	2026-09-13T11:20:10.7741225Z ##[group]Setting up auth
project / apply	UNKNOWN STEP	2026-09-13T11:20:10.7742084Z Removing SSH command configuration
project / apply	UNKNOWN STEP	2026-09-13T11:20:10.7746908Z [command]/usr/bin/git config --local --name-only --get-regexp core\.sshCommand
project / apply	UNKNOWN STEP	2026-09-13T11:20:10.7793323Z [command]/usr/bin/git submodule foreach --recursive sh -c "git config --local --name-only --get-regexp 'core\.sshCommand' && git config --local --unset-all 'core.sshCommand' || :"
project / apply	UNKNOWN STEP	2026-09-13T11:20:10.8180841Z Removing HTTP extra header
project / apply	UNKNOWN STEP	2026-09-13T11:20:10.8186809Z [command]/usr/bin/git config --local --name-only --get-regexp http\.https\:\/\/github\.com\/\.extraheader
project / apply	UNKNOWN STEP	2026-09-13T11:20:10.8229445Z [command]/usr/bin/git submodule foreach --recursive sh -c "git config --local --name-only --get-regexp 'http\.https\:\/\/github\.com\/\.extraheader' && git config --local --unset-all 'http.https://github.com/.extraheader' || :"
project / apply	UNKNOWN STEP	2026-09-13T11:20:10.8466473Z Removing includeIf entries pointing to credentials config files
project / apply	UNKNOWN STEP	2026-09-13T11:20:10.8471944Z [command]/usr/bin/git config --local --name-only --get-regexp ^includeIf\.gitdir:
project / apply	UNKNOWN STEP	2026-09-13T11:20:10.8512481Z [command]/usr/bin/git submodule foreach --recursive git config --local --show-origin --name-only --get-regexp remote.origin.url
project / apply	UNKNOWN STEP	2026-09-13T11:20:10.8748702Z [command]/usr/bin/git config --file /home/runner/work/_temp/git-credentials-1c24fbdc-8fe1-43c7-b4f8-b81efeed9a1e.config http.https://github.com/.extraheader AUTHORIZATION: basic ***
project / apply	UNKNOWN STEP	2026-09-13T11:20:10.8853353Z [command]/usr/bin/git config --local includeIf.gitdir:/home/runner/work/slime_os/slime_os/.git.path /home/runner/work/_temp/git-credentials-1c24fbdc-8fe1-43c7-b4f8-b81efeed9a1e.config
project / apply	UNKNOWN STEP	2026-09-13T11:20:10.8895006Z [command]/usr/bin/git config --local includeIf.gitdir:/home/runner/work/slime_os/slime_os/.git/worktrees/*.path /home/runner/work/_temp/git-credentials-1c24fbdc-8fe1-43c7-b4f8-b81efeed9a1e.config
project / apply	UNKNOWN STEP	2026-09-13T11:20:10.8935877Z [command]/usr/bin/git config --local includeIf.gitdir:/github/workspace/.git.path /github/runner_temp/git-credentials-1c24fbdc-8fe1-43c7-b4f8-b81efeed9a1e.config
project / apply	UNKNOWN STEP	2026-09-13T11:20:10.8974158Z [command]/usr/bin/git config --local includeIf.gitdir:/github/workspace/.git/worktrees/*.path /github/runner_temp/git-credentials-1c24fbdc-8fe1-43c7-b4f8-b81efeed9a1e.config
project / apply	UNKNOWN STEP	2026-09-13T11:20:10.9008109Z ##[endgroup]
project / apply	UNKNOWN STEP	2026-09-13T11:20:10.9008855Z ##[group]Fetching the repository
project / apply	UNKNOWN STEP	2026-09-13T11:20:10.9015466Z [command]/usr/bin/git -c protocol.version=2 fetch --no-tags --prune --no-recurse-submodules origin +refs/heads/*:refs/remotes/origin/* +refs/tags/*:refs/tags/*
project / apply	UNKNOWN STEP	2026-09-13T11:20:12.7864273Z From https://github.com/iceice666/slime_os
project / apply	UNKNOWN STEP	2026-09-13T11:20:12.7866701Z  * [new branch]        ci/accelerate-verification -> origin/ci/accelerate-verification
project / apply	UNKNOWN STEP	2026-09-13T11:20:12.7869347Z  * [new branch]        ci/myque-github-projection -> origin/ci/myque-github-projection
project / apply	UNKNOWN STEP	2026-09-13T11:20:12.7872276Z  * [new branch]        feat/nt98690-pwm-probe -> origin/feat/nt98690-pwm-probe
project / apply	UNKNOWN STEP	2026-09-13T11:20:12.7874758Z  * [new branch]        feat/sel4-kernel-cutover -> origin/feat/sel4-kernel-cutover
project / apply	UNKNOWN STEP	2026-09-13T11:20:12.7877004Z  * [new branch]        main                   -> origin/main
project / apply	UNKNOWN STEP	2026-09-13T11:20:12.7879180Z  * [new branch]        pr/nt98690-h1v1-lane   -> origin/pr/nt98690-h1v1-lane
project / apply	UNKNOWN STEP	2026-09-13T11:20:12.7882162Z  * [new branch]        roadmap/amd64-sel4-bringup -> origin/roadmap/amd64-sel4-bringup
project / apply	UNKNOWN STEP	2026-09-13T11:20:12.7883961Z  * [new tag]           0.0.1                  -> 0.0.1
project / apply	UNKNOWN STEP	2026-09-13T11:20:12.7886704Z ##[endgroup]
project / apply	UNKNOWN STEP	2026-09-13T11:20:12.7887966Z ##[group]Determining the checkout info
project / apply	UNKNOWN STEP	2026-09-13T11:20:12.7889221Z [command]/usr/bin/git branch --list --remote origin/main
project / apply	UNKNOWN STEP	2026-09-13T11:20:12.7917675Z   origin/main
project / apply	UNKNOWN STEP	2026-09-13T11:20:12.7922815Z ##[endgroup]
project / apply	UNKNOWN STEP	2026-09-13T11:20:12.7925872Z [command]/usr/bin/git sparse-checkout disable
project / apply	UNKNOWN STEP	2026-09-13T11:20:12.7981907Z [command]/usr/bin/git config --local --unset-all extensions.worktreeConfig
project / apply	UNKNOWN STEP	2026-09-13T11:20:12.8020599Z ##[group]Checking out the ref
project / apply	UNKNOWN STEP	2026-09-13T11:20:12.8022466Z [command]/usr/bin/git checkout --progress --force -B main refs/remotes/origin/main
project / apply	UNKNOWN STEP	2026-09-13T11:20:13.0134645Z Switched to a new branch 'main'
project / apply	UNKNOWN STEP	2026-09-13T11:20:13.0140750Z branch 'main' set up to track 'origin/main'.
project / apply	UNKNOWN STEP	2026-09-13T11:20:13.0171750Z ##[endgroup]
project / apply	UNKNOWN STEP	2026-09-13T11:20:13.0219634Z [command]/usr/bin/git log -1 --format=%H
project / apply	UNKNOWN STEP	2026-09-13T11:20:13.0257023Z ab82f20997ba0bafecdd3546e8b9f2a212daef1e
project / apply	UNKNOWN STEP	2026-09-13T11:20:13.0528975Z ##[group]Run actions/checkout@v7
project / apply	UNKNOWN STEP	2026-09-13T11:20:13.0529339Z with:
project / apply	UNKNOWN STEP	2026-09-13T11:20:13.0529608Z   repository: mozufu/myque-gh
project / apply	UNKNOWN STEP	2026-09-13T11:20:13.0530359Z   ref: c1da385362d1eca3dc1bdf52b4c499e68d3007a4
project / apply	UNKNOWN STEP	2026-09-13T11:20:13.0530735Z   path: .myque-gh-projector
project / apply	UNKNOWN STEP	2026-09-13T11:20:13.0533574Z   token: ***
project / apply	UNKNOWN STEP	2026-09-13T11:20:13.0597659Z   ssh-strict: true
project / apply	UNKNOWN STEP	2026-09-13T11:20:13.0598052Z   ssh-user: git
project / apply	UNKNOWN STEP	2026-09-13T11:20:13.0598337Z   persist-credentials: true
project / apply	UNKNOWN STEP	2026-09-13T11:20:13.0598672Z   clean: true
project / apply	UNKNOWN STEP	2026-09-13T11:20:13.0598987Z   sparse-checkout-cone-mode: true
project / apply	UNKNOWN STEP	2026-09-13T11:20:13.0599350Z   fetch-depth: 1
project / apply	UNKNOWN STEP	2026-09-13T11:20:13.0599783Z   fetch-tags: false
project / apply	UNKNOWN STEP	2026-09-13T11:20:13.0600082Z   show-progress: true
project / apply	UNKNOWN STEP	2026-09-13T11:20:13.0600358Z   lfs: false
project / apply	UNKNOWN STEP	2026-09-13T11:20:13.0600597Z   submodules: false
project / apply	UNKNOWN STEP	2026-09-13T11:20:13.0600857Z   set-safe-directory: true
project / apply	UNKNOWN STEP	2026-09-13T11:20:13.0601157Z   allow-unsafe-pr-checkout: false
project / apply	UNKNOWN STEP	2026-09-13T11:20:13.0601458Z ##[endgroup]
project / apply	UNKNOWN STEP	2026-09-13T11:20:13.1412725Z Syncing repository: mozufu/myque-gh
project / apply	UNKNOWN STEP	2026-09-13T11:20:13.1418257Z ##[group]Getting Git version info
project / apply	UNKNOWN STEP	2026-09-13T11:20:13.1419941Z Working directory is '/home/runner/work/slime_os/slime_os/.myque-gh-projector'
project / apply	UNKNOWN STEP	2026-09-13T11:20:13.1461549Z [command]/usr/bin/git version
project / apply	UNKNOWN STEP	2026-09-13T11:20:13.1515893Z git version 2.55.0
project / apply	UNKNOWN STEP	2026-09-13T11:20:13.1570808Z ##[endgroup]
project / apply	UNKNOWN STEP	2026-09-13T11:20:13.1582091Z Temporarily overriding HOME='/home/runner/work/_temp/683ff52a-f112-4d05-af6b-a87586d84892' before making global git config changes
project / apply	UNKNOWN STEP	2026-09-13T11:20:13.1583605Z Adding repository directory to the temporary git global config as a safe directory
project / apply	UNKNOWN STEP	2026-09-13T11:20:13.1587849Z [command]/usr/bin/git config --global --add safe.directory /home/runner/work/slime_os/slime_os/.myque-gh-projector
project / apply	UNKNOWN STEP	2026-09-13T11:20:13.1648973Z ##[group]Determining repository object format
project / apply	UNKNOWN STEP	2026-09-13T11:20:13.1650195Z ##[endgroup]
project / apply	UNKNOWN STEP	2026-09-13T11:20:13.1650931Z ##[group]Initializing the repository
project / apply	UNKNOWN STEP	2026-09-13T11:20:13.1651801Z [command]/usr/bin/git init /home/runner/work/slime_os/slime_os/.myque-gh-projector
project / apply	UNKNOWN STEP	2026-09-13T11:20:13.1685120Z hint: Using 'master' as the name for the initial branch. This default branch name
project / apply	UNKNOWN STEP	2026-09-13T11:20:13.1686490Z hint: will change to "main" in Git 3.0. To configure the initial branch name
project / apply	UNKNOWN STEP	2026-09-13T11:20:13.1688033Z hint: to use in all of your new repositories, which will suppress this warning,
project / apply	UNKNOWN STEP	2026-09-13T11:20:13.1691125Z hint: call:
project / apply	UNKNOWN STEP	2026-09-13T11:20:13.1691563Z hint:
project / apply	UNKNOWN STEP	2026-09-13T11:20:13.1692092Z hint: 	git config --global init.defaultBranch <name>
project / apply	UNKNOWN STEP	2026-09-13T11:20:13.1692708Z hint:
project / apply	UNKNOWN STEP	2026-09-13T11:20:13.1693328Z hint: Names commonly chosen instead of 'master' are 'main', 'trunk' and
project / apply	UNKNOWN STEP	2026-09-13T11:20:13.1694315Z hint: 'development'. The just-created branch can be renamed via this command:
project / apply	UNKNOWN STEP	2026-09-13T11:20:13.1695050Z hint:
project / apply	UNKNOWN STEP	2026-09-13T11:20:13.1695459Z hint: 	git branch -m <name>
project / apply	UNKNOWN STEP	2026-09-13T11:20:13.1695910Z hint:
project / apply	UNKNOWN STEP	2026-09-13T11:20:13.1696812Z hint: Disable this message with "git config set advice.defaultBranchName false"
project / apply	UNKNOWN STEP	2026-09-13T11:20:13.1698001Z Initialized empty Git repository in /home/runner/work/slime_os/slime_os/.myque-gh-projector/.git/
project / apply	UNKNOWN STEP	2026-09-13T11:20:13.1700099Z [command]/usr/bin/git remote add origin https://github.com/mozufu/myque-gh
project / apply	UNKNOWN STEP	2026-09-13T11:20:13.1734673Z ##[endgroup]
project / apply	UNKNOWN STEP	2026-09-13T11:20:13.1735556Z ##[group]Disabling automatic garbage collection
project / apply	UNKNOWN STEP	2026-09-13T11:20:13.1738608Z [command]/usr/bin/git config --local gc.auto 0
project / apply	UNKNOWN STEP	2026-09-13T11:20:13.1771477Z ##[endgroup]
project / apply	UNKNOWN STEP	2026-09-13T11:20:13.1772357Z ##[group]Setting up auth
project / apply	UNKNOWN STEP	2026-09-13T11:20:13.1773333Z Removing SSH command configuration
project / apply	UNKNOWN STEP	2026-09-13T11:20:13.1777545Z [command]/usr/bin/git config --local --name-only --get-regexp core\.sshCommand
project / apply	UNKNOWN STEP	2026-09-13T11:20:13.1812706Z [command]/usr/bin/git submodule foreach --recursive sh -c "git config --local --name-only --get-regexp 'core\.sshCommand' && git config --local --unset-all 'core.sshCommand' || :"
project / apply	UNKNOWN STEP	2026-09-13T11:20:13.2056290Z Removing HTTP extra header
project / apply	UNKNOWN STEP	2026-09-13T11:20:13.2065766Z [command]/usr/bin/git config --local --name-only --get-regexp http\.https\:\/\/github\.com\/\.extraheader
project / apply	UNKNOWN STEP	2026-09-13T11:20:13.2107727Z [command]/usr/bin/git submodule foreach --recursive sh -c "git config --local --name-only --get-regexp 'http\.https\:\/\/github\.com\/\.extraheader' && git config --local --unset-all 'http.https://github.com/.extraheader' || :"
project / apply	UNKNOWN STEP	2026-09-13T11:20:13.2372722Z Removing includeIf entries pointing to credentials config files
project / apply	UNKNOWN STEP	2026-09-13T11:20:13.2377933Z [command]/usr/bin/git config --local --name-only --get-regexp ^includeIf\.gitdir:
project / apply	UNKNOWN STEP	2026-09-13T11:20:13.2421570Z [command]/usr/bin/git submodule foreach --recursive git config --local --show-origin --name-only --get-regexp remote.origin.url
project / apply	UNKNOWN STEP	2026-09-13T11:20:13.2660814Z [command]/usr/bin/git config --file /home/runner/work/_temp/git-credentials-22ddd041-79bb-4529-a471-6ad519a37f83.config http.https://github.com/.extraheader AUTHORIZATION: basic ***
project / apply	UNKNOWN STEP	2026-09-13T11:20:13.2701261Z [command]/usr/bin/git config --local includeIf.gitdir:/home/runner/work/slime_os/slime_os/.myque-gh-projector/.git.path /home/runner/work/_temp/git-credentials-22ddd041-79bb-4529-a471-6ad519a37f83.config
project / apply	UNKNOWN STEP	2026-09-13T11:20:13.2733816Z [command]/usr/bin/git config --local includeIf.gitdir:/home/runner/work/slime_os/slime_os/.myque-gh-projector/.git/worktrees/*.path /home/runner/work/_temp/git-credentials-22ddd041-79bb-4529-a471-6ad519a37f83.config
project / apply	UNKNOWN STEP	2026-09-13T11:20:13.2767660Z [command]/usr/bin/git config --local includeIf.gitdir:/github/workspace/.myque-gh-projector/.git.path /github/runner_temp/git-credentials-22ddd041-79bb-4529-a471-6ad519a37f83.config
project / apply	UNKNOWN STEP	2026-09-13T11:20:13.2803431Z [command]/usr/bin/git config --local includeIf.gitdir:/github/workspace/.myque-gh-projector/.git/worktrees/*.path /github/runner_temp/git-credentials-22ddd041-79bb-4529-a471-6ad519a37f83.config
project / apply	UNKNOWN STEP	2026-09-13T11:20:13.2836602Z ##[endgroup]
project / apply	UNKNOWN STEP	2026-09-13T11:20:13.2837763Z ##[group]Fetching the repository
project / apply	UNKNOWN STEP	2026-09-13T11:20:13.2845018Z [command]/usr/bin/git -c protocol.version=2 fetch --no-tags --prune --no-recurse-submodules --depth=1 origin c1da385362d1eca3dc1bdf52b4c499e68d3007a4
project / apply	UNKNOWN STEP	2026-09-13T11:20:13.7682996Z From https://github.com/mozufu/myque-gh
project / apply	UNKNOWN STEP	2026-09-13T11:20:13.7684589Z  * branch            c1da385362d1eca3dc1bdf52b4c499e68d3007a4 -> FETCH_HEAD
project / apply	UNKNOWN STEP	2026-09-13T11:20:13.7692840Z [command]/usr/bin/git rev-parse --verify --quiet c1da385362d1eca3dc1bdf52b4c499e68d3007a4^{object}
project / apply	UNKNOWN STEP	2026-09-13T11:20:13.7720968Z c1da385362d1eca3dc1bdf52b4c499e68d3007a4
project / apply	UNKNOWN STEP	2026-09-13T11:20:13.7725431Z ##[endgroup]
project / apply	UNKNOWN STEP	2026-09-13T11:20:13.7725958Z ##[group]Determining the checkout info
project / apply	UNKNOWN STEP	2026-09-13T11:20:13.7726831Z ##[endgroup]
project / apply	UNKNOWN STEP	2026-09-13T11:20:13.7731207Z [command]/usr/bin/git sparse-checkout disable
project / apply	UNKNOWN STEP	2026-09-13T11:20:13.8067507Z [command]/usr/bin/git config --local --unset-all extensions.worktreeConfig
project / apply	UNKNOWN STEP	2026-09-13T11:20:13.8102872Z ##[group]Checking out the ref
project / apply	UNKNOWN STEP	2026-09-13T11:20:13.8108146Z [command]/usr/bin/git checkout --progress --force c1da385362d1eca3dc1bdf52b4c499e68d3007a4
project / apply	UNKNOWN STEP	2026-09-13T11:20:13.8168702Z Note: switching to 'c1da385362d1eca3dc1bdf52b4c499e68d3007a4'.
project / apply	UNKNOWN STEP	2026-09-13T11:20:13.8169226Z 
project / apply	UNKNOWN STEP	2026-09-13T11:20:13.8170076Z You are in 'detached HEAD' state. You can look around, make experimental
project / apply	UNKNOWN STEP	2026-09-13T11:20:13.8170732Z changes and commit them, and you can discard any commits you make in this
project / apply	UNKNOWN STEP	2026-09-13T11:20:13.8171388Z state without impacting any branches by switching back to a branch.
project / apply	UNKNOWN STEP	2026-09-13T11:20:13.8171820Z 
project / apply	UNKNOWN STEP	2026-09-13T11:20:13.8172302Z If you want to create a new branch to retain commits you create, you may
project / apply	UNKNOWN STEP	2026-09-13T11:20:13.8172858Z do so (now or later) by using -c with the switch command. Example:
project / apply	UNKNOWN STEP	2026-09-13T11:20:13.8173363Z 
project / apply	UNKNOWN STEP	2026-09-13T11:20:13.8173890Z   git switch -c <new-branch-name>
project / apply	UNKNOWN STEP	2026-09-13T11:20:13.8174681Z 
project / apply	UNKNOWN STEP	2026-09-13T11:20:13.8175054Z Or undo this operation with:
project / apply	UNKNOWN STEP	2026-09-13T11:20:13.8175432Z 
project / apply	UNKNOWN STEP	2026-09-13T11:20:13.8175668Z   git switch -
project / apply	UNKNOWN STEP	2026-09-13T11:20:13.8176015Z 
project / apply	UNKNOWN STEP	2026-09-13T11:20:13.8176520Z Turn off this advice by setting config variable advice.detachedHead to false
project / apply	UNKNOWN STEP	2026-09-13T11:20:13.8177239Z 
project / apply	UNKNOWN STEP	2026-09-13T11:20:13.8178313Z HEAD is now at c1da385 feat(repo/workflow): expose source link inputs
project / apply	UNKNOWN STEP	2026-09-13T11:20:13.8181016Z ##[endgroup]
project / apply	UNKNOWN STEP	2026-09-13T11:20:13.8222195Z [command]/usr/bin/git log -1 --format=%H
project / apply	UNKNOWN STEP	2026-09-13T11:20:13.8253886Z c1da385362d1eca3dc1bdf52b4c499e68d3007a4
project / apply	UNKNOWN STEP	2026-09-13T11:20:13.8445192Z ##[group]Run nixbuild/nix-quick-install-action@v35
project / apply	UNKNOWN STEP	2026-09-13T11:20:13.8445608Z with:
project / apply	UNKNOWN STEP	2026-09-13T11:20:13.8445849Z   nix_version: 2.34.7
project / apply	UNKNOWN STEP	2026-09-13T11:20:13.8448732Z   github_access_token: ***
project / apply	UNKNOWN STEP	2026-09-13T11:20:13.8449030Z   nix_on_tmpfs: false
project / apply	UNKNOWN STEP	2026-09-13T11:20:13.8449330Z   enable_kvm: true
project / apply	UNKNOWN STEP	2026-09-13T11:20:13.8449893Z ##[endgroup]
project / apply	UNKNOWN STEP	2026-09-13T11:20:13.8545164Z ##[start-action display=Install Nix in single-user mode;id=__nixbuild_nix-quick-install-action.__run]
project / apply	UNKNOWN STEP	2026-09-13T11:20:13.8585598Z ##[group]Run /home/runner/work/_actions/nixbuild/nix-quick-install-action/v35/nix-quick-install.sh
project / apply	UNKNOWN STEP	2026-09-13T11:20:13.8586430Z ^[[36;1m/home/runner/work/_actions/nixbuild/nix-quick-install-action/v35/nix-quick-install.sh^[[0m
project / apply	UNKNOWN STEP	2026-09-13T11:20:13.8627739Z shell: /usr/bin/bash --noprofile --norc -e -o pipefail {0}
project / apply	UNKNOWN STEP	2026-09-13T11:20:13.8628158Z env:
project / apply	UNKNOWN STEP	2026-09-13T11:20:13.8628570Z   RELEASE_FILE: /home/runner/work/_actions/nixbuild/nix-quick-install-action/v35/RELEASE
project / apply	UNKNOWN STEP	2026-09-13T11:20:13.8629105Z   NIX_VERSION: 2.34.7
project / apply	UNKNOWN STEP	2026-09-13T11:20:13.8629361Z   NIX_CONF: 
project / apply	UNKNOWN STEP	2026-09-13T11:20:13.8629592Z   NIX_ARCHIVES_URL: 
project / apply	UNKNOWN STEP	2026-09-13T11:20:13.8630077Z   NIX_ON_TMPFS: false
project / apply	UNKNOWN STEP	2026-09-13T11:20:13.8632936Z   GITHUB_ACCESS_TOKEN: ***
project / apply	UNKNOWN STEP	2026-09-13T11:20:13.8633227Z   ENABLE_KVM: true
project / apply	UNKNOWN STEP	2026-09-13T11:20:13.8633470Z ##[endgroup]
project / apply	UNKNOWN STEP	2026-09-13T11:20:13.8825283Z KERNEL=="kvm", GROUP="kvm", MODE="0666", OPTIONS+="static_node=kvm"
project / apply	UNKNOWN STEP	2026-09-13T11:20:13.9137930Z Enabled KVM
project / apply	UNKNOWN STEP	2026-09-13T11:20:13.9235653Z Fetching nix archives from https://github.com/nixbuild/nix-quick-install-action/releases/download/v35/nix-2.34.7-x86_64-linux.tar.zstd
project / apply	UNKNOWN STEP	2026-09-13T11:20:14.6237206Z installing 'nix-2.34.7'
project / apply	UNKNOWN STEP	2026-09-13T11:20:14.6341730Z building '/nix/store/50vjg8jbwhlahg3ndgfwwp9s20vxm93q-user-environment.drv'...
project / apply	UNKNOWN STEP	2026-09-13T11:20:14.6432190Z ##[end-action id=__nixbuild_nix-quick-install-action.__run;outcome=success;conclusion=success;duration_ms=788]
project / apply	UNKNOWN STEP	2026-09-13T11:20:14.6472145Z ##[group]Run author_args=()
project / apply	UNKNOWN STEP	2026-09-13T11:20:14.6472455Z ^[[36;1mauthor_args=()^[[0m
project / apply	UNKNOWN STEP	2026-09-13T11:20:14.6472756Z ^[[36;1mwhile IFS= read -r author || [ -n "$author" ]; do^[[0m
project / apply	UNKNOWN STEP	2026-09-13T11:20:14.6473098Z ^[[36;1m  author="${author%$'\r'}"^[[0m
project / apply	UNKNOWN STEP	2026-09-13T11:20:14.6473367Z ^[[36;1m  [ -z "$author" ] && continue^[[0m
project / apply	UNKNOWN STEP	2026-09-13T11:20:14.6473677Z ^[[36;1m  author_args+=(--issue-author "$author")^[[0m
project / apply	UNKNOWN STEP	2026-09-13T11:20:14.6473983Z ^[[36;1mdone <<< "$MYQUE_GH_ISSUE_AUTHORS"^[[0m
project / apply	UNKNOWN STEP	2026-09-13T11:20:14.6474279Z ^[[36;1mif [ "${#author_args[@]}" -eq 0 ]; then^[[0m
project / apply	UNKNOWN STEP	2026-09-13T11:20:14.6474700Z ^[[36;1m  echo "issue-authors must contain at least one trusted login" >&2^[[0m
project / apply	UNKNOWN STEP	2026-09-13T11:20:14.6475090Z ^[[36;1m  exit 2^[[0m
project / apply	UNKNOWN STEP	2026-09-13T11:20:14.6475282Z ^[[36;1mfi^[[0m
project / apply	UNKNOWN STEP	2026-09-13T11:20:14.6475455Z ^[[36;1m^[[0m
project / apply	UNKNOWN STEP	2026-09-13T11:20:14.6475654Z ^[[36;1msource_args=()^[[0m
project / apply	UNKNOWN STEP	2026-09-13T11:20:14.6475906Z ^[[36;1mif [ -n "$MYQUE_GH_SOURCE_REPO" ]; then^[[0m
project / apply	UNKNOWN STEP	2026-09-13T11:20:14.6476300Z ^[[36;1m  source_args+=(--source-repo "$MYQUE_GH_SOURCE_REPO")^[[0m
project / apply	UNKNOWN STEP	2026-09-13T11:20:14.6476617Z ^[[36;1mfi^[[0m
project / apply	UNKNOWN STEP	2026-09-13T11:20:14.6476836Z ^[[36;1mif [ -n "$MYQUE_GH_SOURCE_BRANCH" ]; then^[[0m
project / apply	UNKNOWN STEP	2026-09-13T11:20:14.6477196Z ^[[36;1m  source_args+=(--source-branch "$MYQUE_GH_SOURCE_BRANCH")^[[0m
project / apply	UNKNOWN STEP	2026-09-13T11:20:14.6477523Z ^[[36;1mfi^[[0m
project / apply	UNKNOWN STEP	2026-09-13T11:20:14.6477696Z ^[[36;1m^[[0m
project / apply	UNKNOWN STEP	2026-09-13T11:20:14.6477962Z ^[[36;1mnix run path:.myque-gh-projector#myque-gh -- apply \^[[0m
project / apply	UNKNOWN STEP	2026-09-13T11:20:14.6478349Z ^[[36;1m  --store "$GITHUB_WORKSPACE/$MYQUE_GH_STORE" \^[[0m
project / apply	UNKNOWN STEP	2026-09-13T11:20:14.6478661Z ^[[36;1m  --repo "$MYQUE_GH_REPO" \^[[0m
project / apply	UNKNOWN STEP	2026-09-13T11:20:14.6478950Z ^[[36;1m  --ref "refs/heads/$MYQUE_GH_BRANCH" \^[[0m
project / apply	UNKNOWN STEP	2026-09-13T11:20:14.6479235Z ^[[36;1m  "${author_args[@]}" \^[[0m
project / apply	UNKNOWN STEP	2026-09-13T11:20:14.6479476Z ^[[36;1m  "${source_args[@]}" \^[[0m
project / apply	UNKNOWN STEP	2026-09-13T11:20:14.6480096Z ^[[36;1m  --project "$MYQUE_GH_PROJECT"^[[0m
project / apply	UNKNOWN STEP	2026-09-13T11:20:14.6521103Z shell: /usr/bin/bash -e {0}
project / apply	UNKNOWN STEP	2026-09-13T11:20:14.6521354Z env:
project / apply	UNKNOWN STEP	2026-09-13T11:20:14.6521667Z   NIX_PROFILES: /nix/var/nix/profiles/default /home/runner/.nix-profile
project / apply	UNKNOWN STEP	2026-09-13T11:20:14.6522128Z   NIX_USER_PROFILE_DIR: /nix/var/nix/profiles/per-user/runner
project / apply	UNKNOWN STEP	2026-09-13T11:20:14.6522528Z   NIX_SSL_CERT_FILE: /etc/ssl/certs/ca-certificates.crt
project / apply	UNKNOWN STEP	2026-09-13T11:20:14.6525402Z   GH_TOKEN: ***
project / apply	UNKNOWN STEP	2026-09-13T11:20:14.6525615Z   MYQUE_GH_BRANCH: main
project / apply	UNKNOWN STEP	2026-09-13T11:20:14.6525845Z   MYQUE_GH_PROJECT: tag = github
project / apply	UNKNOWN STEP	2026-09-13T11:20:14.6526100Z   MYQUE_GH_REPO: iceice666/slime_os
project / apply	UNKNOWN STEP	2026-09-13T11:20:14.6526348Z   MYQUE_GH_STORE: .
project / apply	UNKNOWN STEP	2026-09-13T11:20:14.6526577Z   MYQUE_GH_ISSUE_AUTHORS: github-actions[bot]
project / apply	UNKNOWN STEP	2026-09-13T11:20:14.6526877Z   MYQUE_GH_SOURCE_REPO: iceice666/slime_os
project / apply	UNKNOWN STEP	2026-09-13T11:20:14.6527148Z   MYQUE_GH_SOURCE_BRANCH: main
project / apply	UNKNOWN STEP	2026-09-13T11:20:14.6527375Z ##[endgroup]
project / apply	UNKNOWN STEP	2026-09-13T11:20:14.7338228Z copying path '/nix/store/i2wrp0fbhvysy6bcanmwn6smd3jw938f-source' from 'https://cache.nixos.org'...
project / apply	UNKNOWN STEP	2026-09-13T11:20:24.5355305Z unpacking 'github:mozufu/myque/b37ce24c6541d7bf3581e890b5df29c782701cd5?narHash=sha256-9HVaPCwp7CZbHtwZmeZg9ywb9miK/tgzglNUcCj8Qww%3D' into the Git cache...
project / apply	UNKNOWN STEP	2026-09-13T11:20:25.7507064Z these 5 derivations will be built:
project / apply	UNKNOWN STEP	2026-09-13T11:20:25.7508116Z   /nix/store/f6f2plq509agndkjhcbqgirndkvm2rkn-haskell-generic-builder-test-wrapper.sh.drv
project / apply	UNKNOWN STEP	2026-09-13T11:20:25.7509210Z   /nix/store/zkhnhx3lkby9lwlb73njkg89vhbn8707-remove-references-to.drv
project / apply	UNKNOWN STEP	2026-09-13T11:20:25.7510399Z   /nix/store/yidc3l6d3c4xs20s2xnx3vnfa2r2isqq-myque-0.1.0.0.drv
project / apply	UNKNOWN STEP	2026-09-13T11:20:25.7511291Z   /nix/store/hp4p9chkbmb8b5ln4ic4qc75q67bwn2c-myque-gh-0.1.0.0.drv
project / apply	UNKNOWN STEP	2026-09-13T11:20:25.7512285Z   /nix/store/5hrr2rpgnrllsli0183y4zak4xa5pk8z-myque-gh-bin.drv
project / apply	UNKNOWN STEP	2026-09-13T11:20:25.7513553Z these 261 paths will be fetched (671.2 MiB download, 4.0 GiB unpacked):
project / apply	UNKNOWN STEP	2026-09-13T11:20:25.7514479Z   /nix/store/bn8s42cz56jna6g77r19p0ah0brj37ma-HUnit-1.6.2.0
project / apply	UNKNOWN STEP	2026-09-13T11:20:25.7515316Z   /nix/store/wgh100f93zrrvp2mkg6wwmjy3zr5jkja-HUnit-1.6.2.0-doc
project / apply	UNKNOWN STEP	2026-09-13T11:20:25.7516172Z   /nix/store/zd4jp01fixvqhf91wn49ngzldv5c1m30-OneTuple-0.4.2.1
project / apply	UNKNOWN STEP	2026-09-13T11:20:25.7517374Z   /nix/store/87652xrvx41djvfbwk9sqkrfjn4aymki-OneTuple-0.4.2.1-doc
project / apply	UNKNOWN STEP	2026-09-13T11:20:25.7518268Z   /nix/store/im732jmmvdknfvclcj5cqwgh3rka226k-QuickCheck-2.15.0.1
project / apply	UNKNOWN STEP	2026-09-13T11:20:25.7519159Z   /nix/store/xf62v86ylzcqb8yqm351kvi9h1haxm11-QuickCheck-2.15.0.1-doc
project / apply	UNKNOWN STEP	2026-09-13T11:20:25.7520224Z   /nix/store/lm2vkbjznlswh1vkfl3pxz1b7hvca1h4-StateVar-1.2.2
project / apply	UNKNOWN STEP	2026-09-13T11:20:25.7521022Z   /nix/store/i2g4j020wjyylbc1f9ffh1p9fyhm4167-StateVar-1.2.2-doc
project / apply	UNKNOWN STEP	2026-09-13T11:20:25.7521775Z   /nix/store/frljwrcd9gl19l5ybmwqn19wjzphiy0i-acl-2.4.0
project / apply	UNKNOWN STEP	2026-09-13T11:20:25.7522507Z   /nix/store/dpwdh4r9r20xj1zipp0myap9jpsllpvq-aeson-2.2.4.1
project / apply	UNKNOWN STEP	2026-09-13T11:20:25.7523300Z   /nix/store/zdxhz3q2rkwhz2iypm5115gh1ga1plk0-aeson-2.2.4.1-doc
project / apply	UNKNOWN STEP	2026-09-13T11:20:25.7524115Z   /nix/store/d2bqjc8myjwxfdzb92004735rn5f6h1a-ansi-terminal-1.1.5
project / apply	UNKNOWN STEP	2026-09-13T11:20:25.7524991Z   /nix/store/l7nkcndvycm884c7cchdgn2h4d9shljc-ansi-terminal-1.1.5-doc
project / apply	UNKNOWN STEP	2026-09-13T11:20:25.7525847Z   /nix/store/hp8hbmav7kx6lzv69q07b1xa04vb1xnw-ansi-terminal-types-1.1.3
project / apply	UNKNOWN STEP	2026-09-13T11:20:25.7526750Z   /nix/store/m72cqy0lk3ka8nm808fkh997jhbh2igx-ansi-terminal-types-1.1.3-doc
project / apply	UNKNOWN STEP	2026-09-13T11:20:25.7527565Z   /nix/store/kqdnc6ah8qapr6fv5y6a6vc22qyrcd1l-assoc-1.1.1
project / apply	UNKNOWN STEP	2026-09-13T11:20:25.7528262Z   /nix/store/f70zx97y5sijqsblhp6dnfmyk4g7hr8h-assoc-1.1.1-doc
project / apply	UNKNOWN STEP	2026-09-13T11:20:25.7528939Z   /nix/store/9ylxc4bgw68zr5p1273lbw3n7cgwj3c8-async-2.2.6
project / apply	UNKNOWN STEP	2026-09-13T11:20:25.7529619Z   /nix/store/slhk7bnxsi2kps9926cryrzl72q1rhid-async-2.2.6-doc
project / apply	UNKNOWN STEP	2026-09-13T11:20:25.7538786Z   /nix/store/q1w855dvrm32p15r256k4c9srlr8z5b5-attr-2.6.0
project / apply	UNKNOWN STEP	2026-09-13T11:20:25.7539514Z   /nix/store/3qjxdg00hhyf61b35k0zd1ip2sj89lwq-base-orphans-0.9.4
project / apply	UNKNOWN STEP	2026-09-13T11:20:25.7540622Z   /nix/store/pdhn5xhgpi7xj0mng87szicr6hcmyn7i-base-orphans-0.9.4-doc
project / apply	UNKNOWN STEP	2026-09-13T11:20:25.7541400Z   /nix/store/axl12yr00f105bjqvj628f5f0s6r0cnp-bash-5.3p9
project / apply	UNKNOWN STEP	2026-09-13T11:20:25.7542150Z   /nix/store/yisa2lg79zcvgk4ck4yr6r0lz6j63hs3-bash-interactive-5.3p9
project / apply	UNKNOWN STEP	2026-09-13T11:20:25.7542980Z   /nix/store/xjqkwdn4mh6qb6lyybwrljyxyqiz9yd2-bifunctors-5.6.3
project / apply	UNKNOWN STEP	2026-09-13T11:20:25.7543802Z   /nix/store/27jws7pkq5wjdrvr0z2zch2h7y340mdj-bifunctors-5.6.3-doc
project / apply	UNKNOWN STEP	2026-09-13T11:20:25.7544590Z   /nix/store/63wdfxcylc7rzym8iwhv84yppg8gj3vv-binutils-2.46
project / apply	UNKNOWN STEP	2026-09-13T11:20:25.7545322Z   /nix/store/g4fbgh99yml0wr57798brfl64iwdbpd2-binutils-2.46-lib
project / apply	UNKNOWN STEP	2026-09-13T11:20:25.7546146Z   /nix/store/la0zcwbbm1jazcjqf80m49xfyj14k4b3-binutils-wrapper-2.46
project / apply	UNKNOWN STEP	2026-09-13T11:20:25.7546981Z   /nix/store/8xq69dyynsbzb5ryr8x5l55h60hb3jaf-brotli-1.2.0-lib
project / apply	UNKNOWN STEP	2026-09-13T11:20:25.7547709Z   /nix/store/h5fj8jq0n0aal756qac3b24lc1zjnqjw-bzip2-1.0.8
project / apply	UNKNOWN STEP	2026-09-13T11:20:25.7548424Z   /nix/store/kk9ka2nhq5vr4yaanz865kryj88gbiik-bzip2-1.0.8-bin
project / apply	UNKNOWN STEP	2026-09-13T11:20:25.7549188Z   /nix/store/q594bxk43y22jc5f6ry6f6q4s0cjspnr-call-stack-0.4.0
project / apply	UNKNOWN STEP	2026-09-13T11:20:25.7550221Z   /nix/store/vvci60xdrg522d1bz1r71mpglk37vgrl-call-stack-0.4.0-doc
project / apply	UNKNOWN STEP	2026-09-13T11:20:25.7551047Z   /nix/store/7dz3cf3xrg7vra5al8l0fa8w88apzlwd-character-ps-0.1
project / apply	UNKNOWN STEP	2026-09-13T11:20:25.7551864Z   /nix/store/zhya0ha2nh91yfxqy9yb4rq9d5c8g27j-character-ps-0.1-doc
project / apply	UNKNOWN STEP	2026-09-13T11:20:25.7552656Z   /nix/store/fb1y5r0mwspk0fpgzj47i9dm5mhac4lj-colour-2.3.7
project / apply	UNKNOWN STEP	2026-09-13T11:20:25.7553402Z   /nix/store/y13ryz98xmrwrkhmgs4p9mw0872w2vk1-colour-2.3.7-data
project / apply	UNKNOWN STEP	2026-09-13T11:20:25.7554174Z   /nix/store/pkx3gchzy2cf6pvrg798cn898sh6ylpq-colour-2.3.7-doc
project / apply	UNKNOWN STEP	2026-09-13T11:20:25.7554920Z   /nix/store/mhpglzg9jw3igy7n8j66apyidl1b46i8-comonad-5.0.10
project / apply	UNKNOWN STEP	2026-09-13T11:20:25.7555647Z   /nix/store/v2g9a456rggl0d8pga7vcgpjzp194vyj-comonad-5.0.10-doc
project / apply	UNKNOWN STEP	2026-09-13T11:20:25.7556504Z   /nix/store/5nkb55w911wjdnj8l25i7bcp6zpwia7r-contravariant-1.5.6
project / apply	UNKNOWN STEP	2026-09-13T11:20:25.7557310Z   /nix/store/svi872l09c5xlxw4p2p0s96hgszlwv6p-contravariant-1.5.6-doc
project / apply	UNKNOWN STEP	2026-09-13T11:20:25.7558390Z   /nix/store/61685rbaxmpigwi3z23i33sv3jyfl70q-coreutils-9.11
project / apply	UNKNOWN STEP	2026-09-13T11:20:25.7559125Z   /nix/store/cjxc4x3cnlzlcdrsi92k5i7pkn78ixnz-curl-8.21.0
project / apply	UNKNOWN STEP	2026-09-13T11:20:25.7561733Z   /nix/store/g0pk51zrvr83z4plh129f2gyg23qkwvd-data-fix-0.3.4
project / apply	UNKNOWN STEP	2026-09-13T11:20:25.7562464Z   /nix/store/jm9gbkssfbnfch6r503688nhadxyb62j-data-fix-0.3.4-doc
project / apply	UNKNOWN STEP	2026-09-13T11:20:25.7563291Z   /nix/store/qqlrkblzhy8mkrrgz5d1vaxn14v98d0r-die-hook
project / apply	UNKNOWN STEP	2026-09-13T11:20:25.7564033Z   /nix/store/1cnqsbklqng87a7hx5w3adz42n2y70pi-diffutils-3.12
project / apply	UNKNOWN STEP	2026-09-13T11:20:25.7564685Z   /nix/store/09kqd520vylnrzxnr82ilbizh2j3l5c5-distributive-0.6.3
project / apply	UNKNOWN STEP	2026-09-13T11:20:25.7565148Z   /nix/store/rhv5nddavjwxs0642np28ib05iib8slf-distributive-0.6.3-doc
project / apply	UNKNOWN STEP	2026-09-13T11:20:25.7565605Z   /nix/store/6i8w4nqcrjnfkqnlmz33sr3x4vj4xkp9-dlist-1.0
project / apply	UNKNOWN STEP	2026-09-13T11:20:25.7565999Z   /nix/store/zxsf8imbgfq1sikr49lfw6nfcclmah7c-dlist-1.0-doc
project / apply	UNKNOWN STEP	2026-09-13T11:20:25.7566932Z   /nix/store/ic92a2fgk4fmgm1sh9grdrz6mia9may1-dns-root-data-2025-04-14
project / apply	UNKNOWN STEP	2026-09-13T11:20:25.7567690Z   /nix/store/w7lk3nmxl2mx9jabpc0achg7ar3iagdv-ed-1.22.5
project / apply	UNKNOWN STEP	2026-09-13T11:20:25.7568373Z   /nix/store/y5frzqd1lyw30x5jwa2gczqhl5as49qf-elfutils-0.194
project / apply	UNKNOWN STEP	2026-09-13T11:20:25.7568900Z   /nix/store/zjlqrb8ffg3idjaxh88ih3nx9ma5xryp-elfutils-0.194-bin
project / apply	UNKNOWN STEP	2026-09-13T11:20:25.7569399Z   /nix/store/pxc3804g4z81fnzv8pn165h7sv3y110x-elfutils-0.194-dev
project / apply	UNKNOWN STEP	2026-09-13T11:20:25.7570369Z   /nix/store/53s7nxi6k9ij09si7rr7qjcvr1jc257j-expand-response-params
project / apply	UNKNOWN STEP	2026-09-13T11:20:25.7571665Z   /nix/store/x99x6r4wr8bm9s4k2363xrl8n3palbv2-expat-2.8.3
project / apply	UNKNOWN STEP	2026-09-13T11:20:25.7572410Z   /nix/store/3wbppfzpwj9kwkfrx9bkg99fbmr49p9q-file-5.47
project / apply	UNKNOWN STEP	2026-09-13T11:20:25.7572880Z   /nix/store/cifcgp7jj8mysa5yg8nayqxq3x6hzd33-filelock-0.1.1.9
project / apply	UNKNOWN STEP	2026-09-13T11:20:25.7573348Z   /nix/store/8s00jhka4606a4qf7dkmlnyvnccqkvjf-filelock-0.1.1.9-doc
project / apply	UNKNOWN STEP	2026-09-13T11:20:25.7573810Z   /nix/store/n82li8za1mykdpj921c0v4f7dr7f6vba-findutils-4.10.0
project / apply	UNKNOWN STEP	2026-09-13T11:20:25.7574219Z   /nix/store/l048yqk8sv2lpz14ww39bqc3vzcmlz6m-gawk-5.4.1
project / apply	UNKNOWN STEP	2026-09-13T11:20:25.7574610Z   /nix/store/6hjng4hd5c688hjgdcyb1rzfjz220srh-gcc-15.2.0
project / apply	UNKNOWN STEP	2026-09-13T11:20:25.7575008Z   /nix/store/3b7njvjfc2w5lhj1jklrsw4lq7nwypri-gcc-15.2.0-lib
project / apply	UNKNOWN STEP	2026-09-13T11:20:25.7575441Z   /nix/store/yf2c1gngi2dqvgni1rgvnixxc0d8di02-gcc-15.2.0-libgcc
project / apply	UNKNOWN STEP	2026-09-13T11:20:25.7575895Z   /nix/store/hbsz2ngi9ixbhd9na1xagh2yc8qnmj7y-gcc-wrapper-15.2.0
project / apply	UNKNOWN STEP	2026-09-13T11:20:25.7576327Z   /nix/store/qzymnjpi1lzx6si3h6kxp914l8lz3qgz-gdbm-1.26-lib
project / apply	UNKNOWN STEP	2026-09-13T11:20:25.7576723Z   /nix/store/3jdbra59k1zvb2ml8wc0xiwy2f10x8m4-gettext-1.0
project / apply	UNKNOWN STEP	2026-09-13T11:20:25.7577103Z   /nix/store/lmnakv2iy4b8m8saqvwkxywyd76yvypl-gh-2.100.0
project / apply	UNKNOWN STEP	2026-09-13T11:20:25.7577472Z   /nix/store/4zsff2pwbclb5j3fag61sbll3bqc2bck-ghc-9.10.3
project / apply	UNKNOWN STEP	2026-09-13T11:20:25.7577941Z   /nix/store/6wvibaqgrisg3vq7nqc8nxk72637isd4-ghc-9.10.3-doc
project / apply	UNKNOWN STEP	2026-09-13T11:20:25.7578323Z   /nix/store/5vpcfsdx1lcnlb2y4k7xyc74shp5qwbh-git-2.54.0
project / apply	UNKNOWN STEP	2026-09-13T11:20:25.7578699Z   /nix/store/f75m9zdibi7g2f5xwdvb7qkhacdb66ji-git-2.54.0-doc
project / apply	UNKNOWN STEP	2026-09-13T11:20:25.7579106Z   /nix/store/rkiwrqh8g6gs5rws4bf1s3mrdcs15gm9-glibc-2.42-84
project / apply	UNKNOWN STEP	2026-09-13T11:20:25.7579527Z   /nix/store/389a70m1z11xiz1b5b4gawz1z7w085rh-glibc-2.42-84-bin
project / apply	UNKNOWN STEP	2026-09-13T11:20:25.7580567Z   /nix/store/rlrznkmvs6jyp5kgq5jv2wqam83jv1r7-glibc-2.42-84-dev
project / apply	UNKNOWN STEP	2026-09-13T11:20:25.7581364Z   /nix/store/nddr3am6d2agv1argddnnrmw31v8a01j-glibc-locales-2.42-84
project / apply	UNKNOWN STEP	2026-09-13T11:20:25.7582107Z   /nix/store/n22dkvywg4pb1jpb77mvkdw9cpzkfcpb-gmp-6.3.0
project / apply	UNKNOWN STEP	2026-09-13T11:20:25.7582836Z   /nix/store/0kbdz7lqam74236c5lc6sm0fkvmypifv-gmp-with-cxx-6.3.0
project / apply	UNKNOWN STEP	2026-09-13T11:20:25.7583631Z   /nix/store/mldlrh14scy9avywnpalp1v8vxivq9k0-gmp-with-cxx-6.3.0
project / apply	UNKNOWN STEP	2026-09-13T11:20:25.7584453Z   /nix/store/976h6js4sd4z1b2fp1s3q63lcvhm0kyd-gmp-with-cxx-6.3.0-dev
project / apply	UNKNOWN STEP	2026-09-13T11:20:25.7585297Z   /nix/store/finpdyscmk3xzcvrp6yxhxkwa6xqnwdp-gnu-config-2024-01-01
project / apply	UNKNOWN STEP	2026-09-13T11:20:25.7586073Z   /nix/store/x3mmarawk8qkqf3257aidf7cljax6mc8-gnugrep-3.12
project / apply	UNKNOWN STEP	2026-09-13T11:20:25.7586796Z   /nix/store/jrf0jzrrgiqxhk2kzc7qvc9qpivm86ns-gnumake-4.4.1
project / apply	UNKNOWN STEP	2026-09-13T11:20:25.7587502Z   /nix/store/cwr0fxlfy7jzfxwz2wyhd30a3bzw7vx1-gnused-4.10
project / apply	UNKNOWN STEP	2026-09-13T11:20:25.7588451Z   /nix/store/plpn1m2r90invcrdw48kdrl65q379sq2-gnutar-1.35
project / apply	UNKNOWN STEP	2026-09-13T11:20:25.7589150Z   /nix/store/5c9ivvmkpdg8c7y7hnynxrsccl236a8x-gnutls-3.8.13
project / apply	UNKNOWN STEP	2026-09-13T11:20:25.7590057Z   /nix/store/4fp03lf9dal1jcpa5fr3ayjq7ff1bkji-gzip-1.14
project / apply	UNKNOWN STEP	2026-09-13T11:20:25.7590752Z   /nix/store/sc3g3lbsz43128zbg6qha9almb3zvdd1-hashable-1.5.1.0
project / apply	UNKNOWN STEP	2026-09-13T11:20:25.7591522Z   /nix/store/w0svlbk07hbzivyjy0i2lknib0jr9bf2-hashable-1.5.1.0-doc
project / apply	UNKNOWN STEP	2026-09-13T11:20:25.7592547Z   /nix/store/ra6hs30d2mn3ar8p70hpw16dxljhnawc-haskell-lexer-1.2.1
project / apply	UNKNOWN STEP	2026-09-13T11:20:25.7593480Z   /nix/store/cgq10sg3rg6x617mqikns42rv9a4s5jb-haskell-lexer-1.2.1-doc
project / apply	UNKNOWN STEP	2026-09-13T11:20:25.7594289Z   /nix/store/id07ldglfppl96nbyl72kwfbvq1i0i7l-hscolour-1.25
project / apply	UNKNOWN STEP	2026-09-13T11:20:25.7595007Z   /nix/store/ldgq00kchif3gqc131p506ac74cz7jx1-hspec-2.11.17
project / apply	UNKNOWN STEP	2026-09-13T11:20:25.7595629Z   /nix/store/b9gwjsjwc95dm9f8hk0a95qqldpzp6vx-hspec-2.11.17-doc
project / apply	UNKNOWN STEP	2026-09-13T11:20:25.7596422Z   /nix/store/jmn6gs3mwwyznrbga51rl7q4q7q0cyny-hspec-core-2.11.17
project / apply	UNKNOWN STEP	2026-09-13T11:20:25.7597290Z   /nix/store/dw8cmkwah7gf3gf3mf86svjq1d4s537g-hspec-core-2.11.17-doc
project / apply	UNKNOWN STEP	2026-09-13T11:20:25.7598211Z   /nix/store/kfl4k40cb0pvgh43hb430fkab8lbqgvj-hspec-discover-2.11.17
project / apply	UNKNOWN STEP	2026-09-13T11:20:25.7599128Z   /nix/store/id72c2qrwjllf288q8qnpp8ps9y2i59g-hspec-discover-2.11.17-doc
project / apply	UNKNOWN STEP	2026-09-13T11:20:25.7600471Z   /nix/store/0knkpwxcpvzvwcq13dc70xsnnrs3796a-hspec-expectations-0.8.4
project / apply	UNKNOWN STEP	2026-09-13T11:20:25.7601069Z   /nix/store/k1knhi020hhj5mdgrp4dyvf5pfs53jqg-hspec-expectations-0.8.4-doc
project / apply	UNKNOWN STEP	2026-09-13T11:20:25.7601644Z   /nix/store/dby6q9025zc8yr79gz4g6skdgddzdchw-iana-etc-20251215
project / apply	UNKNOWN STEP	2026-09-13T11:20:25.7602226Z   /nix/store/bmf6ic2ngf2yi30i0ci6bwixbc2pvz5l-indexed-traversable-0.1.4
project / apply	UNKNOWN STEP	2026-09-13T11:20:25.7602878Z   /nix/store/wrwvdicwxjrqkqrdx5mhhkw425m5aqvq-indexed-traversable-0.1.4-doc
project / apply	UNKNOWN STEP	2026-09-13T11:20:25.7603610Z   /nix/store/anzav01a0hsqnx9qlzwj67v6x8q5f03n-indexed-traversable-instances-0.1.2.1
project / apply	UNKNOWN STEP	2026-09-13T11:20:25.7604246Z   /nix/store/5kraiyarh6qjs9kivlivnir1km29pmf2-indexed-traversable-instances-0.1.2.1-doc
project / apply	UNKNOWN STEP	2026-09-13T11:20:25.7604826Z   /nix/store/1g01xryvqw10a3kicciyc189q9m6zl6b-integer-conversion-0.1.1
project / apply	UNKNOWN STEP	2026-09-13T11:20:25.7605334Z   /nix/store/bsdq6bba7lkrmi72ssksl2vgndv8h9iv-integer-conversion-0.1.1-doc
project / apply	UNKNOWN STEP	2026-09-13T11:20:25.7605857Z   /nix/store/zl9ylw62p5l25gwyrswlmxk6hbx91ysm-integer-logarithms-1.0.5
project / apply	UNKNOWN STEP	2026-09-13T11:20:25.7606370Z   /nix/store/hmfa8wfwx535xfi28anqnaxikqcdxzvf-integer-logarithms-1.0.5-doc
project / apply	UNKNOWN STEP	2026-09-13T11:20:25.7606816Z   /nix/store/qq5xqq26g23xp1w38208595305m9vfn8-isl-0.20
project / apply	UNKNOWN STEP	2026-09-13T11:20:25.7607181Z   /nix/store/20mr5gacgcc6zrxgmxnlbiy27y0h50w5-json-c-0.18
project / apply	UNKNOWN STEP	2026-09-13T11:20:25.7607588Z   /nix/store/48lbchbfr5wv0bjn82c3dp2shzff9dl8-keyutils-1.6.3-lib
project / apply	UNKNOWN STEP	2026-09-13T11:20:25.7608008Z   /nix/store/4y2f1gr8wdm0a7gxrwwsrw817jl6g9j5-krb5-1.22.2-lib
project / apply	UNKNOWN STEP	2026-09-13T11:20:25.7608433Z   /nix/store/3nf6r9s0wd9jwpy036wygsch97wir1xp-libarchive-3.8.9-lib
project / apply	UNKNOWN STEP	2026-09-13T11:20:25.7608869Z   /nix/store/kgmry3yifiziqmamn88gdsv1jpkba753-libevent-2.1.13
project / apply	UNKNOWN STEP	2026-09-13T11:20:25.7609271Z   /nix/store/ws9r38pminy9z70n2dvpz4p4v7vfy90v-libffi-3.8.0
project / apply	UNKNOWN STEP	2026-09-13T11:20:25.7609964Z   /nix/store/nxw8i0014ny1v588nziq9yax64gdkn3h-libffi-3.8.0-dev
project / apply	UNKNOWN STEP	2026-09-13T11:20:25.7610401Z   /nix/store/xidgjdv05b8yz6w6qrhk4mmjxm4l2zjf-libidn2-2.3.8
project / apply	UNKNOWN STEP	2026-09-13T11:20:25.7610832Z   /nix/store/fjqfznpczbz8n5m961fwyj1k2rnc243r-libmicrohttpd-1.0.2
project / apply	UNKNOWN STEP	2026-09-13T11:20:25.7611251Z   /nix/store/9ncd81d1p1rpk2ik6iz50vjb29204hz9-libmpc-1.4.0
project / apply	UNKNOWN STEP	2026-09-13T11:20:25.7611650Z   /nix/store/kny04dy30q964wnsh8wzkrrvgl0gyacx-libpsl-0.21.5
project / apply	UNKNOWN STEP	2026-09-13T11:20:25.7612061Z   /nix/store/hmnxl4bvz7cjakbwbay26sc6c4rk1xnr-libssh2-1.11.1
project / apply	UNKNOWN STEP	2026-09-13T11:20:25.7612469Z   /nix/store/mc2i2gxbs2hgmndi76r5z8lg0hvfn6ac-libtasn1-4.21.0
project / apply	UNKNOWN STEP	2026-09-13T11:20:25.7612900Z   /nix/store/fp6wnyklwzdncp0nvhdy9d5fnir0mjq5-libunistring-1.4.2
project / apply	UNKNOWN STEP	2026-09-13T11:20:25.7613337Z   /nix/store/ka5dyx2ammky5biplc2fmfdlqk1s4rka-libxcrypt-4.5.2
project / apply	UNKNOWN STEP	2026-09-13T11:20:25.7613742Z   /nix/store/a86nzh8cmsrgvqv22by83x2fr2d1ximy-libxml2-2.15.3
project / apply	UNKNOWN STEP	2026-09-13T11:20:25.7614165Z   /nix/store/dmpn2sl84sqf9fskr16qwp4pbs5nm729-linux-headers-6.18.7
project / apply	UNKNOWN STEP	2026-09-13T11:20:25.7614758Z   /nix/store/2nlcvqyhi3lpb28zwpbilp7sa76fq2wr-lndir-1.0.5
project / apply	UNKNOWN STEP	2026-09-13T11:20:25.7615149Z   /nix/store/4h1an4wxr2hgvlz4xs253a1xzygzrrfx-mailcap-2.1.54
project / apply	UNKNOWN STEP	2026-09-13T11:20:25.7615592Z   /nix/store/bpjwzx5qrfcpfnnl18nj6xxx6mpm5bqm-make-shell-wrapper-hook
project / apply	UNKNOWN STEP	2026-09-13T11:20:25.7616044Z   /nix/store/jq1i9l9wb2783bcg1k1jsjip5q10qi7f-mpdecimal-4.0.1
project / apply	UNKNOWN STEP	2026-09-13T11:20:25.7616432Z   /nix/store/fnfzxz5x42p8wqp852kn6mskijqljphk-mpfr-4.2.2
project / apply	UNKNOWN STEP	2026-09-13T11:20:25.7616964Z   /nix/store/iyzdbzddvnpgvax38yf8x12aaiydq54d-ncurses-6.6
project / apply	UNKNOWN STEP	2026-09-13T11:20:25.7617368Z   /nix/store/9jymhlwscjjj2djh9gzqhgnqgk5n2kp7-ncurses-6.6-dev
project / apply	UNKNOWN STEP	2026-09-13T11:20:25.7617790Z   /nix/store/sf7gi6cimjskcgzxrcqcklgh0w8jrjal-ncurses-6.6-man
project / apply	UNKNOWN STEP	2026-09-13T11:20:25.7618201Z   /nix/store/yf3hn3f26awvriklbigz4cyjp67mwxgf-nettle-3.10.2
project / apply	UNKNOWN STEP	2026-09-13T11:20:25.7618627Z   /nix/store/rhxk52ml0jrhhgggypdq4i732qmxhcly-network-uri-2.6.4.2
project / apply	UNKNOWN STEP	2026-09-13T11:20:25.7619089Z   /nix/store/56aarxsh06i48s7nhzl9sz678cwm2ika-network-uri-2.6.4.2-doc
project / apply	UNKNOWN STEP	2026-09-13T11:20:25.7619544Z   /nix/store/63419mxzsh0mv078xypi7knadl1mx7p4-nghttp2-1.69.0-lib
project / apply	UNKNOWN STEP	2026-09-13T11:20:25.7620263Z   /nix/store/p66pcf4rnx9xgs4spdbmh58hsr8ch8x9-nghttp3-1.15.0
project / apply	UNKNOWN STEP	2026-09-13T11:20:25.7620668Z   /nix/store/ax38nz0yvfh6m8ws70zhgl1a5b7b066s-ngtcp2-1.22.1
project / apply	UNKNOWN STEP	2026-09-13T11:20:25.7621061Z   /nix/store/4lgw1mzn1060gqikx0d9mrzkiyb7xzi0-numactl-2.0.18
project / apply	UNKNOWN STEP	2026-09-13T11:20:25.7621476Z   /nix/store/adm2in6a2ipzdwqv77jmad1lqpqwk3lj-numactl-2.0.18-dev
project / apply	UNKNOWN STEP	2026-09-13T11:20:25.7621908Z   /nix/store/p26kxyf1s61k1fbfiv1r7fk36mkaj4jp-openssl-3.6.3
project / apply	UNKNOWN STEP	2026-09-13T11:20:25.7622386Z   /nix/store/fc3a9k3nrifx8cb7lyhn00pwwz7ac529-optparse-applicative-0.18.1.0
project / apply	UNKNOWN STEP	2026-09-13T11:20:25.7622949Z   /nix/store/3fn6lagqg118zbl0mdqjzq2qldjgnlf4-optparse-applicative-0.18.1.0-doc
project / apply	UNKNOWN STEP	2026-09-13T11:20:25.7623450Z   /nix/store/zmwmglqbbc4vn3ljrd0znca15kmikbmr-p11-kit-0.26.2
project / apply	UNKNOWN STEP	2026-09-13T11:20:25.7623844Z   /nix/store/cfw0pgnnldg564qgz12nb60wbnq7rmc6-patch-2.8
project / apply	UNKNOWN STEP	2026-09-13T11:20:25.7624247Z   /nix/store/igij6pvja1yvldp3w5ydlpswqzwsr8s6-patchelf-0.15.2
project / apply	UNKNOWN STEP	2026-09-13T11:20:25.7624672Z   /nix/store/h80h3ffln9pmxs272b0agqn5bdpyzbk1-pcre2-10.46
project / apply	UNKNOWN STEP	2026-09-13T11:20:25.7625052Z   /nix/store/w8mnw9h158ikd0cw5wjs9mhvqihbzbr4-perl-5.42.0
project / apply	UNKNOWN STEP	2026-09-13T11:20:25.7625506Z   /nix/store/kwdjd3fkilyx1a42kbdhs7r92xk5i5jd-perl5.42.0-Authen-SASL-2.1900
project / apply	UNKNOWN STEP	2026-09-13T11:20:25.7625998Z   /nix/store/yxpdpb95lwz6aavkb05v96w07avp4a3c-perl5.42.0-CGI-4.59
project / apply	UNKNOWN STEP	2026-09-13T11:20:25.7626455Z   /nix/store/4469i8ff7prnfvs389p2g1a9z7qslpsb-perl5.42.0-CGI-Fast-2.16
project / apply	UNKNOWN STEP	2026-09-13T11:20:25.7645109Z   /nix/store/acxwlvdsg35m55zllf9r6fchilk623wb-perl5.42.0-Clone-0.46
project / apply	UNKNOWN STEP	2026-09-13T11:20:25.7646096Z   /nix/store/n838b8xwr7p77h6ypf00k5fch2f4z101-perl5.42.0-Crypt-URandom-0.55
project / apply	UNKNOWN STEP	2026-09-13T11:20:25.7647089Z   /nix/store/szvmaxvk3zkvx4xb6vi35ndwnlgkrbcc-perl5.42.0-Digest-HMAC-1.05
project / apply	UNKNOWN STEP	2026-09-13T11:20:25.7647709Z   /nix/store/dw28jg358r54rarklclkynqpxgi2nv7g-perl5.42.0-Encode-Locale-1.05
project / apply	UNKNOWN STEP	2026-09-13T11:20:25.7648253Z   /nix/store/15m0m4jygzvm0a2h165h40y4352lj23n-perl5.42.0-FCGI-0.82
project / apply	UNKNOWN STEP	2026-09-13T11:20:25.7648764Z   /nix/store/0skr5gxnrh4ax1apa6iba41nifj9smkp-perl5.42.0-FCGI-ProcManager-0.28
project / apply	UNKNOWN STEP	2026-09-13T11:20:25.7649333Z   /nix/store/y7zfyl203m6bzc9xgzqkd6w5hdirdjzh-perl5.42.0-File-Listing-6.16
project / apply	UNKNOWN STEP	2026-09-13T11:20:25.7650182Z   /nix/store/wg8wg2f2rsiyny4fa01x3djicy20qq9s-perl5.42.0-HTML-Parser-3.81
project / apply	UNKNOWN STEP	2026-09-13T11:20:25.7650707Z   /nix/store/mmlhby803k9vsa02nf02mkmcfb4gikb9-perl5.42.0-HTML-TagCloud-0.38
project / apply	UNKNOWN STEP	2026-09-13T11:20:25.7651226Z   /nix/store/w7s8k0r6rap9fjgx16gaz59688mbad1j-perl5.42.0-HTML-Tagset-3.20
project / apply	UNKNOWN STEP	2026-09-13T11:20:25.7651789Z   /nix/store/nxkfsrlfmvmpcj8xd0xaykmz3qi6llfx-perl5.42.0-HTTP-CookieJar-0.014
project / apply	UNKNOWN STEP	2026-09-13T11:20:25.7652340Z   /nix/store/a2x0hn0ijf955fizbmbni5zbsgpv1gl5-perl5.42.0-HTTP-Cookies-6.10
project / apply	UNKNOWN STEP	2026-09-13T11:20:25.7652864Z   /nix/store/af16vpdq64rggjp9w9q2jsi15mv09yw0-perl5.42.0-HTTP-Daemon-6.17
project / apply	UNKNOWN STEP	2026-09-13T11:20:25.7653362Z   /nix/store/mc5hl9rhrams258zcr6zwn3b9fi2nqzg-perl5.42.0-HTTP-Date-6.06
project / apply	UNKNOWN STEP	2026-09-13T11:20:25.7653870Z   /nix/store/mp4v6fsdvxm8pa13lwns5q7ngw3wp8a3-perl5.42.0-HTTP-Message-6.45
project / apply	UNKNOWN STEP	2026-09-13T11:20:25.7654396Z   /nix/store/r8173y57q7rcl75m12zzgirdzwa65py8-perl5.42.0-HTTP-Negotiate-6.01
project / apply	UNKNOWN STEP	2026-09-13T11:20:25.7655106Z   /nix/store/a2b0yja1aghslawr1akxlc39hrlxdg7c-perl5.42.0-IO-HTML-1.004
project / apply	UNKNOWN STEP	2026-09-13T11:20:25.7655631Z   /nix/store/7mdp3k9h1akb35bv2f98gmm0nbnfnh3z-perl5.42.0-IO-Socket-SSL-2.083
project / apply	UNKNOWN STEP	2026-09-13T11:20:25.7656174Z   /nix/store/ixf45p64058dc27ibay917g3qpl5xjix-perl5.42.0-LWP-MediaTypes-6.04
project / apply	UNKNOWN STEP	2026-09-13T11:20:25.7656819Z   /nix/store/xl6ipn4rwbzkqwf0sa8fbxp1pxv9z2sm-perl5.42.0-Mozilla-CA-20230821
project / apply	UNKNOWN STEP	2026-09-13T11:20:25.7657363Z   /nix/store/plx2zwxvraja537n6nijaz428727gymz-perl5.42.0-Net-HTTP-6.23
project / apply	UNKNOWN STEP	2026-09-13T11:20:25.7657884Z   /nix/store/z0vxgvmkajlc6fd580a23j3mfaxjzcf4-perl5.42.0-Net-SMTP-SSL-1.04
project / apply	UNKNOWN STEP	2026-09-13T11:20:25.7658410Z   /nix/store/qd833n3f9ywq0a03736adpjlxa6yigsa-perl5.42.0-Net-SSLeay-1.92
project / apply	UNKNOWN STEP	2026-09-13T11:20:25.7658930Z   /nix/store/q7vkknsdmgwdl4azpd4175zr76k6nm17-perl5.42.0-TermReadKey-2.38
project / apply	UNKNOWN STEP	2026-09-13T11:20:25.7659460Z   /nix/store/hanvcd6n35hk4y5p747xxxpji105y7xc-perl5.42.0-Test-Fatal-0.017
project / apply	UNKNOWN STEP	2026-09-13T11:20:25.7660435Z   /nix/store/inlpwz7gwr1rab60snwj6w5rh963wj2q-perl5.42.0-Test-Needs-0.002010
project / apply	UNKNOWN STEP	2026-09-13T11:20:25.7661032Z   /nix/store/ygm832ld7xriny26c213wzkjgbynhmvx-perl5.42.0-Test-RequiresInternet-0.05
project / apply	UNKNOWN STEP	2026-09-13T11:20:25.7661597Z   /nix/store/akyaiwwdcx5fgjrpd7i9nqbym7ndgh9j-perl5.42.0-TimeDate-2.33
project / apply	UNKNOWN STEP	2026-09-13T11:20:25.7662125Z   /nix/store/p6bi1lxc52xwxjsszwz02wgww3hmca2k-perl5.42.0-Try-Tiny-0.31
project / apply	UNKNOWN STEP	2026-09-13T11:20:25.7662606Z   /nix/store/bpajylz4pnr9j0x3jkh5xjgr8360l1b4-perl5.42.0-URI-5.21
project / apply	UNKNOWN STEP	2026-09-13T11:20:25.7663096Z   /nix/store/v9hdakk9yk7zd8nq56ah8ify13mzn562-perl5.42.0-WWW-RobotRules-6.02
project / apply	UNKNOWN STEP	2026-09-13T11:20:25.7663606Z   /nix/store/3kfmw6ad2cykbvw9djimngh23218l7a4-perl5.42.0-libnet-3.15
project / apply	UNKNOWN STEP	2026-09-13T11:20:25.7664103Z   /nix/store/3rfpa810ni2sfiv185rbssc7rnj9gcvk-perl5.42.0-libwww-perl-6.72
project / apply	UNKNOWN STEP	2026-09-13T11:20:25.7664588Z   /nix/store/h8vzgx49gjvgfsz515m75xavym2jv73d-prettyprinter-1.7.1
project / apply	UNKNOWN STEP	2026-09-13T11:20:25.7665052Z   /nix/store/136h4lzc384c6ij6rpmryqvsay43z69r-prettyprinter-1.7.1-doc
project / apply	UNKNOWN STEP	2026-09-13T11:20:25.7665586Z   /nix/store/3gm85bd3pkr0244fmbgj1a6fywm61j65-prettyprinter-ansi-terminal-1.1.3
project / apply	UNKNOWN STEP	2026-09-13T11:20:25.7666198Z   /nix/store/ilzzl748pwcklqvlfid4bfpa6q4dsvmg-prettyprinter-ansi-terminal-1.1.3-doc
project / apply	UNKNOWN STEP	2026-09-13T11:20:25.7666741Z   /nix/store/ybhh2fsq43zwa9qw6g2zpsc23scbga59-primitive-0.9.1.0
project / apply	UNKNOWN STEP	2026-09-13T11:20:25.7667207Z   /nix/store/jj55jcgam5h6c5xlli3xj06a5m9hpwmj-primitive-0.9.1.0-doc
project / apply	UNKNOWN STEP	2026-09-13T11:20:25.7667763Z   /nix/store/9h5k98byybph3lmgwbxxnhhxi2a3laah-publicsuffix-list-0-unstable-2026-05-13
project / apply	UNKNOWN STEP	2026-09-13T11:20:25.7668322Z   /nix/store/h3l4z7p6wny3phbckwwhy1i2g52pdnj4-python3-3.13.15
project / apply	UNKNOWN STEP	2026-09-13T11:20:25.7668767Z   /nix/store/kn69jm0imnmjd56ay25r3x1kc87a1644-quickcheck-io-0.2.0
project / apply	UNKNOWN STEP	2026-09-13T11:20:25.7669233Z   /nix/store/54xdp1b0c3l5pqypnd0gw1f594rqzqkh-quickcheck-io-0.2.0-doc
project / apply	UNKNOWN STEP	2026-09-13T11:20:25.7669926Z   /nix/store/bvpbf488hc7mmcbdi9db46sjdz21im8v-random-1.2.1.3
project / apply	UNKNOWN STEP	2026-09-13T11:20:25.7670361Z   /nix/store/d0x8586gk0d82a8x77daxskyj3av8lbh-random-1.2.1.3-doc
project / apply	UNKNOWN STEP	2026-09-13T11:20:25.7670781Z   /nix/store/2c5pv97v3mzjcdy6vwvx0ssnl388n8dh-readline-8.3p3
project / apply	UNKNOWN STEP	2026-09-13T11:20:25.7671199Z   /nix/store/jvv66nwx7jr52k41r4r6q52gcq2gav7r-scientific-0.3.8.1
project / apply	UNKNOWN STEP	2026-09-13T11:20:25.7671643Z   /nix/store/1j856rdhkq822j06c198snh1l1pdwvsy-scientific-0.3.8.1-doc
project / apply	UNKNOWN STEP	2026-09-13T11:20:25.7672092Z   /nix/store/14cryi0ndmyfxri184qv19vhcg9xrq04-semialign-1.3.1.1
project / apply	UNKNOWN STEP	2026-09-13T11:20:25.7672554Z   /nix/store/6f6wymp59xf195ds5hwmq5rqw0sfy45s-semialign-1.3.1.1-doc
project / apply	UNKNOWN STEP	2026-09-13T11:20:25.7673045Z   /nix/store/8jw4y7fjnjwlavzlcx5a5l0rd6mli540-semigroupoids-6.0.2
project / apply	UNKNOWN STEP	2026-09-13T11:20:25.7673521Z   /nix/store/f6xxb6lc4dii6n9xi65lmf1rr71biv0b-semigroupoids-6.0.2-doc
project / apply	UNKNOWN STEP	2026-09-13T11:20:25.7674018Z   /nix/store/y9kiwiydc4gk90vg4hmfac7i66bvsjv9-setup-debug-info-dirs-hook
project / apply	UNKNOWN STEP	2026-09-13T11:20:25.7674507Z   /nix/store/395j0y36wmlrjlxi3rs49m3mx2vpbsy0-splitmix-0.1.3.2
project / apply	UNKNOWN STEP	2026-09-13T11:20:25.7674949Z   /nix/store/0z6calrrivjzysh9r7nqn2jwk5qpfwl9-splitmix-0.1.3.2-doc
project / apply	UNKNOWN STEP	2026-09-13T11:20:25.7675384Z   /nix/store/pzjyfhk4dgmm5wgma0y1m272ly2vb9gw-sqlite-3.51.2
project / apply	UNKNOWN STEP	2026-09-13T11:20:25.7675781Z   /nix/store/99v98l4khhp1yib367g1bxgx8frmp9hs-stdenv-linux
project / apply	UNKNOWN STEP	2026-09-13T11:20:25.7676317Z   /nix/store/fbrmzbsak0m5kx8is8i71igsnwmhxs9q-stdenv-linux
project / apply	UNKNOWN STEP	2026-09-13T11:20:25.7676698Z   /nix/store/vf34zrncdcckbfg9iipvjfd3w8m56cps-strict-0.5.1
project / apply	UNKNOWN STEP	2026-09-13T11:20:25.7677097Z   /nix/store/f349hdh9yc6v5lipy5dpysvyw0r0qvx7-strict-0.5.1-doc
project / apply	UNKNOWN STEP	2026-09-13T11:20:25.7677495Z   /nix/store/b95m9diwf0aymbggm0nmhb2zklgbav15-tagged-0.8.9
project / apply	UNKNOWN STEP	2026-09-13T11:20:25.7678002Z   /nix/store/93ph3qmzkpflnily9np2vv21ymswdw0b-tagged-0.8.9-doc
project / apply	UNKNOWN STEP	2026-09-13T11:20:25.7678401Z   /nix/store/hqgwkdxaim9raj901avfnfrizyy676l3-tasty-1.5.4
project / apply	UNKNOWN STEP	2026-09-13T11:20:25.7678795Z   /nix/store/xsyr3x938s1f85psqrlz8sp8078ld7q8-tasty-1.5.4-doc
project / apply	UNKNOWN STEP	2026-09-13T11:20:25.7679198Z   /nix/store/djkg5rhjl5ycaj3lk1g9v6kqi0y8b44z-temporary-1.3
project / apply	UNKNOWN STEP	2026-09-13T11:20:25.7679820Z   /nix/store/9h7mc5s4h6amlf0y125wdmai3k9qjd1b-temporary-1.3-doc
project / apply	UNKNOWN STEP	2026-09-13T11:20:25.7680321Z   /nix/store/9a35av9r0inh0pdf37qhp9lzcbmg0k6k-text-iso8601-0.1.1.1
project / apply	UNKNOWN STEP	2026-09-13T11:20:25.7680785Z   /nix/store/94ld6whd6yshn8dx1scwnq3m4j5w2273-text-iso8601-0.1.1.1-doc
project / apply	UNKNOWN STEP	2026-09-13T11:20:25.7681257Z   /nix/store/lmcvmxbb75yq3qrfmlcydjrxipjr4drv-text-short-0.1.6.1
project / apply	UNKNOWN STEP	2026-09-13T11:20:25.7681716Z   /nix/store/xn6pxg0648hdaiyyfzzd0bc669d2jcyi-text-short-0.1.6.1-doc
project / apply	UNKNOWN STEP	2026-09-13T11:20:25.7682177Z   /nix/store/s9hs13dzmwzf6dk5ik0jyq20yyil66zm-th-abstraction-0.7.2.0
project / apply	UNKNOWN STEP	2026-09-13T11:20:25.7682659Z   /nix/store/w599ga5np8s961yq4ys34jjzjj1iiiqa-th-abstraction-0.7.2.0-doc
project / apply	UNKNOWN STEP	2026-09-13T11:20:25.7683122Z   /nix/store/2s0bbvxdjlk1xd9q7wh1dmjygw8c1y15-th-compat-0.1.7
project / apply	UNKNOWN STEP	2026-09-13T11:20:25.7683548Z   /nix/store/xms2ri5ashg7l5j1f3h9wihi86j6fzrk-th-compat-0.1.7-doc
project / apply	UNKNOWN STEP	2026-09-13T11:20:25.7683962Z   /nix/store/9ilbxjpp0a3zrq5fb92nf1yri96jhgyg-these-1.2.1
project / apply	UNKNOWN STEP	2026-09-13T11:20:25.7684377Z   /nix/store/qpfvm5rxgpngic8zqp955jkzy9nva046-these-1.2.1-doc
project / apply	UNKNOWN STEP	2026-09-13T11:20:25.7684801Z   /nix/store/cgr51mdjcz7yjv9hfglqd2rg4rrsfni1-time-compat-1.9.9
project / apply	UNKNOWN STEP	2026-09-13T11:20:25.7685345Z   /nix/store/qfs8fcjfl6w8yn5z94nxhj6d0v4wl7x1-time-compat-1.9.9-doc
project / apply	UNKNOWN STEP	2026-09-13T11:20:25.7686166Z   /nix/store/s72plcpz6dj1h31myp6xrc2qh4hzn1kd-transformers-compat-0.7.2
project / apply	UNKNOWN STEP	2026-09-13T11:20:25.7687079Z   /nix/store/wr5r6njq2bp4zgf5b9pvfk149dn851rp-transformers-compat-0.7.2-doc
project / apply	UNKNOWN STEP	2026-09-13T11:20:25.7687957Z   /nix/store/x2jzr6hwlwq0x01h3blckhwsaib1gksi-typed-process-0.2.13.0
project / apply	UNKNOWN STEP	2026-09-13T11:20:25.7688797Z   /nix/store/zbkl644kav5bi698z79is971dndxkrd4-typed-process-0.2.13.0-doc
project / apply	UNKNOWN STEP	2026-09-13T11:20:25.7689573Z   /nix/store/whnzhhywhswb2ch34rdsppwir53817zb-tzdata-2026c
project / apply	UNKNOWN STEP	2026-09-13T11:20:25.7690276Z   /nix/store/586h1kbpfxq4av4c4kmmva2ifnww9gqs-unbound-1.26.0-lib
project / apply	UNKNOWN STEP	2026-09-13T11:20:25.7690722Z   /nix/store/c6jy49b3z9zivm5wly7ps09nybm9g4b0-unliftio-core-0.2.1.0
project / apply	UNKNOWN STEP	2026-09-13T11:20:25.7691201Z   /nix/store/lf7hmln49y0lacrcvxhmbl05m3sfd6pg-unliftio-core-0.2.1.0-doc
project / apply	UNKNOWN STEP	2026-09-13T11:20:25.7691862Z   /nix/store/ndy31wf0wnvg1aw5pgz1cw8fidpzgd8f-unordered-containers-0.2.20.1
project / apply	UNKNOWN STEP	2026-09-13T11:20:25.7692825Z   /nix/store/f4pzyf651h3xbzfb7s7v5mmiff5zwsaq-unordered-containers-0.2.20.1-doc
project / apply	UNKNOWN STEP	2026-09-13T11:20:25.7693887Z   /nix/store/glpgfn5wqqvbq02jk18sdm3qxq41k2d5-update-autotools-gnu-config-scripts-hook
project / apply	UNKNOWN STEP	2026-09-13T11:20:25.7694924Z   /nix/store/dhd6pn549sfkyqdbv55s1xb9a0jva8w9-util-linux-minimal-2.42.2-lib
project / apply	UNKNOWN STEP	2026-09-13T11:20:25.7695772Z   /nix/store/ckli5l8f8bd6hykiyy0pzbimchp4k6a5-uuid-types-1.0.6.1
project / apply	UNKNOWN STEP	2026-09-13T11:20:25.7696567Z   /nix/store/x7rskx4svs7vyghdl8blb2li52s5vi1i-uuid-types-1.0.6.1-doc
project / apply	UNKNOWN STEP	2026-09-13T11:20:25.7697348Z   /nix/store/csfyfqah8nbjqwmjixr0d9rr5b2cdf27-vector-0.13.2.0
project / apply	UNKNOWN STEP	2026-09-13T11:20:25.7698135Z   /nix/store/fhm7ghafjw660j1ipklf99q07apg2bfi-vector-stream-0.1.0.1
project / apply	UNKNOWN STEP	2026-09-13T11:20:25.7698929Z   /nix/store/zdb9cvip11j9nf8wrmszh28j3h4jpdqa-vector-stream-0.1.0.1-doc
project / apply	UNKNOWN STEP	2026-09-13T11:20:25.7699404Z   /nix/store/a3hkkkhkmafzmn3wnickn2d32kqkxiw5-witherable-0.5
project / apply	UNKNOWN STEP	2026-09-13T11:20:25.7700117Z   /nix/store/imakq1h1hqnax15z1nldqcr212gpigqn-witherable-0.5-doc
project / apply	UNKNOWN STEP	2026-09-13T11:20:25.7700572Z   /nix/store/rdw0n35z6xhipyiq6sc8qv0mg7vrldaj-xgcc-15.2.0-libgcc
project / apply	UNKNOWN STEP	2026-09-13T11:20:25.7700973Z   /nix/store/yyl2a2i8fpnip00fqpw613znhxpqn3vy-xz-5.8.3
project / apply	UNKNOWN STEP	2026-09-13T11:20:25.7701344Z   /nix/store/8373r1712mm8arv96fxznzsxm7bdvqm4-xz-5.8.3-bin
project / apply	UNKNOWN STEP	2026-09-13T11:20:25.7701910Z   /nix/store/yq335q9gkpbpm9z7vzfcfngydldpj6q4-zlib-1.3.2
project / apply	UNKNOWN STEP	2026-09-13T11:20:25.7702303Z   /nix/store/lwqk6ks4jssnqbgk4pnif1syam2f25m6-zlib-ng-2.3.3
project / apply	UNKNOWN STEP	2026-09-13T11:20:25.7702889Z   /nix/store/cwrzplb333jy04vyv5k3x80jkmc42sy8-zstd-1.5.7
project / apply	UNKNOWN STEP	2026-09-13T11:20:25.7703904Z copying path '/nix/store/qqlrkblzhy8mkrrgz5d1vaxn14v98d0r-die-hook' from 'https://cache.nixos.org'...
project / apply	UNKNOWN STEP	2026-09-13T11:20:25.7705727Z copying path '/nix/store/dby6q9025zc8yr79gz4g6skdgddzdchw-iana-etc-20251215' from 'https://cache.nixos.org'...
project / apply	UNKNOWN STEP	2026-09-13T11:20:25.7707206Z copying path '/nix/store/f75m9zdibi7g2f5xwdvb7qkhacdb66ji-git-2.54.0-doc' from 'https://cache.nixos.org'...
project / apply	UNKNOWN STEP	2026-09-13T11:20:25.7708604Z copying path '/nix/store/4h1an4wxr2hgvlz4xs253a1xzygzrrfx-mailcap-2.1.54' from 'https://cache.nixos.org'...
project / apply	UNKNOWN STEP	2026-09-13T11:20:25.7712273Z copying path '/nix/store/szvmaxvk3zkvx4xb6vi35ndwnlgkrbcc-perl5.42.0-Digest-HMAC-1.05' from 'https://cache.nixos.org'...
project / apply	UNKNOWN STEP	2026-09-13T11:20:25.7717577Z copying path '/nix/store/0skr5gxnrh4ax1apa6iba41nifj9smkp-perl5.42.0-FCGI-ProcManager-0.28' from 'https://cache.nixos.org'...
project / apply	UNKNOWN STEP	2026-09-13T11:20:25.7719520Z copying path '/nix/store/mmlhby803k9vsa02nf02mkmcfb4gikb9-perl5.42.0-HTML-TagCloud-0.38' from 'https://cache.nixos.org'...
project / apply	UNKNOWN STEP	2026-09-13T11:20:25.7732186Z copying path '/nix/store/bpajylz4pnr9j0x3jkh5xjgr8360l1b4-perl5.42.0-URI-5.21' from 'https://cache.nixos.org'...
project / apply	UNKNOWN STEP	2026-09-13T11:20:25.7734152Z copying path '/nix/store/3kfmw6ad2cykbvw9djimngh23218l7a4-perl5.42.0-libnet-3.15' from 'https://cache.nixos.org'...
project / apply	UNKNOWN STEP	2026-09-13T11:20:25.7741745Z copying path '/nix/store/whnzhhywhswb2ch34rdsppwir53817zb-tzdata-2026c' from 'https://cache.nixos.org'...
project / apply	UNKNOWN STEP	2026-09-13T11:20:25.7744870Z copying path '/nix/store/yf2c1gngi2dqvgni1rgvnixxc0d8di02-gcc-15.2.0-libgcc' from 'https://cache.nixos.org'...
project / apply	UNKNOWN STEP	2026-09-13T11:20:25.7747087Z copying path '/nix/store/finpdyscmk3xzcvrp6yxhxkwa6xqnwdp-gnu-config-2024-01-01' from 'https://cache.nixos.org'...
project / apply	UNKNOWN STEP	2026-09-13T11:20:25.7749172Z copying path '/nix/store/dw28jg358r54rarklclkynqpxgi2nv7g-perl5.42.0-Encode-Locale-1.05' from 'https://cache.nixos.org'...
project / apply	UNKNOWN STEP	2026-09-13T11:20:25.7751409Z copying path '/nix/store/ixf45p64058dc27ibay917g3qpl5xjix-perl5.42.0-LWP-MediaTypes-6.04' from 'https://cache.nixos.org'...
project / apply	UNKNOWN STEP	2026-09-13T11:20:25.7753477Z copying path '/nix/store/a2b0yja1aghslawr1akxlc39hrlxdg7c-perl5.42.0-IO-HTML-1.004' from 'https://cache.nixos.org'...
project / apply	UNKNOWN STEP	2026-09-13T11:20:25.7762703Z copying path '/nix/store/w7s8k0r6rap9fjgx16gaz59688mbad1j-perl5.42.0-HTML-Tagset-3.20' from 'https://cache.nixos.org'...
project / apply	UNKNOWN STEP	2026-09-13T11:20:25.8137473Z copying path '/nix/store/y13ryz98xmrwrkhmgs4p9mw0872w2vk1-colour-2.3.7-data' from 'https://cache.nixos.org'...
project / apply	UNKNOWN STEP	2026-09-13T11:20:25.8151890Z copying path '/nix/store/fp6wnyklwzdncp0nvhdy9d5fnir0mjq5-libunistring-1.4.2' from 'https://cache.nixos.org'...
project / apply	UNKNOWN STEP	2026-09-13T11:20:25.8161257Z copying path '/nix/store/sf7gi6cimjskcgzxrcqcklgh0w8jrjal-ncurses-6.6-man' from 'https://cache.nixos.org'...
project / apply	UNKNOWN STEP	2026-09-13T11:20:25.8163196Z copying path '/nix/store/xl6ipn4rwbzkqwf0sa8fbxp1pxv9z2sm-perl5.42.0-Mozilla-CA-20230821' from 'https://cache.nixos.org'...
project / apply	UNKNOWN STEP	2026-09-13T11:20:25.8165149Z copying path '/nix/store/inlpwz7gwr1rab60snwj6w5rh963wj2q-perl5.42.0-Test-Needs-0.002010' from 'https://cache.nixos.org'...
project / apply	UNKNOWN STEP	2026-09-13T11:20:25.8167529Z copying path '/nix/store/dmpn2sl84sqf9fskr16qwp4pbs5nm729-linux-headers-6.18.7' from 'https://cache.nixos.org'...
project / apply	UNKNOWN STEP	2026-09-13T11:20:25.8169562Z copying path '/nix/store/9h5k98byybph3lmgwbxxnhhxi2a3laah-publicsuffix-list-0-unstable-2026-05-13' from 'https://cache.nixos.org'...
project / apply	UNKNOWN STEP	2026-09-13T11:20:25.8171867Z copying path '/nix/store/ic92a2fgk4fmgm1sh9grdrz6mia9may1-dns-root-data-2025-04-14' from 'https://cache.nixos.org'...
project / apply	UNKNOWN STEP	2026-09-13T11:20:25.8174092Z copying path '/nix/store/y9kiwiydc4gk90vg4hmfac7i66bvsjv9-setup-debug-info-dirs-hook' from 'https://cache.nixos.org'...
project / apply	UNKNOWN STEP	2026-09-13T11:20:25.8175949Z copying path '/nix/store/nddr3am6d2agv1argddnnrmw31v8a01j-glibc-locales-2.42-84' from 'https://cache.nixos.org'...
project / apply	UNKNOWN STEP	2026-09-13T11:20:25.8178259Z copying path '/nix/store/ygm832ld7xriny26c213wzkjgbynhmvx-perl5.42.0-Test-RequiresInternet-0.05' from 'https://cache.nixos.org'...
project / apply	UNKNOWN STEP	2026-09-13T11:20:25.8180371Z copying path '/nix/store/akyaiwwdcx5fgjrpd7i9nqbym7ndgh9j-perl5.42.0-TimeDate-2.33' from 'https://cache.nixos.org'...
project / apply	UNKNOWN STEP	2026-09-13T11:20:25.8182173Z copying path '/nix/store/p6bi1lxc52xwxjsszwz02wgww3hmca2k-perl5.42.0-Try-Tiny-0.31' from 'https://cache.nixos.org'...
project / apply	UNKNOWN STEP	2026-09-13T11:20:25.8184267Z copying path '/nix/store/rdw0n35z6xhipyiq6sc8qv0mg7vrldaj-xgcc-15.2.0-libgcc' from 'https://cache.nixos.org'...
project / apply	UNKNOWN STEP	2026-09-13T11:20:25.8239582Z copying path '/nix/store/plx2zwxvraja537n6nijaz428727gymz-perl5.42.0-Net-HTTP-6.23' from 'https://cache.nixos.org'...
project / apply	UNKNOWN STEP	2026-09-13T11:20:25.8252564Z copying path '/nix/store/v9hdakk9yk7zd8nq56ah8ify13mzn562-perl5.42.0-WWW-RobotRules-6.02' from 'https://cache.nixos.org'...
project / apply	UNKNOWN STEP	2026-09-13T11:20:25.8272154Z copying path '/nix/store/glpgfn5wqqvbq02jk18sdm3qxq41k2d5-update-autotools-gnu-config-scripts-hook' from 'https://cache.nixos.org'...
project / apply	UNKNOWN STEP	2026-09-13T11:20:25.8359086Z copying path '/nix/store/hanvcd6n35hk4y5p747xxxpji105y7xc-perl5.42.0-Test-Fatal-0.017' from 'https://cache.nixos.org'...
project / apply	UNKNOWN STEP	2026-09-13T11:20:25.8441102Z copying path '/nix/store/mc5hl9rhrams258zcr6zwn3b9fi2nqzg-perl5.42.0-HTTP-Date-6.06' from 'https://cache.nixos.org'...
project / apply	UNKNOWN STEP	2026-09-13T11:20:25.8471005Z copying path '/nix/store/xidgjdv05b8yz6w6qrhk4mmjxm4l2zjf-libidn2-2.3.8' from 'https://cache.nixos.org'...
project / apply	UNKNOWN STEP	2026-09-13T11:20:25.8764134Z copying path '/nix/store/nxkfsrlfmvmpcj8xd0xaykmz3qi6llfx-perl5.42.0-HTTP-CookieJar-0.014' from 'https://cache.nixos.org'...
project / apply	UNKNOWN STEP	2026-09-13T11:20:25.8821123Z copying path '/nix/store/y7zfyl203m6bzc9xgzqkd6w5hdirdjzh-perl5.42.0-File-Listing-6.16' from 'https://cache.nixos.org'...
project / apply	UNKNOWN STEP	2026-09-13T11:20:25.8906537Z copying path '/nix/store/rkiwrqh8g6gs5rws4bf1s3mrdcs15gm9-glibc-2.42-84' from 'https://cache.nixos.org'...
project / apply	UNKNOWN STEP	2026-09-13T11:20:26.0742568Z copying path '/nix/store/frljwrcd9gl19l5ybmwqn19wjzphiy0i-acl-2.4.0' from 'https://cache.nixos.org'...
project / apply	UNKNOWN STEP	2026-09-13T11:20:26.0744407Z copying path '/nix/store/axl12yr00f105bjqvj628f5f0s6r0cnp-bash-5.3p9' from 'https://cache.nixos.org'...
project / apply	UNKNOWN STEP	2026-09-13T11:20:26.0749338Z copying path '/nix/store/w7lk3nmxl2mx9jabpc0achg7ar3iagdv-ed-1.22.5' from 'https://cache.nixos.org'...
project / apply	UNKNOWN STEP	2026-09-13T11:20:26.0772600Z copying path '/nix/store/x99x6r4wr8bm9s4k2363xrl8n3palbv2-expat-2.8.3' from 'https://cache.nixos.org'...
project / apply	UNKNOWN STEP	2026-09-13T11:20:26.0774162Z copying path '/nix/store/q1w855dvrm32p15r256k4c9srlr8z5b5-attr-2.6.0' from 'https://cache.nixos.org'...
project / apply	UNKNOWN STEP	2026-09-13T11:20:26.0775736Z copying path '/nix/store/8xq69dyynsbzb5ryr8x5l55h60hb3jaf-brotli-1.2.0-lib' from 'https://cache.nixos.org'...
project / apply	UNKNOWN STEP	2026-09-13T11:20:26.0777293Z copying path '/nix/store/3b7njvjfc2w5lhj1jklrsw4lq7nwypri-gcc-15.2.0-lib' from 'https://cache.nixos.org'...
project / apply	UNKNOWN STEP	2026-09-13T11:20:26.0778764Z copying path '/nix/store/h5fj8jq0n0aal756qac3b24lc1zjnqjw-bzip2-1.0.8' from 'https://cache.nixos.org'...
project / apply	UNKNOWN STEP	2026-09-13T11:20:26.0780408Z copying path '/nix/store/qzymnjpi1lzx6si3h6kxp914l8lz3qgz-gdbm-1.26-lib' from 'https://cache.nixos.org'...
project / apply	UNKNOWN STEP	2026-09-13T11:20:26.0782012Z copying path '/nix/store/53s7nxi6k9ij09si7rr7qjcvr1jc257j-expand-response-params' from 'https://cache.nixos.org'...
project / apply	UNKNOWN STEP	2026-09-13T11:20:26.0783557Z copying path '/nix/store/389a70m1z11xiz1b5b4gawz1z7w085rh-glibc-2.42-84-bin' from 'https://cache.nixos.org'...
project / apply	UNKNOWN STEP	2026-09-13T11:20:26.0785129Z copying path '/nix/store/jrf0jzrrgiqxhk2kzc7qvc9qpivm86ns-gnumake-4.4.1' from 'https://cache.nixos.org'...
project / apply	UNKNOWN STEP	2026-09-13T11:20:26.0786547Z copying path '/nix/store/n22dkvywg4pb1jpb77mvkdw9cpzkfcpb-gmp-6.3.0' from 'https://cache.nixos.org'...
project / apply	UNKNOWN STEP	2026-09-13T11:20:26.0787962Z copying path '/nix/store/l048yqk8sv2lpz14ww39bqc3vzcmlz6m-gawk-5.4.1' from 'https://cache.nixos.org'...
project / apply	UNKNOWN STEP	2026-09-13T11:20:26.0789392Z copying path '/nix/store/cwr0fxlfy7jzfxwz2wyhd30a3bzw7vx1-gnused-4.10' from 'https://cache.nixos.org'...
project / apply	UNKNOWN STEP	2026-09-13T11:20:26.0867632Z copying path '/nix/store/20mr5gacgcc6zrxgmxnlbiy27y0h50w5-json-c-0.18' from 'https://cache.nixos.org'...
project / apply	UNKNOWN STEP	2026-09-13T11:20:26.0950740Z copying path '/nix/store/plpn1m2r90invcrdw48kdrl65q379sq2-gnutar-1.35' from 'https://cache.nixos.org'...
project / apply	UNKNOWN STEP	2026-09-13T11:20:26.1046154Z copying path '/nix/store/kgmry3yifiziqmamn88gdsv1jpkba753-libevent-2.1.13' from 'https://cache.nixos.org'...
project / apply	UNKNOWN STEP	2026-09-13T11:20:26.1052786Z copying path '/nix/store/ws9r38pminy9z70n2dvpz4p4v7vfy90v-libffi-3.8.0' from 'https://cache.nixos.org'...
project / apply	UNKNOWN STEP	2026-09-13T11:20:26.1091071Z copying path '/nix/store/kny04dy30q964wnsh8wzkrrvgl0gyacx-libpsl-0.21.5' from 'https://cache.nixos.org'...
project / apply	UNKNOWN STEP	2026-09-13T11:20:26.1113665Z copying path '/nix/store/kk9ka2nhq5vr4yaanz865kryj88gbiik-bzip2-1.0.8-bin' from 'https://cache.nixos.org'...
project / apply	UNKNOWN STEP	2026-09-13T11:20:26.1142334Z copying path '/nix/store/48lbchbfr5wv0bjn82c3dp2shzff9dl8-keyutils-1.6.3-lib' from 'https://cache.nixos.org'...
project / apply	UNKNOWN STEP	2026-09-13T11:20:26.1170757Z copying path '/nix/store/mc2i2gxbs2hgmndi76r5z8lg0hvfn6ac-libtasn1-4.21.0' from 'https://cache.nixos.org'...
project / apply	UNKNOWN STEP	2026-09-13T11:20:26.1172269Z copying path '/nix/store/ka5dyx2ammky5biplc2fmfdlqk1s4rka-libxcrypt-4.5.2' from 'https://cache.nixos.org'...
project / apply	UNKNOWN STEP	2026-09-13T11:20:26.1340567Z copying path '/nix/store/qq5xqq26g23xp1w38208595305m9vfn8-isl-0.20' from 'https://cache.nixos.org'...
project / apply	UNKNOWN STEP	2026-09-13T11:20:26.1342052Z copying path '/nix/store/a86nzh8cmsrgvqv22by83x2fr2d1ximy-libxml2-2.15.3' from 'https://cache.nixos.org'...
project / apply	UNKNOWN STEP	2026-09-13T11:20:26.1404513Z copying path '/nix/store/rlrznkmvs6jyp5kgq5jv2wqam83jv1r7-glibc-2.42-84-dev' from 'https://cache.nixos.org'...
project / apply	UNKNOWN STEP	2026-09-13T11:20:26.1430773Z copying path '/nix/store/2nlcvqyhi3lpb28zwpbilp7sa76fq2wr-lndir-1.0.5' from 'https://cache.nixos.org'...
project / apply	UNKNOWN STEP	2026-09-13T11:20:26.1521919Z copying path '/nix/store/lmnakv2iy4b8m8saqvwkxywyd76yvypl-gh-2.100.0' from 'https://cache.nixos.org'...
project / apply	UNKNOWN STEP	2026-09-13T11:20:26.1523408Z copying path '/nix/store/nxw8i0014ny1v588nziq9yax64gdkn3h-libffi-3.8.0-dev' from 'https://cache.nixos.org'...
project / apply	UNKNOWN STEP	2026-09-13T11:20:26.1610971Z copying path '/nix/store/4fp03lf9dal1jcpa5fr3ayjq7ff1bkji-gzip-1.14' from 'https://cache.nixos.org'...
project / apply	UNKNOWN STEP	2026-09-13T11:20:26.1631014Z copying path '/nix/store/iyzdbzddvnpgvax38yf8x12aaiydq54d-ncurses-6.6' from 'https://cache.nixos.org'...
project / apply	UNKNOWN STEP	2026-09-13T11:20:26.1641287Z copying path '/nix/store/bpjwzx5qrfcpfnnl18nj6xxx6mpm5bqm-make-shell-wrapper-hook' from 'https://cache.nixos.org'...
project / apply	UNKNOWN STEP	2026-09-13T11:20:26.1700830Z copying path '/nix/store/63419mxzsh0mv078xypi7knadl1mx7p4-nghttp2-1.69.0-lib' from 'https://cache.nixos.org'...
project / apply	UNKNOWN STEP	2026-09-13T11:20:26.1705023Z copying path '/nix/store/p66pcf4rnx9xgs4spdbmh58hsr8ch8x9-nghttp3-1.15.0' from 'https://cache.nixos.org'...
project / apply	UNKNOWN STEP	2026-09-13T11:20:26.1733881Z copying path '/nix/store/jq1i9l9wb2783bcg1k1jsjip5q10qi7f-mpdecimal-4.0.1' from 'https://cache.nixos.org'...
project / apply	UNKNOWN STEP	2026-09-13T11:20:26.1735243Z copying path '/nix/store/fnfzxz5x42p8wqp852kn6mskijqljphk-mpfr-4.2.2' from 'https://cache.nixos.org'...
project / apply	UNKNOWN STEP	2026-09-13T11:20:26.1736532Z copying path '/nix/store/p26kxyf1s61k1fbfiv1r7fk36mkaj4jp-openssl-3.6.3' from 'https://cache.nixos.org'...
project / apply	UNKNOWN STEP	2026-09-13T11:20:26.1737693Z copying path '/nix/store/zmwmglqbbc4vn3ljrd0znca15kmikbmr-p11-kit-0.26.2' from 'https://cache.nixos.org'...
project / apply	UNKNOWN STEP	2026-09-13T11:20:26.1851049Z copying path '/nix/store/3jdbra59k1zvb2ml8wc0xiwy2f10x8m4-gettext-1.0' from 'https://cache.nixos.org'...
project / apply	UNKNOWN STEP	2026-09-13T11:20:26.1853086Z copying path '/nix/store/0kbdz7lqam74236c5lc6sm0fkvmypifv-gmp-with-cxx-6.3.0' from 'https://cache.nixos.org'...
project / apply	UNKNOWN STEP	2026-09-13T11:20:26.1880988Z copying path '/nix/store/mldlrh14scy9avywnpalp1v8vxivq9k0-gmp-with-cxx-6.3.0' from 'https://cache.nixos.org'...
project / apply	UNKNOWN STEP	2026-09-13T11:20:26.1920929Z copying path '/nix/store/4lgw1mzn1060gqikx0d9mrzkiyb7xzi0-numactl-2.0.18' from 'https://cache.nixos.org'...
project / apply	UNKNOWN STEP	2026-09-13T11:20:26.2010901Z copying path '/nix/store/cfw0pgnnldg564qgz12nb60wbnq7rmc6-patch-2.8' from 'https://cache.nixos.org'...
project / apply	UNKNOWN STEP	2026-09-13T11:20:26.2090816Z copying path '/nix/store/h80h3ffln9pmxs272b0agqn5bdpyzbk1-pcre2-10.46' from 'https://cache.nixos.org'...
project / apply	UNKNOWN STEP	2026-09-13T11:20:26.2150878Z copying path '/nix/store/igij6pvja1yvldp3w5ydlpswqzwsr8s6-patchelf-0.15.2' from 'https://cache.nixos.org'...
project / apply	UNKNOWN STEP	2026-09-13T11:20:26.2255874Z copying path '/nix/store/acxwlvdsg35m55zllf9r6fchilk623wb-perl5.42.0-Clone-0.46' from 'https://cache.nixos.org'...
project / apply	UNKNOWN STEP	2026-09-13T11:20:26.2317815Z copying path '/nix/store/n838b8xwr7p77h6ypf00k5fch2f4z101-perl5.42.0-Crypt-URandom-0.55' from 'https://cache.nixos.org'...
project / apply	UNKNOWN STEP	2026-09-13T11:20:26.2426131Z copying path '/nix/store/15m0m4jygzvm0a2h165h40y4352lj23n-perl5.42.0-FCGI-0.82' from 'https://cache.nixos.org'...
project / apply	UNKNOWN STEP	2026-09-13T11:20:26.2558330Z copying path '/nix/store/9ncd81d1p1rpk2ik6iz50vjb29204hz9-libmpc-1.4.0' from 'https://cache.nixos.org'...
project / apply	UNKNOWN STEP	2026-09-13T11:20:26.2657215Z copying path '/nix/store/61685rbaxmpigwi3z23i33sv3jyfl70q-coreutils-9.11' from 'https://cache.nixos.org'...
project / apply	UNKNOWN STEP	2026-09-13T11:20:26.2710854Z copying path '/nix/store/adm2in6a2ipzdwqv77jmad1lqpqwk3lj-numactl-2.0.18-dev' from 'https://cache.nixos.org'...
project / apply	UNKNOWN STEP	2026-09-13T11:20:26.2771213Z copying path '/nix/store/976h6js4sd4z1b2fp1s3q63lcvhm0kyd-gmp-with-cxx-6.3.0-dev' from 'https://cache.nixos.org'...
project / apply	UNKNOWN STEP	2026-09-13T11:20:26.2871312Z copying path '/nix/store/yf3hn3f26awvriklbigz4cyjp67mwxgf-nettle-3.10.2' from 'https://cache.nixos.org'...
project / apply	UNKNOWN STEP	2026-09-13T11:20:26.2910845Z copying path '/nix/store/q7vkknsdmgwdl4azpd4175zr76k6nm17-perl5.42.0-TermReadKey-2.38' from 'https://cache.nixos.org'...
project / apply	UNKNOWN STEP	2026-09-13T11:20:26.2991365Z copying path '/nix/store/kwdjd3fkilyx1a42kbdhs7r92xk5i5jd-perl5.42.0-Authen-SASL-2.1900' from 'https://cache.nixos.org'...
project / apply	UNKNOWN STEP	2026-09-13T11:20:26.3053908Z copying path '/nix/store/mp4v6fsdvxm8pa13lwns5q7ngw3wp8a3-perl5.42.0-HTTP-Message-6.45' from 'https://cache.nixos.org'...
project / apply	UNKNOWN STEP	2026-09-13T11:20:26.3141203Z copying path '/nix/store/dhd6pn549sfkyqdbv55s1xb9a0jva8w9-util-linux-minimal-2.42.2-lib' from 'https://cache.nixos.org'...
project / apply	UNKNOWN STEP	2026-09-13T11:20:26.3144379Z copying path '/nix/store/wg8wg2f2rsiyny4fa01x3djicy20qq9s-perl5.42.0-HTML-Parser-3.81' from 'https://cache.nixos.org'...
project / apply	UNKNOWN STEP	2026-09-13T11:20:26.3200862Z copying path '/nix/store/a2x0hn0ijf955fizbmbni5zbsgpv1gl5-perl5.42.0-HTTP-Cookies-6.10' from 'https://cache.nixos.org'...
project / apply	UNKNOWN STEP	2026-09-13T11:20:26.3277823Z copying path '/nix/store/yq335q9gkpbpm9z7vzfcfngydldpj6q4-zlib-1.3.2' from 'https://cache.nixos.org'...
project / apply	UNKNOWN STEP	2026-09-13T11:20:26.3350694Z copying path '/nix/store/af16vpdq64rggjp9w9q2jsi15mv09yw0-perl5.42.0-HTTP-Daemon-6.17' from 'https://cache.nixos.org'...
project / apply	UNKNOWN STEP	2026-09-13T11:20:26.3360681Z copying path '/nix/store/yyl2a2i8fpnip00fqpw613znhxpqn3vy-xz-5.8.3' from 'https://cache.nixos.org'...
project / apply	UNKNOWN STEP	2026-09-13T11:20:26.3410738Z copying path '/nix/store/x3mmarawk8qkqf3257aidf7cljax6mc8-gnugrep-3.12' from 'https://cache.nixos.org'...
project / apply	UNKNOWN STEP	2026-09-13T11:20:26.3460367Z copying path '/nix/store/r8173y57q7rcl75m12zzgirdzwa65py8-perl5.42.0-HTTP-Negotiate-6.01' from 'https://cache.nixos.org'...
project / apply	UNKNOWN STEP	2026-09-13T11:20:26.3465349Z copying path '/nix/store/yxpdpb95lwz6aavkb05v96w07avp4a3c-perl5.42.0-CGI-4.59' from 'https://cache.nixos.org'...
project / apply	UNKNOWN STEP	2026-09-13T11:20:26.3534147Z copying path '/nix/store/586h1kbpfxq4av4c4kmmva2ifnww9gqs-unbound-1.26.0-lib' from 'https://cache.nixos.org'...
project / apply	UNKNOWN STEP	2026-09-13T11:20:26.3575628Z copying path '/nix/store/1cnqsbklqng87a7hx5w3adz42n2y70pi-diffutils-3.12' from 'https://cache.nixos.org'...
project / apply	UNKNOWN STEP	2026-09-13T11:20:26.3700768Z copying path '/nix/store/n82li8za1mykdpj921c0v4f7dr7f6vba-findutils-4.10.0' from 'https://cache.nixos.org'...
project / apply	UNKNOWN STEP	2026-09-13T11:20:26.3710438Z copying path '/nix/store/lwqk6ks4jssnqbgk4pnif1syam2f25m6-zlib-ng-2.3.3' from 'https://cache.nixos.org'...
project / apply	UNKNOWN STEP	2026-09-13T11:20:26.3711869Z copying path '/nix/store/g4fbgh99yml0wr57798brfl64iwdbpd2-binutils-2.46-lib' from 'https://cache.nixos.org'...
project / apply	UNKNOWN STEP	2026-09-13T11:20:26.3713158Z copying path '/nix/store/3wbppfzpwj9kwkfrx9bkg99fbmr49p9q-file-5.47' from 'https://cache.nixos.org'...
project / apply	UNKNOWN STEP	2026-09-13T11:20:26.3714426Z copying path '/nix/store/w8mnw9h158ikd0cw5wjs9mhvqihbzbr4-perl-5.42.0' from 'https://cache.nixos.org'...
project / apply	UNKNOWN STEP	2026-09-13T11:20:26.3715767Z copying path '/nix/store/4469i8ff7prnfvs389p2g1a9z7qslpsb-perl5.42.0-CGI-Fast-2.16' from 'https://cache.nixos.org'...
project / apply	UNKNOWN STEP	2026-09-13T11:20:26.3717137Z copying path '/nix/store/pzjyfhk4dgmm5wgma0y1m272ly2vb9gw-sqlite-3.51.2' from 'https://cache.nixos.org'...
project / apply	UNKNOWN STEP	2026-09-13T11:20:26.3718796Z copying path '/nix/store/cwrzplb333jy04vyv5k3x80jkmc42sy8-zstd-1.5.7' from 'https://cache.nixos.org'...
project / apply	UNKNOWN STEP	2026-09-13T11:20:26.3720441Z copying path '/nix/store/8373r1712mm8arv96fxznzsxm7bdvqm4-xz-5.8.3-bin' from 'https://cache.nixos.org'...
project / apply	UNKNOWN STEP	2026-09-13T11:20:26.3721679Z copying path '/nix/store/6hjng4hd5c688hjgdcyb1rzfjz220srh-gcc-15.2.0' from 'https://cache.nixos.org'...
project / apply	UNKNOWN STEP	2026-09-13T11:20:26.3723244Z copying path '/nix/store/4y2f1gr8wdm0a7gxrwwsrw817jl6g9j5-krb5-1.22.2-lib' from 'https://cache.nixos.org'...
project / apply	UNKNOWN STEP	2026-09-13T11:20:26.3724545Z copying path '/nix/store/hmnxl4bvz7cjakbwbay26sc6c4rk1xnr-libssh2-1.11.1' from 'https://cache.nixos.org'...
project / apply	UNKNOWN STEP	2026-09-13T11:20:26.3725853Z copying path '/nix/store/ax38nz0yvfh6m8ws70zhgl1a5b7b066s-ngtcp2-1.22.1' from 'https://cache.nixos.org'...
project / apply	UNKNOWN STEP	2026-09-13T11:20:26.3727159Z copying path '/nix/store/5c9ivvmkpdg8c7y7hnynxrsccl236a8x-gnutls-3.8.13' from 'https://cache.nixos.org'...
project / apply	UNKNOWN STEP	2026-09-13T11:20:26.3728505Z copying path '/nix/store/qd833n3f9ywq0a03736adpjlxa6yigsa-perl5.42.0-Net-SSLeay-1.92' from 'https://cache.nixos.org'...
project / apply	UNKNOWN STEP	2026-09-13T11:20:26.3730303Z copying path '/nix/store/63wdfxcylc7rzym8iwhv84yppg8gj3vv-binutils-2.46' from 'https://cache.nixos.org'...
project / apply	UNKNOWN STEP	2026-09-13T11:20:26.4111450Z copying path '/nix/store/fbrmzbsak0m5kx8is8i71igsnwmhxs9q-stdenv-linux' from 'https://cache.nixos.org'...
project / apply	UNKNOWN STEP	2026-09-13T11:20:26.4401033Z copying path '/nix/store/3nf6r9s0wd9jwpy036wygsch97wir1xp-libarchive-3.8.9-lib' from 'https://cache.nixos.org'...
project / apply	UNKNOWN STEP	2026-09-13T11:20:26.4801305Z copying path '/nix/store/7mdp3k9h1akb35bv2f98gmm0nbnfnh3z-perl5.42.0-IO-Socket-SSL-2.083' from 'https://cache.nixos.org'...
project / apply	UNKNOWN STEP	2026-09-13T11:20:26.4803319Z copying path '/nix/store/cjxc4x3cnlzlcdrsi92k5i7pkn78ixnz-curl-8.21.0' from 'https://cache.nixos.org'...
project / apply	UNKNOWN STEP	2026-09-13T11:20:26.5807336Z building '/nix/store/f6f2plq509agndkjhcbqgirndkvm2rkn-haskell-generic-builder-test-wrapper.sh.drv'...
project / apply	UNKNOWN STEP	2026-09-13T11:20:26.5830901Z copying path '/nix/store/fjqfznpczbz8n5m961fwyj1k2rnc243r-libmicrohttpd-1.0.2' from 'https://cache.nixos.org'...
project / apply	UNKNOWN STEP	2026-09-13T11:20:26.5914743Z copying path '/nix/store/z0vxgvmkajlc6fd580a23j3mfaxjzcf4-perl5.42.0-Net-SMTP-SSL-1.04' from 'https://cache.nixos.org'...
project / apply	UNKNOWN STEP	2026-09-13T11:20:26.6000655Z copying path '/nix/store/y5frzqd1lyw30x5jwa2gczqhl5as49qf-elfutils-0.194' from 'https://cache.nixos.org'...
project / apply	UNKNOWN STEP	2026-09-13T11:20:26.6641269Z copying path '/nix/store/zjlqrb8ffg3idjaxh88ih3nx9ma5xryp-elfutils-0.194-bin' from 'https://cache.nixos.org'...
project / apply	UNKNOWN STEP	2026-09-13T11:20:26.6730884Z copying path '/nix/store/id07ldglfppl96nbyl72kwfbvq1i0i7l-hscolour-1.25' from 'https://cache.nixos.org'...
project / apply	UNKNOWN STEP	2026-09-13T11:20:26.7251327Z copying path '/nix/store/pxc3804g4z81fnzv8pn165h7sv3y110x-elfutils-0.194-dev' from 'https://cache.nixos.org'...
project / apply	UNKNOWN STEP	2026-09-13T11:20:26.7571401Z building '/nix/store/zkhnhx3lkby9lwlb73njkg89vhbn8707-remove-references-to.drv'...
project / apply	UNKNOWN STEP	2026-09-13T11:20:26.7572962Z copying path '/nix/store/la0zcwbbm1jazcjqf80m49xfyj14k4b3-binutils-wrapper-2.46' from 'https://cache.nixos.org'...
project / apply	UNKNOWN STEP	2026-09-13T11:20:26.9030444Z copying path '/nix/store/9jymhlwscjjj2djh9gzqhgnqgk5n2kp7-ncurses-6.6-dev' from 'https://cache.nixos.org'...
project / apply	UNKNOWN STEP	2026-09-13T11:20:26.9032048Z copying path '/nix/store/2c5pv97v3mzjcdy6vwvx0ssnl388n8dh-readline-8.3p3' from 'https://cache.nixos.org'...
project / apply	UNKNOWN STEP	2026-09-13T11:20:26.9170570Z copying path '/nix/store/yisa2lg79zcvgk4ck4yr6r0lz6j63hs3-bash-interactive-5.3p9' from 'https://cache.nixos.org'...
project / apply	UNKNOWN STEP	2026-09-13T11:20:26.9200828Z copying path '/nix/store/h3l4z7p6wny3phbckwwhy1i2g52pdnj4-python3-3.13.15' from 'https://cache.nixos.org'...
project / apply	UNKNOWN STEP	2026-09-13T11:20:27.0021564Z copying path '/nix/store/6wvibaqgrisg3vq7nqc8nxk72637isd4-ghc-9.10.3-doc' from 'https://cache.nixos.org'...
project / apply	UNKNOWN STEP	2026-09-13T11:20:27.1631348Z copying path '/nix/store/3rfpa810ni2sfiv185rbssc7rnj9gcvk-perl5.42.0-libwww-perl-6.72' from 'https://cache.nixos.org'...
project / apply	UNKNOWN STEP	2026-09-13T11:20:27.7261330Z copying path '/nix/store/5vpcfsdx1lcnlb2y4k7xyc74shp5qwbh-git-2.54.0' from 'https://cache.nixos.org'...
project / apply	UNKNOWN STEP	2026-09-13T11:20:27.9502082Z copying path '/nix/store/hbsz2ngi9ixbhd9na1xagh2yc8qnmj7y-gcc-wrapper-15.2.0' from 'https://cache.nixos.org'...
project / apply	UNKNOWN STEP	2026-09-13T11:20:27.9603891Z copying path '/nix/store/99v98l4khhp1yib367g1bxgx8frmp9hs-stdenv-linux' from 'https://cache.nixos.org'...
project / apply	UNKNOWN STEP	2026-09-13T11:20:28.8796402Z copying path '/nix/store/87652xrvx41djvfbwk9sqkrfjn4aymki-OneTuple-0.4.2.1-doc' from 'https://cache.nixos.org'...
project / apply	UNKNOWN STEP	2026-09-13T11:20:28.8798496Z copying path '/nix/store/i2g4j020wjyylbc1f9ffh1p9fyhm4167-StateVar-1.2.2-doc' from 'https://cache.nixos.org'...
project / apply	UNKNOWN STEP	2026-09-13T11:20:28.8806105Z copying path '/nix/store/vvci60xdrg522d1bz1r71mpglk37vgrl-call-stack-0.4.0-doc' from 'https://cache.nixos.org'...
project / apply	UNKNOWN STEP	2026-09-13T11:20:28.8807938Z copying path '/nix/store/zxsf8imbgfq1sikr49lfw6nfcclmah7c-dlist-1.0-doc' from 'https://cache.nixos.org'...
project / apply	UNKNOWN STEP	2026-09-13T11:20:28.8809293Z copying path '/nix/store/4zsff2pwbclb5j3fag61sbll3bqc2bck-ghc-9.10.3' from 'https://cache.nixos.org'...
project / apply	UNKNOWN STEP	2026-09-13T11:20:28.8811004Z copying path '/nix/store/f70zx97y5sijqsblhp6dnfmyk4g7hr8h-assoc-1.1.1-doc' from 'https://cache.nixos.org'...
project / apply	UNKNOWN STEP	2026-09-13T11:20:28.8812830Z copying path '/nix/store/8s00jhka4606a4qf7dkmlnyvnccqkvjf-filelock-0.1.1.9-doc' from 'https://cache.nixos.org'...
project / apply	UNKNOWN STEP	2026-09-13T11:20:28.8814715Z copying path '/nix/store/pdhn5xhgpi7xj0mng87szicr6hcmyn7i-base-orphans-0.9.4-doc' from 'https://cache.nixos.org'...
project / apply	UNKNOWN STEP	2026-09-13T11:20:28.8816594Z copying path '/nix/store/w0svlbk07hbzivyjy0i2lknib0jr9bf2-hashable-1.5.1.0-doc' from 'https://cache.nixos.org'...
project / apply	UNKNOWN STEP	2026-09-13T11:20:28.8817665Z copying path '/nix/store/pkx3gchzy2cf6pvrg798cn898sh6ylpq-colour-2.3.7-doc' from 'https://cache.nixos.org'...
project / apply	UNKNOWN STEP	2026-09-13T11:20:28.8818642Z copying path '/nix/store/zhya0ha2nh91yfxqy9yb4rq9d5c8g27j-character-ps-0.1-doc' from 'https://cache.nixos.org'...
project / apply	UNKNOWN STEP	2026-09-13T11:20:28.8819928Z copying path '/nix/store/136h4lzc384c6ij6rpmryqvsay43z69r-prettyprinter-1.7.1-doc' from 'https://cache.nixos.org'...
project / apply	UNKNOWN STEP	2026-09-13T11:20:28.8821601Z copying path '/nix/store/id72c2qrwjllf288q8qnpp8ps9y2i59g-hspec-discover-2.11.17-doc' from 'https://cache.nixos.org'...
project / apply	UNKNOWN STEP	2026-09-13T11:20:28.8823226Z copying path '/nix/store/wrwvdicwxjrqkqrdx5mhhkw425m5aqvq-indexed-traversable-0.1.4-doc' from 'https://cache.nixos.org'...
project / apply	UNKNOWN STEP	2026-09-13T11:20:28.8824819Z copying path '/nix/store/hmfa8wfwx535xfi28anqnaxikqcdxzvf-integer-logarithms-1.0.5-doc' from 'https://cache.nixos.org'...
project / apply	UNKNOWN STEP	2026-09-13T11:20:28.8830208Z copying path '/nix/store/cgq10sg3rg6x617mqikns42rv9a4s5jb-haskell-lexer-1.2.1-doc' from 'https://cache.nixos.org'...
project / apply	UNKNOWN STEP	2026-09-13T11:20:28.8901727Z copying path '/nix/store/jj55jcgam5h6c5xlli3xj06a5m9hpwmj-primitive-0.9.1.0-doc' from 'https://cache.nixos.org'...
project / apply	UNKNOWN STEP	2026-09-13T11:20:28.8958486Z copying path '/nix/store/svi872l09c5xlxw4p2p0s96hgszlwv6p-contravariant-1.5.6-doc' from 'https://cache.nixos.org'...
project / apply	UNKNOWN STEP	2026-09-13T11:20:28.8960607Z copying path '/nix/store/93ph3qmzkpflnily9np2vv21ymswdw0b-tagged-0.8.9-doc' from 'https://cache.nixos.org'...
project / apply	UNKNOWN STEP	2026-09-13T11:20:28.8962424Z copying path '/nix/store/0z6calrrivjzysh9r7nqn2jwk5qpfwl9-splitmix-0.1.3.2-doc' from 'https://cache.nixos.org'...
project / apply	UNKNOWN STEP	2026-09-13T11:20:28.9601929Z copying path '/nix/store/w599ga5np8s961yq4ys34jjzjj1iiiqa-th-abstraction-0.7.2.0-doc' from 'https://cache.nixos.org'...
project / apply	UNKNOWN STEP	2026-09-13T11:20:28.9630957Z copying path '/nix/store/xms2ri5ashg7l5j1f3h9wihi86j6fzrk-th-compat-0.1.7-doc' from 'https://cache.nixos.org'...
project / apply	UNKNOWN STEP	2026-09-13T11:20:28.9670004Z copying path '/nix/store/wgh100f93zrrvp2mkg6wwmjy3zr5jkja-HUnit-1.6.2.0-doc' from 'https://cache.nixos.org'...
project / apply	UNKNOWN STEP	2026-09-13T11:20:28.9671647Z copying path '/nix/store/wr5r6njq2bp4zgf5b9pvfk149dn851rp-transformers-compat-0.7.2-doc' from 'https://cache.nixos.org'...
project / apply	UNKNOWN STEP	2026-09-13T11:20:28.9673445Z copying path '/nix/store/lf7hmln49y0lacrcvxhmbl05m3sfd6pg-unliftio-core-0.2.1.0-doc' from 'https://cache.nixos.org'...
project / apply	UNKNOWN STEP	2026-09-13T11:20:29.0038371Z copying path '/nix/store/zdb9cvip11j9nf8wrmszh28j3h4jpdqa-vector-stream-0.1.0.1-doc' from 'https://cache.nixos.org'...
project / apply	UNKNOWN STEP	2026-09-13T11:20:29.0096200Z copying path '/nix/store/jm9gbkssfbnfch6r503688nhadxyb62j-data-fix-0.3.4-doc' from 'https://cache.nixos.org'...
project / apply	UNKNOWN STEP	2026-09-13T11:20:29.0121143Z copying path '/nix/store/xn6pxg0648hdaiyyfzzd0bc669d2jcyi-text-short-0.1.6.1-doc' from 'https://cache.nixos.org'...
project / apply	UNKNOWN STEP	2026-09-13T11:20:29.0147999Z copying path '/nix/store/qpfvm5rxgpngic8zqp955jkzy9nva046-these-1.2.1-doc' from 'https://cache.nixos.org'...
project / apply	UNKNOWN STEP	2026-09-13T11:20:29.0203659Z copying path '/nix/store/m72cqy0lk3ka8nm808fkh997jhbh2igx-ansi-terminal-types-1.1.3-doc' from 'https://cache.nixos.org'...
project / apply	UNKNOWN STEP	2026-09-13T11:20:29.0219360Z copying path '/nix/store/qfs8fcjfl6w8yn5z94nxhj6d0v4wl7x1-time-compat-1.9.9-doc' from 'https://cache.nixos.org'...
project / apply	UNKNOWN STEP	2026-09-13T11:20:29.0223029Z copying path '/nix/store/56aarxsh06i48s7nhzl9sz678cwm2ika-network-uri-2.6.4.2-doc' from 'https://cache.nixos.org'...
project / apply	UNKNOWN STEP	2026-09-13T11:20:29.0282123Z copying path '/nix/store/f4pzyf651h3xbzfb7s7v5mmiff5zwsaq-unordered-containers-0.2.20.1-doc' from 'https://cache.nixos.org'...
project / apply	UNKNOWN STEP	2026-09-13T11:20:29.0391110Z copying path '/nix/store/rhv5nddavjwxs0642np28ib05iib8slf-distributive-0.6.3-doc' from 'https://cache.nixos.org'...
project / apply	UNKNOWN STEP	2026-09-13T11:20:29.0421396Z copying path '/nix/store/f349hdh9yc6v5lipy5dpysvyw0r0qvx7-strict-0.5.1-doc' from 'https://cache.nixos.org'...
project / apply	UNKNOWN STEP	2026-09-13T11:20:29.0450858Z copying path '/nix/store/d0x8586gk0d82a8x77daxskyj3av8lbh-random-1.2.1.3-doc' from 'https://cache.nixos.org'...
project / apply	UNKNOWN STEP	2026-09-13T11:20:29.0452676Z copying path '/nix/store/1j856rdhkq822j06c198snh1l1pdwvsy-scientific-0.3.8.1-doc' from 'https://cache.nixos.org'...
project / apply	UNKNOWN STEP	2026-09-13T11:20:29.0481009Z copying path '/nix/store/bsdq6bba7lkrmi72ssksl2vgndv8h9iv-integer-conversion-0.1.1-doc' from 'https://cache.nixos.org'...
project / apply	UNKNOWN STEP	2026-09-13T11:20:29.0540972Z copying path '/nix/store/k1knhi020hhj5mdgrp4dyvf5pfs53jqg-hspec-expectations-0.8.4-doc' from 'https://cache.nixos.org'...
project / apply	UNKNOWN STEP	2026-09-13T11:20:29.0542855Z copying path '/nix/store/l7nkcndvycm884c7cchdgn2h4d9shljc-ansi-terminal-1.1.5-doc' from 'https://cache.nixos.org'...
project / apply	UNKNOWN STEP	2026-09-13T11:20:29.0591741Z copying path '/nix/store/v2g9a456rggl0d8pga7vcgpjzp194vyj-comonad-5.0.10-doc' from 'https://cache.nixos.org'...
project / apply	UNKNOWN STEP	2026-09-13T11:20:29.0674949Z copying path '/nix/store/x7rskx4svs7vyghdl8blb2li52s5vi1i-uuid-types-1.0.6.1-doc' from 'https://cache.nixos.org'...
project / apply	UNKNOWN STEP	2026-09-13T11:20:29.0688594Z copying path '/nix/store/xf62v86ylzcqb8yqm351kvi9h1haxm11-QuickCheck-2.15.0.1-doc' from 'https://cache.nixos.org'...
project / apply	UNKNOWN STEP	2026-09-13T11:20:29.0708005Z copying path '/nix/store/9h7mc5s4h6amlf0y125wdmai3k9qjd1b-temporary-1.3-doc' from 'https://cache.nixos.org'...
project / apply	UNKNOWN STEP	2026-09-13T11:20:29.0709269Z copying path '/nix/store/slhk7bnxsi2kps9926cryrzl72q1rhid-async-2.2.6-doc' from 'https://cache.nixos.org'...
project / apply	UNKNOWN STEP	2026-09-13T11:20:29.0711102Z copying path '/nix/store/ilzzl748pwcklqvlfid4bfpa6q4dsvmg-prettyprinter-ansi-terminal-1.1.3-doc' from 'https://cache.nixos.org'...
project / apply	UNKNOWN STEP	2026-09-13T11:20:29.0712768Z copying path '/nix/store/94ld6whd6yshn8dx1scwnq3m4j5w2273-text-iso8601-0.1.1.1-doc' from 'https://cache.nixos.org'...
project / apply	UNKNOWN STEP	2026-09-13T11:20:29.0714451Z copying path '/nix/store/5kraiyarh6qjs9kivlivnir1km29pmf2-indexed-traversable-instances-0.1.2.1-doc' from 'https://cache.nixos.org'...
project / apply	UNKNOWN STEP	2026-09-13T11:20:29.0761316Z copying path '/nix/store/27jws7pkq5wjdrvr0z2zch2h7y340mdj-bifunctors-5.6.3-doc' from 'https://cache.nixos.org'...
project / apply	UNKNOWN STEP	2026-09-13T11:20:29.2131558Z copying path '/nix/store/imakq1h1hqnax15z1nldqcr212gpigqn-witherable-0.5-doc' from 'https://cache.nixos.org'...
project / apply	UNKNOWN STEP	2026-09-13T11:20:29.2145150Z copying path '/nix/store/3fn6lagqg118zbl0mdqjzq2qldjgnlf4-optparse-applicative-0.18.1.0-doc' from 'https://cache.nixos.org'...
project / apply	UNKNOWN STEP	2026-09-13T11:20:29.2147284Z copying path '/nix/store/zbkl644kav5bi698z79is971dndxkrd4-typed-process-0.2.13.0-doc' from 'https://cache.nixos.org'...
project / apply	UNKNOWN STEP	2026-09-13T11:20:29.2194753Z copying path '/nix/store/f6xxb6lc4dii6n9xi65lmf1rr71biv0b-semigroupoids-6.0.2-doc' from 'https://cache.nixos.org'...
project / apply	UNKNOWN STEP	2026-09-13T11:20:29.2279286Z copying path '/nix/store/54xdp1b0c3l5pqypnd0gw1f594rqzqkh-quickcheck-io-0.2.0-doc' from 'https://cache.nixos.org'...
project / apply	UNKNOWN STEP	2026-09-13T11:20:29.2332281Z copying path '/nix/store/xsyr3x938s1f85psqrlz8sp8078ld7q8-tasty-1.5.4-doc' from 'https://cache.nixos.org'...
project / apply	UNKNOWN STEP	2026-09-13T11:20:29.2429458Z copying path '/nix/store/dw8cmkwah7gf3gf3mf86svjq1d4s537g-hspec-core-2.11.17-doc' from 'https://cache.nixos.org'...
project / apply	UNKNOWN STEP	2026-09-13T11:20:29.2452227Z copying path '/nix/store/6f6wymp59xf195ds5hwmq5rqw0sfy45s-semialign-1.3.1.1-doc' from 'https://cache.nixos.org'...
project / apply	UNKNOWN STEP	2026-09-13T11:20:29.2601763Z copying path '/nix/store/zdxhz3q2rkwhz2iypm5115gh1ga1plk0-aeson-2.2.4.1-doc' from 'https://cache.nixos.org'...
project / apply	UNKNOWN STEP	2026-09-13T11:20:29.2693845Z copying path '/nix/store/b9gwjsjwc95dm9f8hk0a95qqldpzp6vx-hspec-2.11.17-doc' from 'https://cache.nixos.org'...
project / apply	UNKNOWN STEP	2026-09-13T11:20:32.8473878Z copying path '/nix/store/zd4jp01fixvqhf91wn49ngzldv5c1m30-OneTuple-0.4.2.1' from 'https://cache.nixos.org'...
project / apply	UNKNOWN STEP	2026-09-13T11:20:32.8477493Z copying path '/nix/store/lm2vkbjznlswh1vkfl3pxz1b7hvca1h4-StateVar-1.2.2' from 'https://cache.nixos.org'...
project / apply	UNKNOWN STEP	2026-09-13T11:20:32.8483492Z copying path '/nix/store/fb1y5r0mwspk0fpgzj47i9dm5mhac4lj-colour-2.3.7' from 'https://cache.nixos.org'...
project / apply	UNKNOWN STEP	2026-09-13T11:20:32.8491737Z copying path '/nix/store/7dz3cf3xrg7vra5al8l0fa8w88apzlwd-character-ps-0.1' from 'https://cache.nixos.org'...
project / apply	UNKNOWN STEP	2026-09-13T11:20:32.8493504Z copying path '/nix/store/kqdnc6ah8qapr6fv5y6a6vc22qyrcd1l-assoc-1.1.1' from 'https://cache.nixos.org'...
project / apply	UNKNOWN STEP	2026-09-13T11:20:32.8495347Z copying path '/nix/store/3qjxdg00hhyf61b35k0zd1ip2sj89lwq-base-orphans-0.9.4' from 'https://cache.nixos.org'...
project / apply	UNKNOWN STEP	2026-09-13T11:20:32.8497112Z copying path '/nix/store/cifcgp7jj8mysa5yg8nayqxq3x6hzd33-filelock-0.1.1.9' from 'https://cache.nixos.org'...
project / apply	UNKNOWN STEP	2026-09-13T11:20:32.8499007Z copying path '/nix/store/ra6hs30d2mn3ar8p70hpw16dxljhnawc-haskell-lexer-1.2.1' from 'https://cache.nixos.org'...
project / apply	UNKNOWN STEP	2026-09-13T11:20:32.8501003Z copying path '/nix/store/q594bxk43y22jc5f6ry6f6q4s0cjspnr-call-stack-0.4.0' from 'https://cache.nixos.org'...
project / apply	UNKNOWN STEP	2026-09-13T11:20:32.8502780Z copying path '/nix/store/6i8w4nqcrjnfkqnlmz33sr3x4vj4xkp9-dlist-1.0' from 'https://cache.nixos.org'...
project / apply	UNKNOWN STEP	2026-09-13T11:20:32.8504862Z copying path '/nix/store/bmf6ic2ngf2yi30i0ci6bwixbc2pvz5l-indexed-traversable-0.1.4' from 'https://cache.nixos.org'...
project / apply	UNKNOWN STEP	2026-09-13T11:20:32.8506610Z copying path '/nix/store/kfl4k40cb0pvgh43hb430fkab8lbqgvj-hspec-discover-2.11.17' from 'https://cache.nixos.org'...
project / apply	UNKNOWN STEP	2026-09-13T11:20:32.8507755Z copying path '/nix/store/sc3g3lbsz43128zbg6qha9almb3zvdd1-hashable-1.5.1.0' from 'https://cache.nixos.org'...
project / apply	UNKNOWN STEP	2026-09-13T11:20:32.8508766Z copying path '/nix/store/zl9ylw62p5l25gwyrswlmxk6hbx91ysm-integer-logarithms-1.0.5' from 'https://cache.nixos.org'...
project / apply	UNKNOWN STEP	2026-09-13T11:20:32.8510141Z copying path '/nix/store/ybhh2fsq43zwa9qw6g2zpsc23scbga59-primitive-0.9.1.0' from 'https://cache.nixos.org'...
project / apply	UNKNOWN STEP	2026-09-13T11:20:32.8511784Z copying path '/nix/store/h8vzgx49gjvgfsz515m75xavym2jv73d-prettyprinter-1.7.1' from 'https://cache.nixos.org'...
project / apply	UNKNOWN STEP	2026-09-13T11:20:32.8607750Z copying path '/nix/store/395j0y36wmlrjlxi3rs49m3mx2vpbsy0-splitmix-0.1.3.2' from 'https://cache.nixos.org'...
project / apply	UNKNOWN STEP	2026-09-13T11:20:32.9110496Z copying path '/nix/store/b95m9diwf0aymbggm0nmhb2zklgbav15-tagged-0.8.9' from 'https://cache.nixos.org'...
project / apply	UNKNOWN STEP	2026-09-13T11:20:33.0055385Z copying path '/nix/store/s9hs13dzmwzf6dk5ik0jyq20yyil66zm-th-abstraction-0.7.2.0' from 'https://cache.nixos.org'...
project / apply	UNKNOWN STEP	2026-09-13T11:20:33.1646714Z copying path '/nix/store/2s0bbvxdjlk1xd9q7wh1dmjygw8c1y15-th-compat-0.1.7' from 'https://cache.nixos.org'...
project / apply	UNKNOWN STEP	2026-09-13T11:20:33.1673411Z copying path '/nix/store/s72plcpz6dj1h31myp6xrc2qh4hzn1kd-transformers-compat-0.7.2' from 'https://cache.nixos.org'...
project / apply	UNKNOWN STEP	2026-09-13T11:20:33.1700923Z copying path '/nix/store/c6jy49b3z9zivm5wly7ps09nybm9g4b0-unliftio-core-0.2.1.0' from 'https://cache.nixos.org'...
project / apply	UNKNOWN STEP	2026-09-13T11:20:33.1720883Z copying path '/nix/store/5nkb55w911wjdnj8l25i7bcp6zpwia7r-contravariant-1.5.6' from 'https://cache.nixos.org'...
project / apply	UNKNOWN STEP	2026-09-13T11:20:33.1770781Z copying path '/nix/store/fhm7ghafjw660j1ipklf99q07apg2bfi-vector-stream-0.1.0.1' from 'https://cache.nixos.org'...
project / apply	UNKNOWN STEP	2026-09-13T11:20:33.1864279Z copying path '/nix/store/bvpbf488hc7mmcbdi9db46sjdz21im8v-random-1.2.1.3' from 'https://cache.nixos.org'...
project / apply	UNKNOWN STEP	2026-09-13T11:20:33.1920950Z copying path '/nix/store/g0pk51zrvr83z4plh129f2gyg23qkwvd-data-fix-0.3.4' from 'https://cache.nixos.org'...
project / apply	UNKNOWN STEP	2026-09-13T11:20:33.1928915Z copying path '/nix/store/bn8s42cz56jna6g77r19p0ah0brj37ma-HUnit-1.6.2.0' from 'https://cache.nixos.org'...
project / apply	UNKNOWN STEP	2026-09-13T11:20:33.1930913Z copying path '/nix/store/lmcvmxbb75yq3qrfmlcydjrxipjr4drv-text-short-0.1.6.1' from 'https://cache.nixos.org'...
project / apply	UNKNOWN STEP	2026-09-13T11:20:33.1933334Z copying path '/nix/store/9ilbxjpp0a3zrq5fb92nf1yri96jhgyg-these-1.2.1' from 'https://cache.nixos.org'...
project / apply	UNKNOWN STEP	2026-09-13T11:20:33.1972115Z copying path '/nix/store/cgr51mdjcz7yjv9hfglqd2rg4rrsfni1-time-compat-1.9.9' from 'https://cache.nixos.org'...
project / apply	UNKNOWN STEP	2026-09-13T11:20:33.2010944Z copying path '/nix/store/09kqd520vylnrzxnr82ilbizh2j3l5c5-distributive-0.6.3' from 'https://cache.nixos.org'...
project / apply	UNKNOWN STEP	2026-09-13T11:20:33.2070794Z copying path '/nix/store/hp8hbmav7kx6lzv69q07b1xa04vb1xnw-ansi-terminal-types-1.1.3' from 'https://cache.nixos.org'...
project / apply	UNKNOWN STEP	2026-09-13T11:20:33.2072746Z copying path '/nix/store/ndy31wf0wnvg1aw5pgz1cw8fidpzgd8f-unordered-containers-0.2.20.1' from 'https://cache.nixos.org'...
project / apply	UNKNOWN STEP	2026-09-13T11:20:33.2186481Z copying path '/nix/store/rhxk52ml0jrhhgggypdq4i732qmxhcly-network-uri-2.6.4.2' from 'https://cache.nixos.org'...
project / apply	UNKNOWN STEP	2026-09-13T11:20:33.2327545Z copying path '/nix/store/0knkpwxcpvzvwcq13dc70xsnnrs3796a-hspec-expectations-0.8.4' from 'https://cache.nixos.org'...
project / apply	UNKNOWN STEP	2026-09-13T11:20:33.2361039Z copying path '/nix/store/1g01xryvqw10a3kicciyc189q9m6zl6b-integer-conversion-0.1.1' from 'https://cache.nixos.org'...
project / apply	UNKNOWN STEP	2026-09-13T11:20:33.2369243Z copying path '/nix/store/jvv66nwx7jr52k41r4r6q52gcq2gav7r-scientific-0.3.8.1' from 'https://cache.nixos.org'...
project / apply	UNKNOWN STEP	2026-09-13T11:20:33.2410815Z copying path '/nix/store/mhpglzg9jw3igy7n8j66apyidl1b46i8-comonad-5.0.10' from 'https://cache.nixos.org'...
project / apply	UNKNOWN STEP	2026-09-13T11:20:33.2450809Z copying path '/nix/store/ckli5l8f8bd6hykiyy0pzbimchp4k6a5-uuid-types-1.0.6.1' from 'https://cache.nixos.org'...
project / apply	UNKNOWN STEP	2026-09-13T11:20:33.2472372Z copying path '/nix/store/djkg5rhjl5ycaj3lk1g9v6kqi0y8b44z-temporary-1.3' from 'https://cache.nixos.org'...
project / apply	UNKNOWN STEP	2026-09-13T11:20:33.2491783Z copying path '/nix/store/im732jmmvdknfvclcj5cqwgh3rka226k-QuickCheck-2.15.0.1' from 'https://cache.nixos.org'...
project / apply	UNKNOWN STEP	2026-09-13T11:20:33.2520929Z copying path '/nix/store/vf34zrncdcckbfg9iipvjfd3w8m56cps-strict-0.5.1' from 'https://cache.nixos.org'...
project / apply	UNKNOWN STEP	2026-09-13T11:20:33.2632040Z copying path '/nix/store/d2bqjc8myjwxfdzb92004735rn5f6h1a-ansi-terminal-1.1.5' from 'https://cache.nixos.org'...
project / apply	UNKNOWN STEP	2026-09-13T11:20:33.2640999Z copying path '/nix/store/9ylxc4bgw68zr5p1273lbw3n7cgwj3c8-async-2.2.6' from 'https://cache.nixos.org'...
project / apply	UNKNOWN STEP	2026-09-13T11:20:33.3261307Z copying path '/nix/store/9a35av9r0inh0pdf37qhp9lzcbmg0k6k-text-iso8601-0.1.1.1' from 'https://cache.nixos.org'...
project / apply	UNKNOWN STEP	2026-09-13T11:20:33.3288075Z copying path '/nix/store/xjqkwdn4mh6qb6lyybwrljyxyqiz9yd2-bifunctors-5.6.3' from 'https://cache.nixos.org'...
project / apply	UNKNOWN STEP	2026-09-13T11:20:33.3468062Z copying path '/nix/store/x2jzr6hwlwq0x01h3blckhwsaib1gksi-typed-process-0.2.13.0' from 'https://cache.nixos.org'...
project / apply	UNKNOWN STEP	2026-09-13T11:20:33.3470086Z copying path '/nix/store/3gm85bd3pkr0244fmbgj1a6fywm61j65-prettyprinter-ansi-terminal-1.1.3' from 'https://cache.nixos.org'...
project / apply	UNKNOWN STEP	2026-09-13T11:20:33.3621820Z copying path '/nix/store/fc3a9k3nrifx8cb7lyhn00pwwz7ac529-optparse-applicative-0.18.1.0' from 'https://cache.nixos.org'...
project / apply	UNKNOWN STEP	2026-09-13T11:20:33.3707163Z copying path '/nix/store/kn69jm0imnmjd56ay25r3x1kc87a1644-quickcheck-io-0.2.0' from 'https://cache.nixos.org'...
project / apply	UNKNOWN STEP	2026-09-13T11:20:33.3817322Z copying path '/nix/store/jmn6gs3mwwyznrbga51rl7q4q7q0cyny-hspec-core-2.11.17' from 'https://cache.nixos.org'...
project / apply	UNKNOWN STEP	2026-09-13T11:20:33.3896164Z copying path '/nix/store/8jw4y7fjnjwlavzlcx5a5l0rd6mli540-semigroupoids-6.0.2' from 'https://cache.nixos.org'...
project / apply	UNKNOWN STEP	2026-09-13T11:20:33.3944482Z copying path '/nix/store/hqgwkdxaim9raj901avfnfrizyy676l3-tasty-1.5.4' from 'https://cache.nixos.org'...
project / apply	UNKNOWN STEP	2026-09-13T11:20:33.4430667Z copying path '/nix/store/csfyfqah8nbjqwmjixr0d9rr5b2cdf27-vector-0.13.2.0' from 'https://cache.nixos.org'...
project / apply	UNKNOWN STEP	2026-09-13T11:20:33.4538755Z copying path '/nix/store/ldgq00kchif3gqc131p506ac74cz7jx1-hspec-2.11.17' from 'https://cache.nixos.org'...
project / apply	UNKNOWN STEP	2026-09-13T11:20:33.5112861Z building '/nix/store/yidc3l6d3c4xs20s2xnx3vnfa2r2isqq-myque-0.1.0.0.drv'...
project / apply	UNKNOWN STEP	2026-09-13T11:20:33.5790986Z copying path '/nix/store/anzav01a0hsqnx9qlzwj67v6x8q5f03n-indexed-traversable-instances-0.1.2.1' from 'https://cache.nixos.org'...
project / apply	UNKNOWN STEP	2026-09-13T11:20:33.5898864Z copying path '/nix/store/14cryi0ndmyfxri184qv19vhcg9xrq04-semialign-1.3.1.1' from 'https://cache.nixos.org'...
project / apply	UNKNOWN STEP	2026-09-13T11:20:33.5901064Z copying path '/nix/store/a3hkkkhkmafzmn3wnickn2d32kqkxiw5-witherable-0.5' from 'https://cache.nixos.org'...
project / apply	UNKNOWN STEP	2026-09-13T11:20:33.6124803Z copying path '/nix/store/dpwdh4r9r20xj1zipp0myap9jpsllpvq-aeson-2.2.4.1' from 'https://cache.nixos.org'...
project / apply	UNKNOWN STEP	2026-09-13T11:21:08.4942222Z building '/nix/store/hp4p9chkbmb8b5ln4ic4qc75q67bwn2c-myque-gh-0.1.0.0.drv'...
project / apply	UNKNOWN STEP	2026-09-13T11:21:29.1796611Z building '/nix/store/5hrr2rpgnrllsli0183y4zak4xa5pk8z-myque-gh-bin.drv'...
project / apply	UNKNOWN STEP	2026-09-13T11:21:50.4232455Z Target: iceice666/slime_os
project / apply	UNKNOWN STEP	2026-09-13T11:21:50.4233448Z Source: ab82f20997ba0bafecdd3546e8b9f2a212daef1e (committed snapshot; uncommitted edits excluded)
project / apply	UNKNOWN STEP	2026-09-13T11:21:50.4235689Z + label myque:kind:epic
project / apply	UNKNOWN STEP	2026-09-13T11:21:50.4236004Z + label myque:kind:milestone
project / apply	UNKNOWN STEP	2026-09-13T11:21:50.4236314Z + label myque:kind:task
project / apply	UNKNOWN STEP	2026-09-13T11:21:50.4236593Z + label myque:state:active
project / apply	UNKNOWN STEP	2026-09-13T11:21:50.4236882Z + label myque:state:open
project / apply	UNKNOWN STEP	2026-09-13T11:21:50.4237199Z + label myque:tag:architecture
project / apply	UNKNOWN STEP	2026-09-13T11:21:50.4237500Z + label myque:tag:github
project / apply	UNKNOWN STEP	2026-09-13T11:21:50.4237772Z + label myque:tag:io
project / apply	UNKNOWN STEP	2026-09-13T11:21:50.4238083Z + issue 01a08ff0-0b99-7315-99b0-7e7f340fa6f9 IO10
project / apply	UNKNOWN STEP	2026-09-13T11:21:50.4238490Z + issue 01a08ff0-0bae-741e-9318-331fdafe0b96 IO11
project / apply	UNKNOWN STEP	2026-09-13T11:21:50.4238895Z + issue 01a09a60-86bf-7646-b782-e23fc7230249 01a09a60
project / apply	UNKNOWN STEP	2026-09-13T11:21:50.4239514Z ~ issue 01a08ff0-0bae-741e-9318-331fdafe0b96 IO11 parent 01a08ff0-0b99-7315-99b0-7e7f340fa6f9
project / apply	UNKNOWN STEP	2026-09-13T11:21:50.4352351Z Post job cleanup.
project / apply	UNKNOWN STEP	2026-09-13T11:21:50.5177177Z [command]/usr/bin/git version
project / apply	UNKNOWN STEP	2026-09-13T11:21:50.5222740Z git version 2.55.0
project / apply	UNKNOWN STEP	2026-09-13T11:21:50.5267707Z Temporarily overriding HOME='/home/runner/work/_temp/2353a4eb-57b7-4ee1-a7cc-9bf2006314ab' before making global git config changes
project / apply	UNKNOWN STEP	2026-09-13T11:21:50.5268997Z Adding repository directory to the temporary git global config as a safe directory
project / apply	UNKNOWN STEP	2026-09-13T11:21:50.5273541Z [command]/usr/bin/git config --global --add safe.directory /home/runner/work/slime_os/slime_os/.myque-gh-projector
project / apply	UNKNOWN STEP	2026-09-13T11:21:50.5307359Z Removing SSH command configuration
project / apply	UNKNOWN STEP	2026-09-13T11:21:50.5314502Z [command]/usr/bin/git config --local --name-only --get-regexp core\.sshCommand
project / apply	UNKNOWN STEP	2026-09-13T11:21:50.5350679Z [command]/usr/bin/git submodule foreach --recursive sh -c "git config --local --name-only --get-regexp 'core\.sshCommand' && git config --local --unset-all 'core.sshCommand' || :"
project / apply	UNKNOWN STEP	2026-09-13T11:21:50.5604477Z Removing HTTP extra header
project / apply	UNKNOWN STEP	2026-09-13T11:21:50.5614061Z [command]/usr/bin/git config --local --name-only --get-regexp http\.https\:\/\/github\.com\/\.extraheader
project / apply	UNKNOWN STEP	2026-09-13T11:21:50.5666399Z [command]/usr/bin/git submodule foreach --recursive sh -c "git config --local --name-only --get-regexp 'http\.https\:\/\/github\.com\/\.extraheader' && git config --local --unset-all 'http.https://github.com/.extraheader' || :"
project / apply	UNKNOWN STEP	2026-09-13T11:21:50.5916180Z Removing includeIf entries pointing to credentials config files
project / apply	UNKNOWN STEP	2026-09-13T11:21:50.5923452Z [command]/usr/bin/git config --local --name-only --get-regexp ^includeIf\.gitdir:
project / apply	UNKNOWN STEP	2026-09-13T11:21:50.5958954Z includeif.gitdir:/home/runner/work/slime_os/slime_os/.myque-gh-projector/.git.path
project / apply	UNKNOWN STEP	2026-09-13T11:21:50.5960670Z includeif.gitdir:/home/runner/work/slime_os/slime_os/.myque-gh-projector/.git/worktrees/*.path
project / apply	UNKNOWN STEP	2026-09-13T11:21:50.5961826Z includeif.gitdir:/github/workspace/.myque-gh-projector/.git.path
project / apply	UNKNOWN STEP	2026-09-13T11:21:50.5962917Z includeif.gitdir:/github/workspace/.myque-gh-projector/.git/worktrees/*.path
project / apply	UNKNOWN STEP	2026-09-13T11:21:50.5969605Z [command]/usr/bin/git config --local --get-all includeif.gitdir:/home/runner/work/slime_os/slime_os/.myque-gh-projector/.git.path
project / apply	UNKNOWN STEP	2026-09-13T11:21:50.5996104Z /home/runner/work/_temp/git-credentials-22ddd041-79bb-4529-a471-6ad519a37f83.config
project / apply	UNKNOWN STEP	2026-09-13T11:21:50.6010860Z [command]/usr/bin/git config --local --unset includeif.gitdir:/home/runner/work/slime_os/slime_os/.myque-gh-projector/.git.path \/home\/runner\/work\/_temp\/git\-credentials\-22ddd041\-79bb\-4529\-a471\-6ad519a37f83\.config
project / apply	UNKNOWN STEP	2026-09-13T11:21:50.6058852Z [command]/usr/bin/git config --local --get-all includeif.gitdir:/home/runner/work/slime_os/slime_os/.myque-gh-projector/.git/worktrees/*.path
project / apply	UNKNOWN STEP	2026-09-13T11:21:50.6089800Z /home/runner/work/_temp/git-credentials-22ddd041-79bb-4529-a471-6ad519a37f83.config
project / apply	UNKNOWN STEP	2026-09-13T11:21:50.6100368Z [command]/usr/bin/git config --local --unset includeif.gitdir:/home/runner/work/slime_os/slime_os/.myque-gh-projector/.git/worktrees/*.path \/home\/runner\/work\/_temp\/git\-credentials\-22ddd041\-79bb\-4529\-a471\-6ad519a37f83\.config
project / apply	UNKNOWN STEP	2026-09-13T11:21:50.6149308Z [command]/usr/bin/git config --local --get-all includeif.gitdir:/github/workspace/.myque-gh-projector/.git.path
project / apply	UNKNOWN STEP	2026-09-13T11:21:50.6180965Z /github/runner_temp/git-credentials-22ddd041-79bb-4529-a471-6ad519a37f83.config
project / apply	UNKNOWN STEP	2026-09-13T11:21:50.6189192Z [command]/usr/bin/git config --local --unset includeif.gitdir:/github/workspace/.myque-gh-projector/.git.path \/github\/runner_temp\/git\-credentials\-22ddd041\-79bb\-4529\-a471\-6ad519a37f83\.config
project / apply	UNKNOWN STEP	2026-09-13T11:21:50.6225994Z [command]/usr/bin/git config --local --get-all includeif.gitdir:/github/workspace/.myque-gh-projector/.git/worktrees/*.path
project / apply	UNKNOWN STEP	2026-09-13T11:21:50.6252470Z /github/runner_temp/git-credentials-22ddd041-79bb-4529-a471-6ad519a37f83.config
project / apply	UNKNOWN STEP	2026-09-13T11:21:50.6263864Z [command]/usr/bin/git config --local --unset includeif.gitdir:/github/workspace/.myque-gh-projector/.git/worktrees/*.path \/github\/runner_temp\/git\-credentials\-22ddd041\-79bb\-4529\-a471\-6ad519a37f83\.config
project / apply	UNKNOWN STEP	2026-09-13T11:21:50.6307703Z [command]/usr/bin/git submodule foreach --recursive git config --local --show-origin --name-only --get-regexp remote.origin.url
project / apply	UNKNOWN STEP	2026-09-13T11:21:50.6558538Z Removing credentials config '/home/runner/work/_temp/git-credentials-22ddd041-79bb-4529-a471-6ad519a37f83.config'
project / apply	UNKNOWN STEP	2026-09-13T11:21:50.6733344Z Post job cleanup.
project / apply	UNKNOWN STEP	2026-09-13T11:21:50.7580270Z [command]/usr/bin/git version
project / apply	UNKNOWN STEP	2026-09-13T11:21:50.7613314Z git version 2.55.0
project / apply	UNKNOWN STEP	2026-09-13T11:21:50.7659147Z Temporarily overriding HOME='/home/runner/work/_temp/2e0a56f9-2c36-474a-93cc-67856a498036' before making global git config changes
project / apply	UNKNOWN STEP	2026-09-13T11:21:50.7660448Z Adding repository directory to the temporary git global config as a safe directory
project / apply	UNKNOWN STEP	2026-09-13T11:21:50.7664963Z [command]/usr/bin/git config --global --add safe.directory /home/runner/work/slime_os/slime_os
project / apply	UNKNOWN STEP	2026-09-13T11:21:50.7696834Z Removing SSH command configuration
project / apply	UNKNOWN STEP	2026-09-13T11:21:50.7703734Z [command]/usr/bin/git config --local --name-only --get-regexp core\.sshCommand
project / apply	UNKNOWN STEP	2026-09-13T11:21:50.7743810Z [command]/usr/bin/git submodule foreach --recursive sh -c "git config --local --name-only --get-regexp 'core\.sshCommand' && git config --local --unset-all 'core.sshCommand' || :"
project / apply	UNKNOWN STEP	2026-09-13T11:21:50.8013948Z Removing HTTP extra header
project / apply	UNKNOWN STEP	2026-09-13T11:21:50.8020913Z [command]/usr/bin/git config --local --name-only --get-regexp http\.https\:\/\/github\.com\/\.extraheader
project / apply	UNKNOWN STEP	2026-09-13T11:21:50.8060527Z [command]/usr/bin/git submodule foreach --recursive sh -c "git config --local --name-only --get-regexp 'http\.https\:\/\/github\.com\/\.extraheader' && git config --local --unset-all 'http.https://github.com/.extraheader' || :"
project / apply	UNKNOWN STEP	2026-09-13T11:21:50.8312016Z Removing includeIf entries pointing to credentials config files
project / apply	UNKNOWN STEP	2026-09-13T11:21:50.8319551Z [command]/usr/bin/git config --local --name-only --get-regexp ^includeIf\.gitdir:
project / apply	UNKNOWN STEP	2026-09-13T11:21:50.8348720Z includeif.gitdir:/home/runner/work/slime_os/slime_os/.git.path
project / apply	UNKNOWN STEP	2026-09-13T11:21:50.8350215Z includeif.gitdir:/home/runner/work/slime_os/slime_os/.git/worktrees/*.path
project / apply	UNKNOWN STEP	2026-09-13T11:21:50.8351942Z includeif.gitdir:/github/workspace/.git.path
project / apply	UNKNOWN STEP	2026-09-13T11:21:50.8352810Z includeif.gitdir:/github/workspace/.git/worktrees/*.path
project / apply	UNKNOWN STEP	2026-09-13T11:21:50.8361659Z [command]/usr/bin/git config --local --get-all includeif.gitdir:/home/runner/work/slime_os/slime_os/.git.path
project / apply	UNKNOWN STEP	2026-09-13T11:21:50.8392443Z /home/runner/work/_temp/git-credentials-1c24fbdc-8fe1-43c7-b4f8-b81efeed9a1e.config
project / apply	UNKNOWN STEP	2026-09-13T11:21:50.8402914Z [command]/usr/bin/git config --local --unset includeif.gitdir:/home/runner/work/slime_os/slime_os/.git.path \/home\/runner\/work\/_temp\/git\-credentials\-1c24fbdc\-8fe1\-43c7\-b4f8\-b81efeed9a1e\.config
project / apply	UNKNOWN STEP	2026-09-13T11:21:50.8447814Z [command]/usr/bin/git config --local --get-all includeif.gitdir:/home/runner/work/slime_os/slime_os/.git/worktrees/*.path
project / apply	UNKNOWN STEP	2026-09-13T11:21:50.8479351Z /home/runner/work/_temp/git-credentials-1c24fbdc-8fe1-43c7-b4f8-b81efeed9a1e.config
project / apply	UNKNOWN STEP	2026-09-13T11:21:50.8485673Z [command]/usr/bin/git config --local --unset includeif.gitdir:/home/runner/work/slime_os/slime_os/.git/worktrees/*.path \/home\/runner\/work\/_temp\/git\-credentials\-1c24fbdc\-8fe1\-43c7\-b4f8\-b81efeed9a1e\.config
project / apply	UNKNOWN STEP	2026-09-13T11:21:50.8589934Z [command]/usr/bin/git config --local --get-all includeif.gitdir:/github/workspace/.git.path
project / apply	UNKNOWN STEP	2026-09-13T11:21:50.8619882Z /github/runner_temp/git-credentials-1c24fbdc-8fe1-43c7-b4f8-b81efeed9a1e.config
project / apply	UNKNOWN STEP	2026-09-13T11:21:50.8627656Z [command]/usr/bin/git config --local --unset includeif.gitdir:/github/workspace/.git.path \/github\/runner_temp\/git\-credentials\-1c24fbdc\-8fe1\-43c7\-b4f8\-b81efeed9a1e\.config
project / apply	UNKNOWN STEP	2026-09-13T11:21:50.8667908Z [command]/usr/bin/git config --local --get-all includeif.gitdir:/github/workspace/.git/worktrees/*.path
project / apply	UNKNOWN STEP	2026-09-13T11:21:50.8698083Z /github/runner_temp/git-credentials-1c24fbdc-8fe1-43c7-b4f8-b81efeed9a1e.config
project / apply	UNKNOWN STEP	2026-09-13T11:21:50.8706858Z [command]/usr/bin/git config --local --unset includeif.gitdir:/github/workspace/.git/worktrees/*.path \/github\/runner_temp\/git\-credentials\-1c24fbdc\-8fe1\-43c7\-b4f8\-b81efeed9a1e\.config
project / apply	UNKNOWN STEP	2026-09-13T11:21:50.8750119Z [command]/usr/bin/git submodule foreach --recursive git config --local --show-origin --name-only --get-regexp remote.origin.url
project / apply	UNKNOWN STEP	2026-09-13T11:21:50.9000979Z Removing credentials config '/home/runner/work/_temp/git-credentials-1c24fbdc-8fe1-43c7-b4f8-b81efeed9a1e.config'
project / apply	UNKNOWN STEP	2026-09-13T11:21:50.9190263Z Cleaning up orphan processes
