seL4 kernel loader | INFO   Starting loader
seL4 kernel loader | DEBUG  Platform info: PlatformInfo {
    memory: [
        0x60000000..0x80000000,
    ],
    devices: [
        0x0..0x8000000,
        0x8001000..0x8010000,
        0x8011000..0x8030000,
        0x8031000..0x60000000,
        0x80000000..0x10000000000,
    ],
}
seL4 kernel loader | DEBUG  Loader footprint: 0x60280000..0x603b8f70
seL4 kernel loader | DEBUG  Payload info: ArchivedPayloadInfo {
    kernel_entry: 0x8060000000,
    user_image: ArchivedUserImageInfo {
        ui_p_reg_start: 0x7fc98000,
        ui_p_reg_end: 0x80000000,
        pv_offset: 0x7fa98000,
        v_entry: 0x2bd920,
    },
    dtb: Some(
        ArchivedDtbInfo {
            addr_p: 0x7fc96000,
            size: 0x1e84,
        },
    ),
}
seL4 kernel loader | DEBUG  Payload regions:
seL4 kernel loader | DEBUG      0x60000000 (filesz = 0x240000, memsz = 0x311a0)
seL4 kernel loader | DEBUG      0x7fc98000 (filesz = 0xea468, memsz = 0xea468)
seL4 kernel loader | DEBUG      0x7fd83468 (filesz = 0x27c9d0, memsz = 0x1808)
seL4 kernel loader | DEBUG      0x7fc96000 (filesz = 0x1e84, memsz = 0x1e84)
seL4 kernel loader | DEBUG  Copying payload data
seL4 kernel loader | INFO   Entering kernel
Bootstrapping kernel
Warning: Could not infer GIC interrupt target ID, assuming 0.
Available phys memory regions: 1
  [60000000..80000000)
Reserved virt address space regions: 3
  [8060000000..8060240000)
  [807fc96000..807fc97e84)
  [807fc98000..8080000000)
Booting all finished, dropped to user space
SLIME_ROOT allocator slots=3141 untypeds=27 bytes=530823536
SLIME_TIMER acquired irq=30 freq_hz=62500000
SLIME_TIMER delivered badge=0x1 polls=9143
SLIME_TIMER serviced events=1 programming=Disarm
SLIME_TIMER advanced start=886250 end=1600375 delta=714125
SLIME_TIMER OK
SLIME_FOUNDATION frames independent objects_delta=2 slots_delta=2 bytes_delta=8192 caps_deleted=2
SLIME_ROOT devices untypeds=35
SLIME_ROOT virtio probed granules=4 slots=32 found=0
SLIME_ROOT plan slots required=762 available=3132
SLIME_ROOT generation admitted number=1 executables=7 instances=7 grants=15 health=2 bootstrap=1
SLIME_ROOT fabric graph=admitted schemas=2 routes=2 participants=6 interpositions=0
SLIME_ROOT authority manifest=[93, 13, 6f, ec, 06, 3a, b9, fc, 91, dc, 92, 7c, f3, 3e, e6, a7, 9a, 2c, a1, 88, 98, b8, 2a, 79, fb, 57, ef, 50, a9, e1, b2, f5]
SLIME_ROOT graph admitted executables=7 instances=7 slimecm=0 elf=7 unrecognized=0
SLIME_GRAPH schedule instance=init priority=254 default=254
SLIME_GRAPH threads instance=init count=1
[0m[1m<<[0m[32mseL4(CPU 0)[0m[1m [decodeCNodeInvocation/107 T0x807fc8a400 "rootserver" @2d2de4]: CNode Copy/Mint/Move/Mutate: Source slot invalid or empty.>>[0m
[0m[1m<<[0m[32mseL4(CPU 0)[0m[1m [decodeCNodeInvocation/95 T0x807fc8a400 "rootserver" @2d2de4]: CNode Copy/Mint/Move/Mutate: Destination not empty.>>[0m
[0m[1m<<[0m[32mseL4(CPU 0)[0m[1m [decodeCNodeInvocation/95 T0x807fc8a400 "rootserver" @2d2de4]: CNode Copy/Mint/Move/Mutate: Destination not empty.>>[0m
[0m[1m<<[0m[32mseL4(CPU 0)[0m[1m [decodeCNodeInvocation/95 T0x807fc8a400 "rootserver" @2d2de4]: CNode Copy/Mint/Move/Mutate: Destination not empty.>>[0m
[0m[1m<<[0m[32mseL4(CPU 0)[0m[1m [decodeCNodeInvocation/95 T0x807fc8a400 "rootserver" @2d2de4]: CNode Copy/Mint/Move/Mutate: Destination not empty.>>[0m
[0m[1m<<[0m[32mseL4(CPU 0)[0m[1m [decodeCNodeInvocation/107 T0x807fc8a400 "rootserver" @2d2de4]: CNode Copy/Mint/Move/Mutate: Source slot invalid or empty.>>[0m
[0m[1m<<[0m[32mseL4(CPU 0)[0m[1m [decodeCNodeInvocation/107 T0x807fc8a400 "rootserver" @2d2de4]: CNode Copy/Mint/Move/Mutate: Source slot invalid or empty.>>[0m
[0m[1m<<[0m[32mseL4(CPU 0)[0m[1m [decodeCNodeInvocation/107 T0x807fc8a400 "rootserver" @2d2de4]: CNode Copy/Mint/Move/Mutate: Source slot invalid or empty.>>[0m
[0m[1m<<[0m[32mseL4(CPU 0)[0m[1m [decodeCNodeInvocation/107 T0x807fc8a400 "rootserver" @2d2de4]: CNode Copy/Mint/Move/Mutate: Source slot invalid or empty.>>[0m
[0m[1m<<[0m[32mseL4(CPU 0)[0m[1m [decodeCNodeInvocation/107 T0x807fc8a400 "rootserver" @2d2de4]: CNode Copy/Mint/Move/Mutate: Source slot invalid or empty.>>[0m
[0m[1m<<[0m[32mseL4(CPU 0)[0m[1m [decodeCNodeInvocation/107 T0x807fc8a400 "rootserver" @2d2de4]: CNode Copy/Mint/Move/Mutate: Source slot invalid or empty.>>[0m
[0m[1m<<[0m[32mseL4(CPU 0)[0m[1m [decodeCNodeInvocation/107 T0x807fc8a400 "rootserver" @2d2de4]: CNode Copy/Mint/Move/Mutate: Source slot invalid or empty.>>[0m
[0m[1m<<[0m[32mseL4(CPU 0)[0m[1m [decodeCNodeInvocation/107 T0x807fc8a400 "rootserver" @2d2de4]: CNode Copy/Mint/Move/Mutate: Source slot invalid or empty.>>[0m
[0m[1m<<[0m[32mseL4(CPU 0)[0m[1m [decodeCNodeInvocation/107 T0x807fc8a400 "rootserver" @2d2de4]: CNode Copy/Mint/Move/Mutate: Source slot invalid or empty.>>[0m
[0m[1m<<[0m[32mseL4(CPU 0)[0m[1m [decodeCNodeInvocation/107 T0x807fc8a400 "rootserver" @2d2de4]: CNode Copy/Mint/Move/Mutate: Source slot invalid or empty.>>[0m
[0m[1m<<[0m[32mseL4(CPU 0)[0m[1m [decodeCNodeInvocation/107 T0x807fc8a400 "rootserver" @2d2de4]: CNode Copy/Mint/Move/Mutate: Source slot invalid or empty.>>[0m
[0m[1m<<[0m[32mseL4(CPU 0)[0m[1m [decodeCNodeInvocation/107 T0x807fc8a400 "rootserver" @2d2de4]: CNode Copy/Mint/Move/Mutate: Source slot invalid or empty.>>[0m
[0m[1m<<[0m[32mseL4(CPU 0)[0m[1m [decodeCNodeInvocation/107 T0x807fc8a400 "rootserver" @2d2de4]: CNode Copy/Mint/Move/Mutate: Source slot invalid or empty.>>[0m
[0m[1m<<[0m[32mseL4(CPU 0)[0m[1m [decodeCNodeInvocation/107 T0x807fc8a400 "rootserver" @2d2de4]: CNode Copy/Mint/Move/Mutate: Source slot invalid or empty.>>[0m
[0m[1m<<[0m[32mseL4(CPU 0)[0m[1m [decodeCNodeInvocation/107 T0x807fc8a400 "rootserver" @2d2de4]: CNode Copy/Mint/Move/Mutate: Source slot invalid or empty.>>[0m
[0m[1m<<[0m[32mseL4(CPU 0)[0m[1m [decodeCNodeInvocation/107 T0x807fc8a400 "rootserver" @2d2de4]: CNode Copy/Mint/Move/Mutate: Source slot invalid or empty.>>[0m
[0m[1m<<[0m[32mseL4(CPU 0)[0m[1m [decodeCNodeInvocation/107 T0x807fc8a400 "rootserver" @2d2de4]: CNode Copy/Mint/Move/Mutate: Source slot invalid or empty.>>[0m
[0m[1m<<[0m[32mseL4(CPU 0)[0m[1m [decodeCNodeInvocation/107 T0x807fc8a400 "rootserver" @2d2de4]: CNode Copy/Mint/Move/Mutate: Source slot invalid or empty.>>[0m
[0m[1m<<[0m[32mseL4(CPU 0)[0m[1m [decodeCNodeInvocation/107 T0x807fc8a400 "rootserver" @2d2de4]: CNode Copy/Mint/Move/Mutate: Source slot invalid or empty.>>[0m
[0m[1m<<[0m[32mseL4(CPU 0)[0m[1m [decodeCNodeInvocation/107 T0x807fc8a400 "rootserver" @2d2de4]: CNode Copy/Mint/Move/Mutate: Source slot invalid or empty.>>[0m
[0m[1m<<[0m[32mseL4(CPU 0)[0m[1m [decodeCNodeInvocation/107 T0x807fc8a400 "rootserver" @2d2de4]: CNode Copy/Mint/Move/Mutate: Source slot invalid or empty.>>[0m
[0m[1m<<[0m[32mseL4(CPU 0)[0m[1m [decodeCNodeInvocation/107 T0x807fc8a400 "rootserver" @2d2de4]: CNode Copy/Mint/Move/Mutate: Source slot invalid or empty.>>[0m
[0m[1m<<[0m[32mseL4(CPU 0)[0m[1m [decodeCNodeInvocation/107 T0x807fc8a400 "rootserver" @2d2de4]: CNode Copy/Mint/Move/Mutate: Source slot invalid or empty.>>[0m
[0m[1m<<[0m[32mseL4(CPU 0)[0m[1m [decodeCNodeInvocation/107 T0x807fc8a400 "rootserver" @2d2de4]: CNode Copy/Mint/Move/Mutate: Source slot invalid or empty.>>[0m
[0m[1m<<[0m[32mseL4(CPU 0)[0m[1m [decodeCNodeInvocation/107 T0x807fc8a400 "rootserver" @2d2de4]: CNode Copy/Mint/Move/Mutate: Source slot invalid or empty.>>[0m
[0m[1m<<[0m[32mseL4(CPU 0)[0m[1m [decodeCNodeInvocation/107 T0x807fc8a400 "rootserver" @2d2de4]: CNode Copy/Mint/Move/Mutate: Source slot invalid or empty.>>[0m
[0m[1m<<[0m[32mseL4(CPU 0)[0m[1m [decodeCNodeInvocation/107 T0x807fc8a400 "rootserver" @2d2de4]: CNode Copy/Mint/Move/Mutate: Source slot invalid or empty.>>[0m
[0m[1m<<[0m[32mseL4(CPU 0)[0m[1m [decodeCNodeInvocation/95 T0x807fc8a400 "rootserver" @2d2de4]: CNode Copy/Mint/Move/Mutate: Destination not empty.>>[0m
[0m[1m<<[0m[32mseL4(CPU 0)[0m[1m [decodeCNodeInvocation/107 T0x807fc8a400 "rootserver" @2d2de4]: CNode Copy/Mint/Move/Mutate: Source slot invalid or empty.>>[0m
[0m[1m<<[0m[32mseL4(CPU 0)[0m[1m [decodeCNodeInvocation/107 T0x807fc8a400 "rootserver" @2d2de4]: CNode Copy/Mint/Move/Mutate: Source slot invalid or empty.>>[0m
[0m[1m<<[0m[32mseL4(CPU 0)[0m[1m [decodeCNodeInvocation/107 T0x807fc8a400 "rootserver" @2d2de4]: CNode Copy/Mint/Move/Mutate: Source slot invalid or empty.>>[0m
[0m[1m<<[0m[32mseL4(CPU 0)[0m[1m [decodeCNodeInvocation/107 T0x807fc8a400 "rootserver" @2d2de4]: CNode Copy/Mint/Move/Mutate: Source slot invalid or empty.>>[0m
[0m[1m<<[0m[32mseL4(CPU 0)[0m[1m [decodeCNodeInvocation/107 T0x807fc8a400 "rootserver" @2d2de4]: CNode Copy/Mint/Move/Mutate: Source slot invalid or empty.>>[0m
[0m[1m<<[0m[32mseL4(CPU 0)[0m[1m [decodeCNodeInvocation/107 T0x807fc8a400 "rootserver" @2d2de4]: CNode Copy/Mint/Move/Mutate: Source slot invalid or empty.>>[0m
[0m[1m<<[0m[32mseL4(CPU 0)[0m[1m [decodeCNodeInvocation/107 T0x807fc8a400 "rootserver" @2d2de4]: CNode Copy/Mint/Move/Mutate: Source slot invalid or empty.>>[0m
[0m[1m<<[0m[32mseL4(CPU 0)[0m[1m [decodeCNodeInvocation/107 T0x807fc8a400 "rootserver" @2d2de4]: CNode Copy/Mint/Move/Mutate: Source slot invalid or empty.>>[0m
[0m[1m<<[0m[32mseL4(CPU 0)[0m[1m [decodeCNodeInvocation/107 T0x807fc8a400 "rootserver" @2d2de4]: CNode Copy/Mint/Move/Mutate: Source slot invalid or empty.>>[0m
[0m[1m<<[0m[32mseL4(CPU 0)[0m[1m [decodeCNodeInvocation/107 T0x807fc8a400 "rootserver" @2d2de4]: CNode Copy/Mint/Move/Mutate: Source slot invalid or empty.>>[0m
[0m[1m<<[0m[32mseL4(CPU 0)[0m[1m [decodeCNodeInvocation/107 T0x807fc8a400 "rootserver" @2d2de4]: CNode Copy/Mint/Move/Mutate: Source slot invalid or empty.>>[0m
[0m[1m<<[0m[32mseL4(CPU 0)[0m[1m [decodeCNodeInvocation/107 T0x807fc8a400 "rootserver" @2d2de4]: CNode Copy/Mint/Move/Mutate: Source slot invalid or empty.>>[0m
[0m[1m<<[0m[32mseL4(CPU 0)[0m[1m [decodeCNodeInvocation/107 T0x807fc8a400 "rootserver" @2d2de4]: CNode Copy/Mint/Move/Mutate: Source slot invalid or empty.>>[0m
[0m[1m<<[0m[32mseL4(CPU 0)[0m[1m [decodeCNodeInvocation/107 T0x807fc8a400 "rootserver" @2d2de4]: CNode Copy/Mint/Move/Mutate: Source slot invalid or empty.>>[0m
[0m[1m<<[0m[32mseL4(CPU 0)[0m[1m [decodeCNodeInvocation/107 T0x807fc8a400 "rootserver" @2d2de4]: CNode Copy/Mint/Move/Mutate: Source slot invalid or empty.>>[0m
[0m[1m<<[0m[32mseL4(CPU 0)[0m[1m [decodeCNodeInvocation/107 T0x807fc8a400 "rootserver" @2d2de4]: CNode Copy/Mint/Move/Mutate: Source slot invalid or empty.>>[0m
[0m[1m<<[0m[32mseL4(CPU 0)[0m[1m [decodeCNodeInvocation/107 T0x807fc8a400 "rootserver" @2d2de4]: CNode Copy/Mint/Move/Mutate: Source slot invalid or empty.>>[0m
[0m[1m<<[0m[32mseL4(CPU 0)[0m[1m [decodeCNodeInvocation/107 T0x807fc8a400 "rootserver" @2d2de4]: CNode Copy/Mint/Move/Mutate: Source slot invalid or empty.>>[0m
[0m[1m<<[0m[32mseL4(CPU 0)[0m[1m [decodeCNodeInvocation/107 T0x807fc8a400 "rootserver" @2d2de4]: CNode Copy/Mint/Move/Mutate: Source slot invalid or empty.>>[0m
[0m[1m<<[0m[32mseL4(CPU 0)[0m[1m [decodeCNodeInvocation/107 T0x807fc8a400 "rootserver" @2d2de4]: CNode Copy/Mint/Move/Mutate: Source slot invalid or empty.>>[0m
[0m[1m<<[0m[32mseL4(CPU 0)[0m[1m [decodeCNodeInvocation/107 T0x807fc8a400 "rootserver" @2d2de4]: CNode Copy/Mint/Move/Mutate: Source slot invalid or empty.>>[0m
[0m[1m<<[0m[32mseL4(CPU 0)[0m[1m [decodeCNodeInvocation/107 T0x807fc8a400 "rootserver" @2d2de4]: CNode Copy/Mint/Move/Mutate: Source slot invalid or empty.>>[0m
[0m[1m<<[0m[32mseL4(CPU 0)[0m[1m [decodeCNodeInvocation/107 T0x807fc8a400 "rootserver" @2d2de4]: CNode Copy/Mint/Move/Mutate: Source slot invalid or empty.>>[0m
[0m[1m<<[0m[32mseL4(CPU 0)[0m[1m [decodeCNodeInvocation/107 T0x807fc8a400 "rootserver" @2d2de4]: CNode Copy/Mint/Move/Mutate: Source slot invalid or empty.>>[0m
[0m[1m<<[0m[32mseL4(CPU 0)[0m[1m [decodeCNodeInvocation/107 T0x807fc8a400 "rootserver" @2d2de4]: CNode Copy/Mint/Move/Mutate: Source slot invalid or empty.>>[0m
[0m[1m<<[0m[32mseL4(CPU 0)[0m[1m [decodeCNodeInvocation/107 T0x807fc8a400 "rootserver" @2d2de4]: CNode Copy/Mint/Move/Mutate: Source slot invalid or empty.>>[0m
[0m[1m<<[0m[32mseL4(CPU 0)[0m[1m [decodeCNodeInvocation/107 T0x807fc8a400 "rootserver" @2d2de4]: CNode Copy/Mint/Move/Mutate: Source slot invalid or empty.>>[0m
[0m[1m<<[0m[32mseL4(CPU 0)[0m[1m [decodeCNodeInvocation/107 T0x807fc8a400 "rootserver" @2d2de4]: CNode Copy/Mint/Move/Mutate: Source slot invalid or empty.>>[0m
[0m[1m<<[0m[32mseL4(CPU 0)[0m[1m [decodeCNodeInvocation/107 T0x807fc8a400 "rootserver" @2d2de4]: CNode Copy/Mint/Move/Mutate: Source slot invalid or empty.>>[0m
[0m[1m<<[0m[32mseL4(CPU 0)[0m[1m [decodeCNodeInvocation/107 T0x807fc8a400 "rootserver" @2d2de4]: CNode Copy/Mint/Move/Mutate: Source slot invalid or empty.>>[0m
[0m[1m<<[0m[32mseL4(CPU 0)[0m[1m [decodeCNodeInvocation/107 T0x807fc8a400 "rootserver" @2d2de4]: CNode Copy/Mint/Move/Mutate: Source slot invalid or empty.>>[0m
[0m[1m<<[0m[32mseL4(CPU 0)[0m[1m [decodeCNodeInvocation/107 T0x807fc8a400 "rootserver" @2d2de4]: CNode Copy/Mint/Move/Mutate: Source slot invalid or empty.>>[0m
[0m[1m<<[0m[32mseL4(CPU 0)[0m[1m [decodeCNodeInvocation/107 T0x807fc8a400 "rootserver" @2d2de4]: CNode Copy/Mint/Move/Mutate: Source slot invalid or empty.>>[0m
[0m[1m<<[0m[32mseL4(CPU 0)[0m[1m [decodeCNodeInvocation/107 T0x807fc8a400 "rootserver" @2d2de4]: CNode Copy/Mint/Move/Mutate: Source slot invalid or empty.>>[0m
[0m[1m<<[0m[32mseL4(CPU 0)[0m[1m [decodeCNodeInvocation/107 T0x807fc8a400 "rootserver" @2d2de4]: CNode Copy/Mint/Move/Mutate: Source slot invalid or empty.>>[0m
[0m[1m<<[0m[32mseL4(CPU 0)[0m[1m [decodeCNodeInvocation/107 T0x807fc8a400 "rootserver" @2d2de4]: CNode Copy/Mint/Move/Mutate: Source slot invalid or empty.>>[0m
[0m[1m<<[0m[32mseL4(CPU 0)[0m[1m [decodeCNodeInvocation/107 T0x807fc8a400 "rootserver" @2d2de4]: CNode Copy/Mint/Move/Mutate: Source slot invalid or empty.>>[0m
[0m[1m<<[0m[32mseL4(CPU 0)[0m[1m [decodeCNodeInvocation/107 T0x807fc8a400 "rootserver" @2d2de4]: CNode Copy/Mint/Move/Mutate: Source slot invalid or empty.>>[0m
[0m[1m<<[0m[32mseL4(CPU 0)[0m[1m [decodeCNodeInvocation/107 T0x807fc8a400 "rootserver" @2d2de4]: CNode Copy/Mint/Move/Mutate: Source slot invalid or empty.>>[0m
[0m[1m<<[0m[32mseL4(CPU 0)[0m[1m [decodeCNodeInvocation/107 T0x807fc8a400 "rootserver" @2d2de4]: CNode Copy/Mint/Move/Mutate: Source slot invalid or empty.>>[0m
[0m[1m<<[0m[32mseL4(CPU 0)[0m[1m [decodeCNodeInvocation/107 T0x807fc8a400 "rootserver" @2d2de4]: CNode Copy/Mint/Move/Mutate: Source slot invalid or empty.>>[0m
[0m[1m<<[0m[32mseL4(CPU 0)[0m[1m [decodeCNodeInvocation/107 T0x807fc8a400 "rootserver" @2d2de4]: CNode Copy/Mint/Move/Mutate: Source slot invalid or empty.>>[0m
[0m[1m<<[0m[32mseL4(CPU 0)[0m[1m [decodeCNodeInvocation/107 T0x807fc8a400 "rootserver" @2d2de4]: CNode Copy/Mint/Move/Mutate: Source slot invalid or empty.>>[0m
[0m[1m<<[0m[32mseL4(CPU 0)[0m[1m [decodeCNodeInvocation/107 T0x807fc8a400 "rootserver" @2d2de4]: CNode Copy/Mint/Move/Mutate: Source slot invalid or empty.>>[0m
[0m[1m<<[0m[32mseL4(CPU 0)[0m[1m [decodeCNodeInvocation/107 T0x807fc8a400 "rootserver" @2d2de4]: CNode Copy/Mint/Move/Mutate: Source slot invalid or empty.>>[0m
[0m[1m<<[0m[32mseL4(CPU 0)[0m[1m [decodeCNodeInvocation/107 T0x807fc8a400 "rootserver" @2d2de4]: CNode Copy/Mint/Move/Mutate: Source slot invalid or empty.>>[0m
[0m[1m<<[0m[32mseL4(CPU 0)[0m[1m [decodeCNodeInvocation/107 T0x807fc8a400 "rootserver" @2d2de4]: CNode Copy/Mint/Move/Mutate: Source slot invalid or empty.>>[0m
[0m[1m<<[0m[32mseL4(CPU 0)[0m[1m [decodeCNodeInvocation/107 T0x807fc8a400 "rootserver" @2d2de4]: CNode Copy/Mint/Move/Mutate: Source slot invalid or empty.>>[0m
[0m[1m<<[0m[32mseL4(CPU 0)[0m[1m [decodeCNodeInvocation/107 T0x807fc8a400 "rootserver" @2d2de4]: CNode Copy/Mint/Move/Mutate: Source slot invalid or empty.>>[0m
[0m[1m<<[0m[32mseL4(CPU 0)[0m[1m [decodeCNodeInvocation/107 T0x807fc8a400 "rootserver" @2d2de4]: CNode Copy/Mint/Move/Mutate: Source slot invalid or empty.>>[0m
[0m[1m<<[0m[32mseL4(CPU 0)[0m[1m [decodeCNodeInvocation/107 T0x807fc8a400 "rootserver" @2d2de4]: CNode Copy/Mint/Move/Mutate: Source slot invalid or empty.>>[0m
[0m[1m<<[0m[32mseL4(CPU 0)[0m[1m [decodeCNodeInvocation/107 T0x807fc8a400 "rootserver" @2d2de4]: CNode Copy/Mint/Move/Mutate: Source slot invalid or empty.>>[0m
[0m[1m<<[0m[32mseL4(CPU 0)[0m[1m [decodeCNodeInvocation/107 T0x807fc8a400 "rootserver" @2d2de4]: CNode Copy/Mint/Move/Mutate: Source slot invalid or empty.>>[0m
[0m[1m<<[0m[32mseL4(CPU 0)[0m[1m [decodeCNodeInvocation/107 T0x807fc8a400 "rootserver" @2d2de4]: CNode Copy/Mint/Move/Mutate: Source slot invalid or empty.>>[0m
[0m[1m<<[0m[32mseL4(CPU 0)[0m[1m [decodeCNodeInvocation/107 T0x807fc8a400 "rootserver" @2d2de4]: CNode Copy/Mint/Move/Mutate: Source slot invalid or empty.>>[0m
[0m[1m<<[0m[32mseL4(CPU 0)[0m[1m [decodeCNodeInvocation/107 T0x807fc8a400 "rootserver" @2d2de4]: CNode Copy/Mint/Move/Mutate: Source slot invalid or empty.>>[0m
[0m[1m<<[0m[32mseL4(CPU 0)[0m[1m [decodeCNodeInvocation/107 T0x807fc8a400 "rootserver" @2d2de4]: CNode Copy/Mint/Move/Mutate: Source slot invalid or empty.>>[0m
[0m[1m<<[0m[32mseL4(CPU 0)[0m[1m [decodeCNodeInvocation/107 T0x807fc8a400 "rootserver" @2d2de4]: CNode Copy/Mint/Move/Mutate: Source slot invalid or empty.>>[0m
[0m[1m<<[0m[32mseL4(CPU 0)[0m[1m [decodeCNodeInvocation/107 T0x807fc8a400 "rootserver" @2d2de4]: CNode Copy/Mint/Move/Mutate: Source slot invalid or empty.>>[0m
[0m[1m<<[0m[32mseL4(CPU 0)[0m[1m [decodeCNodeInvocation/107 T0x807fc8a400 "rootserver" @2d2de4]: CNode Copy/Mint/Move/Mutate: Source slot invalid or empty.>>[0m
[0m[1m<<[0m[32mseL4(CPU 0)[0m[1m [decodeCNodeInvocation/107 T0x807fc8a400 "rootserver" @2d2de4]: CNode Copy/Mint/Move/Mutate: Source slot invalid or empty.>>[0m
[0m[1m<<[0m[32mseL4(CPU 0)[0m[1m [decodeCNodeInvocation/107 T0x807fc8a400 "rootserver" @2d2de4]: CNode Copy/Mint/Move/Mutate: Source slot invalid or empty.>>[0m
[0m[1m<<[0m[32mseL4(CPU 0)[0m[1m [decodeCNodeInvocation/107 T0x807fc8a400 "rootserver" @2d2de4]: CNode Copy/Mint/Move/Mutate: Source slot invalid or empty.>>[0m
[0m[1m<<[0m[32mseL4(CPU 0)[0m[1m [decodeCNodeInvocation/107 T0x807fc8a400 "rootserver" @2d2de4]: CNode Copy/Mint/Move/Mutate: Source slot invalid or empty.>>[0m
[0m[1m<<[0m[32mseL4(CPU 0)[0m[1m [decodeCNodeInvocation/107 T0x807fc8a400 "rootserver" @2d2de4]: CNode Copy/Mint/Move/Mutate: Source slot invalid or empty.>>[0m
[0m[1m<<[0m[32mseL4(CPU 0)[0m[1m [decodeCNodeInvocation/107 T0x807fc8a400 "rootserver" @2d2de4]: CNode Copy/Mint/Move/Mutate: Source slot invalid or empty.>>[0m
[0m[1m<<[0m[32mseL4(CPU 0)[0m[1m [decodeCNodeInvocation/107 T0x807fc8a400 "rootserver" @2d2de4]: CNode Copy/Mint/Move/Mutate: Source slot invalid or empty.>>[0m
[0m[1m<<[0m[32mseL4(CPU 0)[0m[1m [decodeCNodeInvocation/107 T0x807fc8a400 "rootserver" @2d2de4]: CNode Copy/Mint/Move/Mutate: Source slot invalid or empty.>>[0m
[0m[1m<<[0m[32mseL4(CPU 0)[0m[1m [decodeCNodeInvocation/107 T0x807fc8a400 "rootserver" @2d2de4]: CNode Copy/Mint/Move/Mutate: Source slot invalid or empty.>>[0m
[0m[1m<<[0m[32mseL4(CPU 0)[0m[1m [decodeCNodeInvocation/107 T0x807fc8a400 "rootserver" @2d2de4]: CNode Copy/Mint/Move/Mutate: Source slot invalid or empty.>>[0m
[0m[1m<<[0m[32mseL4(CPU 0)[0m[1m [decodeCNodeInvocation/107 T0x807fc8a400 "rootserver" @2d2de4]: CNode Copy/Mint/Move/Mutate: Source slot invalid or empty.>>[0m
[0m[1m<<[0m[32mseL4(CPU 0)[0m[1m [decodeCNodeInvocation/107 T0x807fc8a400 "rootserver" @2d2de4]: CNode Copy/Mint/Move/Mutate: Source slot invalid or empty.>>[0m
[0m[1m<<[0m[32mseL4(CPU 0)[0m[1m [decodeCNodeInvocation/107 T0x807fc8a400 "rootserver" @2d2de4]: CNode Copy/Mint/Move/Mutate: Source slot invalid or empty.>>[0m
[0m[1m<<[0m[32mseL4(CPU 0)[0m[1m [decodeCNodeInvocation/107 T0x807fc8a400 "rootserver" @2d2de4]: CNode Copy/Mint/Move/Mutate: Source slot invalid or empty.>>[0m
[0m[1m<<[0m[32mseL4(CPU 0)[0m[1m [decodeCNodeInvocation/107 T0x807fc8a400 "rootserver" @2d2de4]: CNode Copy/Mint/Move/Mutate: Source slot invalid or empty.>>[0m
[0m[1m<<[0m[32mseL4(CPU 0)[0m[1m [decodeCNodeInvocation/107 T0x807fc8a400 "rootserver" @2d2de4]: CNode Copy/Mint/Move/Mutate: Source slot invalid or empty.>>[0m
[0m[1m<<[0m[32mseL4(CPU 0)[0m[1m [decodeCNodeInvocation/107 T0x807fc8a400 "rootserver" @2d2de4]: CNode Copy/Mint/Move/Mutate: Source slot invalid or empty.>>[0m
[0m[1m<<[0m[32mseL4(CPU 0)[0m[1m [decodeCNodeInvocation/107 T0x807fc8a400 "rootserver" @2d2de4]: CNode Copy/Mint/Move/Mutate: Source slot invalid or empty.>>[0m
[0m[1m<<[0m[32mseL4(CPU 0)[0m[1m [decodeCNodeInvocation/107 T0x807fc8a400 "rootserver" @2d2de4]: CNode Copy/Mint/Move/Mutate: Source slot invalid or empty.>>[0m
[0m[1m<<[0m[32mseL4(CPU 0)[0m[1m [decodeCNodeInvocation/107 T0x807fc8a400 "rootserver" @2d2de4]: CNode Copy/Mint/Move/Mutate: Source slot invalid or empty.>>[0m
[0m[1m<<[0m[32mseL4(CPU 0)[0m[1m [decodeCNodeInvocation/107 T0x807fc8a400 "rootserver" @2d2de4]: CNode Copy/Mint/Move/Mutate: Source slot invalid or empty.>>[0m
[0m[1m<<[0m[32mseL4(CPU 0)[0m[1m [decodeCNodeInvocation/107 T0x807fc8a400 "rootserver" @2d2de4]: CNode Copy/Mint/Move/Mutate: Source slot invalid or empty.>>[0m
[0m[1m<<[0m[32mseL4(CPU 0)[0m[1m [decodeCNodeInvocation/107 T0x807fc8a400 "rootserver" @2d2de4]: CNode Copy/Mint/Move/Mutate: Source slot invalid or empty.>>[0m
[0m[1m<<[0m[32mseL4(CPU 0)[0m[1m [decodeCNodeInvocation/107 T0x807fc8a400 "rootserver" @2d2de4]: CNode Copy/Mint/Move/Mutate: Source slot invalid or empty.>>[0m
[0m[1m<<[0m[32mseL4(CPU 0)[0m[1m [decodeCNodeInvocation/107 T0x807fc8a400 "rootserver" @2d2de4]: CNode Copy/Mint/Move/Mutate: Source slot invalid or empty.>>[0m
[0m[1m<<[0m[32mseL4(CPU 0)[0m[1m [decodeCNodeInvocation/107 T0x807fc8a400 "rootserver" @2d2de4]: CNode Copy/Mint/Move/Mutate: Source slot invalid or empty.>>[0m
[0m[1m<<[0m[32mseL4(CPU 0)[0m[1m [decodeCNodeInvocation/107 T0x807fc8a400 "rootserver" @2d2de4]: CNode Copy/Mint/Move/Mutate: Source slot invalid or empty.>>[0m
[0m[1m<<[0m[32mseL4(CPU 0)[0m[1m [decodeCNodeInvocation/107 T0x807fc8a400 "rootserver" @2d2de4]: CNode Copy/Mint/Move/Mutate: Source slot invalid or empty.>>[0m
[0m[1m<<[0m[32mseL4(CPU 0)[0m[1m [decodeCNodeInvocation/107 T0x807fc8a400 "rootserver" @2d2de4]: CNode Copy/Mint/Move/Mutate: Source slot invalid or empty.>>[0m
[0m[1m<<[0m[32mseL4(CPU 0)[0m[1m [decodeCNodeInvocation/107 T0x807fc8a400 "rootserver" @2d2de4]: CNode Copy/Mint/Move/Mutate: Source slot invalid or empty.>>[0m
[0m[1m<<[0m[32mseL4(CPU 0)[0m[1m [decodeCNodeInvocation/107 T0x807fc8a400 "rootserver" @2d2de4]: CNode Copy/Mint/Move/Mutate: Source slot invalid or empty.>>[0m
[0m[1m<<[0m[32mseL4(CPU 0)[0m[1m [decodeCNodeInvocation/107 T0x807fc8a400 "rootserver" @2d2de4]: CNode Copy/Mint/Move/Mutate: Source slot invalid or empty.>>[0m
[0m[1m<<[0m[32mseL4(CPU 0)[0m[1m [decodeCNodeInvocation/107 T0x807fc8a400 "rootserver" @2d2de4]: CNode Copy/Mint/Move/Mutate: Source slot invalid or empty.>>[0m
[0m[1m<<[0m[32mseL4(CPU 0)[0m[1m [decodeCNodeInvocation/107 T0x807fc8a400 "rootserver" @2d2de4]: CNode Copy/Mint/Move/Mutate: Source slot invalid or empty.>>[0m
[0m[1m<<[0m[32mseL4(CPU 0)[0m[1m [decodeCNodeInvocation/107 T0x807fc8a400 "rootserver" @2d2de4]: CNode Copy/Mint/Move/Mutate: Source slot invalid or empty.>>[0m
SLIME_GRAPH factory placed task=0 component=init slot=8 kind=shared-buffer-factory
SLIME_GRAPH staged task=0 instance=init executable=init grants=7 bindings=7 window=0x23c000 frames=61 tables=3 entry=0x213c10
SLIME_GRAPH staged instances=1 root_autostart=1 loadable_executables=7 slimecm=0 wrong_target=0 unrecognized=0
SLIME_GRAPH endpoint grant=fabric-intruder-control producer_instance=3 consumer_instance=0
SLIME_GRAPH endpoint grant=fabric-publisher-b-control producer_instance=3 consumer_instance=2
SLIME_GRAPH endpoint grant=fabric-publisher-control producer_instance=3 consumer_instance=1
SLIME_GRAPH endpoint grant=fabric-publisher-probe producer_instance=1 consumer_instance=3
SLIME_GRAPH endpoint grant=fabric-subscriber-b-control producer_instance=3 consumer_instance=5
SLIME_GRAPH endpoint grant=fabric-subscriber-control producer_instance=3 consumer_instance=4
SLIME_GRAPH endpoint grant=fabric-subscriber-probe producer_instance=3 consumer_instance=4
SLIME_GRAPH peer endpoints created=7 grants=7 installed=0
SLIME_GRAPH notification grant=fabric-publisher-b-diagnostics-credit source_instance=3 target_instance=2
SLIME_GRAPH notification grant=fabric-publisher-b-diagnostics-ready source_instance=2 target_instance=3
SLIME_GRAPH notification grant=fabric-publisher-b-telemetry-credit source_instance=3 target_instance=2
SLIME_GRAPH notification grant=fabric-publisher-b-telemetry-ready source_instance=2 target_instance=3
SLIME_GRAPH notification grant=fabric-publisher-telemetry-credit source_instance=3 target_instance=1
SLIME_GRAPH notification grant=fabric-publisher-telemetry-ready source_instance=1 target_instance=3
SLIME_GRAPH notification grant=fabric-subscriber-b-diagnostics-credit source_instance=5 target_instance=3
SLIME_GRAPH notification grant=fabric-subscriber-b-diagnostics-ready source_instance=3 target_instance=5
SLIME_GRAPH notification grant=fabric-subscriber-b-telemetry-credit source_instance=5 target_instance=3
SLIME_GRAPH notification grant=fabric-subscriber-b-telemetry-ready source_instance=3 target_instance=5
SLIME_GRAPH notification grant=fabric-subscriber-telemetry-credit source_instance=4 target_instance=3
SLIME_GRAPH notification grant=fabric-subscriber-telemetry-ready source_instance=3 target_instance=4
SLIME_GRAPH notifications created=12 bindings=0
[layout] path=init slots=7 max=64
[layout] 1 executable fabric-intruder 0x10008
[layout] 2 executable fabric-publisher 0x10008
[layout] 3 executable fabric-publisher-b 0x10008
[layout] 4 executable fabric-service 0x10008
[layout] 5 executable fabric-subscriber 0x10008
[layout] 6 executable fabric-subscriber-b 0x10008
[layout] 8 shared-buffer-factory - 0x1000000
[layout] end
SLIME_GRAPH activated instances=1
SLIME_GRAPH quota task=0 instance=init executable=init pages=0 buffers=0 mappings=0 loans=0
SLIME_GRAPH quotas declared=1 budgeted=0 holders=5
SLIME_ROOT console dispatcher started
SLIME_ROOT allocator baseline live_slots=100 live_objects=97 live_bytes=827952
[init] fabric control channels minted
SLIME_GRAPH spawn authorized task=0 slot=2 component=fabric-publisher grants=0
SLIME_GRAPH schedule instance=fabric-publisher priority=254 default=254
[0m[1m<<[0m[32mseL4(CPU 0)[0m[1m [decodeCNodeInvocation/107 T0x807fc8a400 "rootserver" @2d2de4]: CNode Copy/Mint/Move/Mutate: Source slot invalid or empty.>>[0m
[0m[1m<<[0m[32mseL4(CPU 0)[0m[1m [decodeCNodeInvocation/95 T0x807fc8a400 "rootserver" @2d2de4]: CNode Copy/Mint/Move/Mutate: Destination not empty.>>[0m
[0m[1m<<[0m[32mseL4(CPU 0)[0m[1m [decodeCNodeInvocation/95 T0x807fc8a400 "rootserver" @2d2de4]: CNode Copy/Mint/Move/Mutate: Destination not empty.>>[0m
[0m[1m<<[0m[32mseL4(CPU 0)[0m[1m [decodeCNodeInvocation/95 T0x807fc8a400 "rootserver" @2d2de4]: CNode Copy/Mint/Move/Mutate: Destination not empty.>>[0m
[0m[1m<<[0m[32mseL4(CPU 0)[0m[1m [decodeCNodeInvocation/95 T0x807fc8a400 "rootserver" @2d2de4]: CNode Copy/Mint/Move/Mutate: Destination not empty.>>[0m
[0m[1m<<[0m[32mseL4(CPU 0)[0m[1m [decodeCNodeInvocation/107 T0x807fc8a400 "rootserver" @2d2de4]: CNode Copy/Mint/Move/Mutate: Source slot invalid or empty.>>[0m
[0m[1m<<[0m[32mseL4(CPU 0)[0m[1m [decodeCNodeInvocation/107 T0x807fc8a400 "rootserver" @2d2de4]: CNode Copy/Mint/Move/Mutate: Source slot invalid or empty.>>[0m
[0m[1m<<[0m[32mseL4(CPU 0)[0m[1m [decodeCNodeInvocation/107 T0x807fc8a400 "rootserver" @2d2de4]: CNode Copy/Mint/Move/Mutate: Source slot invalid or empty.>>[0m
[0m[1m<<[0m[32mseL4(CPU 0)[0m[1m [decodeCNodeInvocation/107 T0x807fc8a400 "rootserver" @2d2de4]: CNode Copy/Mint/Move/Mutate: Source slot invalid or empty.>>[0m
[0m[1m<<[0m[32mseL4(CPU 0)[0m[1m [decodeCNodeInvocation/107 T0x807fc8a400 "rootserver" @2d2de4]: CNode Copy/Mint/Move/Mutate: Source slot invalid or empty.>>[0m
[0m[1m<<[0m[32mseL4(CPU 0)[0m[1m [decodeCNodeInvocation/107 T0x807fc8a400 "rootserver" @2d2de4]: CNode Copy/Mint/Move/Mutate: Source slot invalid or empty.>>[0m
[0m[1m<<[0m[32mseL4(CPU 0)[0m[1m [decodeCNodeInvocation/107 T0x807fc8a400 "rootserver" @2d2de4]: CNode Copy/Mint/Move/Mutate: Source slot invalid or empty.>>[0m
[0m[1m<<[0m[32mseL4(CPU 0)[0m[1m [decodeCNodeInvocation/107 T0x807fc8a400 "rootserver" @2d2de4]: CNode Copy/Mint/Move/Mutate: Source slot invalid or empty.>>[0m
[0m[1m<<[0m[32mseL4(CPU 0)[0m[1m [decodeCNodeInvocation/107 T0x807fc8a400 "rootserver" @2d2de4]: CNode Copy/Mint/Move/Mutate: Source slot invalid or empty.>>[0m
[0m[1m<<[0m[32mseL4(CPU 0)[0m[1m [decodeCNodeInvocation/107 T0x807fc8a400 "rootserver" @2d2de4]: CNode Copy/Mint/Move/Mutate: Source slot invalid or empty.>>[0m
[0m[1m<<[0m[32mseL4(CPU 0)[0m[1m [decodeCNodeInvocation/107 T0x807fc8a400 "rootserver" @2d2de4]: CNode Copy/Mint/Move/Mutate: Source slot invalid or empty.>>[0m
[0m[1m<<[0m[32mseL4(CPU 0)[0m[1m [decodeCNodeInvocation/107 T0x807fc8a400 "rootserver" @2d2de4]: CNode Copy/Mint/Move/Mutate: Source slot invalid or empty.>>[0m
[0m[1m<<[0m[32mseL4(CPU 0)[0m[1m [decodeCNodeInvocation/107 T0x807fc8a400 "rootserver" @2d2de4]: CNode Copy/Mint/Move/Mutate: Source slot invalid or empty.>>[0m
[0m[1m<<[0m[32mseL4(CPU 0)[0m[1m [decodeCNodeInvocation/107 T0x807fc8a400 "rootserver" @2d2de4]: CNode Copy/Mint/Move/Mutate: Source slot invalid or empty.>>[0m
[0m[1m<<[0m[32mseL4(CPU 0)[0m[1m [decodeCNodeInvocation/107 T0x807fc8a400 "rootserver" @2d2de4]: CNode Copy/Mint/Move/Mutate: Source slot invalid or empty.>>[0m
[0m[1m<<[0m[32mseL4(CPU 0)[0m[1m [decodeCNodeInvocation/107 T0x807fc8a400 "rootserver" @2d2de4]: CNode Copy/Mint/Move/Mutate: Source slot invalid or empty.>>[0m
[0m[1m<<[0m[32mseL4(CPU 0)[0m[1m [decodeCNodeInvocation/107 T0x807fc8a400 "rootserver" @2d2de4]: CNode Copy/Mint/Move/Mutate: Source slot invalid or empty.>>[0m
[0m[1m<<[0m[32mseL4(CPU 0)[0m[1m [decodeCNodeInvocation/107 T0x807fc8a400 "rootserver" @2d2de4]: CNode Copy/Mint/Move/Mutate: Source slot invalid or empty.>>[0m
[0m[1m<<[0m[32mseL4(CPU 0)[0m[1m [decodeCNodeInvocation/107 T0x807fc8a400 "rootserver" @2d2de4]: CNode Copy/Mint/Move/Mutate: Source slot invalid or empty.>>[0m
[0m[1m<<[0m[32mseL4(CPU 0)[0m[1m [decodeCNodeInvocation/107 T0x807fc8a400 "rootserver" @2d2de4]: CNode Copy/Mint/Move/Mutate: Source slot invalid or empty.>>[0m
[0m[1m<<[0m[32mseL4(CPU 0)[0m[1m [decodeCNodeInvocation/107 T0x807fc8a400 "rootserver" @2d2de4]: CNode Copy/Mint/Move/Mutate: Source slot invalid or empty.>>[0m
[0m[1m<<[0m[32mseL4(CPU 0)[0m[1m [decodeCNodeInvocation/107 T0x807fc8a400 "rootserver" @2d2de4]: CNode Copy/Mint/Move/Mutate: Source slot invalid or empty.>>[0m
[0m[1m<<[0m[32mseL4(CPU 0)[0m[1m [decodeCNodeInvocation/107 T0x807fc8a400 "rootserver" @2d2de4]: CNode Copy/Mint/Move/Mutate: Source slot invalid or empty.>>[0m
[0m[1m<<[0m[32mseL4(CPU 0)[0m[1m [decodeCNodeInvocation/107 T0x807fc8a400 "rootserver" @2d2de4]: CNode Copy/Mint/Move/Mutate: Source slot invalid or empty.>>[0m
[0m[1m<<[0m[32mseL4(CPU 0)[0m[1m [decodeCNodeInvocation/107 T0x807fc8a400 "rootserver" @2d2de4]: CNode Copy/Mint/Move/Mutate: Source slot invalid or empty.>>[0m
[0m[1m<<[0m[32mseL4(CPU 0)[0m[1m [decodeCNodeInvocation/107 T0x807fc8a400 "rootserver" @2d2de4]: CNode Copy/Mint/Move/Mutate: Source slot invalid or empty.>>[0m
[0m[1m<<[0m[32mseL4(CPU 0)[0m[1m [decodeCNodeInvocation/107 T0x807fc8a400 "rootserver" @2d2de4]: CNode Copy/Mint/Move/Mutate: Source slot invalid or empty.>>[0m
[0m[1m<<[0m[32mseL4(CPU 0)[0m[1m [decodeCNodeInvocation/95 T0x807fc8a400 "rootserver" @2d2de4]: CNode Copy/Mint/Move/Mutate: Destination not empty.>>[0m
[0m[1m<<[0m[32mseL4(CPU 0)[0m[1m [decodeCNodeInvocation/107 T0x807fc8a400 "rootserver" @2d2de4]: CNode Copy/Mint/Move/Mutate: Source slot invalid or empty.>>[0m
[0m[1m<<[0m[32mseL4(CPU 0)[0m[1m [decodeCNodeInvocation/107 T0x807fc8a400 "rootserver" @2d2de4]: CNode Copy/Mint/Move/Mutate: Source slot invalid or empty.>>[0m
[0m[1m<<[0m[32mseL4(CPU 0)[0m[1m [decodeCNodeInvocation/107 T0x807fc8a400 "rootserver" @2d2de4]: CNode Copy/Mint/Move/Mutate: Source slot invalid or empty.>>[0m
[0m[1m<<[0m[32mseL4(CPU 0)[0m[1m [decodeCNodeInvocation/107 T0x807fc8a400 "rootserver" @2d2de4]: CNode Copy/Mint/Move/Mutate: Source slot invalid or empty.>>[0m
[0m[1m<<[0m[32mseL4(CPU 0)[0m[1m [decodeCNodeInvocation/107 T0x807fc8a400 "rootserver" @2d2de4]: CNode Copy/Mint/Move/Mutate: Source slot invalid or empty.>>[0m
[0m[1m<<[0m[32mseL4(CPU 0)[0m[1m [decodeCNodeInvocation/107 T0x807fc8a400 "rootserver" @2d2de4]: CNode Copy/Mint/Move/Mutate: Source slot invalid or empty.>>[0m
[0m[1m<<[0m[32mseL4(CPU 0)[0m[1m [decodeCNodeInvocation/107 T0x807fc8a400 "rootserver" @2d2de4]: CNode Copy/Mint/Move/Mutate: Source slot invalid or empty.>>[0m
[0m[1m<<[0m[32mseL4(CPU 0)[0m[1m [decodeCNodeInvocation/107 T0x807fc8a400 "rootserver" @2d2de4]: CNode Copy/Mint/Move/Mutate: Source slot invalid or empty.>>[0m
[0m[1m<<[0m[32mseL4(CPU 0)[0m[1m [decodeCNodeInvocation/107 T0x807fc8a400 "rootserver" @2d2de4]: CNode Copy/Mint/Move/Mutate: Source slot invalid or empty.>>[0m
[0m[1m<<[0m[32mseL4(CPU 0)[0m[1m [decodeCNodeInvocation/107 T0x807fc8a400 "rootserver" @2d2de4]: CNode Copy/Mint/Move/Mutate: Source slot invalid or empty.>>[0m
[0m[1m<<[0m[32mseL4(CPU 0)[0m[1m [decodeCNodeInvocation/107 T0x807fc8a400 "rootserver" @2d2de4]: CNode Copy/Mint/Move/Mutate: Source slot invalid or empty.>>[0m
[0m[1m<<[0m[32mseL4(CPU 0)[0m[1m [decodeCNodeInvocation/107 T0x807fc8a400 "rootserver" @2d2de4]: CNode Copy/Mint/Move/Mutate: Source slot invalid or empty.>>[0m
[0m[1m<<[0m[32mseL4(CPU 0)[0m[1m [decodeCNodeInvocation/107 T0x807fc8a400 "rootserver" @2d2de4]: CNode Copy/Mint/Move/Mutate: Source slot invalid or empty.>>[0m
[0m[1m<<[0m[32mseL4(CPU 0)[0m[1m [decodeCNodeInvocation/107 T0x807fc8a400 "rootserver" @2d2de4]: CNode Copy/Mint/Move/Mutate: Source slot invalid or empty.>>[0m
[0m[1m<<[0m[32mseL4(CPU 0)[0m[1m [decodeCNodeInvocation/107 T0x807fc8a400 "rootserver" @2d2de4]: CNode Copy/Mint/Move/Mutate: Source slot invalid or empty.>>[0m
[0m[1m<<[0m[32mseL4(CPU 0)[0m[1m [decodeCNodeInvocation/107 T0x807fc8a400 "rootserver" @2d2de4]: CNode Copy/Mint/Move/Mutate: Source slot invalid or empty.>>[0m
[0m[1m<<[0m[32mseL4(CPU 0)[0m[1m [decodeCNodeInvocation/107 T0x807fc8a400 "rootserver" @2d2de4]: CNode Copy/Mint/Move/Mutate: Source slot invalid or empty.>>[0m
[0m[1m<<[0m[32mseL4(CPU 0)[0m[1m [decodeCNodeInvocation/107 T0x807fc8a400 "rootserver" @2d2de4]: CNode Copy/Mint/Move/Mutate: Source slot invalid or empty.>>[0m
[0m[1m<<[0m[32mseL4(CPU 0)[0m[1m [decodeCNodeInvocation/107 T0x807fc8a400 "rootserver" @2d2de4]: CNode Copy/Mint/Move/Mutate: Source slot invalid or empty.>>[0m
[0m[1m<<[0m[32mseL4(CPU 0)[0m[1m [decodeCNodeInvocation/107 T0x807fc8a400 "rootserver" @2d2de4]: CNode Copy/Mint/Move/Mutate: Source slot invalid or empty.>>[0m
[0m[1m<<[0m[32mseL4(CPU 0)[0m[1m [decodeCNodeInvocation/107 T0x807fc8a400 "rootserver" @2d2de4]: CNode Copy/Mint/Move/Mutate: Source slot invalid or empty.>>[0m
[0m[1m<<[0m[32mseL4(CPU 0)[0m[1m [decodeCNodeInvocation/107 T0x807fc8a400 "rootserver" @2d2de4]: CNode Copy/Mint/Move/Mutate: Source slot invalid or empty.>>[0m
[0m[1m<<[0m[32mseL4(CPU 0)[0m[1m [decodeCNodeInvocation/107 T0x807fc8a400 "rootserver" @2d2de4]: CNode Copy/Mint/Move/Mutate: Source slot invalid or empty.>>[0m
[0m[1m<<[0m[32mseL4(CPU 0)[0m[1m [decodeCNodeInvocation/107 T0x807fc8a400 "rootserver" @2d2de4]: CNode Copy/Mint/Move/Mutate: Source slot invalid or empty.>>[0m
[0m[1m<<[0m[32mseL4(CPU 0)[0m[1m [decodeCNodeInvocation/107 T0x807fc8a400 "rootserver" @2d2de4]: CNode Copy/Mint/Move/Mutate: Source slot invalid or empty.>>[0m
[0m[1m<<[0m[32mseL4(CPU 0)[0m[1m [decodeCNodeInvocation/107 T0x807fc8a400 "rootserver" @2d2de4]: CNode Copy/Mint/Move/Mutate: Source slot invalid or empty.>>[0m
[0m[1m<<[0m[32mseL4(CPU 0)[0m[1m [decodeCNodeInvocation/107 T0x807fc8a400 "rootserver" @2d2de4]: CNode Copy/Mint/Move/Mutate: Source slot invalid or empty.>>[0m
[0m[1m<<[0m[32mseL4(CPU 0)[0m[1m [decodeCNodeInvocation/107 T0x807fc8a400 "rootserver" @2d2de4]: CNode Copy/Mint/Move/Mutate: Source slot invalid or empty.>>[0m
[0m[1m<<[0m[32mseL4(CPU 0)[0m[1m [decodeCNodeInvocation/107 T0x807fc8a400 "rootserver" @2d2de4]: CNode Copy/Mint/Move/Mutate: Source slot invalid or empty.>>[0m
[0m[1m<<[0m[32mseL4(CPU 0)[0m[1m [decodeCNodeInvocation/107 T0x807fc8a400 "rootserver" @2d2de4]: CNode Copy/Mint/Move/Mutate: Source slot invalid or empty.>>[0m
[0m[1m<<[0m[32mseL4(CPU 0)[0m[1m [decodeCNodeInvocation/107 T0x807fc8a400 "rootserver" @2d2de4]: CNode Copy/Mint/Move/Mutate: Source slot invalid or empty.>>[0m
[0m[1m<<[0m[32mseL4(CPU 0)[0m[1m [decodeCNodeInvocation/107 T0x807fc8a400 "rootserver" @2d2de4]: CNode Copy/Mint/Move/Mutate: Source slot invalid or empty.>>[0m
[0m[1m<<[0m[32mseL4(CPU 0)[0m[1m [decodeCNodeInvocation/107 T0x807fc8a400 "rootserver" @2d2de4]: CNode Copy/Mint/Move/Mutate: Source slot invalid or empty.>>[0m
[0m[1m<<[0m[32mseL4(CPU 0)[0m[1m [decodeCNodeInvocation/107 T0x807fc8a400 "rootserver" @2d2de4]: CNode Copy/Mint/Move/Mutate: Source slot invalid or empty.>>[0m
[0m[1m<<[0m[32mseL4(CPU 0)[0m[1m [decodeCNodeInvocation/107 T0x807fc8a400 "rootserver" @2d2de4]: CNode Copy/Mint/Move/Mutate: Source slot invalid or empty.>>[0m
[0m[1m<<[0m[32mseL4(CPU 0)[0m[1m [decodeCNodeInvocation/107 T0x807fc8a400 "rootserver" @2d2de4]: CNode Copy/Mint/Move/Mutate: Source slot invalid or empty.>>[0m
[0m[1m<<[0m[32mseL4(CPU 0)[0m[1m [decodeCNodeInvocation/107 T0x807fc8a400 "rootserver" @2d2de4]: CNode Copy/Mint/Move/Mutate: Source slot invalid or empty.>>[0m
[0m[1m<<[0m[32mseL4(CPU 0)[0m[1m [decodeCNodeInvocation/107 T0x807fc8a400 "rootserver" @2d2de4]: CNode Copy/Mint/Move/Mutate: Source slot invalid or empty.>>[0m
[0m[1m<<[0m[32mseL4(CPU 0)[0m[1m [decodeCNodeInvocation/107 T0x807fc8a400 "rootserver" @2d2de4]: CNode Copy/Mint/Move/Mutate: Source slot invalid or empty.>>[0m
[0m[1m<<[0m[32mseL4(CPU 0)[0m[1m [decodeCNodeInvocation/107 T0x807fc8a400 "rootserver" @2d2de4]: CNode Copy/Mint/Move/Mutate: Source slot invalid or empty.>>[0m
[0m[1m<<[0m[32mseL4(CPU 0)[0m[1m [decodeCNodeInvocation/107 T0x807fc8a400 "rootserver" @2d2de4]: CNode Copy/Mint/Move/Mutate: Source slot invalid or empty.>>[0m
[0m[1m<<[0m[32mseL4(CPU 0)[0m[1m [decodeCNodeInvocation/107 T0x807fc8a400 "rootserver" @2d2de4]: CNode Copy/Mint/Move/Mutate: Source slot invalid or empty.>>[0m
[0m[1m<<[0m[32mseL4(CPU 0)[0m[1m [decodeCNodeInvocation/107 T0x807fc8a400 "rootserver" @2d2de4]: CNode Copy/Mint/Move/Mutate: Source slot invalid or empty.>>[0m
[0m[1m<<[0m[32mseL4(CPU 0)[0m[1m [decodeCNodeInvocation/107 T0x807fc8a400 "rootserver" @2d2de4]: CNode Copy/Mint/Move/Mutate: Source slot invalid or empty.>>[0m
[0m[1m<<[0m[32mseL4(CPU 0)[0m[1m [decodeCNodeInvocation/107 T0x807fc8a400 "rootserver" @2d2de4]: CNode Copy/Mint/Move/Mutate: Source slot invalid or empty.>>[0m
[0m[1m<<[0m[32mseL4(CPU 0)[0m[1m [decodeCNodeInvocation/107 T0x807fc8a400 "rootserver" @2d2de4]: CNode Copy/Mint/Move/Mutate: Source slot invalid or empty.>>[0m
[0m[1m<<[0m[32mseL4(CPU 0)[0m[1m [decodeCNodeInvocation/107 T0x807fc8a400 "rootserver" @2d2de4]: CNode Copy/Mint/Move/Mutate: Source slot invalid or empty.>>[0m
[0m[1m<<[0m[32mseL4(CPU 0)[0m[1m [decodeCNodeInvocation/107 T0x807fc8a400 "rootserver" @2d2de4]: CNode Copy/Mint/Move/Mutate: Source slot invalid or empty.>>[0m
[0m[1m<<[0m[32mseL4(CPU 0)[0m[1m [decodeCNodeInvocation/107 T0x807fc8a400 "rootserver" @2d2de4]: CNode Copy/Mint/Move/Mutate: Source slot invalid or empty.>>[0m
[0m[1m<<[0m[32mseL4(CPU 0)[0m[1m [decodeCNodeInvocation/107 T0x807fc8a400 "rootserver" @2d2de4]: CNode Copy/Mint/Move/Mutate: Source slot invalid or empty.>>[0m
[0m[1m<<[0m[32mseL4(CPU 0)[0m[1m [decodeCNodeInvocation/107 T0x807fc8a400 "rootserver" @2d2de4]: CNode Copy/Mint/Move/Mutate: Source slot invalid or empty.>>[0m
[0m[1m<<[0m[32mseL4(CPU 0)[0m[1m [decodeCNodeInvocation/107 T0x807fc8a400 "rootserver" @2d2de4]: CNode Copy/Mint/Move/Mutate: Source slot invalid or empty.>>[0m
[0m[1m<<[0m[32mseL4(CPU 0)[0m[1m [decodeCNodeInvocation/107 T0x807fc8a400 "rootserver" @2d2de4]: CNode Copy/Mint/Move/Mutate: Source slot invalid or empty.>>[0m
[0m[1m<<[0m[32mseL4(CPU 0)[0m[1m [decodeCNodeInvocation/107 T0x807fc8a400 "rootserver" @2d2de4]: CNode Copy/Mint/Move/Mutate: Source slot invalid or empty.>>[0m
[0m[1m<<[0m[32mseL4(CPU 0)[0m[1m [decodeCNodeInvocation/107 T0x807fc8a400 "rootserver" @2d2de4]: CNode Copy/Mint/Move/Mutate: Source slot invalid or empty.>>[0m
[0m[1m<<[0m[32mseL4(CPU 0)[0m[1m [decodeCNodeInvocation/107 T0x807fc8a400 "rootserver" @2d2de4]: CNode Copy/Mint/Move/Mutate: Source slot invalid or empty.>>[0m
[0m[1m<<[0m[32mseL4(CPU 0)[0m[1m [decodeCNodeInvocation/107 T0x807fc8a400 "rootserver" @2d2de4]: CNode Copy/Mint/Move/Mutate: Source slot invalid or empty.>>[0m
[0m[1m<<[0m[32mseL4(CPU 0)[0m[1m [decodeCNodeInvocation/107 T0x807fc8a400 "rootserver" @2d2de4]: CNode Copy/Mint/Move/Mutate: Source slot invalid or empty.>>[0m
[0m[1m<<[0m[32mseL4(CPU 0)[0m[1m [decodeCNodeInvocation/107 T0x807fc8a400 "rootserver" @2d2de4]: CNode Copy/Mint/Move/Mutate: Source slot invalid or empty.>>[0m
[0m[1m<<[0m[32mseL4(CPU 0)[0m[1m [decodeCNodeInvocation/107 T0x807fc8a400 "rootserver" @2d2de4]: CNode Copy/Mint/Move/Mutate: Source slot invalid or empty.>>[0m
[0m[1m<<[0m[32mseL4(CPU 0)[0m[1m [decodeCNodeInvocation/107 T0x807fc8a400 "rootserver" @2d2de4]: CNode Copy/Mint/Move/Mutate: Source slot invalid or empty.>>[0m
[0m[1m<<[0m[32mseL4(CPU 0)[0m[1m [decodeCNodeInvocation/107 T0x807fc8a400 "rootserver" @2d2de4]: CNode Copy/Mint/Move/Mutate: Source slot invalid or empty.>>[0m
[0m[1m<<[0m[32mseL4(CPU 0)[0m[1m [decodeCNodeInvocation/107 T0x807fc8a400 "rootserver" @2d2de4]: CNode Copy/Mint/Move/Mutate: Source slot invalid or empty.>>[0m
[0m[1m<<[0m[32mseL4(CPU 0)[0m[1m [decodeCNodeInvocation/107 T0x807fc8a400 "rootserver" @2d2de4]: CNode Copy/Mint/Move/Mutate: Source slot invalid or empty.>>[0m
[0m[1m<<[0m[32mseL4(CPU 0)[0m[1m [decodeCNodeInvocation/107 T0x807fc8a400 "rootserver" @2d2de4]: CNode Copy/Mint/Move/Mutate: Source slot invalid or empty.>>[0m
[0m[1m<<[0m[32mseL4(CPU 0)[0m[1m [decodeCNodeInvocation/107 T0x807fc8a400 "rootserver" @2d2de4]: CNode Copy/Mint/Move/Mutate: Source slot invalid or empty.>>[0m
[0m[1m<<[0m[32mseL4(CPU 0)[0m[1m [decodeCNodeInvocation/107 T0x807fc8a400 "rootserver" @2d2de4]: CNode Copy/Mint/Move/Mutate: Source slot invalid or empty.>>[0m
[0m[1m<<[0m[32mseL4(CPU 0)[0m[1m [decodeCNodeInvocation/107 T0x807fc8a400 "rootserver" @2d2de4]: CNode Copy/Mint/Move/Mutate: Source slot invalid or empty.>>[0m
[0m[1m<<[0m[32mseL4(CPU 0)[0m[1m [decodeCNodeInvocation/107 T0x807fc8a400 "rootserver" @2d2de4]: CNode Copy/Mint/Move/Mutate: Source slot invalid or empty.>>[0m
[0m[1m<<[0m[32mseL4(CPU 0)[0m[1m [decodeCNodeInvocation/107 T0x807fc8a400 "rootserver" @2d2de4]: CNode Copy/Mint/Move/Mutate: Source slot invalid or empty.>>[0m
[0m[1m<<[0m[32mseL4(CPU 0)[0m[1m [decodeCNodeInvocation/107 T0x807fc8a400 "rootserver" @2d2de4]: CNode Copy/Mint/Move/Mutate: Source slot invalid or empty.>>[0m
[0m[1m<<[0m[32mseL4(CPU 0)[0m[1m [decodeCNodeInvocation/107 T0x807fc8a400 "rootserver" @2d2de4]: CNode Copy/Mint/Move/Mutate: Source slot invalid or empty.>>[0m
[0m[1m<<[0m[32mseL4(CPU 0)[0m[1m [decodeCNodeInvocation/107 T0x807fc8a400 "rootserver" @2d2de4]: CNode Copy/Mint/Move/Mutate: Source slot invalid or empty.>>[0m
[0m[1m<<[0m[32mseL4(CPU 0)[0m[1m [decodeCNodeInvocation/107 T0x807fc8a400 "rootserver" @2d2de4]: CNode Copy/Mint/Move/Mutate: Source slot invalid or empty.>>[0m
[0m[1m<<[0m[32mseL4(CPU 0)[0m[1m [decodeCNodeInvocation/107 T0x807fc8a400 "rootserver" @2d2de4]: CNode Copy/Mint/Move/Mutate: Source slot invalid or empty.>>[0m
[0m[1m<<[0m[32mseL4(CPU 0)[0m[1m [decodeCNodeInvocation/107 T0x807fc8a400 "rootserver" @2d2de4]: CNode Copy/Mint/Move/Mutate: Source slot invalid or empty.>>[0m
[0m[1m<<[0m[32mseL4(CPU 0)[0m[1m [decodeCNodeInvocation/107 T0x807fc8a400 "rootserver" @2d2de4]: CNode Copy/Mint/Move/Mutate: Source slot invalid or empty.>>[0m
[0m[1m<<[0m[32mseL4(CPU 0)[0m[1m [decodeCNodeInvocation/107 T0x807fc8a400 "rootserver" @2d2de4]: CNode Copy/Mint/Move/Mutate: Source slot invalid or empty.>>[0m
[0m[1m<<[0m[32mseL4(CPU 0)[0m[1m [decodeCNodeInvocation/107 T0x807fc8a400 "rootserver" @2d2de4]: CNode Copy/Mint/Move/Mutate: Source slot invalid or empty.>>[0m
[0m[1m<<[0m[32mseL4(CPU 0)[0m[1m [decodeCNodeInvocation/107 T0x807fc8a400 "rootserver" @2d2de4]: CNode Copy/Mint/Move/Mutate: Source slot invalid or empty.>>[0m
[0m[1m<<[0m[32mseL4(CPU 0)[0m[1m [decodeCNodeInvocation/107 T0x807fc8a400 "rootserver" @2d2de4]: CNode Copy/Mint/Move/Mutate: Source slot invalid or empty.>>[0m
[0m[1m<<[0m[32mseL4(CPU 0)[0m[1m [decodeCNodeInvocation/107 T0x807fc8a400 "rootserver" @2d2de4]: CNode Copy/Mint/Move/Mutate: Source slot invalid or empty.>>[0m
[0m[1m<<[0m[32mseL4(CPU 0)[0m[1m [decodeCNodeInvocation/107 T0x807fc8a400 "rootserver" @2d2de4]: CNode Copy/Mint/Move/Mutate: Source slot invalid or empty.>>[0m
[0m[1m<<[0m[32mseL4(CPU 0)[0m[1m [decodeCNodeInvocation/107 T0x807fc8a400 "rootserver" @2d2de4]: CNode Copy/Mint/Move/Mutate: Source slot invalid or empty.>>[0m
[0m[1m<<[0m[32mseL4(CPU 0)[0m[1m [decodeCNodeInvocation/107 T0x807fc8a400 "rootserver" @2d2de4]: CNode Copy/Mint/Move/Mutate: Source slot invalid or empty.>>[0m
[0m[1m<<[0m[32mseL4(CPU 0)[0m[1m [decodeCNodeInvocation/107 T0x807fc8a400 "rootserver" @2d2de4]: CNode Copy/Mint/Move/Mutate: Source slot invalid or empty.>>[0m
[0m[1m<<[0m[32mseL4(CPU 0)[0m[1m [decodeCNodeInvocation/107 T0x807fc8a400 "rootserver" @2d2de4]: CNode Copy/Mint/Move/Mutate: Source slot invalid or empty.>>[0m
[0m[1m<<[0m[32mseL4(CPU 0)[0m[1m [decodeCNodeInvocation/107 T0x807fc8a400 "rootserver" @2d2de4]: CNode Copy/Mint/Move/Mutate: Source slot invalid or empty.>>[0m
[0m[1m<<[0m[32mseL4(CPU 0)[0m[1m [decodeCNodeInvocation/107 T0x807fc8a400 "rootserver" @2d2de4]: CNode Copy/Mint/Move/Mutate: Source slot invalid or empty.>>[0m
[0m[1m<<[0m[32mseL4(CPU 0)[0m[1m [decodeCNodeInvocation/107 T0x807fc8a400 "rootserver" @2d2de4]: CNode Copy/Mint/Move/Mutate: Source slot invalid or empty.>>[0m
[0m[1m<<[0m[32mseL4(CPU 0)[0m[1m [decodeCNodeInvocation/107 T0x807fc8a400 "rootserver" @2d2de4]: CNode Copy/Mint/Move/Mutate: Source slot invalid or empty.>>[0m
[0m[1m<<[0m[32mseL4(CPU 0)[0m[1m [decodeCNodeInvocation/107 T0x807fc8a400 "rootserver" @2d2de4]: CNode Copy/Mint/Move/Mutate: Source slot invalid or empty.>>[0m
[0m[1m<<[0m[32mseL4(CPU 0)[0m[1m [decodeCNodeInvocation/107 T0x807fc8a400 "rootserver" @2d2de4]: CNode Copy/Mint/Move/Mutate: Source slot invalid or empty.>>[0m
[0m[1m<<[0m[32mseL4(CPU 0)[0m[1m [decodeCNodeInvocation/107 T0x807fc8a400 "rootserver" @2d2de4]: CNode Copy/Mint/Move/Mutate: Source slot invalid or empty.>>[0m
[0m[1m<<[0m[32mseL4(CPU 0)[0m[1m [decodeCNodeInvocation/107 T0x807fc8a400 "rootserver" @2d2de4]: CNode Copy/Mint/Move/Mutate: Source slot invalid or empty.>>[0m
SLIME_GRAPH quota task=1 instance=fabric-publisher executable=fabric-publisher pages=4 buffers=0 mappings=4 loans=0
SLIME_GRAPH native endpoint task=1 slot=33 side=both
SLIME_GRAPH native endpoint task=1 slot=34 side=producer
SLIME_GRAPH notification binding task=1 slot=64 role=Signal
SLIME_GRAPH notification binding task=1 slot=65 role=Wait
SLIME_GRAPH spawned task=0 child=1 component=fabric-publisher grants=0 endpoints=2 notifications=2 handle=7
SLIME_GRAPH spawn authorized task=0 slot=5 component=fabric-subscriber grants=0
SLIME_GRAPH schedule instance=fabric-subscriber priority=254 default=254
[0m[1m<<[0m[32mseL4(CPU 0)[0m[1m [decodeCNodeInvocation/107 T0x807fc8a400 "rootserver" @2d2de4]: CNode Copy/Mint/Move/Mutate: Source slot invalid or empty.>>[0m
[0m[1m<<[0m[32mseL4(CPU 0)[0m[1m [decodeCNodeInvocation/95 T0x807fc8a400 "rootserver" @2d2de4]: CNode Copy/Mint/Move/Mutate: Destination not empty.>>[0m
[0m[1m<<[0m[32mseL4(CPU 0)[0m[1m [decodeCNodeInvocation/95 T0x807fc8a400 "rootserver" @2d2de4]: CNode Copy/Mint/Move/Mutate: Destination not empty.>>[0m
[0m[1m<<[0m[32mseL4(CPU 0)[0m[1m [decodeCNodeInvocation/95 T0x807fc8a400 "rootserver" @2d2de4]: CNode Copy/Mint/Move/Mutate: Destination not empty.>>[0m
[0m[1m<<[0m[32mseL4(CPU 0)[0m[1m [decodeCNodeInvocation/95 T0x807fc8a400 "rootserver" @2d2de4]: CNode Copy/Mint/Move/Mutate: Destination not empty.>>[0m
[0m[1m<<[0m[32mseL4(CPU 0)[0m[1m [decodeCNodeInvocation/107 T0x807fc8a400 "rootserver" @2d2de4]: CNode Copy/Mint/Move/Mutate: Source slot invalid or empty.>>[0m
[0m[1m<<[0m[32mseL4(CPU 0)[0m[1m [decodeCNodeInvocation/107 T0x807fc8a400 "rootserver" @2d2de4]: CNode Copy/Mint/Move/Mutate: Source slot invalid or empty.>>[0m
[0m[1m<<[0m[32mseL4(CPU 0)[0m[1m [decodeCNodeInvocation/107 T0x807fc8a400 "rootserver" @2d2de4]: CNode Copy/Mint/Move/Mutate: Source slot invalid or empty.>>[0m
[0m[1m<<[0m[32mseL4(CPU 0)[0m[1m [decodeCNodeInvocation/107 T0x807fc8a400 "rootserver" @2d2de4]: CNode Copy/Mint/Move/Mutate: Source slot invalid or empty.>>[0m
[0m[1m<<[0m[32mseL4(CPU 0)[0m[1m [decodeCNodeInvocation/107 T0x807fc8a400 "rootserver" @2d2de4]: CNode Copy/Mint/Move/Mutate: Source slot invalid or empty.>>[0m
[0m[1m<<[0m[32mseL4(CPU 0)[0m[1m [decodeCNodeInvocation/107 T0x807fc8a400 "rootserver" @2d2de4]: CNode Copy/Mint/Move/Mutate: Source slot invalid or empty.>>[0m
[0m[1m<<[0m[32mseL4(CPU 0)[0m[1m [decodeCNodeInvocation/107 T0x807fc8a400 "rootserver" @2d2de4]: CNode Copy/Mint/Move/Mutate: Source slot invalid or empty.>>[0m
[0m[1m<<[0m[32mseL4(CPU 0)[0m[1m [decodeCNodeInvocation/107 T0x807fc8a400 "rootserver" @2d2de4]: CNode Copy/Mint/Move/Mutate: Source slot invalid or empty.>>[0m
[0m[1m<<[0m[32mseL4(CPU 0)[0m[1m [decodeCNodeInvocation/107 T0x807fc8a400 "rootserver" @2d2de4]: CNode Copy/Mint/Move/Mutate: Source slot invalid or empty.>>[0m
[0m[1m<<[0m[32mseL4(CPU 0)[0m[1m [decodeCNodeInvocation/107 T0x807fc8a400 "rootserver" @2d2de4]: CNode Copy/Mint/Move/Mutate: Source slot invalid or empty.>>[0m
[0m[1m<<[0m[32mseL4(CPU 0)[0m[1m [decodeCNodeInvocation/107 T0x807fc8a400 "rootserver" @2d2de4]: CNode Copy/Mint/Move/Mutate: Source slot invalid or empty.>>[0m
[0m[1m<<[0m[32mseL4(CPU 0)[0m[1m [decodeCNodeInvocation/107 T0x807fc8a400 "rootserver" @2d2de4]: CNode Copy/Mint/Move/Mutate: Source slot invalid or empty.>>[0m
[0m[1m<<[0m[32mseL4(CPU 0)[0m[1m [decodeCNodeInvocation/107 T0x807fc8a400 "rootserver" @2d2de4]: CNode Copy/Mint/Move/Mutate: Source slot invalid or empty.>>[0m
[0m[1m<<[0m[32mseL4(CPU 0)[0m[1m [decodeCNodeInvocation/107 T0x807fc8a400 "rootserver" @2d2de4]: CNode Copy/Mint/Move/Mutate: Source slot invalid or empty.>>[0m
[0m[1m<<[0m[32mseL4(CPU 0)[0m[1m [decodeCNodeInvocation/107 T0x807fc8a400 "rootserver" @2d2de4]: CNode Copy/Mint/Move/Mutate: Source slot invalid or empty.>>[0m
[0m[1m<<[0m[32mseL4(CPU 0)[0m[1m [decodeCNodeInvocation/107 T0x807fc8a400 "rootserver" @2d2de4]: CNode Copy/Mint/Move/Mutate: Source slot invalid or empty.>>[0m
[0m[1m<<[0m[32mseL4(CPU 0)[0m[1m [decodeCNodeInvocation/107 T0x807fc8a400 "rootserver" @2d2de4]: CNode Copy/Mint/Move/Mutate: Source slot invalid or empty.>>[0m
[0m[1m<<[0m[32mseL4(CPU 0)[0m[1m [decodeCNodeInvocation/107 T0x807fc8a400 "rootserver" @2d2de4]: CNode Copy/Mint/Move/Mutate: Source slot invalid or empty.>>[0m
[0m[1m<<[0m[32mseL4(CPU 0)[0m[1m [decodeCNodeInvocation/107 T0x807fc8a400 "rootserver" @2d2de4]: CNode Copy/Mint/Move/Mutate: Source slot invalid or empty.>>[0m
[0m[1m<<[0m[32mseL4(CPU 0)[0m[1m [decodeCNodeInvocation/107 T0x807fc8a400 "rootserver" @2d2de4]: CNode Copy/Mint/Move/Mutate: Source slot invalid or empty.>>[0m
[0m[1m<<[0m[32mseL4(CPU 0)[0m[1m [decodeCNodeInvocation/107 T0x807fc8a400 "rootserver" @2d2de4]: CNode Copy/Mint/Move/Mutate: Source slot invalid or empty.>>[0m
[0m[1m<<[0m[32mseL4(CPU 0)[0m[1m [decodeCNodeInvocation/107 T0x807fc8a400 "rootserver" @2d2de4]: CNode Copy/Mint/Move/Mutate: Source slot invalid or empty.>>[0m
[0m[1m<<[0m[32mseL4(CPU 0)[0m[1m [decodeCNodeInvocation/107 T0x807fc8a400 "rootserver" @2d2de4]: CNode Copy/Mint/Move/Mutate: Source slot invalid or empty.>>[0m
[0m[1m<<[0m[32mseL4(CPU 0)[0m[1m [decodeCNodeInvocation/107 T0x807fc8a400 "rootserver" @2d2de4]: CNode Copy/Mint/Move/Mutate: Source slot invalid or empty.>>[0m
[0m[1m<<[0m[32mseL4(CPU 0)[0m[1m [decodeCNodeInvocation/107 T0x807fc8a400 "rootserver" @2d2de4]: CNode Copy/Mint/Move/Mutate: Source slot invalid or empty.>>[0m
[0m[1m<<[0m[32mseL4(CPU 0)[0m[1m [decodeCNodeInvocation/107 T0x807fc8a400 "rootserver" @2d2de4]: CNode Copy/Mint/Move/Mutate: Source slot invalid or empty.>>[0m
[0m[1m<<[0m[32mseL4(CPU 0)[0m[1m [decodeCNodeInvocation/107 T0x807fc8a400 "rootserver" @2d2de4]: CNode Copy/Mint/Move/Mutate: Source slot invalid or empty.>>[0m
[0m[1m<<[0m[32mseL4(CPU 0)[0m[1m [decodeCNodeInvocation/95 T0x807fc8a400 "rootserver" @2d2de4]: CNode Copy/Mint/Move/Mutate: Destination not empty.>>[0m
[0m[1m<<[0m[32mseL4(CPU 0)[0m[1m [decodeCNodeInvocation/107 T0x807fc8a400 "rootserver" @2d2de4]: CNode Copy/Mint/Move/Mutate: Source slot invalid or empty.>>[0m
[0m[1m<<[0m[32mseL4(CPU 0)[0m[1m [decodeCNodeInvocation/107 T0x807fc8a400 "rootserver" @2d2de4]: CNode Copy/Mint/Move/Mutate: Source slot invalid or empty.>>[0m
[0m[1m<<[0m[32mseL4(CPU 0)[0m[1m [decodeCNodeInvocation/107 T0x807fc8a400 "rootserver" @2d2de4]: CNode Copy/Mint/Move/Mutate: Source slot invalid or empty.>>[0m
[0m[1m<<[0m[32mseL4(CPU 0)[0m[1m [decodeCNodeInvocation/107 T0x807fc8a400 "rootserver" @2d2de4]: CNode Copy/Mint/Move/Mutate: Source slot invalid or empty.>>[0m
[0m[1m<<[0m[32mseL4(CPU 0)[0m[1m [decodeCNodeInvocation/107 T0x807fc8a400 "rootserver" @2d2de4]: CNode Copy/Mint/Move/Mutate: Source slot invalid or empty.>>[0m
[0m[1m<<[0m[32mseL4(CPU 0)[0m[1m [decodeCNodeInvocation/107 T0x807fc8a400 "rootserver" @2d2de4]: CNode Copy/Mint/Move/Mutate: Source slot invalid or empty.>>[0m
[0m[1m<<[0m[32mseL4(CPU 0)[0m[1m [decodeCNodeInvocation/107 T0x807fc8a400 "rootserver" @2d2de4]: CNode Copy/Mint/Move/Mutate: Source slot invalid or empty.>>[0m
[0m[1m<<[0m[32mseL4(CPU 0)[0m[1m [decodeCNodeInvocation/107 T0x807fc8a400 "rootserver" @2d2de4]: CNode Copy/Mint/Move/Mutate: Source slot invalid or empty.>>[0m
[0m[1m<<[0m[32mseL4(CPU 0)[0m[1m [decodeCNodeInvocation/107 T0x807fc8a400 "rootserver" @2d2de4]: CNode Copy/Mint/Move/Mutate: Source slot invalid or empty.>>[0m
[0m[1m<<[0m[32mseL4(CPU 0)[0m[1m [decodeCNodeInvocation/107 T0x807fc8a400 "rootserver" @2d2de4]: CNode Copy/Mint/Move/Mutate: Source slot invalid or empty.>>[0m
[0m[1m<<[0m[32mseL4(CPU 0)[0m[1m [decodeCNodeInvocation/107 T0x807fc8a400 "rootserver" @2d2de4]: CNode Copy/Mint/Move/Mutate: Source slot invalid or empty.>>[0m
[0m[1m<<[0m[32mseL4(CPU 0)[0m[1m [decodeCNodeInvocation/107 T0x807fc8a400 "rootserver" @2d2de4]: CNode Copy/Mint/Move/Mutate: Source slot invalid or empty.>>[0m
[0m[1m<<[0m[32mseL4(CPU 0)[0m[1m [decodeCNodeInvocation/107 T0x807fc8a400 "rootserver" @2d2de4]: CNode Copy/Mint/Move/Mutate: Source slot invalid or empty.>>[0m
[0m[1m<<[0m[32mseL4(CPU 0)[0m[1m [decodeCNodeInvocation/107 T0x807fc8a400 "rootserver" @2d2de4]: CNode Copy/Mint/Move/Mutate: Source slot invalid or empty.>>[0m
[0m[1m<<[0m[32mseL4(CPU 0)[0m[1m [decodeCNodeInvocation/107 T0x807fc8a400 "rootserver" @2d2de4]: CNode Copy/Mint/Move/Mutate: Source slot invalid or empty.>>[0m
[0m[1m<<[0m[32mseL4(CPU 0)[0m[1m [decodeCNodeInvocation/107 T0x807fc8a400 "rootserver" @2d2de4]: CNode Copy/Mint/Move/Mutate: Source slot invalid or empty.>>[0m
[0m[1m<<[0m[32mseL4(CPU 0)[0m[1m [decodeCNodeInvocation/107 T0x807fc8a400 "rootserver" @2d2de4]: CNode Copy/Mint/Move/Mutate: Source slot invalid or empty.>>[0m
[0m[1m<<[0m[32mseL4(CPU 0)[0m[1m [decodeCNodeInvocation/107 T0x807fc8a400 "rootserver" @2d2de4]: CNode Copy/Mint/Move/Mutate: Source slot invalid or empty.>>[0m
[0m[1m<<[0m[32mseL4(CPU 0)[0m[1m [decodeCNodeInvocation/107 T0x807fc8a400 "rootserver" @2d2de4]: CNode Copy/Mint/Move/Mutate: Source slot invalid or empty.>>[0m
[0m[1m<<[0m[32mseL4(CPU 0)[0m[1m [decodeCNodeInvocation/107 T0x807fc8a400 "rootserver" @2d2de4]: CNode Copy/Mint/Move/Mutate: Source slot invalid or empty.>>[0m
[0m[1m<<[0m[32mseL4(CPU 0)[0m[1m [decodeCNodeInvocation/107 T0x807fc8a400 "rootserver" @2d2de4]: CNode Copy/Mint/Move/Mutate: Source slot invalid or empty.>>[0m
[0m[1m<<[0m[32mseL4(CPU 0)[0m[1m [decodeCNodeInvocation/107 T0x807fc8a400 "rootserver" @2d2de4]: CNode Copy/Mint/Move/Mutate: Source slot invalid or empty.>>[0m
[0m[1m<<[0m[32mseL4(CPU 0)[0m[1m [decodeCNodeInvocation/107 T0x807fc8a400 "rootserver" @2d2de4]: CNode Copy/Mint/Move/Mutate: Source slot invalid or empty.>>[0m
[0m[1m<<[0m[32mseL4(CPU 0)[0m[1m [decodeCNodeInvocation/107 T0x807fc8a400 "rootserver" @2d2de4]: CNode Copy/Mint/Move/Mutate: Source slot invalid or empty.>>[0m
[0m[1m<<[0m[32mseL4(CPU 0)[0m[1m [decodeCNodeInvocation/107 T0x807fc8a400 "rootserver" @2d2de4]: CNode Copy/Mint/Move/Mutate: Source slot invalid or empty.>>[0m
[0m[1m<<[0m[32mseL4(CPU 0)[0m[1m [decodeCNodeInvocation/107 T0x807fc8a400 "rootserver" @2d2de4]: CNode Copy/Mint/Move/Mutate: Source slot invalid or empty.>>[0m
[0m[1m<<[0m[32mseL4(CPU 0)[0m[1m [decodeCNodeInvocation/107 T0x807fc8a400 "rootserver" @2d2de4]: CNode Copy/Mint/Move/Mutate: Source slot invalid or empty.>>[0m
[0m[1m<<[0m[32mseL4(CPU 0)[0m[1m [decodeCNodeInvocation/107 T0x807fc8a400 "rootserver" @2d2de4]: CNode Copy/Mint/Move/Mutate: Source slot invalid or empty.>>[0m
[0m[1m<<[0m[32mseL4(CPU 0)[0m[1m [decodeCNodeInvocation/107 T0x807fc8a400 "rootserver" @2d2de4]: CNode Copy/Mint/Move/Mutate: Source slot invalid or empty.>>[0m
[0m[1m<<[0m[32mseL4(CPU 0)[0m[1m [decodeCNodeInvocation/107 T0x807fc8a400 "rootserver" @2d2de4]: CNode Copy/Mint/Move/Mutate: Source slot invalid or empty.>>[0m
[0m[1m<<[0m[32mseL4(CPU 0)[0m[1m [decodeCNodeInvocation/107 T0x807fc8a400 "rootserver" @2d2de4]: CNode Copy/Mint/Move/Mutate: Source slot invalid or empty.>>[0m
[0m[1m<<[0m[32mseL4(CPU 0)[0m[1m [decodeCNodeInvocation/107 T0x807fc8a400 "rootserver" @2d2de4]: CNode Copy/Mint/Move/Mutate: Source slot invalid or empty.>>[0m
[0m[1m<<[0m[32mseL4(CPU 0)[0m[1m [decodeCNodeInvocation/107 T0x807fc8a400 "rootserver" @2d2de4]: CNode Copy/Mint/Move/Mutate: Source slot invalid or empty.>>[0m
[0m[1m<<[0m[32mseL4(CPU 0)[0m[1m [decodeCNodeInvocation/107 T0x807fc8a400 "rootserver" @2d2de4]: CNode Copy/Mint/Move/Mutate: Source slot invalid or empty.>>[0m
[0m[1m<<[0m[32mseL4(CPU 0)[0m[1m [decodeCNodeInvocation/107 T0x807fc8a400 "rootserver" @2d2de4]: CNode Copy/Mint/Move/Mutate: Source slot invalid or empty.>>[0m
[0m[1m<<[0m[32mseL4(CPU 0)[0m[1m [decodeCNodeInvocation/107 T0x807fc8a400 "rootserver" @2d2de4]: CNode Copy/Mint/Move/Mutate: Source slot invalid or empty.>>[0m
[0m[1m<<[0m[32mseL4(CPU 0)[0m[1m [decodeCNodeInvocation/107 T0x807fc8a400 "rootserver" @2d2de4]: CNode Copy/Mint/Move/Mutate: Source slot invalid or empty.>>[0m
[0m[1m<<[0m[32mseL4(CPU 0)[0m[1m [decodeCNodeInvocation/107 T0x807fc8a400 "rootserver" @2d2de4]: CNode Copy/Mint/Move/Mutate: Source slot invalid or empty.>>[0m
[0m[1m<<[0m[32mseL4(CPU 0)[0m[1m [decodeCNodeInvocation/107 T0x807fc8a400 "rootserver" @2d2de4]: CNode Copy/Mint/Move/Mutate: Source slot invalid or empty.>>[0m
[0m[1m<<[0m[32mseL4(CPU 0)[0m[1m [decodeCNodeInvocation/107 T0x807fc8a400 "rootserver" @2d2de4]: CNode Copy/Mint/Move/Mutate: Source slot invalid or empty.>>[0m
[0m[1m<<[0m[32mseL4(CPU 0)[0m[1m [decodeCNodeInvocation/107 T0x807fc8a400 "rootserver" @2d2de4]: CNode Copy/Mint/Move/Mutate: Source slot invalid or empty.>>[0m
[0m[1m<<[0m[32mseL4(CPU 0)[0m[1m [decodeCNodeInvocation/107 T0x807fc8a400 "rootserver" @2d2de4]: CNode Copy/Mint/Move/Mutate: Source slot invalid or empty.>>[0m
[0m[1m<<[0m[32mseL4(CPU 0)[0m[1m [decodeCNodeInvocation/107 T0x807fc8a400 "rootserver" @2d2de4]: CNode Copy/Mint/Move/Mutate: Source slot invalid or empty.>>[0m
[0m[1m<<[0m[32mseL4(CPU 0)[0m[1m [decodeCNodeInvocation/107 T0x807fc8a400 "rootserver" @2d2de4]: CNode Copy/Mint/Move/Mutate: Source slot invalid or empty.>>[0m
[0m[1m<<[0m[32mseL4(CPU 0)[0m[1m [decodeCNodeInvocation/107 T0x807fc8a400 "rootserver" @2d2de4]: CNode Copy/Mint/Move/Mutate: Source slot invalid or empty.>>[0m
[0m[1m<<[0m[32mseL4(CPU 0)[0m[1m [decodeCNodeInvocation/107 T0x807fc8a400 "rootserver" @2d2de4]: CNode Copy/Mint/Move/Mutate: Source slot invalid or empty.>>[0m
[0m[1m<<[0m[32mseL4(CPU 0)[0m[1m [decodeCNodeInvocation/107 T0x807fc8a400 "rootserver" @2d2de4]: CNode Copy/Mint/Move/Mutate: Source slot invalid or empty.>>[0m
[0m[1m<<[0m[32mseL4(CPU 0)[0m[1m [decodeCNodeInvocation/107 T0x807fc8a400 "rootserver" @2d2de4]: CNode Copy/Mint/Move/Mutate: Source slot invalid or empty.>>[0m
[0m[1m<<[0m[32mseL4(CPU 0)[0m[1m [decodeCNodeInvocation/107 T0x807fc8a400 "rootserver" @2d2de4]: CNode Copy/Mint/Move/Mutate: Source slot invalid or empty.>>[0m
[0m[1m<<[0m[32mseL4(CPU 0)[0m[1m [decodeCNodeInvocation/107 T0x807fc8a400 "rootserver" @2d2de4]: CNode Copy/Mint/Move/Mutate: Source slot invalid or empty.>>[0m
[0m[1m<<[0m[32mseL4(CPU 0)[0m[1m [decodeCNodeInvocation/107 T0x807fc8a400 "rootserver" @2d2de4]: CNode Copy/Mint/Move/Mutate: Source slot invalid or empty.>>[0m
[0m[1m<<[0m[32mseL4(CPU 0)[0m[1m [decodeCNodeInvocation/107 T0x807fc8a400 "rootserver" @2d2de4]: CNode Copy/Mint/Move/Mutate: Source slot invalid or empty.>>[0m
[0m[1m<<[0m[32mseL4(CPU 0)[0m[1m [decodeCNodeInvocation/107 T0x807fc8a400 "rootserver" @2d2de4]: CNode Copy/Mint/Move/Mutate: Source slot invalid or empty.>>[0m
[0m[1m<<[0m[32mseL4(CPU 0)[0m[1m [decodeCNodeInvocation/107 T0x807fc8a400 "rootserver" @2d2de4]: CNode Copy/Mint/Move/Mutate: Source slot invalid or empty.>>[0m
[0m[1m<<[0m[32mseL4(CPU 0)[0m[1m [decodeCNodeInvocation/107 T0x807fc8a400 "rootserver" @2d2de4]: CNode Copy/Mint/Move/Mutate: Source slot invalid or empty.>>[0m
[0m[1m<<[0m[32mseL4(CPU 0)[0m[1m [decodeCNodeInvocation/107 T0x807fc8a400 "rootserver" @2d2de4]: CNode Copy/Mint/Move/Mutate: Source slot invalid or empty.>>[0m
[0m[1m<<[0m[32mseL4(CPU 0)[0m[1m [decodeCNodeInvocation/107 T0x807fc8a400 "rootserver" @2d2de4]: CNode Copy/Mint/Move/Mutate: Source slot invalid or empty.>>[0m
[0m[1m<<[0m[32mseL4(CPU 0)[0m[1m [decodeCNodeInvocation/107 T0x807fc8a400 "rootserver" @2d2de4]: CNode Copy/Mint/Move/Mutate: Source slot invalid or empty.>>[0m
[0m[1m<<[0m[32mseL4(CPU 0)[0m[1m [decodeCNodeInvocation/107 T0x807fc8a400 "rootserver" @2d2de4]: CNode Copy/Mint/Move/Mutate: Source slot invalid or empty.>>[0m
[0m[1m<<[0m[32mseL4(CPU 0)[0m[1m [decodeCNodeInvocation/107 T0x807fc8a400 "rootserver" @2d2de4]: CNode Copy/Mint/Move/Mutate: Source slot invalid or empty.>>[0m
[0m[1m<<[0m[32mseL4(CPU 0)[0m[1m [decodeCNodeInvocation/107 T0x807fc8a400 "rootserver" @2d2de4]: CNode Copy/Mint/Move/Mutate: Source slot invalid or empty.>>[0m
[0m[1m<<[0m[32mseL4(CPU 0)[0m[1m [decodeCNodeInvocation/107 T0x807fc8a400 "rootserver" @2d2de4]: CNode Copy/Mint/Move/Mutate: Source slot invalid or empty.>>[0m
[0m[1m<<[0m[32mseL4(CPU 0)[0m[1m [decodeCNodeInvocation/107 T0x807fc8a400 "rootserver" @2d2de4]: CNode Copy/Mint/Move/Mutate: Source slot invalid or empty.>>[0m
[0m[1m<<[0m[32mseL4(CPU 0)[0m[1m [decodeCNodeInvocation/107 T0x807fc8a400 "rootserver" @2d2de4]: CNode Copy/Mint/Move/Mutate: Source slot invalid or empty.>>[0m
[0m[1m<<[0m[32mseL4(CPU 0)[0m[1m [decodeCNodeInvocation/107 T0x807fc8a400 "rootserver" @2d2de4]: CNode Copy/Mint/Move/Mutate: Source slot invalid or empty.>>[0m
[0m[1m<<[0m[32mseL4(CPU 0)[0m[1m [decodeCNodeInvocation/107 T0x807fc8a400 "rootserver" @2d2de4]: CNode Copy/Mint/Move/Mutate: Source slot invalid or empty.>>[0m
[0m[1m<<[0m[32mseL4(CPU 0)[0m[1m [decodeCNodeInvocation/107 T0x807fc8a400 "rootserver" @2d2de4]: CNode Copy/Mint/Move/Mutate: Source slot invalid or empty.>>[0m
[0m[1m<<[0m[32mseL4(CPU 0)[0m[1m [decodeCNodeInvocation/107 T0x807fc8a400 "rootserver" @2d2de4]: CNode Copy/Mint/Move/Mutate: Source slot invalid or empty.>>[0m
[0m[1m<<[0m[32mseL4(CPU 0)[0m[1m [decodeCNodeInvocation/107 T0x807fc8a400 "rootserver" @2d2de4]: CNode Copy/Mint/Move/Mutate: Source slot invalid or empty.>>[0m
[0m[1m<<[0m[32mseL4(CPU 0)[0m[1m [decodeCNodeInvocation/107 T0x807fc8a400 "rootserver" @2d2de4]: CNode Copy/Mint/Move/Mutate: Source slot invalid or empty.>>[0m
[0m[1m<<[0m[32mseL4(CPU 0)[0m[1m [decodeCNodeInvocation/107 T0x807fc8a400 "rootserver" @2d2de4]: CNode Copy/Mint/Move/Mutate: Source slot invalid or empty.>>[0m
[0m[1m<<[0m[32mseL4(CPU 0)[0m[1m [decodeCNodeInvocation/107 T0x807fc8a400 "rootserver" @2d2de4]: CNode Copy/Mint/Move/Mutate: Source slot invalid or empty.>>[0m
[0m[1m<<[0m[32mseL4(CPU 0)[0m[1m [decodeCNodeInvocation/107 T0x807fc8a400 "rootserver" @2d2de4]: CNode Copy/Mint/Move/Mutate: Source slot invalid or empty.>>[0m
[0m[1m<<[0m[32mseL4(CPU 0)[0m[1m [decodeCNodeInvocation/107 T0x807fc8a400 "rootserver" @2d2de4]: CNode Copy/Mint/Move/Mutate: Source slot invalid or empty.>>[0m
[0m[1m<<[0m[32mseL4(CPU 0)[0m[1m [decodeCNodeInvocation/107 T0x807fc8a400 "rootserver" @2d2de4]: CNode Copy/Mint/Move/Mutate: Source slot invalid or empty.>>[0m
[0m[1m<<[0m[32mseL4(CPU 0)[0m[1m [decodeCNodeInvocation/107 T0x807fc8a400 "rootserver" @2d2de4]: CNode Copy/Mint/Move/Mutate: Source slot invalid or empty.>>[0m
[0m[1m<<[0m[32mseL4(CPU 0)[0m[1m [decodeCNodeInvocation/107 T0x807fc8a400 "rootserver" @2d2de4]: CNode Copy/Mint/Move/Mutate: Source slot invalid or empty.>>[0m
[0m[1m<<[0m[32mseL4(CPU 0)[0m[1m [decodeCNodeInvocation/107 T0x807fc8a400 "rootserver" @2d2de4]: CNode Copy/Mint/Move/Mutate: Source slot invalid or empty.>>[0m
[0m[1m<<[0m[32mseL4(CPU 0)[0m[1m [decodeCNodeInvocation/107 T0x807fc8a400 "rootserver" @2d2de4]: CNode Copy/Mint/Move/Mutate: Source slot invalid or empty.>>[0m
[0m[1m<<[0m[32mseL4(CPU 0)[0m[1m [decodeCNodeInvocation/107 T0x807fc8a400 "rootserver" @2d2de4]: CNode Copy/Mint/Move/Mutate: Source slot invalid or empty.>>[0m
[0m[1m<<[0m[32mseL4(CPU 0)[0m[1m [decodeCNodeInvocation/107 T0x807fc8a400 "rootserver" @2d2de4]: CNode Copy/Mint/Move/Mutate: Source slot invalid or empty.>>[0m
[0m[1m<<[0m[32mseL4(CPU 0)[0m[1m [decodeCNodeInvocation/107 T0x807fc8a400 "rootserver" @2d2de4]: CNode Copy/Mint/Move/Mutate: Source slot invalid or empty.>>[0m
[0m[1m<<[0m[32mseL4(CPU 0)[0m[1m [decodeCNodeInvocation/107 T0x807fc8a400 "rootserver" @2d2de4]: CNode Copy/Mint/Move/Mutate: Source slot invalid or empty.>>[0m
[0m[1m<<[0m[32mseL4(CPU 0)[0m[1m [decodeCNodeInvocation/107 T0x807fc8a400 "rootserver" @2d2de4]: CNode Copy/Mint/Move/Mutate: Source slot invalid or empty.>>[0m
[0m[1m<<[0m[32mseL4(CPU 0)[0m[1m [decodeCNodeInvocation/107 T0x807fc8a400 "rootserver" @2d2de4]: CNode Copy/Mint/Move/Mutate: Source slot invalid or empty.>>[0m
[0m[1m<<[0m[32mseL4(CPU 0)[0m[1m [decodeCNodeInvocation/107 T0x807fc8a400 "rootserver" @2d2de4]: CNode Copy/Mint/Move/Mutate: Source slot invalid or empty.>>[0m
[0m[1m<<[0m[32mseL4(CPU 0)[0m[1m [decodeCNodeInvocation/107 T0x807fc8a400 "rootserver" @2d2de4]: CNode Copy/Mint/Move/Mutate: Source slot invalid or empty.>>[0m
[0m[1m<<[0m[32mseL4(CPU 0)[0m[1m [decodeCNodeInvocation/107 T0x807fc8a400 "rootserver" @2d2de4]: CNode Copy/Mint/Move/Mutate: Source slot invalid or empty.>>[0m
[0m[1m<<[0m[32mseL4(CPU 0)[0m[1m [decodeCNodeInvocation/107 T0x807fc8a400 "rootserver" @2d2de4]: CNode Copy/Mint/Move/Mutate: Source slot invalid or empty.>>[0m
[0m[1m<<[0m[32mseL4(CPU 0)[0m[1m [decodeCNodeInvocation/107 T0x807fc8a400 "rootserver" @2d2de4]: CNode Copy/Mint/Move/Mutate: Source slot invalid or empty.>>[0m
[0m[1m<<[0m[32mseL4(CPU 0)[0m[1m [decodeCNodeInvocation/107 T0x807fc8a400 "rootserver" @2d2de4]: CNode Copy/Mint/Move/Mutate: Source slot invalid or empty.>>[0m
[0m[1m<<[0m[32mseL4(CPU 0)[0m[1m [decodeCNodeInvocation/107 T0x807fc8a400 "rootserver" @2d2de4]: CNode Copy/Mint/Move/Mutate: Source slot invalid or empty.>>[0m
[0m[1m<<[0m[32mseL4(CPU 0)[0m[1m [decodeCNodeInvocation/107 T0x807fc8a400 "rootserver" @2d2de4]: CNode Copy/Mint/Move/Mutate: Source slot invalid or empty.>>[0m
[0m[1m<<[0m[32mseL4(CPU 0)[0m[1m [decodeCNodeInvocation/107 T0x807fc8a400 "rootserver" @2d2de4]: CNode Copy/Mint/Move/Mutate: Source slot invalid or empty.>>[0m
[0m[1m<<[0m[32mseL4(CPU 0)[0m[1m [decodeCNodeInvocation/107 T0x807fc8a400 "rootserver" @2d2de4]: CNode Copy/Mint/Move/Mutate: Source slot invalid or empty.>>[0m
SLIME_GRAPH quota task=2 instance=fabric-subscriber executable=fabric-subscriber pages=4 buffers=0 mappings=4 loans=0
SLIME_GRAPH native endpoint task=2 slot=33 side=both
SLIME_GRAPH native endpoint task=2 slot=34 side=consumer
SLIME_GRAPH notification binding task=2 slot=64 role=Wait
SLIME_GRAPH notification binding task=2 slot=65 role=Signal
SLIME_GRAPH spawned task=0 child=2 component=fabric-subscriber grants=0 endpoints=2 notifications=2 handle=9
SLIME_GRAPH spawn authorized task=0 slot=3 component=fabric-publisher-b grants=1
SLIME_GRAPH schedule instance=fabric-publisher-b priority=254 default=254
[0m[1m<<[0m[32mseL4(CPU 0)[0m[1m [decodeCNodeInvocation/107 T0x807fc8a400 "rootserver" @2d2de4]: CNode Copy/Mint/Move/Mutate: Source slot invalid or empty.>>[0m
[0m[1m<<[0m[32mseL4(CPU 0)[0m[1m [decodeCNodeInvocation/95 T0x807fc8a400 "rootserver" @2d2de4]: CNode Copy/Mint/Move/Mutate: Destination not empty.>>[0m
[0m[1m<<[0m[32mseL4(CPU 0)[0m[1m [decodeCNodeInvocation/95 T0x807fc8a400 "rootserver" @2d2de4]: CNode Copy/Mint/Move/Mutate: Destination not empty.>>[0m
[0m[1m<<[0m[32mseL4(CPU 0)[0m[1m [decodeCNodeInvocation/95 T0x807fc8a400 "rootserver" @2d2de4]: CNode Copy/Mint/Move/Mutate: Destination not empty.>>[0m
[0m[1m<<[0m[32mseL4(CPU 0)[0m[1m [decodeCNodeInvocation/95 T0x807fc8a400 "rootserver" @2d2de4]: CNode Copy/Mint/Move/Mutate: Destination not empty.>>[0m
[0m[1m<<[0m[32mseL4(CPU 0)[0m[1m [decodeCNodeInvocation/107 T0x807fc8a400 "rootserver" @2d2de4]: CNode Copy/Mint/Move/Mutate: Source slot invalid or empty.>>[0m
[0m[1m<<[0m[32mseL4(CPU 0)[0m[1m [decodeCNodeInvocation/107 T0x807fc8a400 "rootserver" @2d2de4]: CNode Copy/Mint/Move/Mutate: Source slot invalid or empty.>>[0m
[0m[1m<<[0m[32mseL4(CPU 0)[0m[1m [decodeCNodeInvocation/107 T0x807fc8a400 "rootserver" @2d2de4]: CNode Copy/Mint/Move/Mutate: Source slot invalid or empty.>>[0m
[0m[1m<<[0m[32mseL4(CPU 0)[0m[1m [decodeCNodeInvocation/107 T0x807fc8a400 "rootserver" @2d2de4]: CNode Copy/Mint/Move/Mutate: Source slot invalid or empty.>>[0m
[0m[1m<<[0m[32mseL4(CPU 0)[0m[1m [decodeCNodeInvocation/107 T0x807fc8a400 "rootserver" @2d2de4]: CNode Copy/Mint/Move/Mutate: Source slot invalid or empty.>>[0m
[0m[1m<<[0m[32mseL4(CPU 0)[0m[1m [decodeCNodeInvocation/107 T0x807fc8a400 "rootserver" @2d2de4]: CNode Copy/Mint/Move/Mutate: Source slot invalid or empty.>>[0m
[0m[1m<<[0m[32mseL4(CPU 0)[0m[1m [decodeCNodeInvocation/107 T0x807fc8a400 "rootserver" @2d2de4]: CNode Copy/Mint/Move/Mutate: Source slot invalid or empty.>>[0m
[0m[1m<<[0m[32mseL4(CPU 0)[0m[1m [decodeCNodeInvocation/107 T0x807fc8a400 "rootserver" @2d2de4]: CNode Copy/Mint/Move/Mutate: Source slot invalid or empty.>>[0m
[0m[1m<<[0m[32mseL4(CPU 0)[0m[1m [decodeCNodeInvocation/107 T0x807fc8a400 "rootserver" @2d2de4]: CNode Copy/Mint/Move/Mutate: Source slot invalid or empty.>>[0m
[0m[1m<<[0m[32mseL4(CPU 0)[0m[1m [decodeCNodeInvocation/107 T0x807fc8a400 "rootserver" @2d2de4]: CNode Copy/Mint/Move/Mutate: Source slot invalid or empty.>>[0m
[0m[1m<<[0m[32mseL4(CPU 0)[0m[1m [decodeCNodeInvocation/107 T0x807fc8a400 "rootserver" @2d2de4]: CNode Copy/Mint/Move/Mutate: Source slot invalid or empty.>>[0m
[0m[1m<<[0m[32mseL4(CPU 0)[0m[1m [decodeCNodeInvocation/107 T0x807fc8a400 "rootserver" @2d2de4]: CNode Copy/Mint/Move/Mutate: Source slot invalid or empty.>>[0m
[0m[1m<<[0m[32mseL4(CPU 0)[0m[1m [decodeCNodeInvocation/107 T0x807fc8a400 "rootserver" @2d2de4]: CNode Copy/Mint/Move/Mutate: Source slot invalid or empty.>>[0m
[0m[1m<<[0m[32mseL4(CPU 0)[0m[1m [decodeCNodeInvocation/107 T0x807fc8a400 "rootserver" @2d2de4]: CNode Copy/Mint/Move/Mutate: Source slot invalid or empty.>>[0m
[0m[1m<<[0m[32mseL4(CPU 0)[0m[1m [decodeCNodeInvocation/107 T0x807fc8a400 "rootserver" @2d2de4]: CNode Copy/Mint/Move/Mutate: Source slot invalid or empty.>>[0m
[0m[1m<<[0m[32mseL4(CPU 0)[0m[1m [decodeCNodeInvocation/107 T0x807fc8a400 "rootserver" @2d2de4]: CNode Copy/Mint/Move/Mutate: Source slot invalid or empty.>>[0m
[0m[1m<<[0m[32mseL4(CPU 0)[0m[1m [decodeCNodeInvocation/107 T0x807fc8a400 "rootserver" @2d2de4]: CNode Copy/Mint/Move/Mutate: Source slot invalid or empty.>>[0m
[0m[1m<<[0m[32mseL4(CPU 0)[0m[1m [decodeCNodeInvocation/107 T0x807fc8a400 "rootserver" @2d2de4]: CNode Copy/Mint/Move/Mutate: Source slot invalid or empty.>>[0m
[0m[1m<<[0m[32mseL4(CPU 0)[0m[1m [decodeCNodeInvocation/107 T0x807fc8a400 "rootserver" @2d2de4]: CNode Copy/Mint/Move/Mutate: Source slot invalid or empty.>>[0m
[0m[1m<<[0m[32mseL4(CPU 0)[0m[1m [decodeCNodeInvocation/107 T0x807fc8a400 "rootserver" @2d2de4]: CNode Copy/Mint/Move/Mutate: Source slot invalid or empty.>>[0m
[0m[1m<<[0m[32mseL4(CPU 0)[0m[1m [decodeCNodeInvocation/107 T0x807fc8a400 "rootserver" @2d2de4]: CNode Copy/Mint/Move/Mutate: Source slot invalid or empty.>>[0m
[0m[1m<<[0m[32mseL4(CPU 0)[0m[1m [decodeCNodeInvocation/107 T0x807fc8a400 "rootserver" @2d2de4]: CNode Copy/Mint/Move/Mutate: Source slot invalid or empty.>>[0m
[0m[1m<<[0m[32mseL4(CPU 0)[0m[1m [decodeCNodeInvocation/107 T0x807fc8a400 "rootserver" @2d2de4]: CNode Copy/Mint/Move/Mutate: Source slot invalid or empty.>>[0m
[0m[1m<<[0m[32mseL4(CPU 0)[0m[1m [decodeCNodeInvocation/107 T0x807fc8a400 "rootserver" @2d2de4]: CNode Copy/Mint/Move/Mutate: Source slot invalid or empty.>>[0m
[0m[1m<<[0m[32mseL4(CPU 0)[0m[1m [decodeCNodeInvocation/107 T0x807fc8a400 "rootserver" @2d2de4]: CNode Copy/Mint/Move/Mutate: Source slot invalid or empty.>>[0m
[0m[1m<<[0m[32mseL4(CPU 0)[0m[1m [decodeCNodeInvocation/107 T0x807fc8a400 "rootserver" @2d2de4]: CNode Copy/Mint/Move/Mutate: Source slot invalid or empty.>>[0m
[0m[1m<<[0m[32mseL4(CPU 0)[0m[1m [decodeCNodeInvocation/107 T0x807fc8a400 "rootserver" @2d2de4]: CNode Copy/Mint/Move/Mutate: Source slot invalid or empty.>>[0m
[0m[1m<<[0m[32mseL4(CPU 0)[0m[1m [decodeCNodeInvocation/95 T0x807fc8a400 "rootserver" @2d2de4]: CNode Copy/Mint/Move/Mutate: Destination not empty.>>[0m
[0m[1m<<[0m[32mseL4(CPU 0)[0m[1m [decodeCNodeInvocation/107 T0x807fc8a400 "rootserver" @2d2de4]: CNode Copy/Mint/Move/Mutate: Source slot invalid or empty.>>[0m
[0m[1m<<[0m[32mseL4(CPU 0)[0m[1m [decodeCNodeInvocation/107 T0x807fc8a400 "rootserver" @2d2de4]: CNode Copy/Mint/Move/Mutate: Source slot invalid or empty.>>[0m
[0m[1m<<[0m[32mseL4(CPU 0)[0m[1m [decodeCNodeInvocation/107 T0x807fc8a400 "rootserver" @2d2de4]: CNode Copy/Mint/Move/Mutate: Source slot invalid or empty.>>[0m
[0m[1m<<[0m[32mseL4(CPU 0)[0m[1m [decodeCNodeInvocation/107 T0x807fc8a400 "rootserver" @2d2de4]: CNode Copy/Mint/Move/Mutate: Source slot invalid or empty.>>[0m
[0m[1m<<[0m[32mseL4(CPU 0)[0m[1m [decodeCNodeInvocation/107 T0x807fc8a400 "rootserver" @2d2de4]: CNode Copy/Mint/Move/Mutate: Source slot invalid or empty.>>[0m
[0m[1m<<[0m[32mseL4(CPU 0)[0m[1m [decodeCNodeInvocation/107 T0x807fc8a400 "rootserver" @2d2de4]: CNode Copy/Mint/Move/Mutate: Source slot invalid or empty.>>[0m
[0m[1m<<[0m[32mseL4(CPU 0)[0m[1m [decodeCNodeInvocation/107 T0x807fc8a400 "rootserver" @2d2de4]: CNode Copy/Mint/Move/Mutate: Source slot invalid or empty.>>[0m
[0m[1m<<[0m[32mseL4(CPU 0)[0m[1m [decodeCNodeInvocation/107 T0x807fc8a400 "rootserver" @2d2de4]: CNode Copy/Mint/Move/Mutate: Source slot invalid or empty.>>[0m
[0m[1m<<[0m[32mseL4(CPU 0)[0m[1m [decodeCNodeInvocation/107 T0x807fc8a400 "rootserver" @2d2de4]: CNode Copy/Mint/Move/Mutate: Source slot invalid or empty.>>[0m
[0m[1m<<[0m[32mseL4(CPU 0)[0m[1m [decodeCNodeInvocation/107 T0x807fc8a400 "rootserver" @2d2de4]: CNode Copy/Mint/Move/Mutate: Source slot invalid or empty.>>[0m
[0m[1m<<[0m[32mseL4(CPU 0)[0m[1m [decodeCNodeInvocation/107 T0x807fc8a400 "rootserver" @2d2de4]: CNode Copy/Mint/Move/Mutate: Source slot invalid or empty.>>[0m
[0m[1m<<[0m[32mseL4(CPU 0)[0m[1m [decodeCNodeInvocation/107 T0x807fc8a400 "rootserver" @2d2de4]: CNode Copy/Mint/Move/Mutate: Source slot invalid or empty.>>[0m
[0m[1m<<[0m[32mseL4(CPU 0)[0m[1m [decodeCNodeInvocation/107 T0x807fc8a400 "rootserver" @2d2de4]: CNode Copy/Mint/Move/Mutate: Source slot invalid or empty.>>[0m
[0m[1m<<[0m[32mseL4(CPU 0)[0m[1m [decodeCNodeInvocation/107 T0x807fc8a400 "rootserver" @2d2de4]: CNode Copy/Mint/Move/Mutate: Source slot invalid or empty.>>[0m
[0m[1m<<[0m[32mseL4(CPU 0)[0m[1m [decodeCNodeInvocation/107 T0x807fc8a400 "rootserver" @2d2de4]: CNode Copy/Mint/Move/Mutate: Source slot invalid or empty.>>[0m
[0m[1m<<[0m[32mseL4(CPU 0)[0m[1m [decodeCNodeInvocation/107 T0x807fc8a400 "rootserver" @2d2de4]: CNode Copy/Mint/Move/Mutate: Source slot invalid or empty.>>[0m
[0m[1m<<[0m[32mseL4(CPU 0)[0m[1m [decodeCNodeInvocation/107 T0x807fc8a400 "rootserver" @2d2de4]: CNode Copy/Mint/Move/Mutate: Source slot invalid or empty.>>[0m
[0m[1m<<[0m[32mseL4(CPU 0)[0m[1m [decodeCNodeInvocation/107 T0x807fc8a400 "rootserver" @2d2de4]: CNode Copy/Mint/Move/Mutate: Source slot invalid or empty.>>[0m
[0m[1m<<[0m[32mseL4(CPU 0)[0m[1m [decodeCNodeInvocation/107 T0x807fc8a400 "rootserver" @2d2de4]: CNode Copy/Mint/Move/Mutate: Source slot invalid or empty.>>[0m
[0m[1m<<[0m[32mseL4(CPU 0)[0m[1m [decodeCNodeInvocation/107 T0x807fc8a400 "rootserver" @2d2de4]: CNode Copy/Mint/Move/Mutate: Source slot invalid or empty.>>[0m
[0m[1m<<[0m[32mseL4(CPU 0)[0m[1m [decodeCNodeInvocation/107 T0x807fc8a400 "rootserver" @2d2de4]: CNode Copy/Mint/Move/Mutate: Source slot invalid or empty.>>[0m
[0m[1m<<[0m[32mseL4(CPU 0)[0m[1m [decodeCNodeInvocation/107 T0x807fc8a400 "rootserver" @2d2de4]: CNode Copy/Mint/Move/Mutate: Source slot invalid or empty.>>[0m
[0m[1m<<[0m[32mseL4(CPU 0)[0m[1m [decodeCNodeInvocation/107 T0x807fc8a400 "rootserver" @2d2de4]: CNode Copy/Mint/Move/Mutate: Source slot invalid or empty.>>[0m
[0m[1m<<[0m[32mseL4(CPU 0)[0m[1m [decodeCNodeInvocation/107 T0x807fc8a400 "rootserver" @2d2de4]: CNode Copy/Mint/Move/Mutate: Source slot invalid or empty.>>[0m
[0m[1m<<[0m[32mseL4(CPU 0)[0m[1m [decodeCNodeInvocation/107 T0x807fc8a400 "rootserver" @2d2de4]: CNode Copy/Mint/Move/Mutate: Source slot invalid or empty.>>[0m
[0m[1m<<[0m[32mseL4(CPU 0)[0m[1m [decodeCNodeInvocation/107 T0x807fc8a400 "rootserver" @2d2de4]: CNode Copy/Mint/Move/Mutate: Source slot invalid or empty.>>[0m
[0m[1m<<[0m[32mseL4(CPU 0)[0m[1m [decodeCNodeInvocation/107 T0x807fc8a400 "rootserver" @2d2de4]: CNode Copy/Mint/Move/Mutate: Source slot invalid or empty.>>[0m
[0m[1m<<[0m[32mseL4(CPU 0)[0m[1m [decodeCNodeInvocation/107 T0x807fc8a400 "rootserver" @2d2de4]: CNode Copy/Mint/Move/Mutate: Source slot invalid or empty.>>[0m
[0m[1m<<[0m[32mseL4(CPU 0)[0m[1m [decodeCNodeInvocation/107 T0x807fc8a400 "rootserver" @2d2de4]: CNode Copy/Mint/Move/Mutate: Source slot invalid or empty.>>[0m
[0m[1m<<[0m[32mseL4(CPU 0)[0m[1m [decodeCNodeInvocation/107 T0x807fc8a400 "rootserver" @2d2de4]: CNode Copy/Mint/Move/Mutate: Source slot invalid or empty.>>[0m
[0m[1m<<[0m[32mseL4(CPU 0)[0m[1m [decodeCNodeInvocation/107 T0x807fc8a400 "rootserver" @2d2de4]: CNode Copy/Mint/Move/Mutate: Source slot invalid or empty.>>[0m
[0m[1m<<[0m[32mseL4(CPU 0)[0m[1m [decodeCNodeInvocation/107 T0x807fc8a400 "rootserver" @2d2de4]: CNode Copy/Mint/Move/Mutate: Source slot invalid or empty.>>[0m
[0m[1m<<[0m[32mseL4(CPU 0)[0m[1m [decodeCNodeInvocation/107 T0x807fc8a400 "rootserver" @2d2de4]: CNode Copy/Mint/Move/Mutate: Source slot invalid or empty.>>[0m
[0m[1m<<[0m[32mseL4(CPU 0)[0m[1m [decodeCNodeInvocation/107 T0x807fc8a400 "rootserver" @2d2de4]: CNode Copy/Mint/Move/Mutate: Source slot invalid or empty.>>[0m
[0m[1m<<[0m[32mseL4(CPU 0)[0m[1m [decodeCNodeInvocation/107 T0x807fc8a400 "rootserver" @2d2de4]: CNode Copy/Mint/Move/Mutate: Source slot invalid or empty.>>[0m
[0m[1m<<[0m[32mseL4(CPU 0)[0m[1m [decodeCNodeInvocation/107 T0x807fc8a400 "rootserver" @2d2de4]: CNode Copy/Mint/Move/Mutate: Source slot invalid or empty.>>[0m
[0m[1m<<[0m[32mseL4(CPU 0)[0m[1m [decodeCNodeInvocation/107 T0x807fc8a400 "rootserver" @2d2de4]: CNode Copy/Mint/Move/Mutate: Source slot invalid or empty.>>[0m
[0m[1m<<[0m[32mseL4(CPU 0)[0m[1m [decodeCNodeInvocation/107 T0x807fc8a400 "rootserver" @2d2de4]: CNode Copy/Mint/Move/Mutate: Source slot invalid or empty.>>[0m
[0m[1m<<[0m[32mseL4(CPU 0)[0m[1m [decodeCNodeInvocation/107 T0x807fc8a400 "rootserver" @2d2de4]: CNode Copy/Mint/Move/Mutate: Source slot invalid or empty.>>[0m
[0m[1m<<[0m[32mseL4(CPU 0)[0m[1m [decodeCNodeInvocation/107 T0x807fc8a400 "rootserver" @2d2de4]: CNode Copy/Mint/Move/Mutate: Source slot invalid or empty.>>[0m
[0m[1m<<[0m[32mseL4(CPU 0)[0m[1m [decodeCNodeInvocation/107 T0x807fc8a400 "rootserver" @2d2de4]: CNode Copy/Mint/Move/Mutate: Source slot invalid or empty.>>[0m
[0m[1m<<[0m[32mseL4(CPU 0)[0m[1m [decodeCNodeInvocation/107 T0x807fc8a400 "rootserver" @2d2de4]: CNode Copy/Mint/Move/Mutate: Source slot invalid or empty.>>[0m
[0m[1m<<[0m[32mseL4(CPU 0)[0m[1m [decodeCNodeInvocation/107 T0x807fc8a400 "rootserver" @2d2de4]: CNode Copy/Mint/Move/Mutate: Source slot invalid or empty.>>[0m
[0m[1m<<[0m[32mseL4(CPU 0)[0m[1m [decodeCNodeInvocation/107 T0x807fc8a400 "rootserver" @2d2de4]: CNode Copy/Mint/Move/Mutate: Source slot invalid or empty.>>[0m
[0m[1m<<[0m[32mseL4(CPU 0)[0m[1m [decodeCNodeInvocation/107 T0x807fc8a400 "rootserver" @2d2de4]: CNode Copy/Mint/Move/Mutate: Source slot invalid or empty.>>[0m
[0m[1m<<[0m[32mseL4(CPU 0)[0m[1m [decodeCNodeInvocation/107 T0x807fc8a400 "rootserver" @2d2de4]: CNode Copy/Mint/Move/Mutate: Source slot invalid or empty.>>[0m
[0m[1m<<[0m[32mseL4(CPU 0)[0m[1m [decodeCNodeInvocation/107 T0x807fc8a400 "rootserver" @2d2de4]: CNode Copy/Mint/Move/Mutate: Source slot invalid or empty.>>[0m
[0m[1m<<[0m[32mseL4(CPU 0)[0m[1m [decodeCNodeInvocation/107 T0x807fc8a400 "rootserver" @2d2de4]: CNode Copy/Mint/Move/Mutate: Source slot invalid or empty.>>[0m
[0m[1m<<[0m[32mseL4(CPU 0)[0m[1m [decodeCNodeInvocation/107 T0x807fc8a400 "rootserver" @2d2de4]: CNode Copy/Mint/Move/Mutate: Source slot invalid or empty.>>[0m
[0m[1m<<[0m[32mseL4(CPU 0)[0m[1m [decodeCNodeInvocation/107 T0x807fc8a400 "rootserver" @2d2de4]: CNode Copy/Mint/Move/Mutate: Source slot invalid or empty.>>[0m
[0m[1m<<[0m[32mseL4(CPU 0)[0m[1m [decodeCNodeInvocation/107 T0x807fc8a400 "rootserver" @2d2de4]: CNode Copy/Mint/Move/Mutate: Source slot invalid or empty.>>[0m
[0m[1m<<[0m[32mseL4(CPU 0)[0m[1m [decodeCNodeInvocation/107 T0x807fc8a400 "rootserver" @2d2de4]: CNode Copy/Mint/Move/Mutate: Source slot invalid or empty.>>[0m
[0m[1m<<[0m[32mseL4(CPU 0)[0m[1m [decodeCNodeInvocation/107 T0x807fc8a400 "rootserver" @2d2de4]: CNode Copy/Mint/Move/Mutate: Source slot invalid or empty.>>[0m
[0m[1m<<[0m[32mseL4(CPU 0)[0m[1m [decodeCNodeInvocation/107 T0x807fc8a400 "rootserver" @2d2de4]: CNode Copy/Mint/Move/Mutate: Source slot invalid or empty.>>[0m
[0m[1m<<[0m[32mseL4(CPU 0)[0m[1m [decodeCNodeInvocation/107 T0x807fc8a400 "rootserver" @2d2de4]: CNode Copy/Mint/Move/Mutate: Source slot invalid or empty.>>[0m
[0m[1m<<[0m[32mseL4(CPU 0)[0m[1m [decodeCNodeInvocation/107 T0x807fc8a400 "rootserver" @2d2de4]: CNode Copy/Mint/Move/Mutate: Source slot invalid or empty.>>[0m
[0m[1m<<[0m[32mseL4(CPU 0)[0m[1m [decodeCNodeInvocation/107 T0x807fc8a400 "rootserver" @2d2de4]: CNode Copy/Mint/Move/Mutate: Source slot invalid or empty.>>[0m
[0m[1m<<[0m[32mseL4(CPU 0)[0m[1m [decodeCNodeInvocation/107 T0x807fc8a400 "rootserver" @2d2de4]: CNode Copy/Mint/Move/Mutate: Source slot invalid or empty.>>[0m
[0m[1m<<[0m[32mseL4(CPU 0)[0m[1m [decodeCNodeInvocation/107 T0x807fc8a400 "rootserver" @2d2de4]: CNode Copy/Mint/Move/Mutate: Source slot invalid or empty.>>[0m
[0m[1m<<[0m[32mseL4(CPU 0)[0m[1m [decodeCNodeInvocation/107 T0x807fc8a400 "rootserver" @2d2de4]: CNode Copy/Mint/Move/Mutate: Source slot invalid or empty.>>[0m
[0m[1m<<[0m[32mseL4(CPU 0)[0m[1m [decodeCNodeInvocation/107 T0x807fc8a400 "rootserver" @2d2de4]: CNode Copy/Mint/Move/Mutate: Source slot invalid or empty.>>[0m
[0m[1m<<[0m[32mseL4(CPU 0)[0m[1m [decodeCNodeInvocation/107 T0x807fc8a400 "rootserver" @2d2de4]: CNode Copy/Mint/Move/Mutate: Source slot invalid or empty.>>[0m
[0m[1m<<[0m[32mseL4(CPU 0)[0m[1m [decodeCNodeInvocation/107 T0x807fc8a400 "rootserver" @2d2de4]: CNode Copy/Mint/Move/Mutate: Source slot invalid or empty.>>[0m
[0m[1m<<[0m[32mseL4(CPU 0)[0m[1m [decodeCNodeInvocation/107 T0x807fc8a400 "rootserver" @2d2de4]: CNode Copy/Mint/Move/Mutate: Source slot invalid or empty.>>[0m
[0m[1m<<[0m[32mseL4(CPU 0)[0m[1m [decodeCNodeInvocation/107 T0x807fc8a400 "rootserver" @2d2de4]: CNode Copy/Mint/Move/Mutate: Source slot invalid or empty.>>[0m
[0m[1m<<[0m[32mseL4(CPU 0)[0m[1m [decodeCNodeInvocation/107 T0x807fc8a400 "rootserver" @2d2de4]: CNode Copy/Mint/Move/Mutate: Source slot invalid or empty.>>[0m
[0m[1m<<[0m[32mseL4(CPU 0)[0m[1m [decodeCNodeInvocation/107 T0x807fc8a400 "rootserver" @2d2de4]: CNode Copy/Mint/Move/Mutate: Source slot invalid or empty.>>[0m
[0m[1m<<[0m[32mseL4(CPU 0)[0m[1m [decodeCNodeInvocation/107 T0x807fc8a400 "rootserver" @2d2de4]: CNode Copy/Mint/Move/Mutate: Source slot invalid or empty.>>[0m
[0m[1m<<[0m[32mseL4(CPU 0)[0m[1m [decodeCNodeInvocation/107 T0x807fc8a400 "rootserver" @2d2de4]: CNode Copy/Mint/Move/Mutate: Source slot invalid or empty.>>[0m
[0m[1m<<[0m[32mseL4(CPU 0)[0m[1m [decodeCNodeInvocation/107 T0x807fc8a400 "rootserver" @2d2de4]: CNode Copy/Mint/Move/Mutate: Source slot invalid or empty.>>[0m
[0m[1m<<[0m[32mseL4(CPU 0)[0m[1m [decodeCNodeInvocation/107 T0x807fc8a400 "rootserver" @2d2de4]: CNode Copy/Mint/Move/Mutate: Source slot invalid or empty.>>[0m
[0m[1m<<[0m[32mseL4(CPU 0)[0m[1m [decodeCNodeInvocation/107 T0x807fc8a400 "rootserver" @2d2de4]: CNode Copy/Mint/Move/Mutate: Source slot invalid or empty.>>[0m
[0m[1m<<[0m[32mseL4(CPU 0)[0m[1m [decodeCNodeInvocation/107 T0x807fc8a400 "rootserver" @2d2de4]: CNode Copy/Mint/Move/Mutate: Source slot invalid or empty.>>[0m
[0m[1m<<[0m[32mseL4(CPU 0)[0m[1m [decodeCNodeInvocation/107 T0x807fc8a400 "rootserver" @2d2de4]: CNode Copy/Mint/Move/Mutate: Source slot invalid or empty.>>[0m
[0m[1m<<[0m[32mseL4(CPU 0)[0m[1m [decodeCNodeInvocation/107 T0x807fc8a400 "rootserver" @2d2de4]: CNode Copy/Mint/Move/Mutate: Source slot invalid or empty.>>[0m
[0m[1m<<[0m[32mseL4(CPU 0)[0m[1m [decodeCNodeInvocation/107 T0x807fc8a400 "rootserver" @2d2de4]: CNode Copy/Mint/Move/Mutate: Source slot invalid or empty.>>[0m
[0m[1m<<[0m[32mseL4(CPU 0)[0m[1m [decodeCNodeInvocation/107 T0x807fc8a400 "rootserver" @2d2de4]: CNode Copy/Mint/Move/Mutate: Source slot invalid or empty.>>[0m
[0m[1m<<[0m[32mseL4(CPU 0)[0m[1m [decodeCNodeInvocation/107 T0x807fc8a400 "rootserver" @2d2de4]: CNode Copy/Mint/Move/Mutate: Source slot invalid or empty.>>[0m
[0m[1m<<[0m[32mseL4(CPU 0)[0m[1m [decodeCNodeInvocation/107 T0x807fc8a400 "rootserver" @2d2de4]: CNode Copy/Mint/Move/Mutate: Source slot invalid or empty.>>[0m
[0m[1m<<[0m[32mseL4(CPU 0)[0m[1m [decodeCNodeInvocation/107 T0x807fc8a400 "rootserver" @2d2de4]: CNode Copy/Mint/Move/Mutate: Source slot invalid or empty.>>[0m
[0m[1m<<[0m[32mseL4(CPU 0)[0m[1m [decodeCNodeInvocation/107 T0x807fc8a400 "rootserver" @2d2de4]: CNode Copy/Mint/Move/Mutate: Source slot invalid or empty.>>[0m
[0m[1m<<[0m[32mseL4(CPU 0)[0m[1m [decodeCNodeInvocation/107 T0x807fc8a400 "rootserver" @2d2de4]: CNode Copy/Mint/Move/Mutate: Source slot invalid or empty.>>[0m
[0m[1m<<[0m[32mseL4(CPU 0)[0m[1m [decodeCNodeInvocation/107 T0x807fc8a400 "rootserver" @2d2de4]: CNode Copy/Mint/Move/Mutate: Source slot invalid or empty.>>[0m
[0m[1m<<[0m[32mseL4(CPU 0)[0m[1m [decodeCNodeInvocation/107 T0x807fc8a400 "rootserver" @2d2de4]: CNode Copy/Mint/Move/Mutate: Source slot invalid or empty.>>[0m
[0m[1m<<[0m[32mseL4(CPU 0)[0m[1m [decodeCNodeInvocation/107 T0x807fc8a400 "rootserver" @2d2de4]: CNode Copy/Mint/Move/Mutate: Source slot invalid or empty.>>[0m
[0m[1m<<[0m[32mseL4(CPU 0)[0m[1m [decodeCNodeInvocation/107 T0x807fc8a400 "rootserver" @2d2de4]: CNode Copy/Mint/Move/Mutate: Source slot invalid or empty.>>[0m
[0m[1m<<[0m[32mseL4(CPU 0)[0m[1m [decodeCNodeInvocation/107 T0x807fc8a400 "rootserver" @2d2de4]: CNode Copy/Mint/Move/Mutate: Source slot invalid or empty.>>[0m
[0m[1m<<[0m[32mseL4(CPU 0)[0m[1m [decodeCNodeInvocation/107 T0x807fc8a400 "rootserver" @2d2de4]: CNode Copy/Mint/Move/Mutate: Source slot invalid or empty.>>[0m
[0m[1m<<[0m[32mseL4(CPU 0)[0m[1m [decodeCNodeInvocation/107 T0x807fc8a400 "rootserver" @2d2de4]: CNode Copy/Mint/Move/Mutate: Source slot invalid or empty.>>[0m
[0m[1m<<[0m[32mseL4(CPU 0)[0m[1m [decodeCNodeInvocation/107 T0x807fc8a400 "rootserver" @2d2de4]: CNode Copy/Mint/Move/Mutate: Source slot invalid or empty.>>[0m
[0m[1m<<[0m[32mseL4(CPU 0)[0m[1m [decodeCNodeInvocation/107 T0x807fc8a400 "rootserver" @2d2de4]: CNode Copy/Mint/Move/Mutate: Source slot invalid or empty.>>[0m
[0m[1m<<[0m[32mseL4(CPU 0)[0m[1m [decodeCNodeInvocation/107 T0x807fc8a400 "rootserver" @2d2de4]: CNode Copy/Mint/Move/Mutate: Source slot invalid or empty.>>[0m
[0m[1m<<[0m[32mseL4(CPU 0)[0m[1m [decodeCNodeInvocation/107 T0x807fc8a400 "rootserver" @2d2de4]: CNode Copy/Mint/Move/Mutate: Source slot invalid or empty.>>[0m
[0m[1m<<[0m[32mseL4(CPU 0)[0m[1m [decodeCNodeInvocation/107 T0x807fc8a400 "rootserver" @2d2de4]: CNode Copy/Mint/Move/Mutate: Source slot invalid or empty.>>[0m
[0m[1m<<[0m[32mseL4(CPU 0)[0m[1m [decodeCNodeInvocation/107 T0x807fc8a400 "rootserver" @2d2de4]: CNode Copy/Mint/Move/Mutate: Source slot invalid or empty.>>[0m
SLIME_GRAPH quota task=3 instance=fabric-publisher-b executable=fabric-publisher-b pages=8 buffers=1 mappings=4 loans=1
SLIME_GRAPH native endpoint task=3 slot=33 side=both
SLIME_GRAPH notification binding task=3 slot=64 role=Signal
SLIME_GRAPH notification binding task=3 slot=65 role=Wait
SLIME_GRAPH notification binding task=3 slot=66 role=Signal
SLIME_GRAPH notification binding task=3 slot=67 role=Wait
SLIME_GRAPH spawned task=0 child=3 component=fabric-publisher-b grants=1 endpoints=1 notifications=4 handle=10
SLIME_GRAPH spawn authorized task=0 slot=6 component=fabric-subscriber-b grants=0
SLIME_GRAPH schedule instance=fabric-subscriber-b priority=254 default=254
[0m[1m<<[0m[32mseL4(CPU 0)[0m[1m [decodeCNodeInvocation/107 T0x807fc8a400 "rootserver" @2d2de4]: CNode Copy/Mint/Move/Mutate: Source slot invalid or empty.>>[0m
[0m[1m<<[0m[32mseL4(CPU 0)[0m[1m [decodeCNodeInvocation/95 T0x807fc8a400 "rootserver" @2d2de4]: CNode Copy/Mint/Move/Mutate: Destination not empty.>>[0m
[0m[1m<<[0m[32mseL4(CPU 0)[0m[1m [decodeCNodeInvocation/95 T0x807fc8a400 "rootserver" @2d2de4]: CNode Copy/Mint/Move/Mutate: Destination not empty.>>[0m
[0m[1m<<[0m[32mseL4(CPU 0)[0m[1m [decodeCNodeInvocation/95 T0x807fc8a400 "rootserver" @2d2de4]: CNode Copy/Mint/Move/Mutate: Destination not empty.>>[0m
[0m[1m<<[0m[32mseL4(CPU 0)[0m[1m [decodeCNodeInvocation/95 T0x807fc8a400 "rootserver" @2d2de4]: CNode Copy/Mint/Move/Mutate: Destination not empty.>>[0m
[0m[1m<<[0m[32mseL4(CPU 0)[0m[1m [decodeCNodeInvocation/107 T0x807fc8a400 "rootserver" @2d2de4]: CNode Copy/Mint/Move/Mutate: Source slot invalid or empty.>>[0m
[0m[1m<<[0m[32mseL4(CPU 0)[0m[1m [decodeCNodeInvocation/107 T0x807fc8a400 "rootserver" @2d2de4]: CNode Copy/Mint/Move/Mutate: Source slot invalid or empty.>>[0m
[0m[1m<<[0m[32mseL4(CPU 0)[0m[1m [decodeCNodeInvocation/107 T0x807fc8a400 "rootserver" @2d2de4]: CNode Copy/Mint/Move/Mutate: Source slot invalid or empty.>>[0m
[0m[1m<<[0m[32mseL4(CPU 0)[0m[1m [decodeCNodeInvocation/107 T0x807fc8a400 "rootserver" @2d2de4]: CNode Copy/Mint/Move/Mutate: Source slot invalid or empty.>>[0m
[0m[1m<<[0m[32mseL4(CPU 0)[0m[1m [decodeCNodeInvocation/107 T0x807fc8a400 "rootserver" @2d2de4]: CNode Copy/Mint/Move/Mutate: Source slot invalid or empty.>>[0m
[0m[1m<<[0m[32mseL4(CPU 0)[0m[1m [decodeCNodeInvocation/107 T0x807fc8a400 "rootserver" @2d2de4]: CNode Copy/Mint/Move/Mutate: Source slot invalid or empty.>>[0m
[0m[1m<<[0m[32mseL4(CPU 0)[0m[1m [decodeCNodeInvocation/107 T0x807fc8a400 "rootserver" @2d2de4]: CNode Copy/Mint/Move/Mutate: Source slot invalid or empty.>>[0m
[0m[1m<<[0m[32mseL4(CPU 0)[0m[1m [decodeCNodeInvocation/107 T0x807fc8a400 "rootserver" @2d2de4]: CNode Copy/Mint/Move/Mutate: Source slot invalid or empty.>>[0m
[0m[1m<<[0m[32mseL4(CPU 0)[0m[1m [decodeCNodeInvocation/107 T0x807fc8a400 "rootserver" @2d2de4]: CNode Copy/Mint/Move/Mutate: Source slot invalid or empty.>>[0m
[0m[1m<<[0m[32mseL4(CPU 0)[0m[1m [decodeCNodeInvocation/107 T0x807fc8a400 "rootserver" @2d2de4]: CNode Copy/Mint/Move/Mutate: Source slot invalid or empty.>>[0m
[0m[1m<<[0m[32mseL4(CPU 0)[0m[1m [decodeCNodeInvocation/107 T0x807fc8a400 "rootserver" @2d2de4]: CNode Copy/Mint/Move/Mutate: Source slot invalid or empty.>>[0m
[0m[1m<<[0m[32mseL4(CPU 0)[0m[1m [decodeCNodeInvocation/107 T0x807fc8a400 "rootserver" @2d2de4]: CNode Copy/Mint/Move/Mutate: Source slot invalid or empty.>>[0m
[0m[1m<<[0m[32mseL4(CPU 0)[0m[1m [decodeCNodeInvocation/107 T0x807fc8a400 "rootserver" @2d2de4]: CNode Copy/Mint/Move/Mutate: Source slot invalid or empty.>>[0m
[0m[1m<<[0m[32mseL4(CPU 0)[0m[1m [decodeCNodeInvocation/107 T0x807fc8a400 "rootserver" @2d2de4]: CNode Copy/Mint/Move/Mutate: Source slot invalid or empty.>>[0m
[0m[1m<<[0m[32mseL4(CPU 0)[0m[1m [decodeCNodeInvocation/107 T0x807fc8a400 "rootserver" @2d2de4]: CNode Copy/Mint/Move/Mutate: Source slot invalid or empty.>>[0m
[0m[1m<<[0m[32mseL4(CPU 0)[0m[1m [decodeCNodeInvocation/107 T0x807fc8a400 "rootserver" @2d2de4]: CNode Copy/Mint/Move/Mutate: Source slot invalid or empty.>>[0m
[0m[1m<<[0m[32mseL4(CPU 0)[0m[1m [decodeCNodeInvocation/107 T0x807fc8a400 "rootserver" @2d2de4]: CNode Copy/Mint/Move/Mutate: Source slot invalid or empty.>>[0m
[0m[1m<<[0m[32mseL4(CPU 0)[0m[1m [decodeCNodeInvocation/107 T0x807fc8a400 "rootserver" @2d2de4]: CNode Copy/Mint/Move/Mutate: Source slot invalid or empty.>>[0m
[0m[1m<<[0m[32mseL4(CPU 0)[0m[1m [decodeCNodeInvocation/107 T0x807fc8a400 "rootserver" @2d2de4]: CNode Copy/Mint/Move/Mutate: Source slot invalid or empty.>>[0m
[0m[1m<<[0m[32mseL4(CPU 0)[0m[1m [decodeCNodeInvocation/107 T0x807fc8a400 "rootserver" @2d2de4]: CNode Copy/Mint/Move/Mutate: Source slot invalid or empty.>>[0m
[0m[1m<<[0m[32mseL4(CPU 0)[0m[1m [decodeCNodeInvocation/107 T0x807fc8a400 "rootserver" @2d2de4]: CNode Copy/Mint/Move/Mutate: Source slot invalid or empty.>>[0m
[0m[1m<<[0m[32mseL4(CPU 0)[0m[1m [decodeCNodeInvocation/107 T0x807fc8a400 "rootserver" @2d2de4]: CNode Copy/Mint/Move/Mutate: Source slot invalid or empty.>>[0m
[0m[1m<<[0m[32mseL4(CPU 0)[0m[1m [decodeCNodeInvocation/107 T0x807fc8a400 "rootserver" @2d2de4]: CNode Copy/Mint/Move/Mutate: Source slot invalid or empty.>>[0m
[0m[1m<<[0m[32mseL4(CPU 0)[0m[1m [decodeCNodeInvocation/107 T0x807fc8a400 "rootserver" @2d2de4]: CNode Copy/Mint/Move/Mutate: Source slot invalid or empty.>>[0m
[0m[1m<<[0m[32mseL4(CPU 0)[0m[1m [decodeCNodeInvocation/107 T0x807fc8a400 "rootserver" @2d2de4]: CNode Copy/Mint/Move/Mutate: Source slot invalid or empty.>>[0m
[0m[1m<<[0m[32mseL4(CPU 0)[0m[1m [decodeCNodeInvocation/107 T0x807fc8a400 "rootserver" @2d2de4]: CNode Copy/Mint/Move/Mutate: Source slot invalid or empty.>>[0m
[0m[1m<<[0m[32mseL4(CPU 0)[0m[1m [decodeCNodeInvocation/107 T0x807fc8a400 "rootserver" @2d2de4]: CNode Copy/Mint/Move/Mutate: Source slot invalid or empty.>>[0m
[0m[1m<<[0m[32mseL4(CPU 0)[0m[1m [decodeCNodeInvocation/95 T0x807fc8a400 "rootserver" @2d2de4]: CNode Copy/Mint/Move/Mutate: Destination not empty.>>[0m
[0m[1m<<[0m[32mseL4(CPU 0)[0m[1m [decodeCNodeInvocation/107 T0x807fc8a400 "rootserver" @2d2de4]: CNode Copy/Mint/Move/Mutate: Source slot invalid or empty.>>[0m
[0m[1m<<[0m[32mseL4(CPU 0)[0m[1m [decodeCNodeInvocation/107 T0x807fc8a400 "rootserver" @2d2de4]: CNode Copy/Mint/Move/Mutate: Source slot invalid or empty.>>[0m
[0m[1m<<[0m[32mseL4(CPU 0)[0m[1m [decodeCNodeInvocation/107 T0x807fc8a400 "rootserver" @2d2de4]: CNode Copy/Mint/Move/Mutate: Source slot invalid or empty.>>[0m
[0m[1m<<[0m[32mseL4(CPU 0)[0m[1m [decodeCNodeInvocation/107 T0x807fc8a400 "rootserver" @2d2de4]: CNode Copy/Mint/Move/Mutate: Source slot invalid or empty.>>[0m
[0m[1m<<[0m[32mseL4(CPU 0)[0m[1m [decodeCNodeInvocation/107 T0x807fc8a400 "rootserver" @2d2de4]: CNode Copy/Mint/Move/Mutate: Source slot invalid or empty.>>[0m
[0m[1m<<[0m[32mseL4(CPU 0)[0m[1m [decodeCNodeInvocation/107 T0x807fc8a400 "rootserver" @2d2de4]: CNode Copy/Mint/Move/Mutate: Source slot invalid or empty.>>[0m
[0m[1m<<[0m[32mseL4(CPU 0)[0m[1m [decodeCNodeInvocation/107 T0x807fc8a400 "rootserver" @2d2de4]: CNode Copy/Mint/Move/Mutate: Source slot invalid or empty.>>[0m
[0m[1m<<[0m[32mseL4(CPU 0)[0m[1m [decodeCNodeInvocation/107 T0x807fc8a400 "rootserver" @2d2de4]: CNode Copy/Mint/Move/Mutate: Source slot invalid or empty.>>[0m
[0m[1m<<[0m[32mseL4(CPU 0)[0m[1m [decodeCNodeInvocation/107 T0x807fc8a400 "rootserver" @2d2de4]: CNode Copy/Mint/Move/Mutate: Source slot invalid or empty.>>[0m
[0m[1m<<[0m[32mseL4(CPU 0)[0m[1m [decodeCNodeInvocation/107 T0x807fc8a400 "rootserver" @2d2de4]: CNode Copy/Mint/Move/Mutate: Source slot invalid or empty.>>[0m
[0m[1m<<[0m[32mseL4(CPU 0)[0m[1m [decodeCNodeInvocation/107 T0x807fc8a400 "rootserver" @2d2de4]: CNode Copy/Mint/Move/Mutate: Source slot invalid or empty.>>[0m
[0m[1m<<[0m[32mseL4(CPU 0)[0m[1m [decodeCNodeInvocation/107 T0x807fc8a400 "rootserver" @2d2de4]: CNode Copy/Mint/Move/Mutate: Source slot invalid or empty.>>[0m
[0m[1m<<[0m[32mseL4(CPU 0)[0m[1m [decodeCNodeInvocation/107 T0x807fc8a400 "rootserver" @2d2de4]: CNode Copy/Mint/Move/Mutate: Source slot invalid or empty.>>[0m
[0m[1m<<[0m[32mseL4(CPU 0)[0m[1m [decodeCNodeInvocation/107 T0x807fc8a400 "rootserver" @2d2de4]: CNode Copy/Mint/Move/Mutate: Source slot invalid or empty.>>[0m
[0m[1m<<[0m[32mseL4(CPU 0)[0m[1m [decodeCNodeInvocation/107 T0x807fc8a400 "rootserver" @2d2de4]: CNode Copy/Mint/Move/Mutate: Source slot invalid or empty.>>[0m
[0m[1m<<[0m[32mseL4(CPU 0)[0m[1m [decodeCNodeInvocation/107 T0x807fc8a400 "rootserver" @2d2de4]: CNode Copy/Mint/Move/Mutate: Source slot invalid or empty.>>[0m
[0m[1m<<[0m[32mseL4(CPU 0)[0m[1m [decodeCNodeInvocation/107 T0x807fc8a400 "rootserver" @2d2de4]: CNode Copy/Mint/Move/Mutate: Source slot invalid or empty.>>[0m
[0m[1m<<[0m[32mseL4(CPU 0)[0m[1m [decodeCNodeInvocation/107 T0x807fc8a400 "rootserver" @2d2de4]: CNode Copy/Mint/Move/Mutate: Source slot invalid or empty.>>[0m
[0m[1m<<[0m[32mseL4(CPU 0)[0m[1m [decodeCNodeInvocation/107 T0x807fc8a400 "rootserver" @2d2de4]: CNode Copy/Mint/Move/Mutate: Source slot invalid or empty.>>[0m
[0m[1m<<[0m[32mseL4(CPU 0)[0m[1m [decodeCNodeInvocation/107 T0x807fc8a400 "rootserver" @2d2de4]: CNode Copy/Mint/Move/Mutate: Source slot invalid or empty.>>[0m
[0m[1m<<[0m[32mseL4(CPU 0)[0m[1m [decodeCNodeInvocation/107 T0x807fc8a400 "rootserver" @2d2de4]: CNode Copy/Mint/Move/Mutate: Source slot invalid or empty.>>[0m
[0m[1m<<[0m[32mseL4(CPU 0)[0m[1m [decodeCNodeInvocation/107 T0x807fc8a400 "rootserver" @2d2de4]: CNode Copy/Mint/Move/Mutate: Source slot invalid or empty.>>[0m
[0m[1m<<[0m[32mseL4(CPU 0)[0m[1m [decodeCNodeInvocation/107 T0x807fc8a400 "rootserver" @2d2de4]: CNode Copy/Mint/Move/Mutate: Source slot invalid or empty.>>[0m
[0m[1m<<[0m[32mseL4(CPU 0)[0m[1m [decodeCNodeInvocation/107 T0x807fc8a400 "rootserver" @2d2de4]: CNode Copy/Mint/Move/Mutate: Source slot invalid or empty.>>[0m
[0m[1m<<[0m[32mseL4(CPU 0)[0m[1m [decodeCNodeInvocation/107 T0x807fc8a400 "rootserver" @2d2de4]: CNode Copy/Mint/Move/Mutate: Source slot invalid or empty.>>[0m
[0m[1m<<[0m[32mseL4(CPU 0)[0m[1m [decodeCNodeInvocation/107 T0x807fc8a400 "rootserver" @2d2de4]: CNode Copy/Mint/Move/Mutate: Source slot invalid or empty.>>[0m
[0m[1m<<[0m[32mseL4(CPU 0)[0m[1m [decodeCNodeInvocation/107 T0x807fc8a400 "rootserver" @2d2de4]: CNode Copy/Mint/Move/Mutate: Source slot invalid or empty.>>[0m
[0m[1m<<[0m[32mseL4(CPU 0)[0m[1m [decodeCNodeInvocation/107 T0x807fc8a400 "rootserver" @2d2de4]: CNode Copy/Mint/Move/Mutate: Source slot invalid or empty.>>[0m
[0m[1m<<[0m[32mseL4(CPU 0)[0m[1m [decodeCNodeInvocation/107 T0x807fc8a400 "rootserver" @2d2de4]: CNode Copy/Mint/Move/Mutate: Source slot invalid or empty.>>[0m
[0m[1m<<[0m[32mseL4(CPU 0)[0m[1m [decodeCNodeInvocation/107 T0x807fc8a400 "rootserver" @2d2de4]: CNode Copy/Mint/Move/Mutate: Source slot invalid or empty.>>[0m
[0m[1m<<[0m[32mseL4(CPU 0)[0m[1m [decodeCNodeInvocation/107 T0x807fc8a400 "rootserver" @2d2de4]: CNode Copy/Mint/Move/Mutate: Source slot invalid or empty.>>[0m
[0m[1m<<[0m[32mseL4(CPU 0)[0m[1m [decodeCNodeInvocation/107 T0x807fc8a400 "rootserver" @2d2de4]: CNode Copy/Mint/Move/Mutate: Source slot invalid or empty.>>[0m
[0m[1m<<[0m[32mseL4(CPU 0)[0m[1m [decodeCNodeInvocation/107 T0x807fc8a400 "rootserver" @2d2de4]: CNode Copy/Mint/Move/Mutate: Source slot invalid or empty.>>[0m
[0m[1m<<[0m[32mseL4(CPU 0)[0m[1m [decodeCNodeInvocation/107 T0x807fc8a400 "rootserver" @2d2de4]: CNode Copy/Mint/Move/Mutate: Source slot invalid or empty.>>[0m
[0m[1m<<[0m[32mseL4(CPU 0)[0m[1m [decodeCNodeInvocation/107 T0x807fc8a400 "rootserver" @2d2de4]: CNode Copy/Mint/Move/Mutate: Source slot invalid or empty.>>[0m
[0m[1m<<[0m[32mseL4(CPU 0)[0m[1m [decodeCNodeInvocation/107 T0x807fc8a400 "rootserver" @2d2de4]: CNode Copy/Mint/Move/Mutate: Source slot invalid or empty.>>[0m
[0m[1m<<[0m[32mseL4(CPU 0)[0m[1m [decodeCNodeInvocation/107 T0x807fc8a400 "rootserver" @2d2de4]: CNode Copy/Mint/Move/Mutate: Source slot invalid or empty.>>[0m
[0m[1m<<[0m[32mseL4(CPU 0)[0m[1m [decodeCNodeInvocation/107 T0x807fc8a400 "rootserver" @2d2de4]: CNode Copy/Mint/Move/Mutate: Source slot invalid or empty.>>[0m
[0m[1m<<[0m[32mseL4(CPU 0)[0m[1m [decodeCNodeInvocation/107 T0x807fc8a400 "rootserver" @2d2de4]: CNode Copy/Mint/Move/Mutate: Source slot invalid or empty.>>[0m
[0m[1m<<[0m[32mseL4(CPU 0)[0m[1m [decodeCNodeInvocation/107 T0x807fc8a400 "rootserver" @2d2de4]: CNode Copy/Mint/Move/Mutate: Source slot invalid or empty.>>[0m
[0m[1m<<[0m[32mseL4(CPU 0)[0m[1m [decodeCNodeInvocation/107 T0x807fc8a400 "rootserver" @2d2de4]: CNode Copy/Mint/Move/Mutate: Source slot invalid or empty.>>[0m
[0m[1m<<[0m[32mseL4(CPU 0)[0m[1m [decodeCNodeInvocation/107 T0x807fc8a400 "rootserver" @2d2de4]: CNode Copy/Mint/Move/Mutate: Source slot invalid or empty.>>[0m
[0m[1m<<[0m[32mseL4(CPU 0)[0m[1m [decodeCNodeInvocation/107 T0x807fc8a400 "rootserver" @2d2de4]: CNode Copy/Mint/Move/Mutate: Source slot invalid or empty.>>[0m
[0m[1m<<[0m[32mseL4(CPU 0)[0m[1m [decodeCNodeInvocation/107 T0x807fc8a400 "rootserver" @2d2de4]: CNode Copy/Mint/Move/Mutate: Source slot invalid or empty.>>[0m
[0m[1m<<[0m[32mseL4(CPU 0)[0m[1m [decodeCNodeInvocation/107 T0x807fc8a400 "rootserver" @2d2de4]: CNode Copy/Mint/Move/Mutate: Source slot invalid or empty.>>[0m
[0m[1m<<[0m[32mseL4(CPU 0)[0m[1m [decodeCNodeInvocation/107 T0x807fc8a400 "rootserver" @2d2de4]: CNode Copy/Mint/Move/Mutate: Source slot invalid or empty.>>[0m
[0m[1m<<[0m[32mseL4(CPU 0)[0m[1m [decodeCNodeInvocation/107 T0x807fc8a400 "rootserver" @2d2de4]: CNode Copy/Mint/Move/Mutate: Source slot invalid or empty.>>[0m
[0m[1m<<[0m[32mseL4(CPU 0)[0m[1m [decodeCNodeInvocation/107 T0x807fc8a400 "rootserver" @2d2de4]: CNode Copy/Mint/Move/Mutate: Source slot invalid or empty.>>[0m
[0m[1m<<[0m[32mseL4(CPU 0)[0m[1m [decodeCNodeInvocation/107 T0x807fc8a400 "rootserver" @2d2de4]: CNode Copy/Mint/Move/Mutate: Source slot invalid or empty.>>[0m
[0m[1m<<[0m[32mseL4(CPU 0)[0m[1m [decodeCNodeInvocation/107 T0x807fc8a400 "rootserver" @2d2de4]: CNode Copy/Mint/Move/Mutate: Source slot invalid or empty.>>[0m
[0m[1m<<[0m[32mseL4(CPU 0)[0m[1m [decodeCNodeInvocation/107 T0x807fc8a400 "rootserver" @2d2de4]: CNode Copy/Mint/Move/Mutate: Source slot invalid or empty.>>[0m
[0m[1m<<[0m[32mseL4(CPU 0)[0m[1m [decodeCNodeInvocation/107 T0x807fc8a400 "rootserver" @2d2de4]: CNode Copy/Mint/Move/Mutate: Source slot invalid or empty.>>[0m
[0m[1m<<[0m[32mseL4(CPU 0)[0m[1m [decodeCNodeInvocation/107 T0x807fc8a400 "rootserver" @2d2de4]: CNode Copy/Mint/Move/Mutate: Source slot invalid or empty.>>[0m
[0m[1m<<[0m[32mseL4(CPU 0)[0m[1m [decodeCNodeInvocation/107 T0x807fc8a400 "rootserver" @2d2de4]: CNode Copy/Mint/Move/Mutate: Source slot invalid or empty.>>[0m
[0m[1m<<[0m[32mseL4(CPU 0)[0m[1m [decodeCNodeInvocation/107 T0x807fc8a400 "rootserver" @2d2de4]: CNode Copy/Mint/Move/Mutate: Source slot invalid or empty.>>[0m
[0m[1m<<[0m[32mseL4(CPU 0)[0m[1m [decodeCNodeInvocation/107 T0x807fc8a400 "rootserver" @2d2de4]: CNode Copy/Mint/Move/Mutate: Source slot invalid or empty.>>[0m
[0m[1m<<[0m[32mseL4(CPU 0)[0m[1m [decodeCNodeInvocation/107 T0x807fc8a400 "rootserver" @2d2de4]: CNode Copy/Mint/Move/Mutate: Source slot invalid or empty.>>[0m
[0m[1m<<[0m[32mseL4(CPU 0)[0m[1m [decodeCNodeInvocation/107 T0x807fc8a400 "rootserver" @2d2de4]: CNode Copy/Mint/Move/Mutate: Source slot invalid or empty.>>[0m
[0m[1m<<[0m[32mseL4(CPU 0)[0m[1m [decodeCNodeInvocation/107 T0x807fc8a400 "rootserver" @2d2de4]: CNode Copy/Mint/Move/Mutate: Source slot invalid or empty.>>[0m
[0m[1m<<[0m[32mseL4(CPU 0)[0m[1m [decodeCNodeInvocation/107 T0x807fc8a400 "rootserver" @2d2de4]: CNode Copy/Mint/Move/Mutate: Source slot invalid or empty.>>[0m
[0m[1m<<[0m[32mseL4(CPU 0)[0m[1m [decodeCNodeInvocation/107 T0x807fc8a400 "rootserver" @2d2de4]: CNode Copy/Mint/Move/Mutate: Source slot invalid or empty.>>[0m
[0m[1m<<[0m[32mseL4(CPU 0)[0m[1m [decodeCNodeInvocation/107 T0x807fc8a400 "rootserver" @2d2de4]: CNode Copy/Mint/Move/Mutate: Source slot invalid or empty.>>[0m
[0m[1m<<[0m[32mseL4(CPU 0)[0m[1m [decodeCNodeInvocation/107 T0x807fc8a400 "rootserver" @2d2de4]: CNode Copy/Mint/Move/Mutate: Source slot invalid or empty.>>[0m
[0m[1m<<[0m[32mseL4(CPU 0)[0m[1m [decodeCNodeInvocation/107 T0x807fc8a400 "rootserver" @2d2de4]: CNode Copy/Mint/Move/Mutate: Source slot invalid or empty.>>[0m
[0m[1m<<[0m[32mseL4(CPU 0)[0m[1m [decodeCNodeInvocation/107 T0x807fc8a400 "rootserver" @2d2de4]: CNode Copy/Mint/Move/Mutate: Source slot invalid or empty.>>[0m
[0m[1m<<[0m[32mseL4(CPU 0)[0m[1m [decodeCNodeInvocation/107 T0x807fc8a400 "rootserver" @2d2de4]: CNode Copy/Mint/Move/Mutate: Source slot invalid or empty.>>[0m
[0m[1m<<[0m[32mseL4(CPU 0)[0m[1m [decodeCNodeInvocation/107 T0x807fc8a400 "rootserver" @2d2de4]: CNode Copy/Mint/Move/Mutate: Source slot invalid or empty.>>[0m
[0m[1m<<[0m[32mseL4(CPU 0)[0m[1m [decodeCNodeInvocation/107 T0x807fc8a400 "rootserver" @2d2de4]: CNode Copy/Mint/Move/Mutate: Source slot invalid or empty.>>[0m
[0m[1m<<[0m[32mseL4(CPU 0)[0m[1m [decodeCNodeInvocation/107 T0x807fc8a400 "rootserver" @2d2de4]: CNode Copy/Mint/Move/Mutate: Source slot invalid or empty.>>[0m
[0m[1m<<[0m[32mseL4(CPU 0)[0m[1m [decodeCNodeInvocation/107 T0x807fc8a400 "rootserver" @2d2de4]: CNode Copy/Mint/Move/Mutate: Source slot invalid or empty.>>[0m
[0m[1m<<[0m[32mseL4(CPU 0)[0m[1m [decodeCNodeInvocation/107 T0x807fc8a400 "rootserver" @2d2de4]: CNode Copy/Mint/Move/Mutate: Source slot invalid or empty.>>[0m
[0m[1m<<[0m[32mseL4(CPU 0)[0m[1m [decodeCNodeInvocation/107 T0x807fc8a400 "rootserver" @2d2de4]: CNode Copy/Mint/Move/Mutate: Source slot invalid or empty.>>[0m
[0m[1m<<[0m[32mseL4(CPU 0)[0m[1m [decodeCNodeInvocation/107 T0x807fc8a400 "rootserver" @2d2de4]: CNode Copy/Mint/Move/Mutate: Source slot invalid or empty.>>[0m
[0m[1m<<[0m[32mseL4(CPU 0)[0m[1m [decodeCNodeInvocation/107 T0x807fc8a400 "rootserver" @2d2de4]: CNode Copy/Mint/Move/Mutate: Source slot invalid or empty.>>[0m
[0m[1m<<[0m[32mseL4(CPU 0)[0m[1m [decodeCNodeInvocation/107 T0x807fc8a400 "rootserver" @2d2de4]: CNode Copy/Mint/Move/Mutate: Source slot invalid or empty.>>[0m
[0m[1m<<[0m[32mseL4(CPU 0)[0m[1m [decodeCNodeInvocation/107 T0x807fc8a400 "rootserver" @2d2de4]: CNode Copy/Mint/Move/Mutate: Source slot invalid or empty.>>[0m
[0m[1m<<[0m[32mseL4(CPU 0)[0m[1m [decodeCNodeInvocation/107 T0x807fc8a400 "rootserver" @2d2de4]: CNode Copy/Mint/Move/Mutate: Source slot invalid or empty.>>[0m
[0m[1m<<[0m[32mseL4(CPU 0)[0m[1m [decodeCNodeInvocation/107 T0x807fc8a400 "rootserver" @2d2de4]: CNode Copy/Mint/Move/Mutate: Source slot invalid or empty.>>[0m
[0m[1m<<[0m[32mseL4(CPU 0)[0m[1m [decodeCNodeInvocation/107 T0x807fc8a400 "rootserver" @2d2de4]: CNode Copy/Mint/Move/Mutate: Source slot invalid or empty.>>[0m
[0m[1m<<[0m[32mseL4(CPU 0)[0m[1m [decodeCNodeInvocation/107 T0x807fc8a400 "rootserver" @2d2de4]: CNode Copy/Mint/Move/Mutate: Source slot invalid or empty.>>[0m
[0m[1m<<[0m[32mseL4(CPU 0)[0m[1m [decodeCNodeInvocation/107 T0x807fc8a400 "rootserver" @2d2de4]: CNode Copy/Mint/Move/Mutate: Source slot invalid or empty.>>[0m
[0m[1m<<[0m[32mseL4(CPU 0)[0m[1m [decodeCNodeInvocation/107 T0x807fc8a400 "rootserver" @2d2de4]: CNode Copy/Mint/Move/Mutate: Source slot invalid or empty.>>[0m
[0m[1m<<[0m[32mseL4(CPU 0)[0m[1m [decodeCNodeInvocation/107 T0x807fc8a400 "rootserver" @2d2de4]: CNode Copy/Mint/Move/Mutate: Source slot invalid or empty.>>[0m
[0m[1m<<[0m[32mseL4(CPU 0)[0m[1m [decodeCNodeInvocation/107 T0x807fc8a400 "rootserver" @2d2de4]: CNode Copy/Mint/Move/Mutate: Source slot invalid or empty.>>[0m
[0m[1m<<[0m[32mseL4(CPU 0)[0m[1m [decodeCNodeInvocation/107 T0x807fc8a400 "rootserver" @2d2de4]: CNode Copy/Mint/Move/Mutate: Source slot invalid or empty.>>[0m
[0m[1m<<[0m[32mseL4(CPU 0)[0m[1m [decodeCNodeInvocation/107 T0x807fc8a400 "rootserver" @2d2de4]: CNode Copy/Mint/Move/Mutate: Source slot invalid or empty.>>[0m
[0m[1m<<[0m[32mseL4(CPU 0)[0m[1m [decodeCNodeInvocation/107 T0x807fc8a400 "rootserver" @2d2de4]: CNode Copy/Mint/Move/Mutate: Source slot invalid or empty.>>[0m
[0m[1m<<[0m[32mseL4(CPU 0)[0m[1m [decodeCNodeInvocation/107 T0x807fc8a400 "rootserver" @2d2de4]: CNode Copy/Mint/Move/Mutate: Source slot invalid or empty.>>[0m
[0m[1m<<[0m[32mseL4(CPU 0)[0m[1m [decodeCNodeInvocation/107 T0x807fc8a400 "rootserver" @2d2de4]: CNode Copy/Mint/Move/Mutate: Source slot invalid or empty.>>[0m
[0m[1m<<[0m[32mseL4(CPU 0)[0m[1m [decodeCNodeInvocation/107 T0x807fc8a400 "rootserver" @2d2de4]: CNode Copy/Mint/Move/Mutate: Source slot invalid or empty.>>[0m
[0m[1m<<[0m[32mseL4(CPU 0)[0m[1m [decodeCNodeInvocation/107 T0x807fc8a400 "rootserver" @2d2de4]: CNode Copy/Mint/Move/Mutate: Source slot invalid or empty.>>[0m
[0m[1m<<[0m[32mseL4(CPU 0)[0m[1m [decodeCNodeInvocation/107 T0x807fc8a400 "rootserver" @2d2de4]: CNode Copy/Mint/Move/Mutate: Source slot invalid or empty.>>[0m
[0m[1m<<[0m[32mseL4(CPU 0)[0m[1m [decodeCNodeInvocation/107 T0x807fc8a400 "rootserver" @2d2de4]: CNode Copy/Mint/Move/Mutate: Source slot invalid or empty.>>[0m
[0m[1m<<[0m[32mseL4(CPU 0)[0m[1m [decodeCNodeInvocation/107 T0x807fc8a400 "rootserver" @2d2de4]: CNode Copy/Mint/Move/Mutate: Source slot invalid or empty.>>[0m
[0m[1m<<[0m[32mseL4(CPU 0)[0m[1m [decodeCNodeInvocation/107 T0x807fc8a400 "rootserver" @2d2de4]: CNode Copy/Mint/Move/Mutate: Source slot invalid or empty.>>[0m
SLIME_GRAPH quota task=4 instance=fabric-subscriber-b executable=fabric-subscriber-b pages=4 buffers=0 mappings=4 loans=0
SLIME_GRAPH native endpoint task=4 slot=33 side=both
SLIME_GRAPH notification binding task=4 slot=64 role=Wait
SLIME_GRAPH notification binding task=4 slot=65 role=Signal
SLIME_GRAPH notification binding task=4 slot=66 role=Wait
SLIME_GRAPH notification binding task=4 slot=67 role=Signal
SLIME_GRAPH spawned task=0 child=4 component=fabric-subscriber-b grants=0 endpoints=1 notifications=4 handle=11
SLIME_GRAPH spawn authorized task=0 slot=1 component=fabric-intruder grants=0
SLIME_GRAPH schedule instance=fabric-intruder priority=254 default=254
[0m[1m<<[0m[32mseL4(CPU 0)[0m[1m [decodeCNodeInvocation/107 T0x807fc8a400 "rootserver" @2d2de4]: CNode Copy/Mint/Move/Mutate: Source slot invalid or empty.>>[0m
[0m[1m<<[0m[32mseL4(CPU 0)[0m[1m [decodeCNodeInvocation/95 T0x807fc8a400 "rootserver" @2d2de4]: CNode Copy/Mint/Move/Mutate: Destination not empty.>>[0m
[0m[1m<<[0m[32mseL4(CPU 0)[0m[1m [decodeCNodeInvocation/95 T0x807fc8a400 "rootserver" @2d2de4]: CNode Copy/Mint/Move/Mutate: Destination not empty.>>[0m
[0m[1m<<[0m[32mseL4(CPU 0)[0m[1m [decodeCNodeInvocation/95 T0x807fc8a400 "rootserver" @2d2de4]: CNode Copy/Mint/Move/Mutate: Destination not empty.>>[0m
[0m[1m<<[0m[32mseL4(CPU 0)[0m[1m [decodeCNodeInvocation/95 T0x807fc8a400 "rootserver" @2d2de4]: CNode Copy/Mint/Move/Mutate: Destination not empty.>>[0m
[0m[1m<<[0m[32mseL4(CPU 0)[0m[1m [decodeCNodeInvocation/107 T0x807fc8a400 "rootserver" @2d2de4]: CNode Copy/Mint/Move/Mutate: Source slot invalid or empty.>>[0m
[0m[1m<<[0m[32mseL4(CPU 0)[0m[1m [decodeCNodeInvocation/107 T0x807fc8a400 "rootserver" @2d2de4]: CNode Copy/Mint/Move/Mutate: Source slot invalid or empty.>>[0m
[0m[1m<<[0m[32mseL4(CPU 0)[0m[1m [decodeCNodeInvocation/107 T0x807fc8a400 "rootserver" @2d2de4]: CNode Copy/Mint/Move/Mutate: Source slot invalid or empty.>>[0m
[0m[1m<<[0m[32mseL4(CPU 0)[0m[1m [decodeCNodeInvocation/107 T0x807fc8a400 "rootserver" @2d2de4]: CNode Copy/Mint/Move/Mutate: Source slot invalid or empty.>>[0m
[0m[1m<<[0m[32mseL4(CPU 0)[0m[1m [decodeCNodeInvocation/107 T0x807fc8a400 "rootserver" @2d2de4]: CNode Copy/Mint/Move/Mutate: Source slot invalid or empty.>>[0m
[0m[1m<<[0m[32mseL4(CPU 0)[0m[1m [decodeCNodeInvocation/107 T0x807fc8a400 "rootserver" @2d2de4]: CNode Copy/Mint/Move/Mutate: Source slot invalid or empty.>>[0m
[0m[1m<<[0m[32mseL4(CPU 0)[0m[1m [decodeCNodeInvocation/107 T0x807fc8a400 "rootserver" @2d2de4]: CNode Copy/Mint/Move/Mutate: Source slot invalid or empty.>>[0m
[0m[1m<<[0m[32mseL4(CPU 0)[0m[1m [decodeCNodeInvocation/107 T0x807fc8a400 "rootserver" @2d2de4]: CNode Copy/Mint/Move/Mutate: Source slot invalid or empty.>>[0m
[0m[1m<<[0m[32mseL4(CPU 0)[0m[1m [decodeCNodeInvocation/107 T0x807fc8a400 "rootserver" @2d2de4]: CNode Copy/Mint/Move/Mutate: Source slot invalid or empty.>>[0m
[0m[1m<<[0m[32mseL4(CPU 0)[0m[1m [decodeCNodeInvocation/107 T0x807fc8a400 "rootserver" @2d2de4]: CNode Copy/Mint/Move/Mutate: Source slot invalid or empty.>>[0m
[0m[1m<<[0m[32mseL4(CPU 0)[0m[1m [decodeCNodeInvocation/107 T0x807fc8a400 "rootserver" @2d2de4]: CNode Copy/Mint/Move/Mutate: Source slot invalid or empty.>>[0m
[0m[1m<<[0m[32mseL4(CPU 0)[0m[1m [decodeCNodeInvocation/107 T0x807fc8a400 "rootserver" @2d2de4]: CNode Copy/Mint/Move/Mutate: Source slot invalid or empty.>>[0m
[0m[1m<<[0m[32mseL4(CPU 0)[0m[1m [decodeCNodeInvocation/107 T0x807fc8a400 "rootserver" @2d2de4]: CNode Copy/Mint/Move/Mutate: Source slot invalid or empty.>>[0m
[0m[1m<<[0m[32mseL4(CPU 0)[0m[1m [decodeCNodeInvocation/107 T0x807fc8a400 "rootserver" @2d2de4]: CNode Copy/Mint/Move/Mutate: Source slot invalid or empty.>>[0m
[0m[1m<<[0m[32mseL4(CPU 0)[0m[1m [decodeCNodeInvocation/107 T0x807fc8a400 "rootserver" @2d2de4]: CNode Copy/Mint/Move/Mutate: Source slot invalid or empty.>>[0m
[0m[1m<<[0m[32mseL4(CPU 0)[0m[1m [decodeCNodeInvocation/107 T0x807fc8a400 "rootserver" @2d2de4]: CNode Copy/Mint/Move/Mutate: Source slot invalid or empty.>>[0m
[0m[1m<<[0m[32mseL4(CPU 0)[0m[1m [decodeCNodeInvocation/107 T0x807fc8a400 "rootserver" @2d2de4]: CNode Copy/Mint/Move/Mutate: Source slot invalid or empty.>>[0m
[0m[1m<<[0m[32mseL4(CPU 0)[0m[1m [decodeCNodeInvocation/107 T0x807fc8a400 "rootserver" @2d2de4]: CNode Copy/Mint/Move/Mutate: Source slot invalid or empty.>>[0m
[0m[1m<<[0m[32mseL4(CPU 0)[0m[1m [decodeCNodeInvocation/107 T0x807fc8a400 "rootserver" @2d2de4]: CNode Copy/Mint/Move/Mutate: Source slot invalid or empty.>>[0m
[0m[1m<<[0m[32mseL4(CPU 0)[0m[1m [decodeCNodeInvocation/107 T0x807fc8a400 "rootserver" @2d2de4]: CNode Copy/Mint/Move/Mutate: Source slot invalid or empty.>>[0m
[0m[1m<<[0m[32mseL4(CPU 0)[0m[1m [decodeCNodeInvocation/107 T0x807fc8a400 "rootserver" @2d2de4]: CNode Copy/Mint/Move/Mutate: Source slot invalid or empty.>>[0m
[0m[1m<<[0m[32mseL4(CPU 0)[0m[1m [decodeCNodeInvocation/107 T0x807fc8a400 "rootserver" @2d2de4]: CNode Copy/Mint/Move/Mutate: Source slot invalid or empty.>>[0m
[0m[1m<<[0m[32mseL4(CPU 0)[0m[1m [decodeCNodeInvocation/107 T0x807fc8a400 "rootserver" @2d2de4]: CNode Copy/Mint/Move/Mutate: Source slot invalid or empty.>>[0m
[0m[1m<<[0m[32mseL4(CPU 0)[0m[1m [decodeCNodeInvocation/107 T0x807fc8a400 "rootserver" @2d2de4]: CNode Copy/Mint/Move/Mutate: Source slot invalid or empty.>>[0m
[0m[1m<<[0m[32mseL4(CPU 0)[0m[1m [decodeCNodeInvocation/107 T0x807fc8a400 "rootserver" @2d2de4]: CNode Copy/Mint/Move/Mutate: Source slot invalid or empty.>>[0m
[0m[1m<<[0m[32mseL4(CPU 0)[0m[1m [decodeCNodeInvocation/107 T0x807fc8a400 "rootserver" @2d2de4]: CNode Copy/Mint/Move/Mutate: Source slot invalid or empty.>>[0m
[0m[1m<<[0m[32mseL4(CPU 0)[0m[1m [decodeCNodeInvocation/107 T0x807fc8a400 "rootserver" @2d2de4]: CNode Copy/Mint/Move/Mutate: Source slot invalid or empty.>>[0m
[0m[1m<<[0m[32mseL4(CPU 0)[0m[1m [decodeCNodeInvocation/95 T0x807fc8a400 "rootserver" @2d2de4]: CNode Copy/Mint/Move/Mutate: Destination not empty.>>[0m
[0m[1m<<[0m[32mseL4(CPU 0)[0m[1m [decodeCNodeInvocation/107 T0x807fc8a400 "rootserver" @2d2de4]: CNode Copy/Mint/Move/Mutate: Source slot invalid or empty.>>[0m
[0m[1m<<[0m[32mseL4(CPU 0)[0m[1m [decodeCNodeInvocation/107 T0x807fc8a400 "rootserver" @2d2de4]: CNode Copy/Mint/Move/Mutate: Source slot invalid or empty.>>[0m
[0m[1m<<[0m[32mseL4(CPU 0)[0m[1m [decodeCNodeInvocation/107 T0x807fc8a400 "rootserver" @2d2de4]: CNode Copy/Mint/Move/Mutate: Source slot invalid or empty.>>[0m
[0m[1m<<[0m[32mseL4(CPU 0)[0m[1m [decodeCNodeInvocation/107 T0x807fc8a400 "rootserver" @2d2de4]: CNode Copy/Mint/Move/Mutate: Source slot invalid or empty.>>[0m
[0m[1m<<[0m[32mseL4(CPU 0)[0m[1m [decodeCNodeInvocation/107 T0x807fc8a400 "rootserver" @2d2de4]: CNode Copy/Mint/Move/Mutate: Source slot invalid or empty.>>[0m
[0m[1m<<[0m[32mseL4(CPU 0)[0m[1m [decodeCNodeInvocation/107 T0x807fc8a400 "rootserver" @2d2de4]: CNode Copy/Mint/Move/Mutate: Source slot invalid or empty.>>[0m
[0m[1m<<[0m[32mseL4(CPU 0)[0m[1m [decodeCNodeInvocation/107 T0x807fc8a400 "rootserver" @2d2de4]: CNode Copy/Mint/Move/Mutate: Source slot invalid or empty.>>[0m
[0m[1m<<[0m[32mseL4(CPU 0)[0m[1m [decodeCNodeInvocation/107 T0x807fc8a400 "rootserver" @2d2de4]: CNode Copy/Mint/Move/Mutate: Source slot invalid or empty.>>[0m
[0m[1m<<[0m[32mseL4(CPU 0)[0m[1m [decodeCNodeInvocation/107 T0x807fc8a400 "rootserver" @2d2de4]: CNode Copy/Mint/Move/Mutate: Source slot invalid or empty.>>[0m
[0m[1m<<[0m[32mseL4(CPU 0)[0m[1m [decodeCNodeInvocation/107 T0x807fc8a400 "rootserver" @2d2de4]: CNode Copy/Mint/Move/Mutate: Source slot invalid or empty.>>[0m
[0m[1m<<[0m[32mseL4(CPU 0)[0m[1m [decodeCNodeInvocation/107 T0x807fc8a400 "rootserver" @2d2de4]: CNode Copy/Mint/Move/Mutate: Source slot invalid or empty.>>[0m
[0m[1m<<[0m[32mseL4(CPU 0)[0m[1m [decodeCNodeInvocation/107 T0x807fc8a400 "rootserver" @2d2de4]: CNode Copy/Mint/Move/Mutate: Source slot invalid or empty.>>[0m
[0m[1m<<[0m[32mseL4(CPU 0)[0m[1m [decodeCNodeInvocation/107 T0x807fc8a400 "rootserver" @2d2de4]: CNode Copy/Mint/Move/Mutate: Source slot invalid or empty.>>[0m
[0m[1m<<[0m[32mseL4(CPU 0)[0m[1m [decodeCNodeInvocation/107 T0x807fc8a400 "rootserver" @2d2de4]: CNode Copy/Mint/Move/Mutate: Source slot invalid or empty.>>[0m
[0m[1m<<[0m[32mseL4(CPU 0)[0m[1m [decodeCNodeInvocation/107 T0x807fc8a400 "rootserver" @2d2de4]: CNode Copy/Mint/Move/Mutate: Source slot invalid or empty.>>[0m
[0m[1m<<[0m[32mseL4(CPU 0)[0m[1m [decodeCNodeInvocation/107 T0x807fc8a400 "rootserver" @2d2de4]: CNode Copy/Mint/Move/Mutate: Source slot invalid or empty.>>[0m
[0m[1m<<[0m[32mseL4(CPU 0)[0m[1m [decodeCNodeInvocation/107 T0x807fc8a400 "rootserver" @2d2de4]: CNode Copy/Mint/Move/Mutate: Source slot invalid or empty.>>[0m
[0m[1m<<[0m[32mseL4(CPU 0)[0m[1m [decodeCNodeInvocation/107 T0x807fc8a400 "rootserver" @2d2de4]: CNode Copy/Mint/Move/Mutate: Source slot invalid or empty.>>[0m
[0m[1m<<[0m[32mseL4(CPU 0)[0m[1m [decodeCNodeInvocation/107 T0x807fc8a400 "rootserver" @2d2de4]: CNode Copy/Mint/Move/Mutate: Source slot invalid or empty.>>[0m
[0m[1m<<[0m[32mseL4(CPU 0)[0m[1m [decodeCNodeInvocation/107 T0x807fc8a400 "rootserver" @2d2de4]: CNode Copy/Mint/Move/Mutate: Source slot invalid or empty.>>[0m
[0m[1m<<[0m[32mseL4(CPU 0)[0m[1m [decodeCNodeInvocation/107 T0x807fc8a400 "rootserver" @2d2de4]: CNode Copy/Mint/Move/Mutate: Source slot invalid or empty.>>[0m
[0m[1m<<[0m[32mseL4(CPU 0)[0m[1m [decodeCNodeInvocation/107 T0x807fc8a400 "rootserver" @2d2de4]: CNode Copy/Mint/Move/Mutate: Source slot invalid or empty.>>[0m
[0m[1m<<[0m[32mseL4(CPU 0)[0m[1m [decodeCNodeInvocation/107 T0x807fc8a400 "rootserver" @2d2de4]: CNode Copy/Mint/Move/Mutate: Source slot invalid or empty.>>[0m
[0m[1m<<[0m[32mseL4(CPU 0)[0m[1m [decodeCNodeInvocation/107 T0x807fc8a400 "rootserver" @2d2de4]: CNode Copy/Mint/Move/Mutate: Source slot invalid or empty.>>[0m
[0m[1m<<[0m[32mseL4(CPU 0)[0m[1m [decodeCNodeInvocation/107 T0x807fc8a400 "rootserver" @2d2de4]: CNode Copy/Mint/Move/Mutate: Source slot invalid or empty.>>[0m
[0m[1m<<[0m[32mseL4(CPU 0)[0m[1m [decodeCNodeInvocation/107 T0x807fc8a400 "rootserver" @2d2de4]: CNode Copy/Mint/Move/Mutate: Source slot invalid or empty.>>[0m
[0m[1m<<[0m[32mseL4(CPU 0)[0m[1m [decodeCNodeInvocation/107 T0x807fc8a400 "rootserver" @2d2de4]: CNode Copy/Mint/Move/Mutate: Source slot invalid or empty.>>[0m
[0m[1m<<[0m[32mseL4(CPU 0)[0m[1m [decodeCNodeInvocation/107 T0x807fc8a400 "rootserver" @2d2de4]: CNode Copy/Mint/Move/Mutate: Source slot invalid or empty.>>[0m
[0m[1m<<[0m[32mseL4(CPU 0)[0m[1m [decodeCNodeInvocation/107 T0x807fc8a400 "rootserver" @2d2de4]: CNode Copy/Mint/Move/Mutate: Source slot invalid or empty.>>[0m
[0m[1m<<[0m[32mseL4(CPU 0)[0m[1m [decodeCNodeInvocation/107 T0x807fc8a400 "rootserver" @2d2de4]: CNode Copy/Mint/Move/Mutate: Source slot invalid or empty.>>[0m
[0m[1m<<[0m[32mseL4(CPU 0)[0m[1m [decodeCNodeInvocation/107 T0x807fc8a400 "rootserver" @2d2de4]: CNode Copy/Mint/Move/Mutate: Source slot invalid or empty.>>[0m
[0m[1m<<[0m[32mseL4(CPU 0)[0m[1m [decodeCNodeInvocation/107 T0x807fc8a400 "rootserver" @2d2de4]: CNode Copy/Mint/Move/Mutate: Source slot invalid or empty.>>[0m
[0m[1m<<[0m[32mseL4(CPU 0)[0m[1m [decodeCNodeInvocation/107 T0x807fc8a400 "rootserver" @2d2de4]: CNode Copy/Mint/Move/Mutate: Source slot invalid or empty.>>[0m
[0m[1m<<[0m[32mseL4(CPU 0)[0m[1m [decodeCNodeInvocation/107 T0x807fc8a400 "rootserver" @2d2de4]: CNode Copy/Mint/Move/Mutate: Source slot invalid or empty.>>[0m
[0m[1m<<[0m[32mseL4(CPU 0)[0m[1m [decodeCNodeInvocation/107 T0x807fc8a400 "rootserver" @2d2de4]: CNode Copy/Mint/Move/Mutate: Source slot invalid or empty.>>[0m
[0m[1m<<[0m[32mseL4(CPU 0)[0m[1m [decodeCNodeInvocation/107 T0x807fc8a400 "rootserver" @2d2de4]: CNode Copy/Mint/Move/Mutate: Source slot invalid or empty.>>[0m
[0m[1m<<[0m[32mseL4(CPU 0)[0m[1m [decodeCNodeInvocation/107 T0x807fc8a400 "rootserver" @2d2de4]: CNode Copy/Mint/Move/Mutate: Source slot invalid or empty.>>[0m
[0m[1m<<[0m[32mseL4(CPU 0)[0m[1m [decodeCNodeInvocation/107 T0x807fc8a400 "rootserver" @2d2de4]: CNode Copy/Mint/Move/Mutate: Source slot invalid or empty.>>[0m
[0m[1m<<[0m[32mseL4(CPU 0)[0m[1m [decodeCNodeInvocation/107 T0x807fc8a400 "rootserver" @2d2de4]: CNode Copy/Mint/Move/Mutate: Source slot invalid or empty.>>[0m
[0m[1m<<[0m[32mseL4(CPU 0)[0m[1m [decodeCNodeInvocation/107 T0x807fc8a400 "rootserver" @2d2de4]: CNode Copy/Mint/Move/Mutate: Source slot invalid or empty.>>[0m
[0m[1m<<[0m[32mseL4(CPU 0)[0m[1m [decodeCNodeInvocation/107 T0x807fc8a400 "rootserver" @2d2de4]: CNode Copy/Mint/Move/Mutate: Source slot invalid or empty.>>[0m
[0m[1m<<[0m[32mseL4(CPU 0)[0m[1m [decodeCNodeInvocation/107 T0x807fc8a400 "rootserver" @2d2de4]: CNode Copy/Mint/Move/Mutate: Source slot invalid or empty.>>[0m
[0m[1m<<[0m[32mseL4(CPU 0)[0m[1m [decodeCNodeInvocation/107 T0x807fc8a400 "rootserver" @2d2de4]: CNode Copy/Mint/Move/Mutate: Source slot invalid or empty.>>[0m
[0m[1m<<[0m[32mseL4(CPU 0)[0m[1m [decodeCNodeInvocation/107 T0x807fc8a400 "rootserver" @2d2de4]: CNode Copy/Mint/Move/Mutate: Source slot invalid or empty.>>[0m
[0m[1m<<[0m[32mseL4(CPU 0)[0m[1m [decodeCNodeInvocation/107 T0x807fc8a400 "rootserver" @2d2de4]: CNode Copy/Mint/Move/Mutate: Source slot invalid or empty.>>[0m
[0m[1m<<[0m[32mseL4(CPU 0)[0m[1m [decodeCNodeInvocation/107 T0x807fc8a400 "rootserver" @2d2de4]: CNode Copy/Mint/Move/Mutate: Source slot invalid or empty.>>[0m
[0m[1m<<[0m[32mseL4(CPU 0)[0m[1m [decodeCNodeInvocation/107 T0x807fc8a400 "rootserver" @2d2de4]: CNode Copy/Mint/Move/Mutate: Source slot invalid or empty.>>[0m
[0m[1m<<[0m[32mseL4(CPU 0)[0m[1m [decodeCNodeInvocation/107 T0x807fc8a400 "rootserver" @2d2de4]: CNode Copy/Mint/Move/Mutate: Source slot invalid or empty.>>[0m
[0m[1m<<[0m[32mseL4(CPU 0)[0m[1m [decodeCNodeInvocation/107 T0x807fc8a400 "rootserver" @2d2de4]: CNode Copy/Mint/Move/Mutate: Source slot invalid or empty.>>[0m
[0m[1m<<[0m[32mseL4(CPU 0)[0m[1m [decodeCNodeInvocation/107 T0x807fc8a400 "rootserver" @2d2de4]: CNode Copy/Mint/Move/Mutate: Source slot invalid or empty.>>[0m
[0m[1m<<[0m[32mseL4(CPU 0)[0m[1m [decodeCNodeInvocation/107 T0x807fc8a400 "rootserver" @2d2de4]: CNode Copy/Mint/Move/Mutate: Source slot invalid or empty.>>[0m
[0m[1m<<[0m[32mseL4(CPU 0)[0m[1m [decodeCNodeInvocation/107 T0x807fc8a400 "rootserver" @2d2de4]: CNode Copy/Mint/Move/Mutate: Source slot invalid or empty.>>[0m
[0m[1m<<[0m[32mseL4(CPU 0)[0m[1m [decodeCNodeInvocation/107 T0x807fc8a400 "rootserver" @2d2de4]: CNode Copy/Mint/Move/Mutate: Source slot invalid or empty.>>[0m
[0m[1m<<[0m[32mseL4(CPU 0)[0m[1m [decodeCNodeInvocation/107 T0x807fc8a400 "rootserver" @2d2de4]: CNode Copy/Mint/Move/Mutate: Source slot invalid or empty.>>[0m
[0m[1m<<[0m[32mseL4(CPU 0)[0m[1m [decodeCNodeInvocation/107 T0x807fc8a400 "rootserver" @2d2de4]: CNode Copy/Mint/Move/Mutate: Source slot invalid or empty.>>[0m
[0m[1m<<[0m[32mseL4(CPU 0)[0m[1m [decodeCNodeInvocation/107 T0x807fc8a400 "rootserver" @2d2de4]: CNode Copy/Mint/Move/Mutate: Source slot invalid or empty.>>[0m
[0m[1m<<[0m[32mseL4(CPU 0)[0m[1m [decodeCNodeInvocation/107 T0x807fc8a400 "rootserver" @2d2de4]: CNode Copy/Mint/Move/Mutate: Source slot invalid or empty.>>[0m
[0m[1m<<[0m[32mseL4(CPU 0)[0m[1m [decodeCNodeInvocation/107 T0x807fc8a400 "rootserver" @2d2de4]: CNode Copy/Mint/Move/Mutate: Source slot invalid or empty.>>[0m
[0m[1m<<[0m[32mseL4(CPU 0)[0m[1m [decodeCNodeInvocation/107 T0x807fc8a400 "rootserver" @2d2de4]: CNode Copy/Mint/Move/Mutate: Source slot invalid or empty.>>[0m
[0m[1m<<[0m[32mseL4(CPU 0)[0m[1m [decodeCNodeInvocation/107 T0x807fc8a400 "rootserver" @2d2de4]: CNode Copy/Mint/Move/Mutate: Source slot invalid or empty.>>[0m
[0m[1m<<[0m[32mseL4(CPU 0)[0m[1m [decodeCNodeInvocation/107 T0x807fc8a400 "rootserver" @2d2de4]: CNode Copy/Mint/Move/Mutate: Source slot invalid or empty.>>[0m
[0m[1m<<[0m[32mseL4(CPU 0)[0m[1m [decodeCNodeInvocation/107 T0x807fc8a400 "rootserver" @2d2de4]: CNode Copy/Mint/Move/Mutate: Source slot invalid or empty.>>[0m
[0m[1m<<[0m[32mseL4(CPU 0)[0m[1m [decodeCNodeInvocation/107 T0x807fc8a400 "rootserver" @2d2de4]: CNode Copy/Mint/Move/Mutate: Source slot invalid or empty.>>[0m
[0m[1m<<[0m[32mseL4(CPU 0)[0m[1m [decodeCNodeInvocation/107 T0x807fc8a400 "rootserver" @2d2de4]: CNode Copy/Mint/Move/Mutate: Source slot invalid or empty.>>[0m
[0m[1m<<[0m[32mseL4(CPU 0)[0m[1m [decodeCNodeInvocation/107 T0x807fc8a400 "rootserver" @2d2de4]: CNode Copy/Mint/Move/Mutate: Source slot invalid or empty.>>[0m
[0m[1m<<[0m[32mseL4(CPU 0)[0m[1m [decodeCNodeInvocation/107 T0x807fc8a400 "rootserver" @2d2de4]: CNode Copy/Mint/Move/Mutate: Source slot invalid or empty.>>[0m
[0m[1m<<[0m[32mseL4(CPU 0)[0m[1m [decodeCNodeInvocation/107 T0x807fc8a400 "rootserver" @2d2de4]: CNode Copy/Mint/Move/Mutate: Source slot invalid or empty.>>[0m
[0m[1m<<[0m[32mseL4(CPU 0)[0m[1m [decodeCNodeInvocation/107 T0x807fc8a400 "rootserver" @2d2de4]: CNode Copy/Mint/Move/Mutate: Source slot invalid or empty.>>[0m
[0m[1m<<[0m[32mseL4(CPU 0)[0m[1m [decodeCNodeInvocation/107 T0x807fc8a400 "rootserver" @2d2de4]: CNode Copy/Mint/Move/Mutate: Source slot invalid or empty.>>[0m
[0m[1m<<[0m[32mseL4(CPU 0)[0m[1m [decodeCNodeInvocation/107 T0x807fc8a400 "rootserver" @2d2de4]: CNode Copy/Mint/Move/Mutate: Source slot invalid or empty.>>[0m
[0m[1m<<[0m[32mseL4(CPU 0)[0m[1m [decodeCNodeInvocation/107 T0x807fc8a400 "rootserver" @2d2de4]: CNode Copy/Mint/Move/Mutate: Source slot invalid or empty.>>[0m
[0m[1m<<[0m[32mseL4(CPU 0)[0m[1m [decodeCNodeInvocation/107 T0x807fc8a400 "rootserver" @2d2de4]: CNode Copy/Mint/Move/Mutate: Source slot invalid or empty.>>[0m
[0m[1m<<[0m[32mseL4(CPU 0)[0m[1m [decodeCNodeInvocation/107 T0x807fc8a400 "rootserver" @2d2de4]: CNode Copy/Mint/Move/Mutate: Source slot invalid or empty.>>[0m
[0m[1m<<[0m[32mseL4(CPU 0)[0m[1m [decodeCNodeInvocation/107 T0x807fc8a400 "rootserver" @2d2de4]: CNode Copy/Mint/Move/Mutate: Source slot invalid or empty.>>[0m
[0m[1m<<[0m[32mseL4(CPU 0)[0m[1m [decodeCNodeInvocation/107 T0x807fc8a400 "rootserver" @2d2de4]: CNode Copy/Mint/Move/Mutate: Source slot invalid or empty.>>[0m
[0m[1m<<[0m[32mseL4(CPU 0)[0m[1m [decodeCNodeInvocation/107 T0x807fc8a400 "rootserver" @2d2de4]: CNode Copy/Mint/Move/Mutate: Source slot invalid or empty.>>[0m
[0m[1m<<[0m[32mseL4(CPU 0)[0m[1m [decodeCNodeInvocation/107 T0x807fc8a400 "rootserver" @2d2de4]: CNode Copy/Mint/Move/Mutate: Source slot invalid or empty.>>[0m
[0m[1m<<[0m[32mseL4(CPU 0)[0m[1m [decodeCNodeInvocation/107 T0x807fc8a400 "rootserver" @2d2de4]: CNode Copy/Mint/Move/Mutate: Source slot invalid or empty.>>[0m
[0m[1m<<[0m[32mseL4(CPU 0)[0m[1m [decodeCNodeInvocation/107 T0x807fc8a400 "rootserver" @2d2de4]: CNode Copy/Mint/Move/Mutate: Source slot invalid or empty.>>[0m
[0m[1m<<[0m[32mseL4(CPU 0)[0m[1m [decodeCNodeInvocation/107 T0x807fc8a400 "rootserver" @2d2de4]: CNode Copy/Mint/Move/Mutate: Source slot invalid or empty.>>[0m
[0m[1m<<[0m[32mseL4(CPU 0)[0m[1m [decodeCNodeInvocation/107 T0x807fc8a400 "rootserver" @2d2de4]: CNode Copy/Mint/Move/Mutate: Source slot invalid or empty.>>[0m
[0m[1m<<[0m[32mseL4(CPU 0)[0m[1m [decodeCNodeInvocation/107 T0x807fc8a400 "rootserver" @2d2de4]: CNode Copy/Mint/Move/Mutate: Source slot invalid or empty.>>[0m
[0m[1m<<[0m[32mseL4(CPU 0)[0m[1m [decodeCNodeInvocation/107 T0x807fc8a400 "rootserver" @2d2de4]: CNode Copy/Mint/Move/Mutate: Source slot invalid or empty.>>[0m
[0m[1m<<[0m[32mseL4(CPU 0)[0m[1m [decodeCNodeInvocation/107 T0x807fc8a400 "rootserver" @2d2de4]: CNode Copy/Mint/Move/Mutate: Source slot invalid or empty.>>[0m
[0m[1m<<[0m[32mseL4(CPU 0)[0m[1m [decodeCNodeInvocation/107 T0x807fc8a400 "rootserver" @2d2de4]: CNode Copy/Mint/Move/Mutate: Source slot invalid or empty.>>[0m
[0m[1m<<[0m[32mseL4(CPU 0)[0m[1m [decodeCNodeInvocation/107 T0x807fc8a400 "rootserver" @2d2de4]: CNode Copy/Mint/Move/Mutate: Source slot invalid or empty.>>[0m
[0m[1m<<[0m[32mseL4(CPU 0)[0m[1m [decodeCNodeInvocation/107 T0x807fc8a400 "rootserver" @2d2de4]: CNode Copy/Mint/Move/Mutate: Source slot invalid or empty.>>[0m
[0m[1m<<[0m[32mseL4(CPU 0)[0m[1m [decodeCNodeInvocation/107 T0x807fc8a400 "rootserver" @2d2de4]: CNode Copy/Mint/Move/Mutate: Source slot invalid or empty.>>[0m
[0m[1m<<[0m[32mseL4(CPU 0)[0m[1m [decodeCNodeInvocation/107 T0x807fc8a400 "rootserver" @2d2de4]: CNode Copy/Mint/Move/Mutate: Source slot invalid or empty.>>[0m
[0m[1m<<[0m[32mseL4(CPU 0)[0m[1m [decodeCNodeInvocation/107 T0x807fc8a400 "rootserver" @2d2de4]: CNode Copy/Mint/Move/Mutate: Source slot invalid or empty.>>[0m
[0m[1m<<[0m[32mseL4(CPU 0)[0m[1m [decodeCNodeInvocation/107 T0x807fc8a400 "rootserver" @2d2de4]: CNode Copy/Mint/Move/Mutate: Source slot invalid or empty.>>[0m
[0m[1m<<[0m[32mseL4(CPU 0)[0m[1m [decodeCNodeInvocation/107 T0x807fc8a400 "rootserver" @2d2de4]: CNode Copy/Mint/Move/Mutate: Source slot invalid or empty.>>[0m
[0m[1m<<[0m[32mseL4(CPU 0)[0m[1m [decodeCNodeInvocation/107 T0x807fc8a400 "rootserver" @2d2de4]: CNode Copy/Mint/Move/Mutate: Source slot invalid or empty.>>[0m
[0m[1m<<[0m[32mseL4(CPU 0)[0m[1m [decodeCNodeInvocation/107 T0x807fc8a400 "rootserver" @2d2de4]: CNode Copy/Mint/Move/Mutate: Source slot invalid or empty.>>[0m
[0m[1m<<[0m[32mseL4(CPU 0)[0m[1m [decodeCNodeInvocation/107 T0x807fc8a400 "rootserver" @2d2de4]: CNode Copy/Mint/Move/Mutate: Source slot invalid or empty.>>[0m
SLIME_GRAPH quota task=5 instance=fabric-intruder executable=fabric-intruder pages=0 buffers=0 mappings=0 loans=0
SLIME_GRAPH native endpoint task=5 slot=33 side=both
SLIME_GRAPH spawned task=0 child=5 component=fabric-intruder grants=0 endpoints=1 notifications=0 handle=12
SLIME_GRAPH spawn authorized task=0 slot=4 component=fabric-service grants=5
SLIME_GRAPH schedule instance=fabric-service priority=254 default=254
[0m[1m<<[0m[32mseL4(CPU 0)[0m[1m [decodeCNodeInvocation/107 T0x807fc8a400 "rootserver" @2d2de4]: CNode Copy/Mint/Move/Mutate: Source slot invalid or empty.>>[0m
[0m[1m<<[0m[32mseL4(CPU 0)[0m[1m [decodeCNodeInvocation/95 T0x807fc8a400 "rootserver" @2d2de4]: CNode Copy/Mint/Move/Mutate: Destination not empty.>>[0m
[0m[1m<<[0m[32mseL4(CPU 0)[0m[1m [decodeCNodeInvocation/95 T0x807fc8a400 "rootserver" @2d2de4]: CNode Copy/Mint/Move/Mutate: Destination not empty.>>[0m
[0m[1m<<[0m[32mseL4(CPU 0)[0m[1m [decodeCNodeInvocation/95 T0x807fc8a400 "rootserver" @2d2de4]: CNode Copy/Mint/Move/Mutate: Destination not empty.>>[0m
[0m[1m<<[0m[32mseL4(CPU 0)[0m[1m [decodeCNodeInvocation/95 T0x807fc8a400 "rootserver" @2d2de4]: CNode Copy/Mint/Move/Mutate: Destination not empty.>>[0m
[0m[1m<<[0m[32mseL4(CPU 0)[0m[1m [decodeCNodeInvocation/107 T0x807fc8a400 "rootserver" @2d2de4]: CNode Copy/Mint/Move/Mutate: Source slot invalid or empty.>>[0m
[0m[1m<<[0m[32mseL4(CPU 0)[0m[1m [decodeCNodeInvocation/107 T0x807fc8a400 "rootserver" @2d2de4]: CNode Copy/Mint/Move/Mutate: Source slot invalid or empty.>>[0m
[0m[1m<<[0m[32mseL4(CPU 0)[0m[1m [decodeCNodeInvocation/107 T0x807fc8a400 "rootserver" @2d2de4]: CNode Copy/Mint/Move/Mutate: Source slot invalid or empty.>>[0m
[0m[1m<<[0m[32mseL4(CPU 0)[0m[1m [decodeCNodeInvocation/107 T0x807fc8a400 "rootserver" @2d2de4]: CNode Copy/Mint/Move/Mutate: Source slot invalid or empty.>>[0m
[0m[1m<<[0m[32mseL4(CPU 0)[0m[1m [decodeCNodeInvocation/107 T0x807fc8a400 "rootserver" @2d2de4]: CNode Copy/Mint/Move/Mutate: Source slot invalid or empty.>>[0m
[0m[1m<<[0m[32mseL4(CPU 0)[0m[1m [decodeCNodeInvocation/107 T0x807fc8a400 "rootserver" @2d2de4]: CNode Copy/Mint/Move/Mutate: Source slot invalid or empty.>>[0m
[0m[1m<<[0m[32mseL4(CPU 0)[0m[1m [decodeCNodeInvocation/107 T0x807fc8a400 "rootserver" @2d2de4]: CNode Copy/Mint/Move/Mutate: Source slot invalid or empty.>>[0m
[0m[1m<<[0m[32mseL4(CPU 0)[0m[1m [decodeCNodeInvocation/107 T0x807fc8a400 "rootserver" @2d2de4]: CNode Copy/Mint/Move/Mutate: Source slot invalid or empty.>>[0m
[0m[1m<<[0m[32mseL4(CPU 0)[0m[1m [decodeCNodeInvocation/107 T0x807fc8a400 "rootserver" @2d2de4]: CNode Copy/Mint/Move/Mutate: Source slot invalid or empty.>>[0m
[0m[1m<<[0m[32mseL4(CPU 0)[0m[1m [decodeCNodeInvocation/107 T0x807fc8a400 "rootserver" @2d2de4]: CNode Copy/Mint/Move/Mutate: Source slot invalid or empty.>>[0m
[0m[1m<<[0m[32mseL4(CPU 0)[0m[1m [decodeCNodeInvocation/107 T0x807fc8a400 "rootserver" @2d2de4]: CNode Copy/Mint/Move/Mutate: Source slot invalid or empty.>>[0m
[0m[1m<<[0m[32mseL4(CPU 0)[0m[1m [decodeCNodeInvocation/107 T0x807fc8a400 "rootserver" @2d2de4]: CNode Copy/Mint/Move/Mutate: Source slot invalid or empty.>>[0m
[0m[1m<<[0m[32mseL4(CPU 0)[0m[1m [decodeCNodeInvocation/107 T0x807fc8a400 "rootserver" @2d2de4]: CNode Copy/Mint/Move/Mutate: Source slot invalid or empty.>>[0m
[0m[1m<<[0m[32mseL4(CPU 0)[0m[1m [decodeCNodeInvocation/107 T0x807fc8a400 "rootserver" @2d2de4]: CNode Copy/Mint/Move/Mutate: Source slot invalid or empty.>>[0m
[0m[1m<<[0m[32mseL4(CPU 0)[0m[1m [decodeCNodeInvocation/107 T0x807fc8a400 "rootserver" @2d2de4]: CNode Copy/Mint/Move/Mutate: Source slot invalid or empty.>>[0m
[0m[1m<<[0m[32mseL4(CPU 0)[0m[1m [decodeCNodeInvocation/107 T0x807fc8a400 "rootserver" @2d2de4]: CNode Copy/Mint/Move/Mutate: Source slot invalid or empty.>>[0m
[0m[1m<<[0m[32mseL4(CPU 0)[0m[1m [decodeCNodeInvocation/107 T0x807fc8a400 "rootserver" @2d2de4]: CNode Copy/Mint/Move/Mutate: Source slot invalid or empty.>>[0m
[0m[1m<<[0m[32mseL4(CPU 0)[0m[1m [decodeCNodeInvocation/107 T0x807fc8a400 "rootserver" @2d2de4]: CNode Copy/Mint/Move/Mutate: Source slot invalid or empty.>>[0m
[0m[1m<<[0m[32mseL4(CPU 0)[0m[1m [decodeCNodeInvocation/107 T0x807fc8a400 "rootserver" @2d2de4]: CNode Copy/Mint/Move/Mutate: Source slot invalid or empty.>>[0m
[0m[1m<<[0m[32mseL4(CPU 0)[0m[1m [decodeCNodeInvocation/107 T0x807fc8a400 "rootserver" @2d2de4]: CNode Copy/Mint/Move/Mutate: Source slot invalid or empty.>>[0m
[0m[1m<<[0m[32mseL4(CPU 0)[0m[1m [decodeCNodeInvocation/107 T0x807fc8a400 "rootserver" @2d2de4]: CNode Copy/Mint/Move/Mutate: Source slot invalid or empty.>>[0m
[0m[1m<<[0m[32mseL4(CPU 0)[0m[1m [decodeCNodeInvocation/107 T0x807fc8a400 "rootserver" @2d2de4]: CNode Copy/Mint/Move/Mutate: Source slot invalid or empty.>>[0m
[0m[1m<<[0m[32mseL4(CPU 0)[0m[1m [decodeCNodeInvocation/107 T0x807fc8a400 "rootserver" @2d2de4]: CNode Copy/Mint/Move/Mutate: Source slot invalid or empty.>>[0m
[0m[1m<<[0m[32mseL4(CPU 0)[0m[1m [decodeCNodeInvocation/107 T0x807fc8a400 "rootserver" @2d2de4]: CNode Copy/Mint/Move/Mutate: Source slot invalid or empty.>>[0m
[0m[1m<<[0m[32mseL4(CPU 0)[0m[1m [decodeCNodeInvocation/107 T0x807fc8a400 "rootserver" @2d2de4]: CNode Copy/Mint/Move/Mutate: Source slot invalid or empty.>>[0m
[0m[1m<<[0m[32mseL4(CPU 0)[0m[1m [decodeCNodeInvocation/107 T0x807fc8a400 "rootserver" @2d2de4]: CNode Copy/Mint/Move/Mutate: Source slot invalid or empty.>>[0m
[0m[1m<<[0m[32mseL4(CPU 0)[0m[1m [decodeCNodeInvocation/107 T0x807fc8a400 "rootserver" @2d2de4]: CNode Copy/Mint/Move/Mutate: Source slot invalid or empty.>>[0m
[0m[1m<<[0m[32mseL4(CPU 0)[0m[1m [decodeCNodeInvocation/95 T0x807fc8a400 "rootserver" @2d2de4]: CNode Copy/Mint/Move/Mutate: Destination not empty.>>[0m
[0m[1m<<[0m[32mseL4(CPU 0)[0m[1m [decodeCNodeInvocation/107 T0x807fc8a400 "rootserver" @2d2de4]: CNode Copy/Mint/Move/Mutate: Source slot invalid or empty.>>[0m
[0m[1m<<[0m[32mseL4(CPU 0)[0m[1m [decodeCNodeInvocation/107 T0x807fc8a400 "rootserver" @2d2de4]: CNode Copy/Mint/Move/Mutate: Source slot invalid or empty.>>[0m
[0m[1m<<[0m[32mseL4(CPU 0)[0m[1m [decodeCNodeInvocation/107 T0x807fc8a400 "rootserver" @2d2de4]: CNode Copy/Mint/Move/Mutate: Source slot invalid or empty.>>[0m
[0m[1m<<[0m[32mseL4(CPU 0)[0m[1m [decodeCNodeInvocation/107 T0x807fc8a400 "rootserver" @2d2de4]: CNode Copy/Mint/Move/Mutate: Source slot invalid or empty.>>[0m
[0m[1m<<[0m[32mseL4(CPU 0)[0m[1m [decodeCNodeInvocation/107 T0x807fc8a400 "rootserver" @2d2de4]: CNode Copy/Mint/Move/Mutate: Source slot invalid or empty.>>[0m
[0m[1m<<[0m[32mseL4(CPU 0)[0m[1m [decodeCNodeInvocation/107 T0x807fc8a400 "rootserver" @2d2de4]: CNode Copy/Mint/Move/Mutate: Source slot invalid or empty.>>[0m
[0m[1m<<[0m[32mseL4(CPU 0)[0m[1m [decodeCNodeInvocation/107 T0x807fc8a400 "rootserver" @2d2de4]: CNode Copy/Mint/Move/Mutate: Source slot invalid or empty.>>[0m
[0m[1m<<[0m[32mseL4(CPU 0)[0m[1m [decodeCNodeInvocation/107 T0x807fc8a400 "rootserver" @2d2de4]: CNode Copy/Mint/Move/Mutate: Source slot invalid or empty.>>[0m
[0m[1m<<[0m[32mseL4(CPU 0)[0m[1m [decodeCNodeInvocation/107 T0x807fc8a400 "rootserver" @2d2de4]: CNode Copy/Mint/Move/Mutate: Source slot invalid or empty.>>[0m
[0m[1m<<[0m[32mseL4(CPU 0)[0m[1m [decodeCNodeInvocation/107 T0x807fc8a400 "rootserver" @2d2de4]: CNode Copy/Mint/Move/Mutate: Source slot invalid or empty.>>[0m
[0m[1m<<[0m[32mseL4(CPU 0)[0m[1m [decodeCNodeInvocation/107 T0x807fc8a400 "rootserver" @2d2de4]: CNode Copy/Mint/Move/Mutate: Source slot invalid or empty.>>[0m
[0m[1m<<[0m[32mseL4(CPU 0)[0m[1m [decodeCNodeInvocation/107 T0x807fc8a400 "rootserver" @2d2de4]: CNode Copy/Mint/Move/Mutate: Source slot invalid or empty.>>[0m
[0m[1m<<[0m[32mseL4(CPU 0)[0m[1m [decodeCNodeInvocation/107 T0x807fc8a400 "rootserver" @2d2de4]: CNode Copy/Mint/Move/Mutate: Source slot invalid or empty.>>[0m
[0m[1m<<[0m[32mseL4(CPU 0)[0m[1m [decodeCNodeInvocation/107 T0x807fc8a400 "rootserver" @2d2de4]: CNode Copy/Mint/Move/Mutate: Source slot invalid or empty.>>[0m
[0m[1m<<[0m[32mseL4(CPU 0)[0m[1m [decodeCNodeInvocation/107 T0x807fc8a400 "rootserver" @2d2de4]: CNode Copy/Mint/Move/Mutate: Source slot invalid or empty.>>[0m
[0m[1m<<[0m[32mseL4(CPU 0)[0m[1m [decodeCNodeInvocation/107 T0x807fc8a400 "rootserver" @2d2de4]: CNode Copy/Mint/Move/Mutate: Source slot invalid or empty.>>[0m
[0m[1m<<[0m[32mseL4(CPU 0)[0m[1m [decodeCNodeInvocation/107 T0x807fc8a400 "rootserver" @2d2de4]: CNode Copy/Mint/Move/Mutate: Source slot invalid or empty.>>[0m
[0m[1m<<[0m[32mseL4(CPU 0)[0m[1m [decodeCNodeInvocation/107 T0x807fc8a400 "rootserver" @2d2de4]: CNode Copy/Mint/Move/Mutate: Source slot invalid or empty.>>[0m
[0m[1m<<[0m[32mseL4(CPU 0)[0m[1m [decodeCNodeInvocation/107 T0x807fc8a400 "rootserver" @2d2de4]: CNode Copy/Mint/Move/Mutate: Source slot invalid or empty.>>[0m
[0m[1m<<[0m[32mseL4(CPU 0)[0m[1m [decodeCNodeInvocation/107 T0x807fc8a400 "rootserver" @2d2de4]: CNode Copy/Mint/Move/Mutate: Source slot invalid or empty.>>[0m
[0m[1m<<[0m[32mseL4(CPU 0)[0m[1m [decodeCNodeInvocation/107 T0x807fc8a400 "rootserver" @2d2de4]: CNode Copy/Mint/Move/Mutate: Source slot invalid or empty.>>[0m
[0m[1m<<[0m[32mseL4(CPU 0)[0m[1m [decodeCNodeInvocation/107 T0x807fc8a400 "rootserver" @2d2de4]: CNode Copy/Mint/Move/Mutate: Source slot invalid or empty.>>[0m
[0m[1m<<[0m[32mseL4(CPU 0)[0m[1m [decodeCNodeInvocation/107 T0x807fc8a400 "rootserver" @2d2de4]: CNode Copy/Mint/Move/Mutate: Source slot invalid or empty.>>[0m
[0m[1m<<[0m[32mseL4(CPU 0)[0m[1m [decodeCNodeInvocation/107 T0x807fc8a400 "rootserver" @2d2de4]: CNode Copy/Mint/Move/Mutate: Source slot invalid or empty.>>[0m
[0m[1m<<[0m[32mseL4(CPU 0)[0m[1m [decodeCNodeInvocation/107 T0x807fc8a400 "rootserver" @2d2de4]: CNode Copy/Mint/Move/Mutate: Source slot invalid or empty.>>[0m
[0m[1m<<[0m[32mseL4(CPU 0)[0m[1m [decodeCNodeInvocation/107 T0x807fc8a400 "rootserver" @2d2de4]: CNode Copy/Mint/Move/Mutate: Source slot invalid or empty.>>[0m
[0m[1m<<[0m[32mseL4(CPU 0)[0m[1m [decodeCNodeInvocation/107 T0x807fc8a400 "rootserver" @2d2de4]: CNode Copy/Mint/Move/Mutate: Source slot invalid or empty.>>[0m
[0m[1m<<[0m[32mseL4(CPU 0)[0m[1m [decodeCNodeInvocation/107 T0x807fc8a400 "rootserver" @2d2de4]: CNode Copy/Mint/Move/Mutate: Source slot invalid or empty.>>[0m
[0m[1m<<[0m[32mseL4(CPU 0)[0m[1m [decodeCNodeInvocation/107 T0x807fc8a400 "rootserver" @2d2de4]: CNode Copy/Mint/Move/Mutate: Source slot invalid or empty.>>[0m
[0m[1m<<[0m[32mseL4(CPU 0)[0m[1m [decodeCNodeInvocation/107 T0x807fc8a400 "rootserver" @2d2de4]: CNode Copy/Mint/Move/Mutate: Source slot invalid or empty.>>[0m
[0m[1m<<[0m[32mseL4(CPU 0)[0m[1m [decodeCNodeInvocation/107 T0x807fc8a400 "rootserver" @2d2de4]: CNode Copy/Mint/Move/Mutate: Source slot invalid or empty.>>[0m
[0m[1m<<[0m[32mseL4(CPU 0)[0m[1m [decodeCNodeInvocation/107 T0x807fc8a400 "rootserver" @2d2de4]: CNode Copy/Mint/Move/Mutate: Source slot invalid or empty.>>[0m
[0m[1m<<[0m[32mseL4(CPU 0)[0m[1m [decodeCNodeInvocation/107 T0x807fc8a400 "rootserver" @2d2de4]: CNode Copy/Mint/Move/Mutate: Source slot invalid or empty.>>[0m
[0m[1m<<[0m[32mseL4(CPU 0)[0m[1m [decodeCNodeInvocation/107 T0x807fc8a400 "rootserver" @2d2de4]: CNode Copy/Mint/Move/Mutate: Source slot invalid or empty.>>[0m
[0m[1m<<[0m[32mseL4(CPU 0)[0m[1m [decodeCNodeInvocation/107 T0x807fc8a400 "rootserver" @2d2de4]: CNode Copy/Mint/Move/Mutate: Source slot invalid or empty.>>[0m
[0m[1m<<[0m[32mseL4(CPU 0)[0m[1m [decodeCNodeInvocation/107 T0x807fc8a400 "rootserver" @2d2de4]: CNode Copy/Mint/Move/Mutate: Source slot invalid or empty.>>[0m
[0m[1m<<[0m[32mseL4(CPU 0)[0m[1m [decodeCNodeInvocation/107 T0x807fc8a400 "rootserver" @2d2de4]: CNode Copy/Mint/Move/Mutate: Source slot invalid or empty.>>[0m
[0m[1m<<[0m[32mseL4(CPU 0)[0m[1m [decodeCNodeInvocation/107 T0x807fc8a400 "rootserver" @2d2de4]: CNode Copy/Mint/Move/Mutate: Source slot invalid or empty.>>[0m
[0m[1m<<[0m[32mseL4(CPU 0)[0m[1m [decodeCNodeInvocation/107 T0x807fc8a400 "rootserver" @2d2de4]: CNode Copy/Mint/Move/Mutate: Source slot invalid or empty.>>[0m
[0m[1m<<[0m[32mseL4(CPU 0)[0m[1m [decodeCNodeInvocation/107 T0x807fc8a400 "rootserver" @2d2de4]: CNode Copy/Mint/Move/Mutate: Source slot invalid or empty.>>[0m
[0m[1m<<[0m[32mseL4(CPU 0)[0m[1m [decodeCNodeInvocation/107 T0x807fc8a400 "rootserver" @2d2de4]: CNode Copy/Mint/Move/Mutate: Source slot invalid or empty.>>[0m
[0m[1m<<[0m[32mseL4(CPU 0)[0m[1m [decodeCNodeInvocation/107 T0x807fc8a400 "rootserver" @2d2de4]: CNode Copy/Mint/Move/Mutate: Source slot invalid or empty.>>[0m
[0m[1m<<[0m[32mseL4(CPU 0)[0m[1m [decodeCNodeInvocation/107 T0x807fc8a400 "rootserver" @2d2de4]: CNode Copy/Mint/Move/Mutate: Source slot invalid or empty.>>[0m
[0m[1m<<[0m[32mseL4(CPU 0)[0m[1m [decodeCNodeInvocation/107 T0x807fc8a400 "rootserver" @2d2de4]: CNode Copy/Mint/Move/Mutate: Source slot invalid or empty.>>[0m
[0m[1m<<[0m[32mseL4(CPU 0)[0m[1m [decodeCNodeInvocation/107 T0x807fc8a400 "rootserver" @2d2de4]: CNode Copy/Mint/Move/Mutate: Source slot invalid or empty.>>[0m
[0m[1m<<[0m[32mseL4(CPU 0)[0m[1m [decodeCNodeInvocation/107 T0x807fc8a400 "rootserver" @2d2de4]: CNode Copy/Mint/Move/Mutate: Source slot invalid or empty.>>[0m
[0m[1m<<[0m[32mseL4(CPU 0)[0m[1m [decodeCNodeInvocation/107 T0x807fc8a400 "rootserver" @2d2de4]: CNode Copy/Mint/Move/Mutate: Source slot invalid or empty.>>[0m
[0m[1m<<[0m[32mseL4(CPU 0)[0m[1m [decodeCNodeInvocation/107 T0x807fc8a400 "rootserver" @2d2de4]: CNode Copy/Mint/Move/Mutate: Source slot invalid or empty.>>[0m
[0m[1m<<[0m[32mseL4(CPU 0)[0m[1m [decodeCNodeInvocation/107 T0x807fc8a400 "rootserver" @2d2de4]: CNode Copy/Mint/Move/Mutate: Source slot invalid or empty.>>[0m
[0m[1m<<[0m[32mseL4(CPU 0)[0m[1m [decodeCNodeInvocation/107 T0x807fc8a400 "rootserver" @2d2de4]: CNode Copy/Mint/Move/Mutate: Source slot invalid or empty.>>[0m
[0m[1m<<[0m[32mseL4(CPU 0)[0m[1m [decodeCNodeInvocation/107 T0x807fc8a400 "rootserver" @2d2de4]: CNode Copy/Mint/Move/Mutate: Source slot invalid or empty.>>[0m
[0m[1m<<[0m[32mseL4(CPU 0)[0m[1m [decodeCNodeInvocation/107 T0x807fc8a400 "rootserver" @2d2de4]: CNode Copy/Mint/Move/Mutate: Source slot invalid or empty.>>[0m
[0m[1m<<[0m[32mseL4(CPU 0)[0m[1m [decodeCNodeInvocation/107 T0x807fc8a400 "rootserver" @2d2de4]: CNode Copy/Mint/Move/Mutate: Source slot invalid or empty.>>[0m
[0m[1m<<[0m[32mseL4(CPU 0)[0m[1m [decodeCNodeInvocation/107 T0x807fc8a400 "rootserver" @2d2de4]: CNode Copy/Mint/Move/Mutate: Source slot invalid or empty.>>[0m
[0m[1m<<[0m[32mseL4(CPU 0)[0m[1m [decodeCNodeInvocation/107 T0x807fc8a400 "rootserver" @2d2de4]: CNode Copy/Mint/Move/Mutate: Source slot invalid or empty.>>[0m
[0m[1m<<[0m[32mseL4(CPU 0)[0m[1m [decodeCNodeInvocation/107 T0x807fc8a400 "rootserver" @2d2de4]: CNode Copy/Mint/Move/Mutate: Source slot invalid or empty.>>[0m
[0m[1m<<[0m[32mseL4(CPU 0)[0m[1m [decodeCNodeInvocation/107 T0x807fc8a400 "rootserver" @2d2de4]: CNode Copy/Mint/Move/Mutate: Source slot invalid or empty.>>[0m
[0m[1m<<[0m[32mseL4(CPU 0)[0m[1m [decodeCNodeInvocation/107 T0x807fc8a400 "rootserver" @2d2de4]: CNode Copy/Mint/Move/Mutate: Source slot invalid or empty.>>[0m
[0m[1m<<[0m[32mseL4(CPU 0)[0m[1m [decodeCNodeInvocation/107 T0x807fc8a400 "rootserver" @2d2de4]: CNode Copy/Mint/Move/Mutate: Source slot invalid or empty.>>[0m
[0m[1m<<[0m[32mseL4(CPU 0)[0m[1m [decodeCNodeInvocation/107 T0x807fc8a400 "rootserver" @2d2de4]: CNode Copy/Mint/Move/Mutate: Source slot invalid or empty.>>[0m
[0m[1m<<[0m[32mseL4(CPU 0)[0m[1m [decodeCNodeInvocation/107 T0x807fc8a400 "rootserver" @2d2de4]: CNode Copy/Mint/Move/Mutate: Source slot invalid or empty.>>[0m
[0m[1m<<[0m[32mseL4(CPU 0)[0m[1m [decodeCNodeInvocation/107 T0x807fc8a400 "rootserver" @2d2de4]: CNode Copy/Mint/Move/Mutate: Source slot invalid or empty.>>[0m
[0m[1m<<[0m[32mseL4(CPU 0)[0m[1m [decodeCNodeInvocation/107 T0x807fc8a400 "rootserver" @2d2de4]: CNode Copy/Mint/Move/Mutate: Source slot invalid or empty.>>[0m
[0m[1m<<[0m[32mseL4(CPU 0)[0m[1m [decodeCNodeInvocation/107 T0x807fc8a400 "rootserver" @2d2de4]: CNode Copy/Mint/Move/Mutate: Source slot invalid or empty.>>[0m
[0m[1m<<[0m[32mseL4(CPU 0)[0m[1m [decodeCNodeInvocation/107 T0x807fc8a400 "rootserver" @2d2de4]: CNode Copy/Mint/Move/Mutate: Source slot invalid or empty.>>[0m
[0m[1m<<[0m[32mseL4(CPU 0)[0m[1m [decodeCNodeInvocation/107 T0x807fc8a400 "rootserver" @2d2de4]: CNode Copy/Mint/Move/Mutate: Source slot invalid or empty.>>[0m
[0m[1m<<[0m[32mseL4(CPU 0)[0m[1m [decodeCNodeInvocation/107 T0x807fc8a400 "rootserver" @2d2de4]: CNode Copy/Mint/Move/Mutate: Source slot invalid or empty.>>[0m
[0m[1m<<[0m[32mseL4(CPU 0)[0m[1m [decodeCNodeInvocation/107 T0x807fc8a400 "rootserver" @2d2de4]: CNode Copy/Mint/Move/Mutate: Source slot invalid or empty.>>[0m
[0m[1m<<[0m[32mseL4(CPU 0)[0m[1m [decodeCNodeInvocation/107 T0x807fc8a400 "rootserver" @2d2de4]: CNode Copy/Mint/Move/Mutate: Source slot invalid or empty.>>[0m
[0m[1m<<[0m[32mseL4(CPU 0)[0m[1m [decodeCNodeInvocation/107 T0x807fc8a400 "rootserver" @2d2de4]: CNode Copy/Mint/Move/Mutate: Source slot invalid or empty.>>[0m
[0m[1m<<[0m[32mseL4(CPU 0)[0m[1m [decodeCNodeInvocation/107 T0x807fc8a400 "rootserver" @2d2de4]: CNode Copy/Mint/Move/Mutate: Source slot invalid or empty.>>[0m
[0m[1m<<[0m[32mseL4(CPU 0)[0m[1m [decodeCNodeInvocation/107 T0x807fc8a400 "rootserver" @2d2de4]: CNode Copy/Mint/Move/Mutate: Source slot invalid or empty.>>[0m
[0m[1m<<[0m[32mseL4(CPU 0)[0m[1m [decodeCNodeInvocation/107 T0x807fc8a400 "rootserver" @2d2de4]: CNode Copy/Mint/Move/Mutate: Source slot invalid or empty.>>[0m
[0m[1m<<[0m[32mseL4(CPU 0)[0m[1m [decodeCNodeInvocation/107 T0x807fc8a400 "rootserver" @2d2de4]: CNode Copy/Mint/Move/Mutate: Source slot invalid or empty.>>[0m
[0m[1m<<[0m[32mseL4(CPU 0)[0m[1m [decodeCNodeInvocation/107 T0x807fc8a400 "rootserver" @2d2de4]: CNode Copy/Mint/Move/Mutate: Source slot invalid or empty.>>[0m
[0m[1m<<[0m[32mseL4(CPU 0)[0m[1m [decodeCNodeInvocation/107 T0x807fc8a400 "rootserver" @2d2de4]: CNode Copy/Mint/Move/Mutate: Source slot invalid or empty.>>[0m
[0m[1m<<[0m[32mseL4(CPU 0)[0m[1m [decodeCNodeInvocation/107 T0x807fc8a400 "rootserver" @2d2de4]: CNode Copy/Mint/Move/Mutate: Source slot invalid or empty.>>[0m
[0m[1m<<[0m[32mseL4(CPU 0)[0m[1m [decodeCNodeInvocation/107 T0x807fc8a400 "rootserver" @2d2de4]: CNode Copy/Mint/Move/Mutate: Source slot invalid or empty.>>[0m
[0m[1m<<[0m[32mseL4(CPU 0)[0m[1m [decodeCNodeInvocation/107 T0x807fc8a400 "rootserver" @2d2de4]: CNode Copy/Mint/Move/Mutate: Source slot invalid or empty.>>[0m
[0m[1m<<[0m[32mseL4(CPU 0)[0m[1m [decodeCNodeInvocation/107 T0x807fc8a400 "rootserver" @2d2de4]: CNode Copy/Mint/Move/Mutate: Source slot invalid or empty.>>[0m
[0m[1m<<[0m[32mseL4(CPU 0)[0m[1m [decodeCNodeInvocation/107 T0x807fc8a400 "rootserver" @2d2de4]: CNode Copy/Mint/Move/Mutate: Source slot invalid or empty.>>[0m
[0m[1m<<[0m[32mseL4(CPU 0)[0m[1m [decodeCNodeInvocation/107 T0x807fc8a400 "rootserver" @2d2de4]: CNode Copy/Mint/Move/Mutate: Source slot invalid or empty.>>[0m
[0m[1m<<[0m[32mseL4(CPU 0)[0m[1m [decodeCNodeInvocation/107 T0x807fc8a400 "rootserver" @2d2de4]: CNode Copy/Mint/Move/Mutate: Source slot invalid or empty.>>[0m
[0m[1m<<[0m[32mseL4(CPU 0)[0m[1m [decodeCNodeInvocation/107 T0x807fc8a400 "rootserver" @2d2de4]: CNode Copy/Mint/Move/Mutate: Source slot invalid or empty.>>[0m
[0m[1m<<[0m[32mseL4(CPU 0)[0m[1m [decodeCNodeInvocation/107 T0x807fc8a400 "rootserver" @2d2de4]: CNode Copy/Mint/Move/Mutate: Source slot invalid or empty.>>[0m
[0m[1m<<[0m[32mseL4(CPU 0)[0m[1m [decodeCNodeInvocation/107 T0x807fc8a400 "rootserver" @2d2de4]: CNode Copy/Mint/Move/Mutate: Source slot invalid or empty.>>[0m
[0m[1m<<[0m[32mseL4(CPU 0)[0m[1m [decodeCNodeInvocation/107 T0x807fc8a400 "rootserver" @2d2de4]: CNode Copy/Mint/Move/Mutate: Source slot invalid or empty.>>[0m
[0m[1m<<[0m[32mseL4(CPU 0)[0m[1m [decodeCNodeInvocation/107 T0x807fc8a400 "rootserver" @2d2de4]: CNode Copy/Mint/Move/Mutate: Source slot invalid or empty.>>[0m
[0m[1m<<[0m[32mseL4(CPU 0)[0m[1m [decodeCNodeInvocation/107 T0x807fc8a400 "rootserver" @2d2de4]: CNode Copy/Mint/Move/Mutate: Source slot invalid or empty.>>[0m
[0m[1m<<[0m[32mseL4(CPU 0)[0m[1m [decodeCNodeInvocation/107 T0x807fc8a400 "rootserver" @2d2de4]: CNode Copy/Mint/Move/Mutate: Source slot invalid or empty.>>[0m
[0m[1m<<[0m[32mseL4(CPU 0)[0m[1m [decodeCNodeInvocation/107 T0x807fc8a400 "rootserver" @2d2de4]: CNode Copy/Mint/Move/Mutate: Source slot invalid or empty.>>[0m
[0m[1m<<[0m[32mseL4(CPU 0)[0m[1m [decodeCNodeInvocation/107 T0x807fc8a400 "rootserver" @2d2de4]: CNode Copy/Mint/Move/Mutate: Source slot invalid or empty.>>[0m
[0m[1m<<[0m[32mseL4(CPU 0)[0m[1m [decodeCNodeInvocation/107 T0x807fc8a400 "rootserver" @2d2de4]: CNode Copy/Mint/Move/Mutate: Source slot invalid or empty.>>[0m
[0m[1m<<[0m[32mseL4(CPU 0)[0m[1m [decodeCNodeInvocation/107 T0x807fc8a400 "rootserver" @2d2de4]: CNode Copy/Mint/Move/Mutate: Source slot invalid or empty.>>[0m
[0m[1m<<[0m[32mseL4(CPU 0)[0m[1m [decodeCNodeInvocation/107 T0x807fc8a400 "rootserver" @2d2de4]: CNode Copy/Mint/Move/Mutate: Source slot invalid or empty.>>[0m
SLIME_GRAPH quota task=6 instance=fabric-service executable=fabric-service pages=28 buffers=14 mappings=14 loans=14
SLIME_GRAPH native endpoint task=6 slot=37 side=both
SLIME_GRAPH native endpoint task=6 slot=38 side=both
SLIME_GRAPH native endpoint task=6 slot=35 side=both
SLIME_GRAPH native endpoint task=6 slot=44 side=consumer
SLIME_GRAPH native endpoint task=6 slot=39 side=both
SLIME_GRAPH native endpoint task=6 slot=36 side=both
SLIME_GRAPH native endpoint task=6 slot=45 side=producer
SLIME_GRAPH notification binding task=6 slot=64 role=Wait
SLIME_GRAPH notification binding task=6 slot=65 role=Signal
SLIME_GRAPH notification binding task=6 slot=66 role=Signal
SLIME_GRAPH notification binding task=6 slot=67 role=Wait
SLIME_GRAPH notification binding task=6 slot=68 role=Wait
SLIME_GRAPH notification binding task=6 slot=69 role=Signal
SLIME_GRAPH notification binding task=6 slot=70 role=Signal
SLIME_GRAPH notification binding task=6 slot=71 role=Wait
SLIME_GRAPH notification binding task=6 slot=72 role=Wait
SLIME_GRAPH notification binding task=6 slot=73 role=Signal
SLIME_GRAPH notification binding task=6 slot=74 role=Signal
SLIME_GRAPH notification binding task=6 slot=75 role=Wait
SLIME_GRAPH spawned task=0 child=6 component=fabric-service grants=5 endpoints=7 notifications=12 handle=13
SLIME_GRAPH healthy generation=1 instances=cf90a2c3373a94b9 required=2 live=2 idle=2 failed=0
[init] fabric service spawned
[init] fabric participants spawned
SLIME_GRAPH buffer created task=6 slot=2 id=1 pages=1 writable=1
SLIME_GRAPH loan created task=6 slot=3 id=1 to=1 offset=0 length=4096
SLIME_GRAPH capability exported task=6 id=1 kind=loan rights=0x300 retain=0
[fabric-publisher] role requested
SLIME_GRAPH capability imported task=1 id=1 kind=loan rights=0x300 retain=0
[0m[1m<<[0m[32mseL4(CPU 0)[0m[1m [decodeARMFrameInvocation/1568 T0x807fc8a400 "rootserver" @2d3168]: ARMPageMap: Attempting to remap a frame that does not belong to the passed address space>>[0m
SLIME_GRAPH frame aliased frame=1503 vaddr=0x1100000000 live=1
SLIME_GRAPH loan mapped task=1 slot=1 id=1
[fabric-publisher] publish role received
[fabric-publisher] route receive denied
SLIME_GRAPH endpoint export rejected task=1 source_slot=0 carrier=0 rights=0x1 declared=0x3 transferable=0
[fabric-publisher] re-delegation denied
SLIME_GRAPH endpoint export rejected task=1 source_slot=1 carrier=0 rights=0x3 declared=0x5 transferable=1
[fabric-publisher] widening denied
[fabric-publisher] inline samples published
[fabric] provisioned fabric-publisher telemetry publish ring
SLIME_GRAPH buffer created task=6 slot=3 id=2 pages=1 writable=1
SLIME_GRAPH loan created task=6 slot=4 id=2 to=2 offset=0 length=4096
SLIME_GRAPH capability exported task=6 id=2 kind=loan rights=0x300 retain=0
[fabric-subscriber] role requested
SLIME_GRAPH capability imported task=2 id=2 kind=loan rights=0x300 retain=0
[0m[1m<<[0m[32mseL4(CPU 0)[0m[1m [decodeARMFrameInvocation/1568 T0x807fc8a400 "rootserver" @2d3168]: ARMPageMap: Attempting to remap a frame that does not belong to the passed address space>>[0m
SLIME_GRAPH frame aliased frame=1511 vaddr=0xe00000000 live=2
SLIME_GRAPH loan mapped task=2 slot=1 id=2
[fabric-subscriber] subscribe role received
[fabric-subscriber] route publish denied
[fabric-subscriber] re-delegation denied
[fabric] QoS matched
[fabric] provisioned fabric-subscriber telemetry subscribe ring
[fabric] ungranted component denied: fabric-intruder
[fabric-subscriber] QoS matched
[fabric-intruder] exact route strings supplied
[fabric-intruder] undeclared edge denied
[fabric-intruder] done
SLIME_GRAPH component exit task=5 status=0
SLIME_GRAPH quota released task=5 live=6
SLIME_GRAPH buffer created task=6 slot=4 id=3 pages=1 writable=1
SLIME_GRAPH loan created task=6 slot=5 id=3 to=3 offset=0 length=4096
SLIME_GRAPH capability exported task=6 id=3 kind=loan rights=0x300 retain=0
[fabric-publisher-b] roles requested
SLIME_GRAPH capability imported task=3 id=3 kind=loan rights=0x300 retain=0
[fabric] QoS matched
[fabric] provisioned fabric-publisher-b telemetry publish ring
SLIME_GRAPH buffer created task=6 slot=5 id=4 pages=1 writable=1
SLIME_GRAPH loan created task=6 slot=6 id=4 to=3 offset=0 length=4096
SLIME_GRAPH capability exported task=6 id=4 kind=loan rights=0x300 retain=0
SLIME_GRAPH capability imported task=3 id=4 kind=loan rights=0x300 retain=0
[0m[1m<<[0m[32mseL4(CPU 0)[0m[1m [decodeARMFrameInvocation/1568 T0x807fc8a400 "rootserver" @2d3168]: ARMPageMap: Attempting to remap a frame that does not belong to the passed address space>>[0m
SLIME_GRAPH frame aliased frame=1348 vaddr=0x1200000000 live=3
SLIME_GRAPH loan mapped task=3 slot=2 id=3
[0m[1m<<[0m[32mseL4(CPU 0)[0m[1m [decodeARMFrameInvocation/1568 T0x807fc8a400 "rootserver" @2d3168]: ARMPageMap: Attempting to remap a frame that does not belong to the passed address space>>[0m
SLIME_GRAPH frame aliased frame=1352 vaddr=0x1500000000 live=4
SLIME_GRAPH loan mapped task=3 slot=3 id=4
[fabric-publisher-b] both publish roles received
[fabric-publisher-b] diagnostics sample published
SLIME_GRAPH buffer created task=3 slot=4 id=5 pages=3 writable=1
SLIME_GRAPH loan created task=3 slot=5 id=5 to=6 offset=0 length=12288
SLIME_GRAPH capability exported task=3 id=5 kind=loan rights=0x200 retain=0
[fabric-subscriber] QoS matched
[fabric] provisioned fabric-publisher-b diagnostics publish ring
SLIME_GRAPH buffer created task=6 slot=6 id=6 pages=1 writable=1
SLIME_GRAPH loan created task=6 slot=11 id=6 to=4 offset=0 length=4096
SLIME_GRAPH capability exported task=6 id=6 kind=loan rights=0x300 retain=0
[fabric-subscriber-b] roles requested
SLIME_GRAPH capability imported task=4 id=6 kind=loan rights=0x300 retain=0
[fabric] QoS matched
[fabric] provisioned fabric-subscriber-b telemetry subscribe ring
SLIME_GRAPH buffer created task=6 slot=11 id=7 pages=1 writable=1
SLIME_GRAPH loan created task=6 slot=12 id=7 to=4 offset=0 length=4096
SLIME_GRAPH capability exported task=6 id=7 kind=loan rights=0x300 retain=0
SLIME_GRAPH capability imported task=4 id=7 kind=loan rights=0x300 retain=0
[0m[1m<<[0m[32mseL4(CPU 0)[0m[1m [decodeARMFrameInvocation/1568 T0x807fc8a400 "rootserver" @2d3168]: ARMPageMap: Attempting to remap a frame that does not belong to the passed address space>>[0m
SLIME_GRAPH frame aliased frame=1381 vaddr=0x1300000000 live=5
SLIME_GRAPH loan mapped task=4 slot=1 id=6
[0m[1m<<[0m[32mseL4(CPU 0)[0m[1m [decodeARMFrameInvocation/1568 T0x807fc8a400 "rootserver" @2d3168]: ARMPageMap: Attempting to remap a frame that does not belong to the passed address space>>[0m
SLIME_GRAPH frame aliased frame=1385 vaddr=0x1400000000 live=6
SLIME_GRAPH loan mapped task=4 slot=2 id=7
[fabric-subscriber-b] both subscribe rings received
[fabric-subscriber-b] stalling on telemetry
[fabric] QoS matched
[fabric] provisioned fabric-subscriber-b diagnostics subscribe ring
[fabric] every declared stream edge provisioned
SLIME_GRAPH capability imported task=6 id=5 kind=loan rights=0x200 retain=0
SLIME_GRAPH buffer created task=6 slot=13 id=8 pages=2 writable=1
[0m[1m<<[0m[32mseL4(CPU 0)[0m[1m [decodeARMFrameInvocation/1568 T0x807fc8a400 "rootserver" @2d3168]: ARMPageMap: Attempting to remap a frame that does not belong to the passed address space>>[0m
SLIME_GRAPH frame aliased frame=1365 vaddr=0xb00000000 live=7
[0m[1m<<[0m[32mseL4(CPU 0)[0m[1m [decodeARMFrameInvocation/1568 T0x807fc8a400 "rootserver" @2d3168]: ARMPageMap: Attempting to remap a frame that does not belong to the passed address space>>[0m
SLIME_GRAPH frame aliased frame=1366 vaddr=0xb00001000 live=8
SLIME_GRAPH loan mapped task=6 slot=12 id=5
SLIME_GRAPH loan returned task=6 slot=12 id=5
[fabric] large sample copied once
[fabric-publisher] stall-window samples published
[fabric-publisher] done
SLIME_GRAPH component exit task=1 status=0
SLIME_GRAPH holder reclaimed task=1 charges=1 actions=1
SLIME_GRAPH quota released task=1 live=5
[fabric-publisher-b] loan settled by fabric
[fabric-publisher-b] large sample published
[fabric-publisher-b] done
SLIME_GRAPH component exit task=3 status=0
SLIME_GRAPH holder reclaimed task=3 charges=2 actions=2
SLIME_GRAPH quota released task=3 live=4
SLIME_GRAPH supervision collected task=0 child=1 kind=0
SLIME_GRAPH supervision collected task=0 child=3 kind=0
SLIME_GRAPH supervision collected task=6 child=1 kind=0
[fabric] QoS peer dead
SLIME_GRAPH loan created task=6 slot=7 id=8 to=4 offset=0 length=8192
SLIME_GRAPH capability exported task=6 id=8 kind=loan rights=0x200 retain=0
[fabric-subscriber-b] bounded loss reported
SLIME_GRAPH capability imported task=4 id=8 kind=loan rights=0x200 retain=0
SLIME_GRAPH loan mapped task=4 slot=3 id=8
SLIME_GRAPH loan returned task=4 slot=3 id=8
[fabric-subscriber-b] shared sample verified
[fabric-subscriber] QoS matched
[fabric] downstream loan created
SLIME_GRAPH loan created task=6 slot=7 id=9 to=2 offset=0 length=8192
SLIME_GRAPH capability exported task=6 id=9 kind=loan rights=0x200 retain=0
[fabric] downstream loan created
SLIME_GRAPH capability imported task=2 id=9 kind=loan rights=0x200 retain=0
SLIME_GRAPH loan mapped task=2 slot=2 id=9
SLIME_GRAPH loan returned task=2 slot=2 id=9
[fabric-subscriber] shared sample verified
[fabric-subscriber] inline and shared received
[fabric-subscriber] done
SLIME_GRAPH component exit task=2 status=0
SLIME_GRAPH holder reclaimed task=2 charges=1 actions=1
SLIME_GRAPH quota released task=2 live=3
SLIME_GRAPH supervision collected task=6 child=2 kind=0
SLIME_GRAPH supervision collected task=0 child=2 kind=0
[fabric-subscriber-b] diagnostics unaffected by stall
[fabric-subscriber-b] done
SLIME_GRAPH component exit task=4 status=0
SLIME_GRAPH holder reclaimed task=4 charges=2 actions=2
SLIME_GRAPH quota released task=4 live=2
SLIME_GRAPH supervision collected task=6 child=4 kind=0
SLIME_GRAPH supervision collected task=6 child=3 kind=0
[fabric] stream plane complete
SLIME_GRAPH component exit task=6 status=0
SLIME_GRAPH holder reclaimed task=6 charges=12 actions=18
SLIME_GRAPH quota released task=6 live=1
SLIME_GRAPH supervision collected task=0 child=4 kind=0
SLIME_GRAPH supervision collected task=0 child=5 kind=0
SLIME_GRAPH supervision collected task=0 child=6 kind=0
[init] fabric stream complete
SLIME_GRAPH component exit task=0 status=0
SLIME_GRAPH quota released task=0 live=0
SLIME_ROOT allocator quiescent live_slots=117 live_objects=115 live_bytes=3758640
SLIME_GRAPH served live=0 unsupported=0 unimplemented=0 buffers=25 windows=0 tables=0
SLIME_GRAPH tasks reclaimed live=0 slots=472
SLIME_GRAPH native task_caps=0 exports=0 tickets=0
SLIME_GRAPH capabilities exports=9 imports=9 cancels=0 finalized=9 outstanding=0 tickets=0
SLIME_GRAPH loans served=21 loans=0 mappings=0 regions=0 orphans=0 aliases=0 quotas=0
SLIME_GRAPH spawns served=6 drops=0 terminated=7
SLIME_ROOT allocator live_slots=117 live_objects=115 live_bytes=3758640 slot_reuses=71 arena_reuses=0
SLIME_GRAPH HEALTHY generation=1 required=2 live=0 completed=2 failed=0