seL4 kernel loader | INFO   Starting loader
seL4 kernel loader | DEBUG  Platform info: PlatformInfo {
    memory: [
        0x60000000..0xc0000000,
    ],
    devices: [
        0x0..0x8000000,
        0x8001000..0x8010000,
        0x8011000..0x8030000,
        0x8031000..0x60000000,
        0xc0000000..0x10000000000,
    ],
}
seL4 kernel loader | DEBUG  Loader footprint: 0x60280000..0x6083a8b8
seL4 kernel loader | DEBUG  Payload info: ArchivedPayloadInfo {
    kernel_entry: 0x8060000000,
    user_image: ArchivedUserImageInfo {
        ui_p_reg_start: 0xbf830000,
        ui_p_reg_end: 0xc0000000,
        pv_offset: 0xbf630000,
        v_entry: 0x2d7ebc,
    },
    dtb: Some(
        ArchivedDtbInfo {
            addr_p: 0xbf82e000,
            size: 0x1e84,
        },
    ),
}
seL4 kernel loader | DEBUG  Payload regions:
seL4 kernel loader | DEBUG      0x60000000 (filesz = 0x240000, memsz = 0x311a0)
seL4 kernel loader | DEBUG      0xbf830000 (filesz = 0x1240b4, memsz = 0x1240b4)
seL4 kernel loader | DEBUG      0xbf9550b8 (filesz = 0x6aa6c0, memsz = 0x449508)
seL4 kernel loader | DEBUG      0xbf82e000 (filesz = 0x1e84, memsz = 0x1e84)
seL4 kernel loader | DEBUG  Copying payload data
seL4 kernel loader | INFO   Entering kernel
Bootstrapping kernel
Warning: Could not infer GIC interrupt target ID, assuming 0.
Available phys memory regions: 1
  [60000000..c0000000)
Reserved virt address space regions: 3
  [8060000000..8060240000)
  [80bf82e000..80bf82fe84)
  [80bf830000..80c0000000)
Booting all finished, dropped to user space
SLIME_ROOT allocator slots=522196 untypeds=34 bytes=1583290736
SLIME_TIMER acquired irq=30 freq_hz=62500000
SLIME_TIMER delivered badge=0x1 polls=7574
SLIME_TIMER serviced events=1 programming=Disarm
SLIME_TIMER advanced start=17681095 end=18340299 delta=659204
SLIME_TIMER OK
SLIME_FOUNDATION frames independent objects_delta=2 slots_delta=2 bytes_delta=8192 caps_deleted=2
SLIME_ROOT io authority inventory devices=1 mode=userspace
SLIME_ROOT plan slots required=621 available=522187
SLIME_ROOT generation admitted number=54 executables=5 instances=5 grants=9 health=5 bootstrap=1
SLIME_ROOT fabric graph=absent schemas=0 routes=0 participants=0 interpositions=0
SLIME_ROOT authority manifest=[0f, e4, bf, 8e, b5, 0f, 94, 24, 37, 62, 58, 7a, e3, 72, b7, 84, 13, 1e, 7e, f8, 0e, 82, d8, 25, 69, 19, 5f, 03, 61, 12, 44, 5a]
SLIME_ROOT graph admitted executables=5 instances=5 slimecm=0 elf=5 unrecognized=0
SLIME_MEM budget holders=0 declared=0
SLIME_CLOCK authority holders=2 timer_quota=0
SLIME_WAIT sources declared=0 resource=1
SLIME_GRAPH schedule instance=init priority=254 default=254
SLIME_GRAPH threads instance=init count=1
[0m[1m<<[0m[32mseL4(CPU 0)[0m[1m [decodeCNodeInvocation/107 T0x80bf00c400 "rootserver" @31b998]: CNode Copy/Mint/Move/Mutate: Source slot invalid or empty.>>[0m
[0m[1m<<[0m[32mseL4(CPU 0)[0m[1m [decodeCNodeInvocation/95 T0x80bf00c400 "rootserver" @31b998]: CNode Copy/Mint/Move/Mutate: Destination not empty.>>[0m
[0m[1m<<[0m[32mseL4(CPU 0)[0m[1m [decodeCNodeInvocation/95 T0x80bf00c400 "rootserver" @31b998]: CNode Copy/Mint/Move/Mutate: Destination not empty.>>[0m
[0m[1m<<[0m[32mseL4(CPU 0)[0m[1m [decodeCNodeInvocation/95 T0x80bf00c400 "rootserver" @31b998]: CNode Copy/Mint/Move/Mutate: Destination not empty.>>[0m
[0m[1m<<[0m[32mseL4(CPU 0)[0m[1m [decodeCNodeInvocation/95 T0x80bf00c400 "rootserver" @31b998]: CNode Copy/Mint/Move/Mutate: Destination not empty.>>[0m
[0m[1m<<[0m[32mseL4(CPU 0)[0m[1m [decodeCNodeInvocation/107 T0x80bf00c400 "rootserver" @31b998]: CNode Copy/Mint/Move/Mutate: Source slot invalid or empty.>>[0m
[0m[1m<<[0m[32mseL4(CPU 0)[0m[1m [decodeCNodeInvocation/107 T0x80bf00c400 "rootserver" @31b998]: CNode Copy/Mint/Move/Mutate: Source slot invalid or empty.>>[0m
[0m[1m<<[0m[32mseL4(CPU 0)[0m[1m [decodeCNodeInvocation/107 T0x80bf00c400 "rootserver" @31b998]: CNode Copy/Mint/Move/Mutate: Source slot invalid or empty.>>[0m
[0m[1m<<[0m[32mseL4(CPU 0)[0m[1m [decodeCNodeInvocation/107 T0x80bf00c400 "rootserver" @31b998]: CNode Copy/Mint/Move/Mutate: Source slot invalid or empty.>>[0m
[0m[1m<<[0m[32mseL4(CPU 0)[0m[1m [decodeCNodeInvocation/107 T0x80bf00c400 "rootserver" @31b998]: CNode Copy/Mint/Move/Mutate: Source slot invalid or empty.>>[0m
[0m[1m<<[0m[32mseL4(CPU 0)[0m[1m [decodeCNodeInvocation/107 T0x80bf00c400 "rootserver" @31b998]: CNode Copy/Mint/Move/Mutate: Source slot invalid or empty.>>[0m
[0m[1m<<[0m[32mseL4(CPU 0)[0m[1m [decodeCNodeInvocation/107 T0x80bf00c400 "rootserver" @31b998]: CNode Copy/Mint/Move/Mutate: Source slot invalid or empty.>>[0m
[0m[1m<<[0m[32mseL4(CPU 0)[0m[1m [decodeCNodeInvocation/107 T0x80bf00c400 "rootserver" @31b998]: CNode Copy/Mint/Move/Mutate: Source slot invalid or empty.>>[0m
[0m[1m<<[0m[32mseL4(CPU 0)[0m[1m [decodeCNodeInvocation/107 T0x80bf00c400 "rootserver" @31b998]: CNode Copy/Mint/Move/Mutate: Source slot invalid or empty.>>[0m
[0m[1m<<[0m[32mseL4(CPU 0)[0m[1m [decodeCNodeInvocation/107 T0x80bf00c400 "rootserver" @31b998]: CNode Copy/Mint/Move/Mutate: Source slot invalid or empty.>>[0m
[0m[1m<<[0m[32mseL4(CPU 0)[0m[1m [decodeCNodeInvocation/107 T0x80bf00c400 "rootserver" @31b998]: CNode Copy/Mint/Move/Mutate: Source slot invalid or empty.>>[0m
[0m[1m<<[0m[32mseL4(CPU 0)[0m[1m [decodeCNodeInvocation/107 T0x80bf00c400 "rootserver" @31b998]: CNode Copy/Mint/Move/Mutate: Source slot invalid or empty.>>[0m
[0m[1m<<[0m[32mseL4(CPU 0)[0m[1m [decodeCNodeInvocation/107 T0x80bf00c400 "rootserver" @31b998]: CNode Copy/Mint/Move/Mutate: Source slot invalid or empty.>>[0m
[0m[1m<<[0m[32mseL4(CPU 0)[0m[1m [decodeCNodeInvocation/107 T0x80bf00c400 "rootserver" @31b998]: CNode Copy/Mint/Move/Mutate: Source slot invalid or empty.>>[0m
[0m[1m<<[0m[32mseL4(CPU 0)[0m[1m [decodeCNodeInvocation/107 T0x80bf00c400 "rootserver" @31b998]: CNode Copy/Mint/Move/Mutate: Source slot invalid or empty.>>[0m
[0m[1m<<[0m[32mseL4(CPU 0)[0m[1m [decodeCNodeInvocation/107 T0x80bf00c400 "rootserver" @31b998]: CNode Copy/Mint/Move/Mutate: Source slot invalid or empty.>>[0m
[0m[1m<<[0m[32mseL4(CPU 0)[0m[1m [decodeCNodeInvocation/107 T0x80bf00c400 "rootserver" @31b998]: CNode Copy/Mint/Move/Mutate: Source slot invalid or empty.>>[0m
[0m[1m<<[0m[32mseL4(CPU 0)[0m[1m [decodeCNodeInvocation/107 T0x80bf00c400 "rootserver" @31b998]: CNode Copy/Mint/Move/Mutate: Source slot invalid or empty.>>[0m
[0m[1m<<[0m[32mseL4(CPU 0)[0m[1m [decodeCNodeInvocation/107 T0x80bf00c400 "rootserver" @31b998]: CNode Copy/Mint/Move/Mutate: Source slot invalid or empty.>>[0m
[0m[1m<<[0m[32mseL4(CPU 0)[0m[1m [decodeCNodeInvocation/107 T0x80bf00c400 "rootserver" @31b998]: CNode Copy/Mint/Move/Mutate: Source slot invalid or empty.>>[0m
[0m[1m<<[0m[32mseL4(CPU 0)[0m[1m [decodeCNodeInvocation/107 T0x80bf00c400 "rootserver" @31b998]: CNode Copy/Mint/Move/Mutate: Source slot invalid or empty.>>[0m
[0m[1m<<[0m[32mseL4(CPU 0)[0m[1m [decodeCNodeInvocation/107 T0x80bf00c400 "rootserver" @31b998]: CNode Copy/Mint/Move/Mutate: Source slot invalid or empty.>>[0m
[0m[1m<<[0m[32mseL4(CPU 0)[0m[1m [decodeCNodeInvocation/107 T0x80bf00c400 "rootserver" @31b998]: CNode Copy/Mint/Move/Mutate: Source slot invalid or empty.>>[0m
[0m[1m<<[0m[32mseL4(CPU 0)[0m[1m [decodeCNodeInvocation/107 T0x80bf00c400 "rootserver" @31b998]: CNode Copy/Mint/Move/Mutate: Source slot invalid or empty.>>[0m
[0m[1m<<[0m[32mseL4(CPU 0)[0m[1m [decodeCNodeInvocation/107 T0x80bf00c400 "rootserver" @31b998]: CNode Copy/Mint/Move/Mutate: Source slot invalid or empty.>>[0m
[0m[1m<<[0m[32mseL4(CPU 0)[0m[1m [decodeCNodeInvocation/107 T0x80bf00c400 "rootserver" @31b998]: CNode Copy/Mint/Move/Mutate: Source slot invalid or empty.>>[0m
[0m[1m<<[0m[32mseL4(CPU 0)[0m[1m [decodeCNodeInvocation/107 T0x80bf00c400 "rootserver" @31b998]: CNode Copy/Mint/Move/Mutate: Source slot invalid or empty.>>[0m
[0m[1m<<[0m[32mseL4(CPU 0)[0m[1m [decodeCNodeInvocation/95 T0x80bf00c400 "rootserver" @31b998]: CNode Copy/Mint/Move/Mutate: Destination not empty.>>[0m
[0m[1m<<[0m[32mseL4(CPU 0)[0m[1m [decodeCNodeInvocation/107 T0x80bf00c400 "rootserver" @31b998]: CNode Copy/Mint/Move/Mutate: Source slot invalid or empty.>>[0m
[0m[1m<<[0m[32mseL4(CPU 0)[0m[1m [decodeCNodeInvocation/107 T0x80bf00c400 "rootserver" @31b998]: CNode Copy/Mint/Move/Mutate: Source slot invalid or empty.>>[0m
[0m[1m<<[0m[32mseL4(CPU 0)[0m[1m [decodeCNodeInvocation/107 T0x80bf00c400 "rootserver" @31b998]: CNode Copy/Mint/Move/Mutate: Source slot invalid or empty.>>[0m
[0m[1m<<[0m[32mseL4(CPU 0)[0m[1m [decodeCNodeInvocation/107 T0x80bf00c400 "rootserver" @31b998]: CNode Copy/Mint/Move/Mutate: Source slot invalid or empty.>>[0m
[0m[1m<<[0m[32mseL4(CPU 0)[0m[1m [decodeCNodeInvocation/107 T0x80bf00c400 "rootserver" @31b998]: CNode Copy/Mint/Move/Mutate: Source slot invalid or empty.>>[0m
[0m[1m<<[0m[32mseL4(CPU 0)[0m[1m [decodeCNodeInvocation/107 T0x80bf00c400 "rootserver" @31b998]: CNode Copy/Mint/Move/Mutate: Source slot invalid or empty.>>[0m
[0m[1m<<[0m[32mseL4(CPU 0)[0m[1m [decodeCNodeInvocation/107 T0x80bf00c400 "rootserver" @31b998]: CNode Copy/Mint/Move/Mutate: Source slot invalid or empty.>>[0m
[0m[1m<<[0m[32mseL4(CPU 0)[0m[1m [decodeCNodeInvocation/107 T0x80bf00c400 "rootserver" @31b998]: CNode Copy/Mint/Move/Mutate: Source slot invalid or empty.>>[0m
[0m[1m<<[0m[32mseL4(CPU 0)[0m[1m [decodeCNodeInvocation/107 T0x80bf00c400 "rootserver" @31b998]: CNode Copy/Mint/Move/Mutate: Source slot invalid or empty.>>[0m
[0m[1m<<[0m[32mseL4(CPU 0)[0m[1m [decodeCNodeInvocation/107 T0x80bf00c400 "rootserver" @31b998]: CNode Copy/Mint/Move/Mutate: Source slot invalid or empty.>>[0m
[0m[1m<<[0m[32mseL4(CPU 0)[0m[1m [decodeCNodeInvocation/107 T0x80bf00c400 "rootserver" @31b998]: CNode Copy/Mint/Move/Mutate: Source slot invalid or empty.>>[0m
[0m[1m<<[0m[32mseL4(CPU 0)[0m[1m [decodeCNodeInvocation/107 T0x80bf00c400 "rootserver" @31b998]: CNode Copy/Mint/Move/Mutate: Source slot invalid or empty.>>[0m
[0m[1m<<[0m[32mseL4(CPU 0)[0m[1m [decodeCNodeInvocation/107 T0x80bf00c400 "rootserver" @31b998]: CNode Copy/Mint/Move/Mutate: Source slot invalid or empty.>>[0m
[0m[1m<<[0m[32mseL4(CPU 0)[0m[1m [decodeCNodeInvocation/107 T0x80bf00c400 "rootserver" @31b998]: CNode Copy/Mint/Move/Mutate: Source slot invalid or empty.>>[0m
[0m[1m<<[0m[32mseL4(CPU 0)[0m[1m [decodeCNodeInvocation/107 T0x80bf00c400 "rootserver" @31b998]: CNode Copy/Mint/Move/Mutate: Source slot invalid or empty.>>[0m
[0m[1m<<[0m[32mseL4(CPU 0)[0m[1m [decodeCNodeInvocation/107 T0x80bf00c400 "rootserver" @31b998]: CNode Copy/Mint/Move/Mutate: Source slot invalid or empty.>>[0m
[0m[1m<<[0m[32mseL4(CPU 0)[0m[1m [decodeCNodeInvocation/107 T0x80bf00c400 "rootserver" @31b998]: CNode Copy/Mint/Move/Mutate: Source slot invalid or empty.>>[0m
[0m[1m<<[0m[32mseL4(CPU 0)[0m[1m [decodeCNodeInvocation/107 T0x80bf00c400 "rootserver" @31b998]: CNode Copy/Mint/Move/Mutate: Source slot invalid or empty.>>[0m
[0m[1m<<[0m[32mseL4(CPU 0)[0m[1m [decodeCNodeInvocation/107 T0x80bf00c400 "rootserver" @31b998]: CNode Copy/Mint/Move/Mutate: Source slot invalid or empty.>>[0m
[0m[1m<<[0m[32mseL4(CPU 0)[0m[1m [decodeCNodeInvocation/107 T0x80bf00c400 "rootserver" @31b998]: CNode Copy/Mint/Move/Mutate: Source slot invalid or empty.>>[0m
[0m[1m<<[0m[32mseL4(CPU 0)[0m[1m [decodeCNodeInvocation/107 T0x80bf00c400 "rootserver" @31b998]: CNode Copy/Mint/Move/Mutate: Source slot invalid or empty.>>[0m
[0m[1m<<[0m[32mseL4(CPU 0)[0m[1m [decodeCNodeInvocation/107 T0x80bf00c400 "rootserver" @31b998]: CNode Copy/Mint/Move/Mutate: Source slot invalid or empty.>>[0m
[0m[1m<<[0m[32mseL4(CPU 0)[0m[1m [decodeCNodeInvocation/107 T0x80bf00c400 "rootserver" @31b998]: CNode Copy/Mint/Move/Mutate: Source slot invalid or empty.>>[0m
[0m[1m<<[0m[32mseL4(CPU 0)[0m[1m [decodeCNodeInvocation/107 T0x80bf00c400 "rootserver" @31b998]: CNode Copy/Mint/Move/Mutate: Source slot invalid or empty.>>[0m
[0m[1m<<[0m[32mseL4(CPU 0)[0m[1m [decodeCNodeInvocation/107 T0x80bf00c400 "rootserver" @31b998]: CNode Copy/Mint/Move/Mutate: Source slot invalid or empty.>>[0m
[0m[1m<<[0m[32mseL4(CPU 0)[0m[1m [decodeCNodeInvocation/107 T0x80bf00c400 "rootserver" @31b998]: CNode Copy/Mint/Move/Mutate: Source slot invalid or empty.>>[0m
[0m[1m<<[0m[32mseL4(CPU 0)[0m[1m [decodeCNodeInvocation/107 T0x80bf00c400 "rootserver" @31b998]: CNode Copy/Mint/Move/Mutate: Source slot invalid or empty.>>[0m
[0m[1m<<[0m[32mseL4(CPU 0)[0m[1m [decodeCNodeInvocation/107 T0x80bf00c400 "rootserver" @31b998]: CNode Copy/Mint/Move/Mutate: Source slot invalid or empty.>>[0m
[0m[1m<<[0m[32mseL4(CPU 0)[0m[1m [decodeCNodeInvocation/107 T0x80bf00c400 "rootserver" @31b998]: CNode Copy/Mint/Move/Mutate: Source slot invalid or empty.>>[0m
[0m[1m<<[0m[32mseL4(CPU 0)[0m[1m [decodeCNodeInvocation/107 T0x80bf00c400 "rootserver" @31b998]: CNode Copy/Mint/Move/Mutate: Source slot invalid or empty.>>[0m
[0m[1m<<[0m[32mseL4(CPU 0)[0m[1m [decodeCNodeInvocation/107 T0x80bf00c400 "rootserver" @31b998]: CNode Copy/Mint/Move/Mutate: Source slot invalid or empty.>>[0m
[0m[1m<<[0m[32mseL4(CPU 0)[0m[1m [decodeCNodeInvocation/107 T0x80bf00c400 "rootserver" @31b998]: CNode Copy/Mint/Move/Mutate: Source slot invalid or empty.>>[0m
[0m[1m<<[0m[32mseL4(CPU 0)[0m[1m [decodeCNodeInvocation/107 T0x80bf00c400 "rootserver" @31b998]: CNode Copy/Mint/Move/Mutate: Source slot invalid or empty.>>[0m
[0m[1m<<[0m[32mseL4(CPU 0)[0m[1m [decodeCNodeInvocation/107 T0x80bf00c400 "rootserver" @31b998]: CNode Copy/Mint/Move/Mutate: Source slot invalid or empty.>>[0m
[0m[1m<<[0m[32mseL4(CPU 0)[0m[1m [decodeCNodeInvocation/107 T0x80bf00c400 "rootserver" @31b998]: CNode Copy/Mint/Move/Mutate: Source slot invalid or empty.>>[0m
[0m[1m<<[0m[32mseL4(CPU 0)[0m[1m [decodeCNodeInvocation/107 T0x80bf00c400 "rootserver" @31b998]: CNode Copy/Mint/Move/Mutate: Source slot invalid or empty.>>[0m
[0m[1m<<[0m[32mseL4(CPU 0)[0m[1m [decodeCNodeInvocation/107 T0x80bf00c400 "rootserver" @31b998]: CNode Copy/Mint/Move/Mutate: Source slot invalid or empty.>>[0m
[0m[1m<<[0m[32mseL4(CPU 0)[0m[1m [decodeCNodeInvocation/107 T0x80bf00c400 "rootserver" @31b998]: CNode Copy/Mint/Move/Mutate: Source slot invalid or empty.>>[0m
[0m[1m<<[0m[32mseL4(CPU 0)[0m[1m [decodeCNodeInvocation/107 T0x80bf00c400 "rootserver" @31b998]: CNode Copy/Mint/Move/Mutate: Source slot invalid or empty.>>[0m
[0m[1m<<[0m[32mseL4(CPU 0)[0m[1m [decodeCNodeInvocation/107 T0x80bf00c400 "rootserver" @31b998]: CNode Copy/Mint/Move/Mutate: Source slot invalid or empty.>>[0m
[0m[1m<<[0m[32mseL4(CPU 0)[0m[1m [decodeCNodeInvocation/107 T0x80bf00c400 "rootserver" @31b998]: CNode Copy/Mint/Move/Mutate: Source slot invalid or empty.>>[0m
[0m[1m<<[0m[32mseL4(CPU 0)[0m[1m [decodeCNodeInvocation/107 T0x80bf00c400 "rootserver" @31b998]: CNode Copy/Mint/Move/Mutate: Source slot invalid or empty.>>[0m
[0m[1m<<[0m[32mseL4(CPU 0)[0m[1m [decodeCNodeInvocation/107 T0x80bf00c400 "rootserver" @31b998]: CNode Copy/Mint/Move/Mutate: Source slot invalid or empty.>>[0m
[0m[1m<<[0m[32mseL4(CPU 0)[0m[1m [decodeCNodeInvocation/107 T0x80bf00c400 "rootserver" @31b998]: CNode Copy/Mint/Move/Mutate: Source slot invalid or empty.>>[0m
[0m[1m<<[0m[32mseL4(CPU 0)[0m[1m [decodeCNodeInvocation/107 T0x80bf00c400 "rootserver" @31b998]: CNode Copy/Mint/Move/Mutate: Source slot invalid or empty.>>[0m
[0m[1m<<[0m[32mseL4(CPU 0)[0m[1m [decodeCNodeInvocation/107 T0x80bf00c400 "rootserver" @31b998]: CNode Copy/Mint/Move/Mutate: Source slot invalid or empty.>>[0m
[0m[1m<<[0m[32mseL4(CPU 0)[0m[1m [decodeCNodeInvocation/107 T0x80bf00c400 "rootserver" @31b998]: CNode Copy/Mint/Move/Mutate: Source slot invalid or empty.>>[0m
[0m[1m<<[0m[32mseL4(CPU 0)[0m[1m [decodeCNodeInvocation/107 T0x80bf00c400 "rootserver" @31b998]: CNode Copy/Mint/Move/Mutate: Source slot invalid or empty.>>[0m
[0m[1m<<[0m[32mseL4(CPU 0)[0m[1m [decodeCNodeInvocation/107 T0x80bf00c400 "rootserver" @31b998]: CNode Copy/Mint/Move/Mutate: Source slot invalid or empty.>>[0m
[0m[1m<<[0m[32mseL4(CPU 0)[0m[1m [decodeCNodeInvocation/107 T0x80bf00c400 "rootserver" @31b998]: CNode Copy/Mint/Move/Mutate: Source slot invalid or empty.>>[0m
[0m[1m<<[0m[32mseL4(CPU 0)[0m[1m [decodeCNodeInvocation/107 T0x80bf00c400 "rootserver" @31b998]: CNode Copy/Mint/Move/Mutate: Source slot invalid or empty.>>[0m
[0m[1m<<[0m[32mseL4(CPU 0)[0m[1m [decodeCNodeInvocation/107 T0x80bf00c400 "rootserver" @31b998]: CNode Copy/Mint/Move/Mutate: Source slot invalid or empty.>>[0m
[0m[1m<<[0m[32mseL4(CPU 0)[0m[1m [decodeCNodeInvocation/107 T0x80bf00c400 "rootserver" @31b998]: CNode Copy/Mint/Move/Mutate: Source slot invalid or empty.>>[0m
[0m[1m<<[0m[32mseL4(CPU 0)[0m[1m [decodeCNodeInvocation/107 T0x80bf00c400 "rootserver" @31b998]: CNode Copy/Mint/Move/Mutate: Source slot invalid or empty.>>[0m
[0m[1m<<[0m[32mseL4(CPU 0)[0m[1m [decodeCNodeInvocation/107 T0x80bf00c400 "rootserver" @31b998]: CNode Copy/Mint/Move/Mutate: Source slot invalid or empty.>>[0m
[0m[1m<<[0m[32mseL4(CPU 0)[0m[1m [decodeCNodeInvocation/107 T0x80bf00c400 "rootserver" @31b998]: CNode Copy/Mint/Move/Mutate: Source slot invalid or empty.>>[0m
[0m[1m<<[0m[32mseL4(CPU 0)[0m[1m [decodeCNodeInvocation/107 T0x80bf00c400 "rootserver" @31b998]: CNode Copy/Mint/Move/Mutate: Source slot invalid or empty.>>[0m
[0m[1m<<[0m[32mseL4(CPU 0)[0m[1m [decodeCNodeInvocation/107 T0x80bf00c400 "rootserver" @31b998]: CNode Copy/Mint/Move/Mutate: Source slot invalid or empty.>>[0m
[0m[1m<<[0m[32mseL4(CPU 0)[0m[1m [decodeCNodeInvocation/107 T0x80bf00c400 "rootserver" @31b998]: CNode Copy/Mint/Move/Mutate: Source slot invalid or empty.>>[0m
[0m[1m<<[0m[32mseL4(CPU 0)[0m[1m [decodeCNodeInvocation/107 T0x80bf00c400 "rootserver" @31b998]: CNode Copy/Mint/Move/Mutate: Source slot invalid or empty.>>[0m
[0m[1m<<[0m[32mseL4(CPU 0)[0m[1m [decodeCNodeInvocation/107 T0x80bf00c400 "rootserver" @31b998]: CNode Copy/Mint/Move/Mutate: Source slot invalid or empty.>>[0m
[0m[1m<<[0m[32mseL4(CPU 0)[0m[1m [decodeCNodeInvocation/107 T0x80bf00c400 "rootserver" @31b998]: CNode Copy/Mint/Move/Mutate: Source slot invalid or empty.>>[0m
[0m[1m<<[0m[32mseL4(CPU 0)[0m[1m [decodeCNodeInvocation/107 T0x80bf00c400 "rootserver" @31b998]: CNode Copy/Mint/Move/Mutate: Source slot invalid or empty.>>[0m
[0m[1m<<[0m[32mseL4(CPU 0)[0m[1m [decodeCNodeInvocation/107 T0x80bf00c400 "rootserver" @31b998]: CNode Copy/Mint/Move/Mutate: Source slot invalid or empty.>>[0m
[0m[1m<<[0m[32mseL4(CPU 0)[0m[1m [decodeCNodeInvocation/107 T0x80bf00c400 "rootserver" @31b998]: CNode Copy/Mint/Move/Mutate: Source slot invalid or empty.>>[0m
[0m[1m<<[0m[32mseL4(CPU 0)[0m[1m [decodeCNodeInvocation/107 T0x80bf00c400 "rootserver" @31b998]: CNode Copy/Mint/Move/Mutate: Source slot invalid or empty.>>[0m
[0m[1m<<[0m[32mseL4(CPU 0)[0m[1m [decodeCNodeInvocation/107 T0x80bf00c400 "rootserver" @31b998]: CNode Copy/Mint/Move/Mutate: Source slot invalid or empty.>>[0m
[0m[1m<<[0m[32mseL4(CPU 0)[0m[1m [decodeCNodeInvocation/107 T0x80bf00c400 "rootserver" @31b998]: CNode Copy/Mint/Move/Mutate: Source slot invalid or empty.>>[0m
[0m[1m<<[0m[32mseL4(CPU 0)[0m[1m [decodeCNodeInvocation/107 T0x80bf00c400 "rootserver" @31b998]: CNode Copy/Mint/Move/Mutate: Source slot invalid or empty.>>[0m
[0m[1m<<[0m[32mseL4(CPU 0)[0m[1m [decodeCNodeInvocation/107 T0x80bf00c400 "rootserver" @31b998]: CNode Copy/Mint/Move/Mutate: Source slot invalid or empty.>>[0m
[0m[1m<<[0m[32mseL4(CPU 0)[0m[1m [decodeCNodeInvocation/107 T0x80bf00c400 "rootserver" @31b998]: CNode Copy/Mint/Move/Mutate: Source slot invalid or empty.>>[0m
[0m[1m<<[0m[32mseL4(CPU 0)[0m[1m [decodeCNodeInvocation/107 T0x80bf00c400 "rootserver" @31b998]: CNode Copy/Mint/Move/Mutate: Source slot invalid or empty.>>[0m
[0m[1m<<[0m[32mseL4(CPU 0)[0m[1m [decodeCNodeInvocation/107 T0x80bf00c400 "rootserver" @31b998]: CNode Copy/Mint/Move/Mutate: Source slot invalid or empty.>>[0m
[0m[1m<<[0m[32mseL4(CPU 0)[0m[1m [decodeCNodeInvocation/107 T0x80bf00c400 "rootserver" @31b998]: CNode Copy/Mint/Move/Mutate: Source slot invalid or empty.>>[0m
[0m[1m<<[0m[32mseL4(CPU 0)[0m[1m [decodeCNodeInvocation/107 T0x80bf00c400 "rootserver" @31b998]: CNode Copy/Mint/Move/Mutate: Source slot invalid or empty.>>[0m
[0m[1m<<[0m[32mseL4(CPU 0)[0m[1m [decodeCNodeInvocation/107 T0x80bf00c400 "rootserver" @31b998]: CNode Copy/Mint/Move/Mutate: Source slot invalid or empty.>>[0m
[0m[1m<<[0m[32mseL4(CPU 0)[0m[1m [decodeCNodeInvocation/107 T0x80bf00c400 "rootserver" @31b998]: CNode Copy/Mint/Move/Mutate: Source slot invalid or empty.>>[0m
[0m[1m<<[0m[32mseL4(CPU 0)[0m[1m [decodeCNodeInvocation/107 T0x80bf00c400 "rootserver" @31b998]: CNode Copy/Mint/Move/Mutate: Source slot invalid or empty.>>[0m
[0m[1m<<[0m[32mseL4(CPU 0)[0m[1m [decodeCNodeInvocation/107 T0x80bf00c400 "rootserver" @31b998]: CNode Copy/Mint/Move/Mutate: Source slot invalid or empty.>>[0m
[0m[1m<<[0m[32mseL4(CPU 0)[0m[1m [decodeCNodeInvocation/107 T0x80bf00c400 "rootserver" @31b998]: CNode Copy/Mint/Move/Mutate: Source slot invalid or empty.>>[0m
[0m[1m<<[0m[32mseL4(CPU 0)[0m[1m [decodeCNodeInvocation/107 T0x80bf00c400 "rootserver" @31b998]: CNode Copy/Mint/Move/Mutate: Source slot invalid or empty.>>[0m
[0m[1m<<[0m[32mseL4(CPU 0)[0m[1m [decodeCNodeInvocation/107 T0x80bf00c400 "rootserver" @31b998]: CNode Copy/Mint/Move/Mutate: Source slot invalid or empty.>>[0m
[0m[1m<<[0m[32mseL4(CPU 0)[0m[1m [decodeCNodeInvocation/107 T0x80bf00c400 "rootserver" @31b998]: CNode Copy/Mint/Move/Mutate: Source slot invalid or empty.>>[0m
[0m[1m<<[0m[32mseL4(CPU 0)[0m[1m [decodeCNodeInvocation/107 T0x80bf00c400 "rootserver" @31b998]: CNode Copy/Mint/Move/Mutate: Source slot invalid or empty.>>[0m
[0m[1m<<[0m[32mseL4(CPU 0)[0m[1m [decodeCNodeInvocation/107 T0x80bf00c400 "rootserver" @31b998]: CNode Copy/Mint/Move/Mutate: Source slot invalid or empty.>>[0m
[0m[1m<<[0m[32mseL4(CPU 0)[0m[1m [decodeCNodeInvocation/107 T0x80bf00c400 "rootserver" @31b998]: CNode Copy/Mint/Move/Mutate: Source slot invalid or empty.>>[0m
[0m[1m<<[0m[32mseL4(CPU 0)[0m[1m [decodeCNodeInvocation/107 T0x80bf00c400 "rootserver" @31b998]: CNode Copy/Mint/Move/Mutate: Source slot invalid or empty.>>[0m
[0m[1m<<[0m[32mseL4(CPU 0)[0m[1m [decodeCNodeInvocation/107 T0x80bf00c400 "rootserver" @31b998]: CNode Copy/Mint/Move/Mutate: Source slot invalid or empty.>>[0m
[0m[1m<<[0m[32mseL4(CPU 0)[0m[1m [decodeCNodeInvocation/107 T0x80bf00c400 "rootserver" @31b998]: CNode Copy/Mint/Move/Mutate: Source slot invalid or empty.>>[0m
[0m[1m<<[0m[32mseL4(CPU 0)[0m[1m [decodeCNodeInvocation/107 T0x80bf00c400 "rootserver" @31b998]: CNode Copy/Mint/Move/Mutate: Source slot invalid or empty.>>[0m
[0m[1m<<[0m[32mseL4(CPU 0)[0m[1m [decodeCNodeInvocation/107 T0x80bf00c400 "rootserver" @31b998]: CNode Copy/Mint/Move/Mutate: Source slot invalid or empty.>>[0m
[0m[1m<<[0m[32mseL4(CPU 0)[0m[1m [decodeCNodeInvocation/107 T0x80bf00c400 "rootserver" @31b998]: CNode Copy/Mint/Move/Mutate: Source slot invalid or empty.>>[0m
[0m[1m<<[0m[32mseL4(CPU 0)[0m[1m [decodeCNodeInvocation/107 T0x80bf00c400 "rootserver" @31b998]: CNode Copy/Mint/Move/Mutate: Source slot invalid or empty.>>[0m
[0m[1m<<[0m[32mseL4(CPU 0)[0m[1m [decodeCNodeInvocation/107 T0x80bf00c400 "rootserver" @31b998]: CNode Copy/Mint/Move/Mutate: Source slot invalid or empty.>>[0m
[0m[1m<<[0m[32mseL4(CPU 0)[0m[1m [decodeCNodeInvocation/107 T0x80bf00c400 "rootserver" @31b998]: CNode Copy/Mint/Move/Mutate: Source slot invalid or empty.>>[0m
SLIME_GRAPH staged task=0 instance=init executable=init grants=0 bindings=0 window=0x240000 frames=65 tables=3 entry=0x215298
SLIME_GRAPH schedule instance=io-network-intruder priority=254 default=254
SLIME_GRAPH threads instance=io-network-intruder count=1
[0m[1m<<[0m[32mseL4(CPU 0)[0m[1m [decodeCNodeInvocation/107 T0x80bf00c400 "rootserver" @31b998]: CNode Copy/Mint/Move/Mutate: Source slot invalid or empty.>>[0m
[0m[1m<<[0m[32mseL4(CPU 0)[0m[1m [decodeCNodeInvocation/95 T0x80bf00c400 "rootserver" @31b998]: CNode Copy/Mint/Move/Mutate: Destination not empty.>>[0m
[0m[1m<<[0m[32mseL4(CPU 0)[0m[1m [decodeCNodeInvocation/95 T0x80bf00c400 "rootserver" @31b998]: CNode Copy/Mint/Move/Mutate: Destination not empty.>>[0m
[0m[1m<<[0m[32mseL4(CPU 0)[0m[1m [decodeCNodeInvocation/95 T0x80bf00c400 "rootserver" @31b998]: CNode Copy/Mint/Move/Mutate: Destination not empty.>>[0m
[0m[1m<<[0m[32mseL4(CPU 0)[0m[1m [decodeCNodeInvocation/95 T0x80bf00c400 "rootserver" @31b998]: CNode Copy/Mint/Move/Mutate: Destination not empty.>>[0m
[0m[1m<<[0m[32mseL4(CPU 0)[0m[1m [decodeCNodeInvocation/107 T0x80bf00c400 "rootserver" @31b998]: CNode Copy/Mint/Move/Mutate: Source slot invalid or empty.>>[0m
[0m[1m<<[0m[32mseL4(CPU 0)[0m[1m [decodeCNodeInvocation/107 T0x80bf00c400 "rootserver" @31b998]: CNode Copy/Mint/Move/Mutate: Source slot invalid or empty.>>[0m
[0m[1m<<[0m[32mseL4(CPU 0)[0m[1m [decodeCNodeInvocation/107 T0x80bf00c400 "rootserver" @31b998]: CNode Copy/Mint/Move/Mutate: Source slot invalid or empty.>>[0m
[0m[1m<<[0m[32mseL4(CPU 0)[0m[1m [decodeCNodeInvocation/107 T0x80bf00c400 "rootserver" @31b998]: CNode Copy/Mint/Move/Mutate: Source slot invalid or empty.>>[0m
[0m[1m<<[0m[32mseL4(CPU 0)[0m[1m [decodeCNodeInvocation/107 T0x80bf00c400 "rootserver" @31b998]: CNode Copy/Mint/Move/Mutate: Source slot invalid or empty.>>[0m
[0m[1m<<[0m[32mseL4(CPU 0)[0m[1m [decodeCNodeInvocation/107 T0x80bf00c400 "rootserver" @31b998]: CNode Copy/Mint/Move/Mutate: Source slot invalid or empty.>>[0m
[0m[1m<<[0m[32mseL4(CPU 0)[0m[1m [decodeCNodeInvocation/107 T0x80bf00c400 "rootserver" @31b998]: CNode Copy/Mint/Move/Mutate: Source slot invalid or empty.>>[0m
[0m[1m<<[0m[32mseL4(CPU 0)[0m[1m [decodeCNodeInvocation/107 T0x80bf00c400 "rootserver" @31b998]: CNode Copy/Mint/Move/Mutate: Source slot invalid or empty.>>[0m
[0m[1m<<[0m[32mseL4(CPU 0)[0m[1m [decodeCNodeInvocation/107 T0x80bf00c400 "rootserver" @31b998]: CNode Copy/Mint/Move/Mutate: Source slot invalid or empty.>>[0m
[0m[1m<<[0m[32mseL4(CPU 0)[0m[1m [decodeCNodeInvocation/107 T0x80bf00c400 "rootserver" @31b998]: CNode Copy/Mint/Move/Mutate: Source slot invalid or empty.>>[0m
[0m[1m<<[0m[32mseL4(CPU 0)[0m[1m [decodeCNodeInvocation/107 T0x80bf00c400 "rootserver" @31b998]: CNode Copy/Mint/Move/Mutate: Source slot invalid or empty.>>[0m
[0m[1m<<[0m[32mseL4(CPU 0)[0m[1m [decodeCNodeInvocation/107 T0x80bf00c400 "rootserver" @31b998]: CNode Copy/Mint/Move/Mutate: Source slot invalid or empty.>>[0m
[0m[1m<<[0m[32mseL4(CPU 0)[0m[1m [decodeCNodeInvocation/107 T0x80bf00c400 "rootserver" @31b998]: CNode Copy/Mint/Move/Mutate: Source slot invalid or empty.>>[0m
[0m[1m<<[0m[32mseL4(CPU 0)[0m[1m [decodeCNodeInvocation/107 T0x80bf00c400 "rootserver" @31b998]: CNode Copy/Mint/Move/Mutate: Source slot invalid or empty.>>[0m
[0m[1m<<[0m[32mseL4(CPU 0)[0m[1m [decodeCNodeInvocation/107 T0x80bf00c400 "rootserver" @31b998]: CNode Copy/Mint/Move/Mutate: Source slot invalid or empty.>>[0m
[0m[1m<<[0m[32mseL4(CPU 0)[0m[1m [decodeCNodeInvocation/107 T0x80bf00c400 "rootserver" @31b998]: CNode Copy/Mint/Move/Mutate: Source slot invalid or empty.>>[0m
[0m[1m<<[0m[32mseL4(CPU 0)[0m[1m [decodeCNodeInvocation/107 T0x80bf00c400 "rootserver" @31b998]: CNode Copy/Mint/Move/Mutate: Source slot invalid or empty.>>[0m
[0m[1m<<[0m[32mseL4(CPU 0)[0m[1m [decodeCNodeInvocation/107 T0x80bf00c400 "rootserver" @31b998]: CNode Copy/Mint/Move/Mutate: Source slot invalid or empty.>>[0m
[0m[1m<<[0m[32mseL4(CPU 0)[0m[1m [decodeCNodeInvocation/107 T0x80bf00c400 "rootserver" @31b998]: CNode Copy/Mint/Move/Mutate: Source slot invalid or empty.>>[0m
[0m[1m<<[0m[32mseL4(CPU 0)[0m[1m [decodeCNodeInvocation/107 T0x80bf00c400 "rootserver" @31b998]: CNode Copy/Mint/Move/Mutate: Source slot invalid or empty.>>[0m
[0m[1m<<[0m[32mseL4(CPU 0)[0m[1m [decodeCNodeInvocation/107 T0x80bf00c400 "rootserver" @31b998]: CNode Copy/Mint/Move/Mutate: Source slot invalid or empty.>>[0m
[0m[1m<<[0m[32mseL4(CPU 0)[0m[1m [decodeCNodeInvocation/107 T0x80bf00c400 "rootserver" @31b998]: CNode Copy/Mint/Move/Mutate: Source slot invalid or empty.>>[0m
[0m[1m<<[0m[32mseL4(CPU 0)[0m[1m [decodeCNodeInvocation/107 T0x80bf00c400 "rootserver" @31b998]: CNode Copy/Mint/Move/Mutate: Source slot invalid or empty.>>[0m
[0m[1m<<[0m[32mseL4(CPU 0)[0m[1m [decodeCNodeInvocation/107 T0x80bf00c400 "rootserver" @31b998]: CNode Copy/Mint/Move/Mutate: Source slot invalid or empty.>>[0m
[0m[1m<<[0m[32mseL4(CPU 0)[0m[1m [decodeCNodeInvocation/107 T0x80bf00c400 "rootserver" @31b998]: CNode Copy/Mint/Move/Mutate: Source slot invalid or empty.>>[0m
[0m[1m<<[0m[32mseL4(CPU 0)[0m[1m [decodeCNodeInvocation/107 T0x80bf00c400 "rootserver" @31b998]: CNode Copy/Mint/Move/Mutate: Source slot invalid or empty.>>[0m
[0m[1m<<[0m[32mseL4(CPU 0)[0m[1m [decodeCNodeInvocation/107 T0x80bf00c400 "rootserver" @31b998]: CNode Copy/Mint/Move/Mutate: Source slot invalid or empty.>>[0m
[0m[1m<<[0m[32mseL4(CPU 0)[0m[1m [decodeCNodeInvocation/95 T0x80bf00c400 "rootserver" @31b998]: CNode Copy/Mint/Move/Mutate: Destination not empty.>>[0m
[0m[1m<<[0m[32mseL4(CPU 0)[0m[1m [decodeCNodeInvocation/107 T0x80bf00c400 "rootserver" @31b998]: CNode Copy/Mint/Move/Mutate: Source slot invalid or empty.>>[0m
[0m[1m<<[0m[32mseL4(CPU 0)[0m[1m [decodeCNodeInvocation/107 T0x80bf00c400 "rootserver" @31b998]: CNode Copy/Mint/Move/Mutate: Source slot invalid or empty.>>[0m
[0m[1m<<[0m[32mseL4(CPU 0)[0m[1m [decodeCNodeInvocation/107 T0x80bf00c400 "rootserver" @31b998]: CNode Copy/Mint/Move/Mutate: Source slot invalid or empty.>>[0m
[0m[1m<<[0m[32mseL4(CPU 0)[0m[1m [decodeCNodeInvocation/107 T0x80bf00c400 "rootserver" @31b998]: CNode Copy/Mint/Move/Mutate: Source slot invalid or empty.>>[0m
[0m[1m<<[0m[32mseL4(CPU 0)[0m[1m [decodeCNodeInvocation/107 T0x80bf00c400 "rootserver" @31b998]: CNode Copy/Mint/Move/Mutate: Source slot invalid or empty.>>[0m
[0m[1m<<[0m[32mseL4(CPU 0)[0m[1m [decodeCNodeInvocation/107 T0x80bf00c400 "rootserver" @31b998]: CNode Copy/Mint/Move/Mutate: Source slot invalid or empty.>>[0m
[0m[1m<<[0m[32mseL4(CPU 0)[0m[1m [decodeCNodeInvocation/107 T0x80bf00c400 "rootserver" @31b998]: CNode Copy/Mint/Move/Mutate: Source slot invalid or empty.>>[0m
[0m[1m<<[0m[32mseL4(CPU 0)[0m[1m [decodeCNodeInvocation/107 T0x80bf00c400 "rootserver" @31b998]: CNode Copy/Mint/Move/Mutate: Source slot invalid or empty.>>[0m
[0m[1m<<[0m[32mseL4(CPU 0)[0m[1m [decodeCNodeInvocation/107 T0x80bf00c400 "rootserver" @31b998]: CNode Copy/Mint/Move/Mutate: Source slot invalid or empty.>>[0m
[0m[1m<<[0m[32mseL4(CPU 0)[0m[1m [decodeCNodeInvocation/107 T0x80bf00c400 "rootserver" @31b998]: CNode Copy/Mint/Move/Mutate: Source slot invalid or empty.>>[0m
[0m[1m<<[0m[32mseL4(CPU 0)[0m[1m [decodeCNodeInvocation/107 T0x80bf00c400 "rootserver" @31b998]: CNode Copy/Mint/Move/Mutate: Source slot invalid or empty.>>[0m
[0m[1m<<[0m[32mseL4(CPU 0)[0m[1m [decodeCNodeInvocation/107 T0x80bf00c400 "rootserver" @31b998]: CNode Copy/Mint/Move/Mutate: Source slot invalid or empty.>>[0m
[0m[1m<<[0m[32mseL4(CPU 0)[0m[1m [decodeCNodeInvocation/107 T0x80bf00c400 "rootserver" @31b998]: CNode Copy/Mint/Move/Mutate: Source slot invalid or empty.>>[0m
[0m[1m<<[0m[32mseL4(CPU 0)[0m[1m [decodeCNodeInvocation/107 T0x80bf00c400 "rootserver" @31b998]: CNode Copy/Mint/Move/Mutate: Source slot invalid or empty.>>[0m
[0m[1m<<[0m[32mseL4(CPU 0)[0m[1m [decodeCNodeInvocation/107 T0x80bf00c400 "rootserver" @31b998]: CNode Copy/Mint/Move/Mutate: Source slot invalid or empty.>>[0m
[0m[1m<<[0m[32mseL4(CPU 0)[0m[1m [decodeCNodeInvocation/107 T0x80bf00c400 "rootserver" @31b998]: CNode Copy/Mint/Move/Mutate: Source slot invalid or empty.>>[0m
[0m[1m<<[0m[32mseL4(CPU 0)[0m[1m [decodeCNodeInvocation/107 T0x80bf00c400 "rootserver" @31b998]: CNode Copy/Mint/Move/Mutate: Source slot invalid or empty.>>[0m
[0m[1m<<[0m[32mseL4(CPU 0)[0m[1m [decodeCNodeInvocation/107 T0x80bf00c400 "rootserver" @31b998]: CNode Copy/Mint/Move/Mutate: Source slot invalid or empty.>>[0m
[0m[1m<<[0m[32mseL4(CPU 0)[0m[1m [decodeCNodeInvocation/107 T0x80bf00c400 "rootserver" @31b998]: CNode Copy/Mint/Move/Mutate: Source slot invalid or empty.>>[0m
[0m[1m<<[0m[32mseL4(CPU 0)[0m[1m [decodeCNodeInvocation/107 T0x80bf00c400 "rootserver" @31b998]: CNode Copy/Mint/Move/Mutate: Source slot invalid or empty.>>[0m
[0m[1m<<[0m[32mseL4(CPU 0)[0m[1m [decodeCNodeInvocation/107 T0x80bf00c400 "rootserver" @31b998]: CNode Copy/Mint/Move/Mutate: Source slot invalid or empty.>>[0m
[0m[1m<<[0m[32mseL4(CPU 0)[0m[1m [decodeCNodeInvocation/107 T0x80bf00c400 "rootserver" @31b998]: CNode Copy/Mint/Move/Mutate: Source slot invalid or empty.>>[0m
[0m[1m<<[0m[32mseL4(CPU 0)[0m[1m [decodeCNodeInvocation/107 T0x80bf00c400 "rootserver" @31b998]: CNode Copy/Mint/Move/Mutate: Source slot invalid or empty.>>[0m
[0m[1m<<[0m[32mseL4(CPU 0)[0m[1m [decodeCNodeInvocation/107 T0x80bf00c400 "rootserver" @31b998]: CNode Copy/Mint/Move/Mutate: Source slot invalid or empty.>>[0m
[0m[1m<<[0m[32mseL4(CPU 0)[0m[1m [decodeCNodeInvocation/107 T0x80bf00c400 "rootserver" @31b998]: CNode Copy/Mint/Move/Mutate: Source slot invalid or empty.>>[0m
[0m[1m<<[0m[32mseL4(CPU 0)[0m[1m [decodeCNodeInvocation/107 T0x80bf00c400 "rootserver" @31b998]: CNode Copy/Mint/Move/Mutate: Source slot invalid or empty.>>[0m
[0m[1m<<[0m[32mseL4(CPU 0)[0m[1m [decodeCNodeInvocation/107 T0x80bf00c400 "rootserver" @31b998]: CNode Copy/Mint/Move/Mutate: Source slot invalid or empty.>>[0m
[0m[1m<<[0m[32mseL4(CPU 0)[0m[1m [decodeCNodeInvocation/107 T0x80bf00c400 "rootserver" @31b998]: CNode Copy/Mint/Move/Mutate: Source slot invalid or empty.>>[0m
[0m[1m<<[0m[32mseL4(CPU 0)[0m[1m [decodeCNodeInvocation/107 T0x80bf00c400 "rootserver" @31b998]: CNode Copy/Mint/Move/Mutate: Source slot invalid or empty.>>[0m
[0m[1m<<[0m[32mseL4(CPU 0)[0m[1m [decodeCNodeInvocation/107 T0x80bf00c400 "rootserver" @31b998]: CNode Copy/Mint/Move/Mutate: Source slot invalid or empty.>>[0m
[0m[1m<<[0m[32mseL4(CPU 0)[0m[1m [decodeCNodeInvocation/107 T0x80bf00c400 "rootserver" @31b998]: CNode Copy/Mint/Move/Mutate: Source slot invalid or empty.>>[0m
[0m[1m<<[0m[32mseL4(CPU 0)[0m[1m [decodeCNodeInvocation/107 T0x80bf00c400 "rootserver" @31b998]: CNode Copy/Mint/Move/Mutate: Source slot invalid or empty.>>[0m
[0m[1m<<[0m[32mseL4(CPU 0)[0m[1m [decodeCNodeInvocation/107 T0x80bf00c400 "rootserver" @31b998]: CNode Copy/Mint/Move/Mutate: Source slot invalid or empty.>>[0m
[0m[1m<<[0m[32mseL4(CPU 0)[0m[1m [decodeCNodeInvocation/107 T0x80bf00c400 "rootserver" @31b998]: CNode Copy/Mint/Move/Mutate: Source slot invalid or empty.>>[0m
[0m[1m<<[0m[32mseL4(CPU 0)[0m[1m [decodeCNodeInvocation/107 T0x80bf00c400 "rootserver" @31b998]: CNode Copy/Mint/Move/Mutate: Source slot invalid or empty.>>[0m
[0m[1m<<[0m[32mseL4(CPU 0)[0m[1m [decodeCNodeInvocation/107 T0x80bf00c400 "rootserver" @31b998]: CNode Copy/Mint/Move/Mutate: Source slot invalid or empty.>>[0m
[0m[1m<<[0m[32mseL4(CPU 0)[0m[1m [decodeCNodeInvocation/107 T0x80bf00c400 "rootserver" @31b998]: CNode Copy/Mint/Move/Mutate: Source slot invalid or empty.>>[0m
[0m[1m<<[0m[32mseL4(CPU 0)[0m[1m [decodeCNodeInvocation/107 T0x80bf00c400 "rootserver" @31b998]: CNode Copy/Mint/Move/Mutate: Source slot invalid or empty.>>[0m
[0m[1m<<[0m[32mseL4(CPU 0)[0m[1m [decodeCNodeInvocation/107 T0x80bf00c400 "rootserver" @31b998]: CNode Copy/Mint/Move/Mutate: Source slot invalid or empty.>>[0m
[0m[1m<<[0m[32mseL4(CPU 0)[0m[1m [decodeCNodeInvocation/107 T0x80bf00c400 "rootserver" @31b998]: CNode Copy/Mint/Move/Mutate: Source slot invalid or empty.>>[0m
[0m[1m<<[0m[32mseL4(CPU 0)[0m[1m [decodeCNodeInvocation/107 T0x80bf00c400 "rootserver" @31b998]: CNode Copy/Mint/Move/Mutate: Source slot invalid or empty.>>[0m
[0m[1m<<[0m[32mseL4(CPU 0)[0m[1m [decodeCNodeInvocation/107 T0x80bf00c400 "rootserver" @31b998]: CNode Copy/Mint/Move/Mutate: Source slot invalid or empty.>>[0m
[0m[1m<<[0m[32mseL4(CPU 0)[0m[1m [decodeCNodeInvocation/107 T0x80bf00c400 "rootserver" @31b998]: CNode Copy/Mint/Move/Mutate: Source slot invalid or empty.>>[0m
[0m[1m<<[0m[32mseL4(CPU 0)[0m[1m [decodeCNodeInvocation/107 T0x80bf00c400 "rootserver" @31b998]: CNode Copy/Mint/Move/Mutate: Source slot invalid or empty.>>[0m
[0m[1m<<[0m[32mseL4(CPU 0)[0m[1m [decodeCNodeInvocation/107 T0x80bf00c400 "rootserver" @31b998]: CNode Copy/Mint/Move/Mutate: Source slot invalid or empty.>>[0m
[0m[1m<<[0m[32mseL4(CPU 0)[0m[1m [decodeCNodeInvocation/107 T0x80bf00c400 "rootserver" @31b998]: CNode Copy/Mint/Move/Mutate: Source slot invalid or empty.>>[0m
[0m[1m<<[0m[32mseL4(CPU 0)[0m[1m [decodeCNodeInvocation/107 T0x80bf00c400 "rootserver" @31b998]: CNode Copy/Mint/Move/Mutate: Source slot invalid or empty.>>[0m
[0m[1m<<[0m[32mseL4(CPU 0)[0m[1m [decodeCNodeInvocation/107 T0x80bf00c400 "rootserver" @31b998]: CNode Copy/Mint/Move/Mutate: Source slot invalid or empty.>>[0m
[0m[1m<<[0m[32mseL4(CPU 0)[0m[1m [decodeCNodeInvocation/107 T0x80bf00c400 "rootserver" @31b998]: CNode Copy/Mint/Move/Mutate: Source slot invalid or empty.>>[0m
[0m[1m<<[0m[32mseL4(CPU 0)[0m[1m [decodeCNodeInvocation/107 T0x80bf00c400 "rootserver" @31b998]: CNode Copy/Mint/Move/Mutate: Source slot invalid or empty.>>[0m
[0m[1m<<[0m[32mseL4(CPU 0)[0m[1m [decodeCNodeInvocation/107 T0x80bf00c400 "rootserver" @31b998]: CNode Copy/Mint/Move/Mutate: Source slot invalid or empty.>>[0m
[0m[1m<<[0m[32mseL4(CPU 0)[0m[1m [decodeCNodeInvocation/107 T0x80bf00c400 "rootserver" @31b998]: CNode Copy/Mint/Move/Mutate: Source slot invalid or empty.>>[0m
[0m[1m<<[0m[32mseL4(CPU 0)[0m[1m [decodeCNodeInvocation/107 T0x80bf00c400 "rootserver" @31b998]: CNode Copy/Mint/Move/Mutate: Source slot invalid or empty.>>[0m
[0m[1m<<[0m[32mseL4(CPU 0)[0m[1m [decodeCNodeInvocation/107 T0x80bf00c400 "rootserver" @31b998]: CNode Copy/Mint/Move/Mutate: Source slot invalid or empty.>>[0m
[0m[1m<<[0m[32mseL4(CPU 0)[0m[1m [decodeCNodeInvocation/107 T0x80bf00c400 "rootserver" @31b998]: CNode Copy/Mint/Move/Mutate: Source slot invalid or empty.>>[0m
[0m[1m<<[0m[32mseL4(CPU 0)[0m[1m [decodeCNodeInvocation/107 T0x80bf00c400 "rootserver" @31b998]: CNode Copy/Mint/Move/Mutate: Source slot invalid or empty.>>[0m
[0m[1m<<[0m[32mseL4(CPU 0)[0m[1m [decodeCNodeInvocation/107 T0x80bf00c400 "rootserver" @31b998]: CNode Copy/Mint/Move/Mutate: Source slot invalid or empty.>>[0m
[0m[1m<<[0m[32mseL4(CPU 0)[0m[1m [decodeCNodeInvocation/107 T0x80bf00c400 "rootserver" @31b998]: CNode Copy/Mint/Move/Mutate: Source slot invalid or empty.>>[0m
[0m[1m<<[0m[32mseL4(CPU 0)[0m[1m [decodeCNodeInvocation/107 T0x80bf00c400 "rootserver" @31b998]: CNode Copy/Mint/Move/Mutate: Source slot invalid or empty.>>[0m
[0m[1m<<[0m[32mseL4(CPU 0)[0m[1m [decodeCNodeInvocation/107 T0x80bf00c400 "rootserver" @31b998]: CNode Copy/Mint/Move/Mutate: Source slot invalid or empty.>>[0m
[0m[1m<<[0m[32mseL4(CPU 0)[0m[1m [decodeCNodeInvocation/107 T0x80bf00c400 "rootserver" @31b998]: CNode Copy/Mint/Move/Mutate: Source slot invalid or empty.>>[0m
[0m[1m<<[0m[32mseL4(CPU 0)[0m[1m [decodeCNodeInvocation/107 T0x80bf00c400 "rootserver" @31b998]: CNode Copy/Mint/Move/Mutate: Source slot invalid or empty.>>[0m
[0m[1m<<[0m[32mseL4(CPU 0)[0m[1m [decodeCNodeInvocation/107 T0x80bf00c400 "rootserver" @31b998]: CNode Copy/Mint/Move/Mutate: Source slot invalid or empty.>>[0m
[0m[1m<<[0m[32mseL4(CPU 0)[0m[1m [decodeCNodeInvocation/107 T0x80bf00c400 "rootserver" @31b998]: CNode Copy/Mint/Move/Mutate: Source slot invalid or empty.>>[0m
[0m[1m<<[0m[32mseL4(CPU 0)[0m[1m [decodeCNodeInvocation/107 T0x80bf00c400 "rootserver" @31b998]: CNode Copy/Mint/Move/Mutate: Source slot invalid or empty.>>[0m
[0m[1m<<[0m[32mseL4(CPU 0)[0m[1m [decodeCNodeInvocation/107 T0x80bf00c400 "rootserver" @31b998]: CNode Copy/Mint/Move/Mutate: Source slot invalid or empty.>>[0m
[0m[1m<<[0m[32mseL4(CPU 0)[0m[1m [decodeCNodeInvocation/107 T0x80bf00c400 "rootserver" @31b998]: CNode Copy/Mint/Move/Mutate: Source slot invalid or empty.>>[0m
[0m[1m<<[0m[32mseL4(CPU 0)[0m[1m [decodeCNodeInvocation/107 T0x80bf00c400 "rootserver" @31b998]: CNode Copy/Mint/Move/Mutate: Source slot invalid or empty.>>[0m
[0m[1m<<[0m[32mseL4(CPU 0)[0m[1m [decodeCNodeInvocation/107 T0x80bf00c400 "rootserver" @31b998]: CNode Copy/Mint/Move/Mutate: Source slot invalid or empty.>>[0m
[0m[1m<<[0m[32mseL4(CPU 0)[0m[1m [decodeCNodeInvocation/107 T0x80bf00c400 "rootserver" @31b998]: CNode Copy/Mint/Move/Mutate: Source slot invalid or empty.>>[0m
[0m[1m<<[0m[32mseL4(CPU 0)[0m[1m [decodeCNodeInvocation/107 T0x80bf00c400 "rootserver" @31b998]: CNode Copy/Mint/Move/Mutate: Source slot invalid or empty.>>[0m
[0m[1m<<[0m[32mseL4(CPU 0)[0m[1m [decodeCNodeInvocation/107 T0x80bf00c400 "rootserver" @31b998]: CNode Copy/Mint/Move/Mutate: Source slot invalid or empty.>>[0m
[0m[1m<<[0m[32mseL4(CPU 0)[0m[1m [decodeCNodeInvocation/107 T0x80bf00c400 "rootserver" @31b998]: CNode Copy/Mint/Move/Mutate: Source slot invalid or empty.>>[0m
[0m[1m<<[0m[32mseL4(CPU 0)[0m[1m [decodeCNodeInvocation/107 T0x80bf00c400 "rootserver" @31b998]: CNode Copy/Mint/Move/Mutate: Source slot invalid or empty.>>[0m
[0m[1m<<[0m[32mseL4(CPU 0)[0m[1m [decodeCNodeInvocation/107 T0x80bf00c400 "rootserver" @31b998]: CNode Copy/Mint/Move/Mutate: Source slot invalid or empty.>>[0m
[0m[1m<<[0m[32mseL4(CPU 0)[0m[1m [decodeCNodeInvocation/107 T0x80bf00c400 "rootserver" @31b998]: CNode Copy/Mint/Move/Mutate: Source slot invalid or empty.>>[0m
[0m[1m<<[0m[32mseL4(CPU 0)[0m[1m [decodeCNodeInvocation/107 T0x80bf00c400 "rootserver" @31b998]: CNode Copy/Mint/Move/Mutate: Source slot invalid or empty.>>[0m
[0m[1m<<[0m[32mseL4(CPU 0)[0m[1m [decodeCNodeInvocation/107 T0x80bf00c400 "rootserver" @31b998]: CNode Copy/Mint/Move/Mutate: Source slot invalid or empty.>>[0m
[0m[1m<<[0m[32mseL4(CPU 0)[0m[1m [decodeCNodeInvocation/107 T0x80bf00c400 "rootserver" @31b998]: CNode Copy/Mint/Move/Mutate: Source slot invalid or empty.>>[0m
[0m[1m<<[0m[32mseL4(CPU 0)[0m[1m [decodeCNodeInvocation/107 T0x80bf00c400 "rootserver" @31b998]: CNode Copy/Mint/Move/Mutate: Source slot invalid or empty.>>[0m
[0m[1m<<[0m[32mseL4(CPU 0)[0m[1m [decodeCNodeInvocation/107 T0x80bf00c400 "rootserver" @31b998]: CNode Copy/Mint/Move/Mutate: Source slot invalid or empty.>>[0m
[0m[1m<<[0m[32mseL4(CPU 0)[0m[1m [decodeCNodeInvocation/107 T0x80bf00c400 "rootserver" @31b998]: CNode Copy/Mint/Move/Mutate: Source slot invalid or empty.>>[0m
[0m[1m<<[0m[32mseL4(CPU 0)[0m[1m [decodeCNodeInvocation/107 T0x80bf00c400 "rootserver" @31b998]: CNode Copy/Mint/Move/Mutate: Source slot invalid or empty.>>[0m
[0m[1m<<[0m[32mseL4(CPU 0)[0m[1m [decodeCNodeInvocation/107 T0x80bf00c400 "rootserver" @31b998]: CNode Copy/Mint/Move/Mutate: Source slot invalid or empty.>>[0m
[0m[1m<<[0m[32mseL4(CPU 0)[0m[1m [decodeCNodeInvocation/107 T0x80bf00c400 "rootserver" @31b998]: CNode Copy/Mint/Move/Mutate: Source slot invalid or empty.>>[0m
[0m[1m<<[0m[32mseL4(CPU 0)[0m[1m [decodeCNodeInvocation/107 T0x80bf00c400 "rootserver" @31b998]: CNode Copy/Mint/Move/Mutate: Source slot invalid or empty.>>[0m
[0m[1m<<[0m[32mseL4(CPU 0)[0m[1m [decodeCNodeInvocation/107 T0x80bf00c400 "rootserver" @31b998]: CNode Copy/Mint/Move/Mutate: Source slot invalid or empty.>>[0m
[0m[1m<<[0m[32mseL4(CPU 0)[0m[1m [decodeCNodeInvocation/107 T0x80bf00c400 "rootserver" @31b998]: CNode Copy/Mint/Move/Mutate: Source slot invalid or empty.>>[0m
[0m[1m<<[0m[32mseL4(CPU 0)[0m[1m [decodeCNodeInvocation/107 T0x80bf00c400 "rootserver" @31b998]: CNode Copy/Mint/Move/Mutate: Source slot invalid or empty.>>[0m
[0m[1m<<[0m[32mseL4(CPU 0)[0m[1m [decodeCNodeInvocation/107 T0x80bf00c400 "rootserver" @31b998]: CNode Copy/Mint/Move/Mutate: Source slot invalid or empty.>>[0m
[0m[1m<<[0m[32mseL4(CPU 0)[0m[1m [decodeCNodeInvocation/107 T0x80bf00c400 "rootserver" @31b998]: CNode Copy/Mint/Move/Mutate: Source slot invalid or empty.>>[0m
[0m[1m<<[0m[32mseL4(CPU 0)[0m[1m [decodeCNodeInvocation/107 T0x80bf00c400 "rootserver" @31b998]: CNode Copy/Mint/Move/Mutate: Source slot invalid or empty.>>[0m
[0m[1m<<[0m[32mseL4(CPU 0)[0m[1m [decodeCNodeInvocation/107 T0x80bf00c400 "rootserver" @31b998]: CNode Copy/Mint/Move/Mutate: Source slot invalid or empty.>>[0m
[0m[1m<<[0m[32mseL4(CPU 0)[0m[1m [decodeCNodeInvocation/107 T0x80bf00c400 "rootserver" @31b998]: CNode Copy/Mint/Move/Mutate: Source slot invalid or empty.>>[0m
[0m[1m<<[0m[32mseL4(CPU 0)[0m[1m [decodeCNodeInvocation/107 T0x80bf00c400 "rootserver" @31b998]: CNode Copy/Mint/Move/Mutate: Source slot invalid or empty.>>[0m
SLIME_GRAPH staged task=1 instance=io-network-intruder executable=io-network-intruder grants=1 bindings=1 window=0x238000 frames=57 tables=3 entry=0x2121e0
SLIME_GRAPH schedule instance=io-tcp-probe priority=254 default=254
SLIME_GRAPH threads instance=io-tcp-probe count=1
[0m[1m<<[0m[32mseL4(CPU 0)[0m[1m [decodeCNodeInvocation/107 T0x80bf00c400 "rootserver" @31b998]: CNode Copy/Mint/Move/Mutate: Source slot invalid or empty.>>[0m
[0m[1m<<[0m[32mseL4(CPU 0)[0m[1m [decodeCNodeInvocation/95 T0x80bf00c400 "rootserver" @31b998]: CNode Copy/Mint/Move/Mutate: Destination not empty.>>[0m
[0m[1m<<[0m[32mseL4(CPU 0)[0m[1m [decodeCNodeInvocation/95 T0x80bf00c400 "rootserver" @31b998]: CNode Copy/Mint/Move/Mutate: Destination not empty.>>[0m
[0m[1m<<[0m[32mseL4(CPU 0)[0m[1m [decodeCNodeInvocation/95 T0x80bf00c400 "rootserver" @31b998]: CNode Copy/Mint/Move/Mutate: Destination not empty.>>[0m
[0m[1m<<[0m[32mseL4(CPU 0)[0m[1m [decodeCNodeInvocation/95 T0x80bf00c400 "rootserver" @31b998]: CNode Copy/Mint/Move/Mutate: Destination not empty.>>[0m
[0m[1m<<[0m[32mseL4(CPU 0)[0m[1m [decodeCNodeInvocation/107 T0x80bf00c400 "rootserver" @31b998]: CNode Copy/Mint/Move/Mutate: Source slot invalid or empty.>>[0m
[0m[1m<<[0m[32mseL4(CPU 0)[0m[1m [decodeCNodeInvocation/107 T0x80bf00c400 "rootserver" @31b998]: CNode Copy/Mint/Move/Mutate: Source slot invalid or empty.>>[0m
[0m[1m<<[0m[32mseL4(CPU 0)[0m[1m [decodeCNodeInvocation/107 T0x80bf00c400 "rootserver" @31b998]: CNode Copy/Mint/Move/Mutate: Source slot invalid or empty.>>[0m
[0m[1m<<[0m[32mseL4(CPU 0)[0m[1m [decodeCNodeInvocation/107 T0x80bf00c400 "rootserver" @31b998]: CNode Copy/Mint/Move/Mutate: Source slot invalid or empty.>>[0m
[0m[1m<<[0m[32mseL4(CPU 0)[0m[1m [decodeCNodeInvocation/107 T0x80bf00c400 "rootserver" @31b998]: CNode Copy/Mint/Move/Mutate: Source slot invalid or empty.>>[0m
[0m[1m<<[0m[32mseL4(CPU 0)[0m[1m [decodeCNodeInvocation/107 T0x80bf00c400 "rootserver" @31b998]: CNode Copy/Mint/Move/Mutate: Source slot invalid or empty.>>[0m
[0m[1m<<[0m[32mseL4(CPU 0)[0m[1m [decodeCNodeInvocation/107 T0x80bf00c400 "rootserver" @31b998]: CNode Copy/Mint/Move/Mutate: Source slot invalid or empty.>>[0m
[0m[1m<<[0m[32mseL4(CPU 0)[0m[1m [decodeCNodeInvocation/107 T0x80bf00c400 "rootserver" @31b998]: CNode Copy/Mint/Move/Mutate: Source slot invalid or empty.>>[0m
[0m[1m<<[0m[32mseL4(CPU 0)[0m[1m [decodeCNodeInvocation/107 T0x80bf00c400 "rootserver" @31b998]: CNode Copy/Mint/Move/Mutate: Source slot invalid or empty.>>[0m
[0m[1m<<[0m[32mseL4(CPU 0)[0m[1m [decodeCNodeInvocation/107 T0x80bf00c400 "rootserver" @31b998]: CNode Copy/Mint/Move/Mutate: Source slot invalid or empty.>>[0m
[0m[1m<<[0m[32mseL4(CPU 0)[0m[1m [decodeCNodeInvocation/107 T0x80bf00c400 "rootserver" @31b998]: CNode Copy/Mint/Move/Mutate: Source slot invalid or empty.>>[0m
[0m[1m<<[0m[32mseL4(CPU 0)[0m[1m [decodeCNodeInvocation/107 T0x80bf00c400 "rootserver" @31b998]: CNode Copy/Mint/Move/Mutate: Source slot invalid or empty.>>[0m
[0m[1m<<[0m[32mseL4(CPU 0)[0m[1m [decodeCNodeInvocation/107 T0x80bf00c400 "rootserver" @31b998]: CNode Copy/Mint/Move/Mutate: Source slot invalid or empty.>>[0m
[0m[1m<<[0m[32mseL4(CPU 0)[0m[1m [decodeCNodeInvocation/107 T0x80bf00c400 "rootserver" @31b998]: CNode Copy/Mint/Move/Mutate: Source slot invalid or empty.>>[0m
[0m[1m<<[0m[32mseL4(CPU 0)[0m[1m [decodeCNodeInvocation/107 T0x80bf00c400 "rootserver" @31b998]: CNode Copy/Mint/Move/Mutate: Source slot invalid or empty.>>[0m
[0m[1m<<[0m[32mseL4(CPU 0)[0m[1m [decodeCNodeInvocation/107 T0x80bf00c400 "rootserver" @31b998]: CNode Copy/Mint/Move/Mutate: Source slot invalid or empty.>>[0m
[0m[1m<<[0m[32mseL4(CPU 0)[0m[1m [decodeCNodeInvocation/107 T0x80bf00c400 "rootserver" @31b998]: CNode Copy/Mint/Move/Mutate: Source slot invalid or empty.>>[0m
[0m[1m<<[0m[32mseL4(CPU 0)[0m[1m [decodeCNodeInvocation/107 T0x80bf00c400 "rootserver" @31b998]: CNode Copy/Mint/Move/Mutate: Source slot invalid or empty.>>[0m
[0m[1m<<[0m[32mseL4(CPU 0)[0m[1m [decodeCNodeInvocation/107 T0x80bf00c400 "rootserver" @31b998]: CNode Copy/Mint/Move/Mutate: Source slot invalid or empty.>>[0m
[0m[1m<<[0m[32mseL4(CPU 0)[0m[1m [decodeCNodeInvocation/107 T0x80bf00c400 "rootserver" @31b998]: CNode Copy/Mint/Move/Mutate: Source slot invalid or empty.>>[0m
[0m[1m<<[0m[32mseL4(CPU 0)[0m[1m [decodeCNodeInvocation/107 T0x80bf00c400 "rootserver" @31b998]: CNode Copy/Mint/Move/Mutate: Source slot invalid or empty.>>[0m
[0m[1m<<[0m[32mseL4(CPU 0)[0m[1m [decodeCNodeInvocation/107 T0x80bf00c400 "rootserver" @31b998]: CNode Copy/Mint/Move/Mutate: Source slot invalid or empty.>>[0m
[0m[1m<<[0m[32mseL4(CPU 0)[0m[1m [decodeCNodeInvocation/107 T0x80bf00c400 "rootserver" @31b998]: CNode Copy/Mint/Move/Mutate: Source slot invalid or empty.>>[0m
[0m[1m<<[0m[32mseL4(CPU 0)[0m[1m [decodeCNodeInvocation/107 T0x80bf00c400 "rootserver" @31b998]: CNode Copy/Mint/Move/Mutate: Source slot invalid or empty.>>[0m
[0m[1m<<[0m[32mseL4(CPU 0)[0m[1m [decodeCNodeInvocation/107 T0x80bf00c400 "rootserver" @31b998]: CNode Copy/Mint/Move/Mutate: Source slot invalid or empty.>>[0m
[0m[1m<<[0m[32mseL4(CPU 0)[0m[1m [decodeCNodeInvocation/107 T0x80bf00c400 "rootserver" @31b998]: CNode Copy/Mint/Move/Mutate: Source slot invalid or empty.>>[0m
[0m[1m<<[0m[32mseL4(CPU 0)[0m[1m [decodeCNodeInvocation/107 T0x80bf00c400 "rootserver" @31b998]: CNode Copy/Mint/Move/Mutate: Source slot invalid or empty.>>[0m
[0m[1m<<[0m[32mseL4(CPU 0)[0m[1m [decodeCNodeInvocation/95 T0x80bf00c400 "rootserver" @31b998]: CNode Copy/Mint/Move/Mutate: Destination not empty.>>[0m
[0m[1m<<[0m[32mseL4(CPU 0)[0m[1m [decodeCNodeInvocation/107 T0x80bf00c400 "rootserver" @31b998]: CNode Copy/Mint/Move/Mutate: Source slot invalid or empty.>>[0m
[0m[1m<<[0m[32mseL4(CPU 0)[0m[1m [decodeCNodeInvocation/107 T0x80bf00c400 "rootserver" @31b998]: CNode Copy/Mint/Move/Mutate: Source slot invalid or empty.>>[0m
[0m[1m<<[0m[32mseL4(CPU 0)[0m[1m [decodeCNodeInvocation/107 T0x80bf00c400 "rootserver" @31b998]: CNode Copy/Mint/Move/Mutate: Source slot invalid or empty.>>[0m
[0m[1m<<[0m[32mseL4(CPU 0)[0m[1m [decodeCNodeInvocation/107 T0x80bf00c400 "rootserver" @31b998]: CNode Copy/Mint/Move/Mutate: Source slot invalid or empty.>>[0m
[0m[1m<<[0m[32mseL4(CPU 0)[0m[1m [decodeCNodeInvocation/107 T0x80bf00c400 "rootserver" @31b998]: CNode Copy/Mint/Move/Mutate: Source slot invalid or empty.>>[0m
[0m[1m<<[0m[32mseL4(CPU 0)[0m[1m [decodeCNodeInvocation/107 T0x80bf00c400 "rootserver" @31b998]: CNode Copy/Mint/Move/Mutate: Source slot invalid or empty.>>[0m
[0m[1m<<[0m[32mseL4(CPU 0)[0m[1m [decodeCNodeInvocation/107 T0x80bf00c400 "rootserver" @31b998]: CNode Copy/Mint/Move/Mutate: Source slot invalid or empty.>>[0m
[0m[1m<<[0m[32mseL4(CPU 0)[0m[1m [decodeCNodeInvocation/107 T0x80bf00c400 "rootserver" @31b998]: CNode Copy/Mint/Move/Mutate: Source slot invalid or empty.>>[0m
[0m[1m<<[0m[32mseL4(CPU 0)[0m[1m [decodeCNodeInvocation/107 T0x80bf00c400 "rootserver" @31b998]: CNode Copy/Mint/Move/Mutate: Source slot invalid or empty.>>[0m
[0m[1m<<[0m[32mseL4(CPU 0)[0m[1m [decodeCNodeInvocation/107 T0x80bf00c400 "rootserver" @31b998]: CNode Copy/Mint/Move/Mutate: Source slot invalid or empty.>>[0m
[0m[1m<<[0m[32mseL4(CPU 0)[0m[1m [decodeCNodeInvocation/107 T0x80bf00c400 "rootserver" @31b998]: CNode Copy/Mint/Move/Mutate: Source slot invalid or empty.>>[0m
[0m[1m<<[0m[32mseL4(CPU 0)[0m[1m [decodeCNodeInvocation/107 T0x80bf00c400 "rootserver" @31b998]: CNode Copy/Mint/Move/Mutate: Source slot invalid or empty.>>[0m
[0m[1m<<[0m[32mseL4(CPU 0)[0m[1m [decodeCNodeInvocation/107 T0x80bf00c400 "rootserver" @31b998]: CNode Copy/Mint/Move/Mutate: Source slot invalid or empty.>>[0m
[0m[1m<<[0m[32mseL4(CPU 0)[0m[1m [decodeCNodeInvocation/107 T0x80bf00c400 "rootserver" @31b998]: CNode Copy/Mint/Move/Mutate: Source slot invalid or empty.>>[0m
[0m[1m<<[0m[32mseL4(CPU 0)[0m[1m [decodeCNodeInvocation/107 T0x80bf00c400 "rootserver" @31b998]: CNode Copy/Mint/Move/Mutate: Source slot invalid or empty.>>[0m
[0m[1m<<[0m[32mseL4(CPU 0)[0m[1m [decodeCNodeInvocation/107 T0x80bf00c400 "rootserver" @31b998]: CNode Copy/Mint/Move/Mutate: Source slot invalid or empty.>>[0m
[0m[1m<<[0m[32mseL4(CPU 0)[0m[1m [decodeCNodeInvocation/107 T0x80bf00c400 "rootserver" @31b998]: CNode Copy/Mint/Move/Mutate: Source slot invalid or empty.>>[0m
[0m[1m<<[0m[32mseL4(CPU 0)[0m[1m [decodeCNodeInvocation/107 T0x80bf00c400 "rootserver" @31b998]: CNode Copy/Mint/Move/Mutate: Source slot invalid or empty.>>[0m
[0m[1m<<[0m[32mseL4(CPU 0)[0m[1m [decodeCNodeInvocation/107 T0x80bf00c400 "rootserver" @31b998]: CNode Copy/Mint/Move/Mutate: Source slot invalid or empty.>>[0m
[0m[1m<<[0m[32mseL4(CPU 0)[0m[1m [decodeCNodeInvocation/107 T0x80bf00c400 "rootserver" @31b998]: CNode Copy/Mint/Move/Mutate: Source slot invalid or empty.>>[0m
[0m[1m<<[0m[32mseL4(CPU 0)[0m[1m [decodeCNodeInvocation/107 T0x80bf00c400 "rootserver" @31b998]: CNode Copy/Mint/Move/Mutate: Source slot invalid or empty.>>[0m
[0m[1m<<[0m[32mseL4(CPU 0)[0m[1m [decodeCNodeInvocation/107 T0x80bf00c400 "rootserver" @31b998]: CNode Copy/Mint/Move/Mutate: Source slot invalid or empty.>>[0m
[0m[1m<<[0m[32mseL4(CPU 0)[0m[1m [decodeCNodeInvocation/107 T0x80bf00c400 "rootserver" @31b998]: CNode Copy/Mint/Move/Mutate: Source slot invalid or empty.>>[0m
[0m[1m<<[0m[32mseL4(CPU 0)[0m[1m [decodeCNodeInvocation/107 T0x80bf00c400 "rootserver" @31b998]: CNode Copy/Mint/Move/Mutate: Source slot invalid or empty.>>[0m
[0m[1m<<[0m[32mseL4(CPU 0)[0m[1m [decodeCNodeInvocation/107 T0x80bf00c400 "rootserver" @31b998]: CNode Copy/Mint/Move/Mutate: Source slot invalid or empty.>>[0m
[0m[1m<<[0m[32mseL4(CPU 0)[0m[1m [decodeCNodeInvocation/107 T0x80bf00c400 "rootserver" @31b998]: CNode Copy/Mint/Move/Mutate: Source slot invalid or empty.>>[0m
[0m[1m<<[0m[32mseL4(CPU 0)[0m[1m [decodeCNodeInvocation/107 T0x80bf00c400 "rootserver" @31b998]: CNode Copy/Mint/Move/Mutate: Source slot invalid or empty.>>[0m
[0m[1m<<[0m[32mseL4(CPU 0)[0m[1m [decodeCNodeInvocation/107 T0x80bf00c400 "rootserver" @31b998]: CNode Copy/Mint/Move/Mutate: Source slot invalid or empty.>>[0m
[0m[1m<<[0m[32mseL4(CPU 0)[0m[1m [decodeCNodeInvocation/107 T0x80bf00c400 "rootserver" @31b998]: CNode Copy/Mint/Move/Mutate: Source slot invalid or empty.>>[0m
[0m[1m<<[0m[32mseL4(CPU 0)[0m[1m [decodeCNodeInvocation/107 T0x80bf00c400 "rootserver" @31b998]: CNode Copy/Mint/Move/Mutate: Source slot invalid or empty.>>[0m
[0m[1m<<[0m[32mseL4(CPU 0)[0m[1m [decodeCNodeInvocation/107 T0x80bf00c400 "rootserver" @31b998]: CNode Copy/Mint/Move/Mutate: Source slot invalid or empty.>>[0m
[0m[1m<<[0m[32mseL4(CPU 0)[0m[1m [decodeCNodeInvocation/107 T0x80bf00c400 "rootserver" @31b998]: CNode Copy/Mint/Move/Mutate: Source slot invalid or empty.>>[0m
[0m[1m<<[0m[32mseL4(CPU 0)[0m[1m [decodeCNodeInvocation/107 T0x80bf00c400 "rootserver" @31b998]: CNode Copy/Mint/Move/Mutate: Source slot invalid or empty.>>[0m
[0m[1m<<[0m[32mseL4(CPU 0)[0m[1m [decodeCNodeInvocation/107 T0x80bf00c400 "rootserver" @31b998]: CNode Copy/Mint/Move/Mutate: Source slot invalid or empty.>>[0m
[0m[1m<<[0m[32mseL4(CPU 0)[0m[1m [decodeCNodeInvocation/107 T0x80bf00c400 "rootserver" @31b998]: CNode Copy/Mint/Move/Mutate: Source slot invalid or empty.>>[0m
[0m[1m<<[0m[32mseL4(CPU 0)[0m[1m [decodeCNodeInvocation/107 T0x80bf00c400 "rootserver" @31b998]: CNode Copy/Mint/Move/Mutate: Source slot invalid or empty.>>[0m
[0m[1m<<[0m[32mseL4(CPU 0)[0m[1m [decodeCNodeInvocation/107 T0x80bf00c400 "rootserver" @31b998]: CNode Copy/Mint/Move/Mutate: Source slot invalid or empty.>>[0m
[0m[1m<<[0m[32mseL4(CPU 0)[0m[1m [decodeCNodeInvocation/107 T0x80bf00c400 "rootserver" @31b998]: CNode Copy/Mint/Move/Mutate: Source slot invalid or empty.>>[0m
[0m[1m<<[0m[32mseL4(CPU 0)[0m[1m [decodeCNodeInvocation/107 T0x80bf00c400 "rootserver" @31b998]: CNode Copy/Mint/Move/Mutate: Source slot invalid or empty.>>[0m
[0m[1m<<[0m[32mseL4(CPU 0)[0m[1m [decodeCNodeInvocation/107 T0x80bf00c400 "rootserver" @31b998]: CNode Copy/Mint/Move/Mutate: Source slot invalid or empty.>>[0m
[0m[1m<<[0m[32mseL4(CPU 0)[0m[1m [decodeCNodeInvocation/107 T0x80bf00c400 "rootserver" @31b998]: CNode Copy/Mint/Move/Mutate: Source slot invalid or empty.>>[0m
[0m[1m<<[0m[32mseL4(CPU 0)[0m[1m [decodeCNodeInvocation/107 T0x80bf00c400 "rootserver" @31b998]: CNode Copy/Mint/Move/Mutate: Source slot invalid or empty.>>[0m
[0m[1m<<[0m[32mseL4(CPU 0)[0m[1m [decodeCNodeInvocation/107 T0x80bf00c400 "rootserver" @31b998]: CNode Copy/Mint/Move/Mutate: Source slot invalid or empty.>>[0m
[0m[1m<<[0m[32mseL4(CPU 0)[0m[1m [decodeCNodeInvocation/107 T0x80bf00c400 "rootserver" @31b998]: CNode Copy/Mint/Move/Mutate: Source slot invalid or empty.>>[0m
[0m[1m<<[0m[32mseL4(CPU 0)[0m[1m [decodeCNodeInvocation/107 T0x80bf00c400 "rootserver" @31b998]: CNode Copy/Mint/Move/Mutate: Source slot invalid or empty.>>[0m
[0m[1m<<[0m[32mseL4(CPU 0)[0m[1m [decodeCNodeInvocation/107 T0x80bf00c400 "rootserver" @31b998]: CNode Copy/Mint/Move/Mutate: Source slot invalid or empty.>>[0m
[0m[1m<<[0m[32mseL4(CPU 0)[0m[1m [decodeCNodeInvocation/107 T0x80bf00c400 "rootserver" @31b998]: CNode Copy/Mint/Move/Mutate: Source slot invalid or empty.>>[0m
[0m[1m<<[0m[32mseL4(CPU 0)[0m[1m [decodeCNodeInvocation/107 T0x80bf00c400 "rootserver" @31b998]: CNode Copy/Mint/Move/Mutate: Source slot invalid or empty.>>[0m
[0m[1m<<[0m[32mseL4(CPU 0)[0m[1m [decodeCNodeInvocation/107 T0x80bf00c400 "rootserver" @31b998]: CNode Copy/Mint/Move/Mutate: Source slot invalid or empty.>>[0m
[0m[1m<<[0m[32mseL4(CPU 0)[0m[1m [decodeCNodeInvocation/107 T0x80bf00c400 "rootserver" @31b998]: CNode Copy/Mint/Move/Mutate: Source slot invalid or empty.>>[0m
[0m[1m<<[0m[32mseL4(CPU 0)[0m[1m [decodeCNodeInvocation/107 T0x80bf00c400 "rootserver" @31b998]: CNode Copy/Mint/Move/Mutate: Source slot invalid or empty.>>[0m
[0m[1m<<[0m[32mseL4(CPU 0)[0m[1m [decodeCNodeInvocation/107 T0x80bf00c400 "rootserver" @31b998]: CNode Copy/Mint/Move/Mutate: Source slot invalid or empty.>>[0m
[0m[1m<<[0m[32mseL4(CPU 0)[0m[1m [decodeCNodeInvocation/107 T0x80bf00c400 "rootserver" @31b998]: CNode Copy/Mint/Move/Mutate: Source slot invalid or empty.>>[0m
[0m[1m<<[0m[32mseL4(CPU 0)[0m[1m [decodeCNodeInvocation/107 T0x80bf00c400 "rootserver" @31b998]: CNode Copy/Mint/Move/Mutate: Source slot invalid or empty.>>[0m
[0m[1m<<[0m[32mseL4(CPU 0)[0m[1m [decodeCNodeInvocation/107 T0x80bf00c400 "rootserver" @31b998]: CNode Copy/Mint/Move/Mutate: Source slot invalid or empty.>>[0m
[0m[1m<<[0m[32mseL4(CPU 0)[0m[1m [decodeCNodeInvocation/107 T0x80bf00c400 "rootserver" @31b998]: CNode Copy/Mint/Move/Mutate: Source slot invalid or empty.>>[0m
[0m[1m<<[0m[32mseL4(CPU 0)[0m[1m [decodeCNodeInvocation/107 T0x80bf00c400 "rootserver" @31b998]: CNode Copy/Mint/Move/Mutate: Source slot invalid or empty.>>[0m
[0m[1m<<[0m[32mseL4(CPU 0)[0m[1m [decodeCNodeInvocation/107 T0x80bf00c400 "rootserver" @31b998]: CNode Copy/Mint/Move/Mutate: Source slot invalid or empty.>>[0m
[0m[1m<<[0m[32mseL4(CPU 0)[0m[1m [decodeCNodeInvocation/107 T0x80bf00c400 "rootserver" @31b998]: CNode Copy/Mint/Move/Mutate: Source slot invalid or empty.>>[0m
[0m[1m<<[0m[32mseL4(CPU 0)[0m[1m [decodeCNodeInvocation/107 T0x80bf00c400 "rootserver" @31b998]: CNode Copy/Mint/Move/Mutate: Source slot invalid or empty.>>[0m
[0m[1m<<[0m[32mseL4(CPU 0)[0m[1m [decodeCNodeInvocation/107 T0x80bf00c400 "rootserver" @31b998]: CNode Copy/Mint/Move/Mutate: Source slot invalid or empty.>>[0m
[0m[1m<<[0m[32mseL4(CPU 0)[0m[1m [decodeCNodeInvocation/107 T0x80bf00c400 "rootserver" @31b998]: CNode Copy/Mint/Move/Mutate: Source slot invalid or empty.>>[0m
[0m[1m<<[0m[32mseL4(CPU 0)[0m[1m [decodeCNodeInvocation/107 T0x80bf00c400 "rootserver" @31b998]: CNode Copy/Mint/Move/Mutate: Source slot invalid or empty.>>[0m
[0m[1m<<[0m[32mseL4(CPU 0)[0m[1m [decodeCNodeInvocation/107 T0x80bf00c400 "rootserver" @31b998]: CNode Copy/Mint/Move/Mutate: Source slot invalid or empty.>>[0m
[0m[1m<<[0m[32mseL4(CPU 0)[0m[1m [decodeCNodeInvocation/107 T0x80bf00c400 "rootserver" @31b998]: CNode Copy/Mint/Move/Mutate: Source slot invalid or empty.>>[0m
[0m[1m<<[0m[32mseL4(CPU 0)[0m[1m [decodeCNodeInvocation/107 T0x80bf00c400 "rootserver" @31b998]: CNode Copy/Mint/Move/Mutate: Source slot invalid or empty.>>[0m
[0m[1m<<[0m[32mseL4(CPU 0)[0m[1m [decodeCNodeInvocation/107 T0x80bf00c400 "rootserver" @31b998]: CNode Copy/Mint/Move/Mutate: Source slot invalid or empty.>>[0m
[0m[1m<<[0m[32mseL4(CPU 0)[0m[1m [decodeCNodeInvocation/107 T0x80bf00c400 "rootserver" @31b998]: CNode Copy/Mint/Move/Mutate: Source slot invalid or empty.>>[0m
[0m[1m<<[0m[32mseL4(CPU 0)[0m[1m [decodeCNodeInvocation/107 T0x80bf00c400 "rootserver" @31b998]: CNode Copy/Mint/Move/Mutate: Source slot invalid or empty.>>[0m
[0m[1m<<[0m[32mseL4(CPU 0)[0m[1m [decodeCNodeInvocation/107 T0x80bf00c400 "rootserver" @31b998]: CNode Copy/Mint/Move/Mutate: Source slot invalid or empty.>>[0m
[0m[1m<<[0m[32mseL4(CPU 0)[0m[1m [decodeCNodeInvocation/107 T0x80bf00c400 "rootserver" @31b998]: CNode Copy/Mint/Move/Mutate: Source slot invalid or empty.>>[0m
[0m[1m<<[0m[32mseL4(CPU 0)[0m[1m [decodeCNodeInvocation/107 T0x80bf00c400 "rootserver" @31b998]: CNode Copy/Mint/Move/Mutate: Source slot invalid or empty.>>[0m
[0m[1m<<[0m[32mseL4(CPU 0)[0m[1m [decodeCNodeInvocation/107 T0x80bf00c400 "rootserver" @31b998]: CNode Copy/Mint/Move/Mutate: Source slot invalid or empty.>>[0m
[0m[1m<<[0m[32mseL4(CPU 0)[0m[1m [decodeCNodeInvocation/107 T0x80bf00c400 "rootserver" @31b998]: CNode Copy/Mint/Move/Mutate: Source slot invalid or empty.>>[0m
[0m[1m<<[0m[32mseL4(CPU 0)[0m[1m [decodeCNodeInvocation/107 T0x80bf00c400 "rootserver" @31b998]: CNode Copy/Mint/Move/Mutate: Source slot invalid or empty.>>[0m
[0m[1m<<[0m[32mseL4(CPU 0)[0m[1m [decodeCNodeInvocation/107 T0x80bf00c400 "rootserver" @31b998]: CNode Copy/Mint/Move/Mutate: Source slot invalid or empty.>>[0m
[0m[1m<<[0m[32mseL4(CPU 0)[0m[1m [decodeCNodeInvocation/107 T0x80bf00c400 "rootserver" @31b998]: CNode Copy/Mint/Move/Mutate: Source slot invalid or empty.>>[0m
[0m[1m<<[0m[32mseL4(CPU 0)[0m[1m [decodeCNodeInvocation/107 T0x80bf00c400 "rootserver" @31b998]: CNode Copy/Mint/Move/Mutate: Source slot invalid or empty.>>[0m
[0m[1m<<[0m[32mseL4(CPU 0)[0m[1m [decodeCNodeInvocation/107 T0x80bf00c400 "rootserver" @31b998]: CNode Copy/Mint/Move/Mutate: Source slot invalid or empty.>>[0m
[0m[1m<<[0m[32mseL4(CPU 0)[0m[1m [decodeCNodeInvocation/107 T0x80bf00c400 "rootserver" @31b998]: CNode Copy/Mint/Move/Mutate: Source slot invalid or empty.>>[0m
[0m[1m<<[0m[32mseL4(CPU 0)[0m[1m [decodeCNodeInvocation/107 T0x80bf00c400 "rootserver" @31b998]: CNode Copy/Mint/Move/Mutate: Source slot invalid or empty.>>[0m
[0m[1m<<[0m[32mseL4(CPU 0)[0m[1m [decodeCNodeInvocation/107 T0x80bf00c400 "rootserver" @31b998]: CNode Copy/Mint/Move/Mutate: Source slot invalid or empty.>>[0m
[0m[1m<<[0m[32mseL4(CPU 0)[0m[1m [decodeCNodeInvocation/107 T0x80bf00c400 "rootserver" @31b998]: CNode Copy/Mint/Move/Mutate: Source slot invalid or empty.>>[0m
[0m[1m<<[0m[32mseL4(CPU 0)[0m[1m [decodeCNodeInvocation/107 T0x80bf00c400 "rootserver" @31b998]: CNode Copy/Mint/Move/Mutate: Source slot invalid or empty.>>[0m
[0m[1m<<[0m[32mseL4(CPU 0)[0m[1m [decodeCNodeInvocation/107 T0x80bf00c400 "rootserver" @31b998]: CNode Copy/Mint/Move/Mutate: Source slot invalid or empty.>>[0m
[0m[1m<<[0m[32mseL4(CPU 0)[0m[1m [decodeCNodeInvocation/107 T0x80bf00c400 "rootserver" @31b998]: CNode Copy/Mint/Move/Mutate: Source slot invalid or empty.>>[0m
[0m[1m<<[0m[32mseL4(CPU 0)[0m[1m [decodeCNodeInvocation/107 T0x80bf00c400 "rootserver" @31b998]: CNode Copy/Mint/Move/Mutate: Source slot invalid or empty.>>[0m
[0m[1m<<[0m[32mseL4(CPU 0)[0m[1m [decodeCNodeInvocation/107 T0x80bf00c400 "rootserver" @31b998]: CNode Copy/Mint/Move/Mutate: Source slot invalid or empty.>>[0m
[0m[1m<<[0m[32mseL4(CPU 0)[0m[1m [decodeCNodeInvocation/107 T0x80bf00c400 "rootserver" @31b998]: CNode Copy/Mint/Move/Mutate: Source slot invalid or empty.>>[0m
[0m[1m<<[0m[32mseL4(CPU 0)[0m[1m [decodeCNodeInvocation/107 T0x80bf00c400 "rootserver" @31b998]: CNode Copy/Mint/Move/Mutate: Source slot invalid or empty.>>[0m
[0m[1m<<[0m[32mseL4(CPU 0)[0m[1m [decodeCNodeInvocation/107 T0x80bf00c400 "rootserver" @31b998]: CNode Copy/Mint/Move/Mutate: Source slot invalid or empty.>>[0m
[0m[1m<<[0m[32mseL4(CPU 0)[0m[1m [decodeCNodeInvocation/107 T0x80bf00c400 "rootserver" @31b998]: CNode Copy/Mint/Move/Mutate: Source slot invalid or empty.>>[0m
[0m[1m<<[0m[32mseL4(CPU 0)[0m[1m [decodeCNodeInvocation/107 T0x80bf00c400 "rootserver" @31b998]: CNode Copy/Mint/Move/Mutate: Source slot invalid or empty.>>[0m
[0m[1m<<[0m[32mseL4(CPU 0)[0m[1m [decodeCNodeInvocation/107 T0x80bf00c400 "rootserver" @31b998]: CNode Copy/Mint/Move/Mutate: Source slot invalid or empty.>>[0m
[0m[1m<<[0m[32mseL4(CPU 0)[0m[1m [decodeCNodeInvocation/107 T0x80bf00c400 "rootserver" @31b998]: CNode Copy/Mint/Move/Mutate: Source slot invalid or empty.>>[0m
SLIME_GRAPH factory placed task=2 component=io-tcp-probe slot=1 kind=shared-buffer-factory
SLIME_GRAPH staged task=2 instance=io-tcp-probe executable=io-tcp-probe grants=2 bindings=2 window=0x23b000 frames=60 tables=3 entry=0x212a18
SLIME_GRAPH schedule instance=network-service priority=254 default=254
SLIME_GRAPH threads instance=network-service count=1
[0m[1m<<[0m[32mseL4(CPU 0)[0m[1m [decodeCNodeInvocation/107 T0x80bf00c400 "rootserver" @31b998]: CNode Copy/Mint/Move/Mutate: Source slot invalid or empty.>>[0m
[0m[1m<<[0m[32mseL4(CPU 0)[0m[1m [decodeCNodeInvocation/95 T0x80bf00c400 "rootserver" @31b998]: CNode Copy/Mint/Move/Mutate: Destination not empty.>>[0m
[0m[1m<<[0m[32mseL4(CPU 0)[0m[1m [decodeCNodeInvocation/95 T0x80bf00c400 "rootserver" @31b998]: CNode Copy/Mint/Move/Mutate: Destination not empty.>>[0m
[0m[1m<<[0m[32mseL4(CPU 0)[0m[1m [decodeCNodeInvocation/95 T0x80bf00c400 "rootserver" @31b998]: CNode Copy/Mint/Move/Mutate: Destination not empty.>>[0m
[0m[1m<<[0m[32mseL4(CPU 0)[0m[1m [decodeCNodeInvocation/95 T0x80bf00c400 "rootserver" @31b998]: CNode Copy/Mint/Move/Mutate: Destination not empty.>>[0m
[0m[1m<<[0m[32mseL4(CPU 0)[0m[1m [decodeCNodeInvocation/107 T0x80bf00c400 "rootserver" @31b998]: CNode Copy/Mint/Move/Mutate: Source slot invalid or empty.>>[0m
[0m[1m<<[0m[32mseL4(CPU 0)[0m[1m [decodeCNodeInvocation/107 T0x80bf00c400 "rootserver" @31b998]: CNode Copy/Mint/Move/Mutate: Source slot invalid or empty.>>[0m
[0m[1m<<[0m[32mseL4(CPU 0)[0m[1m [decodeCNodeInvocation/107 T0x80bf00c400 "rootserver" @31b998]: CNode Copy/Mint/Move/Mutate: Source slot invalid or empty.>>[0m
[0m[1m<<[0m[32mseL4(CPU 0)[0m[1m [decodeCNodeInvocation/107 T0x80bf00c400 "rootserver" @31b998]: CNode Copy/Mint/Move/Mutate: Source slot invalid or empty.>>[0m
[0m[1m<<[0m[32mseL4(CPU 0)[0m[1m [decodeCNodeInvocation/107 T0x80bf00c400 "rootserver" @31b998]: CNode Copy/Mint/Move/Mutate: Source slot invalid or empty.>>[0m
[0m[1m<<[0m[32mseL4(CPU 0)[0m[1m [decodeCNodeInvocation/107 T0x80bf00c400 "rootserver" @31b998]: CNode Copy/Mint/Move/Mutate: Source slot invalid or empty.>>[0m
[0m[1m<<[0m[32mseL4(CPU 0)[0m[1m [decodeCNodeInvocation/107 T0x80bf00c400 "rootserver" @31b998]: CNode Copy/Mint/Move/Mutate: Source slot invalid or empty.>>[0m
[0m[1m<<[0m[32mseL4(CPU 0)[0m[1m [decodeCNodeInvocation/107 T0x80bf00c400 "rootserver" @31b998]: CNode Copy/Mint/Move/Mutate: Source slot invalid or empty.>>[0m
[0m[1m<<[0m[32mseL4(CPU 0)[0m[1m [decodeCNodeInvocation/107 T0x80bf00c400 "rootserver" @31b998]: CNode Copy/Mint/Move/Mutate: Source slot invalid or empty.>>[0m
[0m[1m<<[0m[32mseL4(CPU 0)[0m[1m [decodeCNodeInvocation/107 T0x80bf00c400 "rootserver" @31b998]: CNode Copy/Mint/Move/Mutate: Source slot invalid or empty.>>[0m
[0m[1m<<[0m[32mseL4(CPU 0)[0m[1m [decodeCNodeInvocation/107 T0x80bf00c400 "rootserver" @31b998]: CNode Copy/Mint/Move/Mutate: Source slot invalid or empty.>>[0m
[0m[1m<<[0m[32mseL4(CPU 0)[0m[1m [decodeCNodeInvocation/107 T0x80bf00c400 "rootserver" @31b998]: CNode Copy/Mint/Move/Mutate: Source slot invalid or empty.>>[0m
[0m[1m<<[0m[32mseL4(CPU 0)[0m[1m [decodeCNodeInvocation/107 T0x80bf00c400 "rootserver" @31b998]: CNode Copy/Mint/Move/Mutate: Source slot invalid or empty.>>[0m
[0m[1m<<[0m[32mseL4(CPU 0)[0m[1m [decodeCNodeInvocation/107 T0x80bf00c400 "rootserver" @31b998]: CNode Copy/Mint/Move/Mutate: Source slot invalid or empty.>>[0m
[0m[1m<<[0m[32mseL4(CPU 0)[0m[1m [decodeCNodeInvocation/107 T0x80bf00c400 "rootserver" @31b998]: CNode Copy/Mint/Move/Mutate: Source slot invalid or empty.>>[0m
[0m[1m<<[0m[32mseL4(CPU 0)[0m[1m [decodeCNodeInvocation/107 T0x80bf00c400 "rootserver" @31b998]: CNode Copy/Mint/Move/Mutate: Source slot invalid or empty.>>[0m
[0m[1m<<[0m[32mseL4(CPU 0)[0m[1m [decodeCNodeInvocation/107 T0x80bf00c400 "rootserver" @31b998]: CNode Copy/Mint/Move/Mutate: Source slot invalid or empty.>>[0m
[0m[1m<<[0m[32mseL4(CPU 0)[0m[1m [decodeCNodeInvocation/107 T0x80bf00c400 "rootserver" @31b998]: CNode Copy/Mint/Move/Mutate: Source slot invalid or empty.>>[0m
[0m[1m<<[0m[32mseL4(CPU 0)[0m[1m [decodeCNodeInvocation/107 T0x80bf00c400 "rootserver" @31b998]: CNode Copy/Mint/Move/Mutate: Source slot invalid or empty.>>[0m
[0m[1m<<[0m[32mseL4(CPU 0)[0m[1m [decodeCNodeInvocation/107 T0x80bf00c400 "rootserver" @31b998]: CNode Copy/Mint/Move/Mutate: Source slot invalid or empty.>>[0m
[0m[1m<<[0m[32mseL4(CPU 0)[0m[1m [decodeCNodeInvocation/107 T0x80bf00c400 "rootserver" @31b998]: CNode Copy/Mint/Move/Mutate: Source slot invalid or empty.>>[0m
[0m[1m<<[0m[32mseL4(CPU 0)[0m[1m [decodeCNodeInvocation/107 T0x80bf00c400 "rootserver" @31b998]: CNode Copy/Mint/Move/Mutate: Source slot invalid or empty.>>[0m
[0m[1m<<[0m[32mseL4(CPU 0)[0m[1m [decodeCNodeInvocation/107 T0x80bf00c400 "rootserver" @31b998]: CNode Copy/Mint/Move/Mutate: Source slot invalid or empty.>>[0m
[0m[1m<<[0m[32mseL4(CPU 0)[0m[1m [decodeCNodeInvocation/107 T0x80bf00c400 "rootserver" @31b998]: CNode Copy/Mint/Move/Mutate: Source slot invalid or empty.>>[0m
[0m[1m<<[0m[32mseL4(CPU 0)[0m[1m [decodeCNodeInvocation/107 T0x80bf00c400 "rootserver" @31b998]: CNode Copy/Mint/Move/Mutate: Source slot invalid or empty.>>[0m
[0m[1m<<[0m[32mseL4(CPU 0)[0m[1m [decodeCNodeInvocation/107 T0x80bf00c400 "rootserver" @31b998]: CNode Copy/Mint/Move/Mutate: Source slot invalid or empty.>>[0m
[0m[1m<<[0m[32mseL4(CPU 0)[0m[1m [decodeCNodeInvocation/107 T0x80bf00c400 "rootserver" @31b998]: CNode Copy/Mint/Move/Mutate: Source slot invalid or empty.>>[0m
[0m[1m<<[0m[32mseL4(CPU 0)[0m[1m [decodeCNodeInvocation/95 T0x80bf00c400 "rootserver" @31b998]: CNode Copy/Mint/Move/Mutate: Destination not empty.>>[0m
[0m[1m<<[0m[32mseL4(CPU 0)[0m[1m [decodeCNodeInvocation/107 T0x80bf00c400 "rootserver" @31b998]: CNode Copy/Mint/Move/Mutate: Source slot invalid or empty.>>[0m
[0m[1m<<[0m[32mseL4(CPU 0)[0m[1m [decodeCNodeInvocation/107 T0x80bf00c400 "rootserver" @31b998]: CNode Copy/Mint/Move/Mutate: Source slot invalid or empty.>>[0m
[0m[1m<<[0m[32mseL4(CPU 0)[0m[1m [decodeCNodeInvocation/107 T0x80bf00c400 "rootserver" @31b998]: CNode Copy/Mint/Move/Mutate: Source slot invalid or empty.>>[0m
[0m[1m<<[0m[32mseL4(CPU 0)[0m[1m [decodeCNodeInvocation/107 T0x80bf00c400 "rootserver" @31b998]: CNode Copy/Mint/Move/Mutate: Source slot invalid or empty.>>[0m
[0m[1m<<[0m[32mseL4(CPU 0)[0m[1m [decodeCNodeInvocation/107 T0x80bf00c400 "rootserver" @31b998]: CNode Copy/Mint/Move/Mutate: Source slot invalid or empty.>>[0m
[0m[1m<<[0m[32mseL4(CPU 0)[0m[1m [decodeCNodeInvocation/107 T0x80bf00c400 "rootserver" @31b998]: CNode Copy/Mint/Move/Mutate: Source slot invalid or empty.>>[0m
[0m[1m<<[0m[32mseL4(CPU 0)[0m[1m [decodeCNodeInvocation/107 T0x80bf00c400 "rootserver" @31b998]: CNode Copy/Mint/Move/Mutate: Source slot invalid or empty.>>[0m
[0m[1m<<[0m[32mseL4(CPU 0)[0m[1m [decodeCNodeInvocation/107 T0x80bf00c400 "rootserver" @31b998]: CNode Copy/Mint/Move/Mutate: Source slot invalid or empty.>>[0m
[0m[1m<<[0m[32mseL4(CPU 0)[0m[1m [decodeCNodeInvocation/107 T0x80bf00c400 "rootserver" @31b998]: CNode Copy/Mint/Move/Mutate: Source slot invalid or empty.>>[0m
[0m[1m<<[0m[32mseL4(CPU 0)[0m[1m [decodeCNodeInvocation/107 T0x80bf00c400 "rootserver" @31b998]: CNode Copy/Mint/Move/Mutate: Source slot invalid or empty.>>[0m
[0m[1m<<[0m[32mseL4(CPU 0)[0m[1m [decodeCNodeInvocation/107 T0x80bf00c400 "rootserver" @31b998]: CNode Copy/Mint/Move/Mutate: Source slot invalid or empty.>>[0m
[0m[1m<<[0m[32mseL4(CPU 0)[0m[1m [decodeCNodeInvocation/107 T0x80bf00c400 "rootserver" @31b998]: CNode Copy/Mint/Move/Mutate: Source slot invalid or empty.>>[0m
[0m[1m<<[0m[32mseL4(CPU 0)[0m[1m [decodeCNodeInvocation/107 T0x80bf00c400 "rootserver" @31b998]: CNode Copy/Mint/Move/Mutate: Source slot invalid or empty.>>[0m
[0m[1m<<[0m[32mseL4(CPU 0)[0m[1m [decodeCNodeInvocation/107 T0x80bf00c400 "rootserver" @31b998]: CNode Copy/Mint/Move/Mutate: Source slot invalid or empty.>>[0m
[0m[1m<<[0m[32mseL4(CPU 0)[0m[1m [decodeCNodeInvocation/107 T0x80bf00c400 "rootserver" @31b998]: CNode Copy/Mint/Move/Mutate: Source slot invalid or empty.>>[0m
[0m[1m<<[0m[32mseL4(CPU 0)[0m[1m [decodeCNodeInvocation/107 T0x80bf00c400 "rootserver" @31b998]: CNode Copy/Mint/Move/Mutate: Source slot invalid or empty.>>[0m
[0m[1m<<[0m[32mseL4(CPU 0)[0m[1m [decodeCNodeInvocation/107 T0x80bf00c400 "rootserver" @31b998]: CNode Copy/Mint/Move/Mutate: Source slot invalid or empty.>>[0m
[0m[1m<<[0m[32mseL4(CPU 0)[0m[1m [decodeCNodeInvocation/107 T0x80bf00c400 "rootserver" @31b998]: CNode Copy/Mint/Move/Mutate: Source slot invalid or empty.>>[0m
[0m[1m<<[0m[32mseL4(CPU 0)[0m[1m [decodeCNodeInvocation/107 T0x80bf00c400 "rootserver" @31b998]: CNode Copy/Mint/Move/Mutate: Source slot invalid or empty.>>[0m
[0m[1m<<[0m[32mseL4(CPU 0)[0m[1m [decodeCNodeInvocation/107 T0x80bf00c400 "rootserver" @31b998]: CNode Copy/Mint/Move/Mutate: Source slot invalid or empty.>>[0m
[0m[1m<<[0m[32mseL4(CPU 0)[0m[1m [decodeCNodeInvocation/107 T0x80bf00c400 "rootserver" @31b998]: CNode Copy/Mint/Move/Mutate: Source slot invalid or empty.>>[0m
[0m[1m<<[0m[32mseL4(CPU 0)[0m[1m [decodeCNodeInvocation/107 T0x80bf00c400 "rootserver" @31b998]: CNode Copy/Mint/Move/Mutate: Source slot invalid or empty.>>[0m
[0m[1m<<[0m[32mseL4(CPU 0)[0m[1m [decodeCNodeInvocation/107 T0x80bf00c400 "rootserver" @31b998]: CNode Copy/Mint/Move/Mutate: Source slot invalid or empty.>>[0m
[0m[1m<<[0m[32mseL4(CPU 0)[0m[1m [decodeCNodeInvocation/107 T0x80bf00c400 "rootserver" @31b998]: CNode Copy/Mint/Move/Mutate: Source slot invalid or empty.>>[0m
[0m[1m<<[0m[32mseL4(CPU 0)[0m[1m [decodeCNodeInvocation/107 T0x80bf00c400 "rootserver" @31b998]: CNode Copy/Mint/Move/Mutate: Source slot invalid or empty.>>[0m
[0m[1m<<[0m[32mseL4(CPU 0)[0m[1m [decodeCNodeInvocation/107 T0x80bf00c400 "rootserver" @31b998]: CNode Copy/Mint/Move/Mutate: Source slot invalid or empty.>>[0m
[0m[1m<<[0m[32mseL4(CPU 0)[0m[1m [decodeCNodeInvocation/107 T0x80bf00c400 "rootserver" @31b998]: CNode Copy/Mint/Move/Mutate: Source slot invalid or empty.>>[0m
[0m[1m<<[0m[32mseL4(CPU 0)[0m[1m [decodeCNodeInvocation/107 T0x80bf00c400 "rootserver" @31b998]: CNode Copy/Mint/Move/Mutate: Source slot invalid or empty.>>[0m
[0m[1m<<[0m[32mseL4(CPU 0)[0m[1m [decodeCNodeInvocation/107 T0x80bf00c400 "rootserver" @31b998]: CNode Copy/Mint/Move/Mutate: Source slot invalid or empty.>>[0m
[0m[1m<<[0m[32mseL4(CPU 0)[0m[1m [decodeCNodeInvocation/107 T0x80bf00c400 "rootserver" @31b998]: CNode Copy/Mint/Move/Mutate: Source slot invalid or empty.>>[0m
[0m[1m<<[0m[32mseL4(CPU 0)[0m[1m [decodeCNodeInvocation/107 T0x80bf00c400 "rootserver" @31b998]: CNode Copy/Mint/Move/Mutate: Source slot invalid or empty.>>[0m
[0m[1m<<[0m[32mseL4(CPU 0)[0m[1m [decodeCNodeInvocation/107 T0x80bf00c400 "rootserver" @31b998]: CNode Copy/Mint/Move/Mutate: Source slot invalid or empty.>>[0m
[0m[1m<<[0m[32mseL4(CPU 0)[0m[1m [decodeCNodeInvocation/107 T0x80bf00c400 "rootserver" @31b998]: CNode Copy/Mint/Move/Mutate: Source slot invalid or empty.>>[0m
[0m[1m<<[0m[32mseL4(CPU 0)[0m[1m [decodeCNodeInvocation/107 T0x80bf00c400 "rootserver" @31b998]: CNode Copy/Mint/Move/Mutate: Source slot invalid or empty.>>[0m
[0m[1m<<[0m[32mseL4(CPU 0)[0m[1m [decodeCNodeInvocation/107 T0x80bf00c400 "rootserver" @31b998]: CNode Copy/Mint/Move/Mutate: Source slot invalid or empty.>>[0m
[0m[1m<<[0m[32mseL4(CPU 0)[0m[1m [decodeCNodeInvocation/107 T0x80bf00c400 "rootserver" @31b998]: CNode Copy/Mint/Move/Mutate: Source slot invalid or empty.>>[0m
[0m[1m<<[0m[32mseL4(CPU 0)[0m[1m [decodeCNodeInvocation/107 T0x80bf00c400 "rootserver" @31b998]: CNode Copy/Mint/Move/Mutate: Source slot invalid or empty.>>[0m
[0m[1m<<[0m[32mseL4(CPU 0)[0m[1m [decodeCNodeInvocation/107 T0x80bf00c400 "rootserver" @31b998]: CNode Copy/Mint/Move/Mutate: Source slot invalid or empty.>>[0m
[0m[1m<<[0m[32mseL4(CPU 0)[0m[1m [decodeCNodeInvocation/107 T0x80bf00c400 "rootserver" @31b998]: CNode Copy/Mint/Move/Mutate: Source slot invalid or empty.>>[0m
[0m[1m<<[0m[32mseL4(CPU 0)[0m[1m [decodeCNodeInvocation/107 T0x80bf00c400 "rootserver" @31b998]: CNode Copy/Mint/Move/Mutate: Source slot invalid or empty.>>[0m
[0m[1m<<[0m[32mseL4(CPU 0)[0m[1m [decodeCNodeInvocation/107 T0x80bf00c400 "rootserver" @31b998]: CNode Copy/Mint/Move/Mutate: Source slot invalid or empty.>>[0m
[0m[1m<<[0m[32mseL4(CPU 0)[0m[1m [decodeCNodeInvocation/107 T0x80bf00c400 "rootserver" @31b998]: CNode Copy/Mint/Move/Mutate: Source slot invalid or empty.>>[0m
[0m[1m<<[0m[32mseL4(CPU 0)[0m[1m [decodeCNodeInvocation/107 T0x80bf00c400 "rootserver" @31b998]: CNode Copy/Mint/Move/Mutate: Source slot invalid or empty.>>[0m
[0m[1m<<[0m[32mseL4(CPU 0)[0m[1m [decodeCNodeInvocation/107 T0x80bf00c400 "rootserver" @31b998]: CNode Copy/Mint/Move/Mutate: Source slot invalid or empty.>>[0m
[0m[1m<<[0m[32mseL4(CPU 0)[0m[1m [decodeCNodeInvocation/107 T0x80bf00c400 "rootserver" @31b998]: CNode Copy/Mint/Move/Mutate: Source slot invalid or empty.>>[0m
[0m[1m<<[0m[32mseL4(CPU 0)[0m[1m [decodeCNodeInvocation/107 T0x80bf00c400 "rootserver" @31b998]: CNode Copy/Mint/Move/Mutate: Source slot invalid or empty.>>[0m
[0m[1m<<[0m[32mseL4(CPU 0)[0m[1m [decodeCNodeInvocation/107 T0x80bf00c400 "rootserver" @31b998]: CNode Copy/Mint/Move/Mutate: Source slot invalid or empty.>>[0m
[0m[1m<<[0m[32mseL4(CPU 0)[0m[1m [decodeCNodeInvocation/107 T0x80bf00c400 "rootserver" @31b998]: CNode Copy/Mint/Move/Mutate: Source slot invalid or empty.>>[0m
[0m[1m<<[0m[32mseL4(CPU 0)[0m[1m [decodeCNodeInvocation/107 T0x80bf00c400 "rootserver" @31b998]: CNode Copy/Mint/Move/Mutate: Source slot invalid or empty.>>[0m
[0m[1m<<[0m[32mseL4(CPU 0)[0m[1m [decodeCNodeInvocation/107 T0x80bf00c400 "rootserver" @31b998]: CNode Copy/Mint/Move/Mutate: Source slot invalid or empty.>>[0m
[0m[1m<<[0m[32mseL4(CPU 0)[0m[1m [decodeCNodeInvocation/107 T0x80bf00c400 "rootserver" @31b998]: CNode Copy/Mint/Move/Mutate: Source slot invalid or empty.>>[0m
[0m[1m<<[0m[32mseL4(CPU 0)[0m[1m [decodeCNodeInvocation/107 T0x80bf00c400 "rootserver" @31b998]: CNode Copy/Mint/Move/Mutate: Source slot invalid or empty.>>[0m
[0m[1m<<[0m[32mseL4(CPU 0)[0m[1m [decodeCNodeInvocation/107 T0x80bf00c400 "rootserver" @31b998]: CNode Copy/Mint/Move/Mutate: Source slot invalid or empty.>>[0m
[0m[1m<<[0m[32mseL4(CPU 0)[0m[1m [decodeCNodeInvocation/107 T0x80bf00c400 "rootserver" @31b998]: CNode Copy/Mint/Move/Mutate: Source slot invalid or empty.>>[0m
[0m[1m<<[0m[32mseL4(CPU 0)[0m[1m [decodeCNodeInvocation/107 T0x80bf00c400 "rootserver" @31b998]: CNode Copy/Mint/Move/Mutate: Source slot invalid or empty.>>[0m
[0m[1m<<[0m[32mseL4(CPU 0)[0m[1m [decodeCNodeInvocation/107 T0x80bf00c400 "rootserver" @31b998]: CNode Copy/Mint/Move/Mutate: Source slot invalid or empty.>>[0m
[0m[1m<<[0m[32mseL4(CPU 0)[0m[1m [decodeCNodeInvocation/107 T0x80bf00c400 "rootserver" @31b998]: CNode Copy/Mint/Move/Mutate: Source slot invalid or empty.>>[0m
[0m[1m<<[0m[32mseL4(CPU 0)[0m[1m [decodeCNodeInvocation/107 T0x80bf00c400 "rootserver" @31b998]: CNode Copy/Mint/Move/Mutate: Source slot invalid or empty.>>[0m
[0m[1m<<[0m[32mseL4(CPU 0)[0m[1m [decodeCNodeInvocation/107 T0x80bf00c400 "rootserver" @31b998]: CNode Copy/Mint/Move/Mutate: Source slot invalid or empty.>>[0m
[0m[1m<<[0m[32mseL4(CPU 0)[0m[1m [decodeCNodeInvocation/107 T0x80bf00c400 "rootserver" @31b998]: CNode Copy/Mint/Move/Mutate: Source slot invalid or empty.>>[0m
[0m[1m<<[0m[32mseL4(CPU 0)[0m[1m [decodeCNodeInvocation/107 T0x80bf00c400 "rootserver" @31b998]: CNode Copy/Mint/Move/Mutate: Source slot invalid or empty.>>[0m
[0m[1m<<[0m[32mseL4(CPU 0)[0m[1m [decodeCNodeInvocation/107 T0x80bf00c400 "rootserver" @31b998]: CNode Copy/Mint/Move/Mutate: Source slot invalid or empty.>>[0m
[0m[1m<<[0m[32mseL4(CPU 0)[0m[1m [decodeCNodeInvocation/107 T0x80bf00c400 "rootserver" @31b998]: CNode Copy/Mint/Move/Mutate: Source slot invalid or empty.>>[0m
[0m[1m<<[0m[32mseL4(CPU 0)[0m[1m [decodeCNodeInvocation/107 T0x80bf00c400 "rootserver" @31b998]: CNode Copy/Mint/Move/Mutate: Source slot invalid or empty.>>[0m
[0m[1m<<[0m[32mseL4(CPU 0)[0m[1m [decodeCNodeInvocation/107 T0x80bf00c400 "rootserver" @31b998]: CNode Copy/Mint/Move/Mutate: Source slot invalid or empty.>>[0m
[0m[1m<<[0m[32mseL4(CPU 0)[0m[1m [decodeCNodeInvocation/107 T0x80bf00c400 "rootserver" @31b998]: CNode Copy/Mint/Move/Mutate: Source slot invalid or empty.>>[0m
[0m[1m<<[0m[32mseL4(CPU 0)[0m[1m [decodeCNodeInvocation/107 T0x80bf00c400 "rootserver" @31b998]: CNode Copy/Mint/Move/Mutate: Source slot invalid or empty.>>[0m
[0m[1m<<[0m[32mseL4(CPU 0)[0m[1m [decodeCNodeInvocation/107 T0x80bf00c400 "rootserver" @31b998]: CNode Copy/Mint/Move/Mutate: Source slot invalid or empty.>>[0m
[0m[1m<<[0m[32mseL4(CPU 0)[0m[1m [decodeCNodeInvocation/107 T0x80bf00c400 "rootserver" @31b998]: CNode Copy/Mint/Move/Mutate: Source slot invalid or empty.>>[0m
[0m[1m<<[0m[32mseL4(CPU 0)[0m[1m [decodeCNodeInvocation/107 T0x80bf00c400 "rootserver" @31b998]: CNode Copy/Mint/Move/Mutate: Source slot invalid or empty.>>[0m
[0m[1m<<[0m[32mseL4(CPU 0)[0m[1m [decodeCNodeInvocation/107 T0x80bf00c400 "rootserver" @31b998]: CNode Copy/Mint/Move/Mutate: Source slot invalid or empty.>>[0m
[0m[1m<<[0m[32mseL4(CPU 0)[0m[1m [decodeCNodeInvocation/107 T0x80bf00c400 "rootserver" @31b998]: CNode Copy/Mint/Move/Mutate: Source slot invalid or empty.>>[0m
[0m[1m<<[0m[32mseL4(CPU 0)[0m[1m [decodeCNodeInvocation/107 T0x80bf00c400 "rootserver" @31b998]: CNode Copy/Mint/Move/Mutate: Source slot invalid or empty.>>[0m
[0m[1m<<[0m[32mseL4(CPU 0)[0m[1m [decodeCNodeInvocation/107 T0x80bf00c400 "rootserver" @31b998]: CNode Copy/Mint/Move/Mutate: Source slot invalid or empty.>>[0m
[0m[1m<<[0m[32mseL4(CPU 0)[0m[1m [decodeCNodeInvocation/107 T0x80bf00c400 "rootserver" @31b998]: CNode Copy/Mint/Move/Mutate: Source slot invalid or empty.>>[0m
[0m[1m<<[0m[32mseL4(CPU 0)[0m[1m [decodeCNodeInvocation/107 T0x80bf00c400 "rootserver" @31b998]: CNode Copy/Mint/Move/Mutate: Source slot invalid or empty.>>[0m
[0m[1m<<[0m[32mseL4(CPU 0)[0m[1m [decodeCNodeInvocation/107 T0x80bf00c400 "rootserver" @31b998]: CNode Copy/Mint/Move/Mutate: Source slot invalid or empty.>>[0m
[0m[1m<<[0m[32mseL4(CPU 0)[0m[1m [decodeCNodeInvocation/107 T0x80bf00c400 "rootserver" @31b998]: CNode Copy/Mint/Move/Mutate: Source slot invalid or empty.>>[0m
[0m[1m<<[0m[32mseL4(CPU 0)[0m[1m [decodeCNodeInvocation/107 T0x80bf00c400 "rootserver" @31b998]: CNode Copy/Mint/Move/Mutate: Source slot invalid or empty.>>[0m
[0m[1m<<[0m[32mseL4(CPU 0)[0m[1m [decodeCNodeInvocation/107 T0x80bf00c400 "rootserver" @31b998]: CNode Copy/Mint/Move/Mutate: Source slot invalid or empty.>>[0m
[0m[1m<<[0m[32mseL4(CPU 0)[0m[1m [decodeCNodeInvocation/107 T0x80bf00c400 "rootserver" @31b998]: CNode Copy/Mint/Move/Mutate: Source slot invalid or empty.>>[0m
[0m[1m<<[0m[32mseL4(CPU 0)[0m[1m [decodeCNodeInvocation/107 T0x80bf00c400 "rootserver" @31b998]: CNode Copy/Mint/Move/Mutate: Source slot invalid or empty.>>[0m
[0m[1m<<[0m[32mseL4(CPU 0)[0m[1m [decodeCNodeInvocation/107 T0x80bf00c400 "rootserver" @31b998]: CNode Copy/Mint/Move/Mutate: Source slot invalid or empty.>>[0m
[0m[1m<<[0m[32mseL4(CPU 0)[0m[1m [decodeCNodeInvocation/107 T0x80bf00c400 "rootserver" @31b998]: CNode Copy/Mint/Move/Mutate: Source slot invalid or empty.>>[0m
[0m[1m<<[0m[32mseL4(CPU 0)[0m[1m [decodeCNodeInvocation/107 T0x80bf00c400 "rootserver" @31b998]: CNode Copy/Mint/Move/Mutate: Source slot invalid or empty.>>[0m
[0m[1m<<[0m[32mseL4(CPU 0)[0m[1m [decodeCNodeInvocation/107 T0x80bf00c400 "rootserver" @31b998]: CNode Copy/Mint/Move/Mutate: Source slot invalid or empty.>>[0m
[0m[1m<<[0m[32mseL4(CPU 0)[0m[1m [decodeCNodeInvocation/107 T0x80bf00c400 "rootserver" @31b998]: CNode Copy/Mint/Move/Mutate: Source slot invalid or empty.>>[0m
[0m[1m<<[0m[32mseL4(CPU 0)[0m[1m [decodeCNodeInvocation/107 T0x80bf00c400 "rootserver" @31b998]: CNode Copy/Mint/Move/Mutate: Source slot invalid or empty.>>[0m
[0m[1m<<[0m[32mseL4(CPU 0)[0m[1m [decodeCNodeInvocation/107 T0x80bf00c400 "rootserver" @31b998]: CNode Copy/Mint/Move/Mutate: Source slot invalid or empty.>>[0m
[0m[1m<<[0m[32mseL4(CPU 0)[0m[1m [decodeCNodeInvocation/107 T0x80bf00c400 "rootserver" @31b998]: CNode Copy/Mint/Move/Mutate: Source slot invalid or empty.>>[0m
[0m[1m<<[0m[32mseL4(CPU 0)[0m[1m [decodeCNodeInvocation/107 T0x80bf00c400 "rootserver" @31b998]: CNode Copy/Mint/Move/Mutate: Source slot invalid or empty.>>[0m
[0m[1m<<[0m[32mseL4(CPU 0)[0m[1m [decodeCNodeInvocation/107 T0x80bf00c400 "rootserver" @31b998]: CNode Copy/Mint/Move/Mutate: Source slot invalid or empty.>>[0m
[0m[1m<<[0m[32mseL4(CPU 0)[0m[1m [decodeCNodeInvocation/107 T0x80bf00c400 "rootserver" @31b998]: CNode Copy/Mint/Move/Mutate: Source slot invalid or empty.>>[0m
[0m[1m<<[0m[32mseL4(CPU 0)[0m[1m [decodeCNodeInvocation/107 T0x80bf00c400 "rootserver" @31b998]: CNode Copy/Mint/Move/Mutate: Source slot invalid or empty.>>[0m
[0m[1m<<[0m[32mseL4(CPU 0)[0m[1m [decodeCNodeInvocation/107 T0x80bf00c400 "rootserver" @31b998]: CNode Copy/Mint/Move/Mutate: Source slot invalid or empty.>>[0m
SLIME_GRAPH factory placed task=3 component=network-service slot=1 kind=shared-buffer-factory
SLIME_GRAPH staged task=3 instance=network-service executable=network-service grants=4 bindings=4 window=0x258000 frames=89 tables=3 entry=0x216d78
SLIME_GRAPH schedule instance=virtio-net-driver priority=254 default=254
SLIME_GRAPH threads instance=virtio-net-driver count=1
[0m[1m<<[0m[32mseL4(CPU 0)[0m[1m [decodeCNodeInvocation/107 T0x80bf00c400 "rootserver" @31b998]: CNode Copy/Mint/Move/Mutate: Source slot invalid or empty.>>[0m
[0m[1m<<[0m[32mseL4(CPU 0)[0m[1m [decodeCNodeInvocation/95 T0x80bf00c400 "rootserver" @31b998]: CNode Copy/Mint/Move/Mutate: Destination not empty.>>[0m
[0m[1m<<[0m[32mseL4(CPU 0)[0m[1m [decodeCNodeInvocation/95 T0x80bf00c400 "rootserver" @31b998]: CNode Copy/Mint/Move/Mutate: Destination not empty.>>[0m
[0m[1m<<[0m[32mseL4(CPU 0)[0m[1m [decodeCNodeInvocation/95 T0x80bf00c400 "rootserver" @31b998]: CNode Copy/Mint/Move/Mutate: Destination not empty.>>[0m
[0m[1m<<[0m[32mseL4(CPU 0)[0m[1m [decodeCNodeInvocation/95 T0x80bf00c400 "rootserver" @31b998]: CNode Copy/Mint/Move/Mutate: Destination not empty.>>[0m
[0m[1m<<[0m[32mseL4(CPU 0)[0m[1m [decodeCNodeInvocation/107 T0x80bf00c400 "rootserver" @31b998]: CNode Copy/Mint/Move/Mutate: Source slot invalid or empty.>>[0m
[0m[1m<<[0m[32mseL4(CPU 0)[0m[1m [decodeCNodeInvocation/107 T0x80bf00c400 "rootserver" @31b998]: CNode Copy/Mint/Move/Mutate: Source slot invalid or empty.>>[0m
[0m[1m<<[0m[32mseL4(CPU 0)[0m[1m [decodeCNodeInvocation/107 T0x80bf00c400 "rootserver" @31b998]: CNode Copy/Mint/Move/Mutate: Source slot invalid or empty.>>[0m
[0m[1m<<[0m[32mseL4(CPU 0)[0m[1m [decodeCNodeInvocation/107 T0x80bf00c400 "rootserver" @31b998]: CNode Copy/Mint/Move/Mutate: Source slot invalid or empty.>>[0m
[0m[1m<<[0m[32mseL4(CPU 0)[0m[1m [decodeCNodeInvocation/107 T0x80bf00c400 "rootserver" @31b998]: CNode Copy/Mint/Move/Mutate: Source slot invalid or empty.>>[0m
[0m[1m<<[0m[32mseL4(CPU 0)[0m[1m [decodeCNodeInvocation/107 T0x80bf00c400 "rootserver" @31b998]: CNode Copy/Mint/Move/Mutate: Source slot invalid or empty.>>[0m
[0m[1m<<[0m[32mseL4(CPU 0)[0m[1m [decodeCNodeInvocation/107 T0x80bf00c400 "rootserver" @31b998]: CNode Copy/Mint/Move/Mutate: Source slot invalid or empty.>>[0m
[0m[1m<<[0m[32mseL4(CPU 0)[0m[1m [decodeCNodeInvocation/107 T0x80bf00c400 "rootserver" @31b998]: CNode Copy/Mint/Move/Mutate: Source slot invalid or empty.>>[0m
[0m[1m<<[0m[32mseL4(CPU 0)[0m[1m [decodeCNodeInvocation/107 T0x80bf00c400 "rootserver" @31b998]: CNode Copy/Mint/Move/Mutate: Source slot invalid or empty.>>[0m
[0m[1m<<[0m[32mseL4(CPU 0)[0m[1m [decodeCNodeInvocation/107 T0x80bf00c400 "rootserver" @31b998]: CNode Copy/Mint/Move/Mutate: Source slot invalid or empty.>>[0m
[0m[1m<<[0m[32mseL4(CPU 0)[0m[1m [decodeCNodeInvocation/107 T0x80bf00c400 "rootserver" @31b998]: CNode Copy/Mint/Move/Mutate: Source slot invalid or empty.>>[0m
[0m[1m<<[0m[32mseL4(CPU 0)[0m[1m [decodeCNodeInvocation/107 T0x80bf00c400 "rootserver" @31b998]: CNode Copy/Mint/Move/Mutate: Source slot invalid or empty.>>[0m
[0m[1m<<[0m[32mseL4(CPU 0)[0m[1m [decodeCNodeInvocation/107 T0x80bf00c400 "rootserver" @31b998]: CNode Copy/Mint/Move/Mutate: Source slot invalid or empty.>>[0m
[0m[1m<<[0m[32mseL4(CPU 0)[0m[1m [decodeCNodeInvocation/107 T0x80bf00c400 "rootserver" @31b998]: CNode Copy/Mint/Move/Mutate: Source slot invalid or empty.>>[0m
[0m[1m<<[0m[32mseL4(CPU 0)[0m[1m [decodeCNodeInvocation/107 T0x80bf00c400 "rootserver" @31b998]: CNode Copy/Mint/Move/Mutate: Source slot invalid or empty.>>[0m
[0m[1m<<[0m[32mseL4(CPU 0)[0m[1m [decodeCNodeInvocation/107 T0x80bf00c400 "rootserver" @31b998]: CNode Copy/Mint/Move/Mutate: Source slot invalid or empty.>>[0m
[0m[1m<<[0m[32mseL4(CPU 0)[0m[1m [decodeCNodeInvocation/107 T0x80bf00c400 "rootserver" @31b998]: CNode Copy/Mint/Move/Mutate: Source slot invalid or empty.>>[0m
[0m[1m<<[0m[32mseL4(CPU 0)[0m[1m [decodeCNodeInvocation/107 T0x80bf00c400 "rootserver" @31b998]: CNode Copy/Mint/Move/Mutate: Source slot invalid or empty.>>[0m
[0m[1m<<[0m[32mseL4(CPU 0)[0m[1m [decodeCNodeInvocation/107 T0x80bf00c400 "rootserver" @31b998]: CNode Copy/Mint/Move/Mutate: Source slot invalid or empty.>>[0m
[0m[1m<<[0m[32mseL4(CPU 0)[0m[1m [decodeCNodeInvocation/107 T0x80bf00c400 "rootserver" @31b998]: CNode Copy/Mint/Move/Mutate: Source slot invalid or empty.>>[0m
[0m[1m<<[0m[32mseL4(CPU 0)[0m[1m [decodeCNodeInvocation/107 T0x80bf00c400 "rootserver" @31b998]: CNode Copy/Mint/Move/Mutate: Source slot invalid or empty.>>[0m
[0m[1m<<[0m[32mseL4(CPU 0)[0m[1m [decodeCNodeInvocation/107 T0x80bf00c400 "rootserver" @31b998]: CNode Copy/Mint/Move/Mutate: Source slot invalid or empty.>>[0m
[0m[1m<<[0m[32mseL4(CPU 0)[0m[1m [decodeCNodeInvocation/107 T0x80bf00c400 "rootserver" @31b998]: CNode Copy/Mint/Move/Mutate: Source slot invalid or empty.>>[0m
[0m[1m<<[0m[32mseL4(CPU 0)[0m[1m [decodeCNodeInvocation/107 T0x80bf00c400 "rootserver" @31b998]: CNode Copy/Mint/Move/Mutate: Source slot invalid or empty.>>[0m
[0m[1m<<[0m[32mseL4(CPU 0)[0m[1m [decodeCNodeInvocation/107 T0x80bf00c400 "rootserver" @31b998]: CNode Copy/Mint/Move/Mutate: Source slot invalid or empty.>>[0m
[0m[1m<<[0m[32mseL4(CPU 0)[0m[1m [decodeCNodeInvocation/107 T0x80bf00c400 "rootserver" @31b998]: CNode Copy/Mint/Move/Mutate: Source slot invalid or empty.>>[0m
[0m[1m<<[0m[32mseL4(CPU 0)[0m[1m [decodeCNodeInvocation/107 T0x80bf00c400 "rootserver" @31b998]: CNode Copy/Mint/Move/Mutate: Source slot invalid or empty.>>[0m
[0m[1m<<[0m[32mseL4(CPU 0)[0m[1m [decodeCNodeInvocation/95 T0x80bf00c400 "rootserver" @31b998]: CNode Copy/Mint/Move/Mutate: Destination not empty.>>[0m
[0m[1m<<[0m[32mseL4(CPU 0)[0m[1m [decodeCNodeInvocation/107 T0x80bf00c400 "rootserver" @31b998]: CNode Copy/Mint/Move/Mutate: Source slot invalid or empty.>>[0m
[0m[1m<<[0m[32mseL4(CPU 0)[0m[1m [decodeCNodeInvocation/107 T0x80bf00c400 "rootserver" @31b998]: CNode Copy/Mint/Move/Mutate: Source slot invalid or empty.>>[0m
[0m[1m<<[0m[32mseL4(CPU 0)[0m[1m [decodeCNodeInvocation/107 T0x80bf00c400 "rootserver" @31b998]: CNode Copy/Mint/Move/Mutate: Source slot invalid or empty.>>[0m
[0m[1m<<[0m[32mseL4(CPU 0)[0m[1m [decodeCNodeInvocation/107 T0x80bf00c400 "rootserver" @31b998]: CNode Copy/Mint/Move/Mutate: Source slot invalid or empty.>>[0m
[0m[1m<<[0m[32mseL4(CPU 0)[0m[1m [decodeCNodeInvocation/107 T0x80bf00c400 "rootserver" @31b998]: CNode Copy/Mint/Move/Mutate: Source slot invalid or empty.>>[0m
[0m[1m<<[0m[32mseL4(CPU 0)[0m[1m [decodeCNodeInvocation/107 T0x80bf00c400 "rootserver" @31b998]: CNode Copy/Mint/Move/Mutate: Source slot invalid or empty.>>[0m
[0m[1m<<[0m[32mseL4(CPU 0)[0m[1m [decodeCNodeInvocation/107 T0x80bf00c400 "rootserver" @31b998]: CNode Copy/Mint/Move/Mutate: Source slot invalid or empty.>>[0m
[0m[1m<<[0m[32mseL4(CPU 0)[0m[1m [decodeCNodeInvocation/107 T0x80bf00c400 "rootserver" @31b998]: CNode Copy/Mint/Move/Mutate: Source slot invalid or empty.>>[0m
[0m[1m<<[0m[32mseL4(CPU 0)[0m[1m [decodeCNodeInvocation/107 T0x80bf00c400 "rootserver" @31b998]: CNode Copy/Mint/Move/Mutate: Source slot invalid or empty.>>[0m
[0m[1m<<[0m[32mseL4(CPU 0)[0m[1m [decodeCNodeInvocation/107 T0x80bf00c400 "rootserver" @31b998]: CNode Copy/Mint/Move/Mutate: Source slot invalid or empty.>>[0m
[0m[1m<<[0m[32mseL4(CPU 0)[0m[1m [decodeCNodeInvocation/107 T0x80bf00c400 "rootserver" @31b998]: CNode Copy/Mint/Move/Mutate: Source slot invalid or empty.>>[0m
[0m[1m<<[0m[32mseL4(CPU 0)[0m[1m [decodeCNodeInvocation/107 T0x80bf00c400 "rootserver" @31b998]: CNode Copy/Mint/Move/Mutate: Source slot invalid or empty.>>[0m
[0m[1m<<[0m[32mseL4(CPU 0)[0m[1m [decodeCNodeInvocation/107 T0x80bf00c400 "rootserver" @31b998]: CNode Copy/Mint/Move/Mutate: Source slot invalid or empty.>>[0m
[0m[1m<<[0m[32mseL4(CPU 0)[0m[1m [decodeCNodeInvocation/107 T0x80bf00c400 "rootserver" @31b998]: CNode Copy/Mint/Move/Mutate: Source slot invalid or empty.>>[0m
[0m[1m<<[0m[32mseL4(CPU 0)[0m[1m [decodeCNodeInvocation/107 T0x80bf00c400 "rootserver" @31b998]: CNode Copy/Mint/Move/Mutate: Source slot invalid or empty.>>[0m
[0m[1m<<[0m[32mseL4(CPU 0)[0m[1m [decodeCNodeInvocation/107 T0x80bf00c400 "rootserver" @31b998]: CNode Copy/Mint/Move/Mutate: Source slot invalid or empty.>>[0m
[0m[1m<<[0m[32mseL4(CPU 0)[0m[1m [decodeCNodeInvocation/107 T0x80bf00c400 "rootserver" @31b998]: CNode Copy/Mint/Move/Mutate: Source slot invalid or empty.>>[0m
[0m[1m<<[0m[32mseL4(CPU 0)[0m[1m [decodeCNodeInvocation/107 T0x80bf00c400 "rootserver" @31b998]: CNode Copy/Mint/Move/Mutate: Source slot invalid or empty.>>[0m
[0m[1m<<[0m[32mseL4(CPU 0)[0m[1m [decodeCNodeInvocation/107 T0x80bf00c400 "rootserver" @31b998]: CNode Copy/Mint/Move/Mutate: Source slot invalid or empty.>>[0m
[0m[1m<<[0m[32mseL4(CPU 0)[0m[1m [decodeCNodeInvocation/107 T0x80bf00c400 "rootserver" @31b998]: CNode Copy/Mint/Move/Mutate: Source slot invalid or empty.>>[0m
[0m[1m<<[0m[32mseL4(CPU 0)[0m[1m [decodeCNodeInvocation/107 T0x80bf00c400 "rootserver" @31b998]: CNode Copy/Mint/Move/Mutate: Source slot invalid or empty.>>[0m
[0m[1m<<[0m[32mseL4(CPU 0)[0m[1m [decodeCNodeInvocation/107 T0x80bf00c400 "rootserver" @31b998]: CNode Copy/Mint/Move/Mutate: Source slot invalid or empty.>>[0m
[0m[1m<<[0m[32mseL4(CPU 0)[0m[1m [decodeCNodeInvocation/107 T0x80bf00c400 "rootserver" @31b998]: CNode Copy/Mint/Move/Mutate: Source slot invalid or empty.>>[0m
[0m[1m<<[0m[32mseL4(CPU 0)[0m[1m [decodeCNodeInvocation/107 T0x80bf00c400 "rootserver" @31b998]: CNode Copy/Mint/Move/Mutate: Source slot invalid or empty.>>[0m
[0m[1m<<[0m[32mseL4(CPU 0)[0m[1m [decodeCNodeInvocation/107 T0x80bf00c400 "rootserver" @31b998]: CNode Copy/Mint/Move/Mutate: Source slot invalid or empty.>>[0m
[0m[1m<<[0m[32mseL4(CPU 0)[0m[1m [decodeCNodeInvocation/107 T0x80bf00c400 "rootserver" @31b998]: CNode Copy/Mint/Move/Mutate: Source slot invalid or empty.>>[0m
[0m[1m<<[0m[32mseL4(CPU 0)[0m[1m [decodeCNodeInvocation/107 T0x80bf00c400 "rootserver" @31b998]: CNode Copy/Mint/Move/Mutate: Source slot invalid or empty.>>[0m
[0m[1m<<[0m[32mseL4(CPU 0)[0m[1m [decodeCNodeInvocation/107 T0x80bf00c400 "rootserver" @31b998]: CNode Copy/Mint/Move/Mutate: Source slot invalid or empty.>>[0m
[0m[1m<<[0m[32mseL4(CPU 0)[0m[1m [decodeCNodeInvocation/107 T0x80bf00c400 "rootserver" @31b998]: CNode Copy/Mint/Move/Mutate: Source slot invalid or empty.>>[0m
[0m[1m<<[0m[32mseL4(CPU 0)[0m[1m [decodeCNodeInvocation/107 T0x80bf00c400 "rootserver" @31b998]: CNode Copy/Mint/Move/Mutate: Source slot invalid or empty.>>[0m
[0m[1m<<[0m[32mseL4(CPU 0)[0m[1m [decodeCNodeInvocation/107 T0x80bf00c400 "rootserver" @31b998]: CNode Copy/Mint/Move/Mutate: Source slot invalid or empty.>>[0m
[0m[1m<<[0m[32mseL4(CPU 0)[0m[1m [decodeCNodeInvocation/107 T0x80bf00c400 "rootserver" @31b998]: CNode Copy/Mint/Move/Mutate: Source slot invalid or empty.>>[0m
[0m[1m<<[0m[32mseL4(CPU 0)[0m[1m [decodeCNodeInvocation/107 T0x80bf00c400 "rootserver" @31b998]: CNode Copy/Mint/Move/Mutate: Source slot invalid or empty.>>[0m
[0m[1m<<[0m[32mseL4(CPU 0)[0m[1m [decodeCNodeInvocation/107 T0x80bf00c400 "rootserver" @31b998]: CNode Copy/Mint/Move/Mutate: Source slot invalid or empty.>>[0m
[0m[1m<<[0m[32mseL4(CPU 0)[0m[1m [decodeCNodeInvocation/107 T0x80bf00c400 "rootserver" @31b998]: CNode Copy/Mint/Move/Mutate: Source slot invalid or empty.>>[0m
[0m[1m<<[0m[32mseL4(CPU 0)[0m[1m [decodeCNodeInvocation/107 T0x80bf00c400 "rootserver" @31b998]: CNode Copy/Mint/Move/Mutate: Source slot invalid or empty.>>[0m
[0m[1m<<[0m[32mseL4(CPU 0)[0m[1m [decodeCNodeInvocation/107 T0x80bf00c400 "rootserver" @31b998]: CNode Copy/Mint/Move/Mutate: Source slot invalid or empty.>>[0m
[0m[1m<<[0m[32mseL4(CPU 0)[0m[1m [decodeCNodeInvocation/107 T0x80bf00c400 "rootserver" @31b998]: CNode Copy/Mint/Move/Mutate: Source slot invalid or empty.>>[0m
[0m[1m<<[0m[32mseL4(CPU 0)[0m[1m [decodeCNodeInvocation/107 T0x80bf00c400 "rootserver" @31b998]: CNode Copy/Mint/Move/Mutate: Source slot invalid or empty.>>[0m
[0m[1m<<[0m[32mseL4(CPU 0)[0m[1m [decodeCNodeInvocation/107 T0x80bf00c400 "rootserver" @31b998]: CNode Copy/Mint/Move/Mutate: Source slot invalid or empty.>>[0m
[0m[1m<<[0m[32mseL4(CPU 0)[0m[1m [decodeCNodeInvocation/107 T0x80bf00c400 "rootserver" @31b998]: CNode Copy/Mint/Move/Mutate: Source slot invalid or empty.>>[0m
[0m[1m<<[0m[32mseL4(CPU 0)[0m[1m [decodeCNodeInvocation/107 T0x80bf00c400 "rootserver" @31b998]: CNode Copy/Mint/Move/Mutate: Source slot invalid or empty.>>[0m
[0m[1m<<[0m[32mseL4(CPU 0)[0m[1m [decodeCNodeInvocation/107 T0x80bf00c400 "rootserver" @31b998]: CNode Copy/Mint/Move/Mutate: Source slot invalid or empty.>>[0m
[0m[1m<<[0m[32mseL4(CPU 0)[0m[1m [decodeCNodeInvocation/107 T0x80bf00c400 "rootserver" @31b998]: CNode Copy/Mint/Move/Mutate: Source slot invalid or empty.>>[0m
[0m[1m<<[0m[32mseL4(CPU 0)[0m[1m [decodeCNodeInvocation/107 T0x80bf00c400 "rootserver" @31b998]: CNode Copy/Mint/Move/Mutate: Source slot invalid or empty.>>[0m
[0m[1m<<[0m[32mseL4(CPU 0)[0m[1m [decodeCNodeInvocation/107 T0x80bf00c400 "rootserver" @31b998]: CNode Copy/Mint/Move/Mutate: Source slot invalid or empty.>>[0m
[0m[1m<<[0m[32mseL4(CPU 0)[0m[1m [decodeCNodeInvocation/107 T0x80bf00c400 "rootserver" @31b998]: CNode Copy/Mint/Move/Mutate: Source slot invalid or empty.>>[0m
[0m[1m<<[0m[32mseL4(CPU 0)[0m[1m [decodeCNodeInvocation/107 T0x80bf00c400 "rootserver" @31b998]: CNode Copy/Mint/Move/Mutate: Source slot invalid or empty.>>[0m
[0m[1m<<[0m[32mseL4(CPU 0)[0m[1m [decodeCNodeInvocation/107 T0x80bf00c400 "rootserver" @31b998]: CNode Copy/Mint/Move/Mutate: Source slot invalid or empty.>>[0m
[0m[1m<<[0m[32mseL4(CPU 0)[0m[1m [decodeCNodeInvocation/107 T0x80bf00c400 "rootserver" @31b998]: CNode Copy/Mint/Move/Mutate: Source slot invalid or empty.>>[0m
[0m[1m<<[0m[32mseL4(CPU 0)[0m[1m [decodeCNodeInvocation/107 T0x80bf00c400 "rootserver" @31b998]: CNode Copy/Mint/Move/Mutate: Source slot invalid or empty.>>[0m
[0m[1m<<[0m[32mseL4(CPU 0)[0m[1m [decodeCNodeInvocation/107 T0x80bf00c400 "rootserver" @31b998]: CNode Copy/Mint/Move/Mutate: Source slot invalid or empty.>>[0m
[0m[1m<<[0m[32mseL4(CPU 0)[0m[1m [decodeCNodeInvocation/107 T0x80bf00c400 "rootserver" @31b998]: CNode Copy/Mint/Move/Mutate: Source slot invalid or empty.>>[0m
[0m[1m<<[0m[32mseL4(CPU 0)[0m[1m [decodeCNodeInvocation/107 T0x80bf00c400 "rootserver" @31b998]: CNode Copy/Mint/Move/Mutate: Source slot invalid or empty.>>[0m
[0m[1m<<[0m[32mseL4(CPU 0)[0m[1m [decodeCNodeInvocation/107 T0x80bf00c400 "rootserver" @31b998]: CNode Copy/Mint/Move/Mutate: Source slot invalid or empty.>>[0m
[0m[1m<<[0m[32mseL4(CPU 0)[0m[1m [decodeCNodeInvocation/107 T0x80bf00c400 "rootserver" @31b998]: CNode Copy/Mint/Move/Mutate: Source slot invalid or empty.>>[0m
[0m[1m<<[0m[32mseL4(CPU 0)[0m[1m [decodeCNodeInvocation/107 T0x80bf00c400 "rootserver" @31b998]: CNode Copy/Mint/Move/Mutate: Source slot invalid or empty.>>[0m
[0m[1m<<[0m[32mseL4(CPU 0)[0m[1m [decodeCNodeInvocation/107 T0x80bf00c400 "rootserver" @31b998]: CNode Copy/Mint/Move/Mutate: Source slot invalid or empty.>>[0m
[0m[1m<<[0m[32mseL4(CPU 0)[0m[1m [decodeCNodeInvocation/107 T0x80bf00c400 "rootserver" @31b998]: CNode Copy/Mint/Move/Mutate: Source slot invalid or empty.>>[0m
[0m[1m<<[0m[32mseL4(CPU 0)[0m[1m [decodeCNodeInvocation/107 T0x80bf00c400 "rootserver" @31b998]: CNode Copy/Mint/Move/Mutate: Source slot invalid or empty.>>[0m
[0m[1m<<[0m[32mseL4(CPU 0)[0m[1m [decodeCNodeInvocation/107 T0x80bf00c400 "rootserver" @31b998]: CNode Copy/Mint/Move/Mutate: Source slot invalid or empty.>>[0m
[0m[1m<<[0m[32mseL4(CPU 0)[0m[1m [decodeCNodeInvocation/107 T0x80bf00c400 "rootserver" @31b998]: CNode Copy/Mint/Move/Mutate: Source slot invalid or empty.>>[0m
[0m[1m<<[0m[32mseL4(CPU 0)[0m[1m [decodeCNodeInvocation/107 T0x80bf00c400 "rootserver" @31b998]: CNode Copy/Mint/Move/Mutate: Source slot invalid or empty.>>[0m
[0m[1m<<[0m[32mseL4(CPU 0)[0m[1m [decodeCNodeInvocation/107 T0x80bf00c400 "rootserver" @31b998]: CNode Copy/Mint/Move/Mutate: Source slot invalid or empty.>>[0m
[0m[1m<<[0m[32mseL4(CPU 0)[0m[1m [decodeCNodeInvocation/107 T0x80bf00c400 "rootserver" @31b998]: CNode Copy/Mint/Move/Mutate: Source slot invalid or empty.>>[0m
[0m[1m<<[0m[32mseL4(CPU 0)[0m[1m [decodeCNodeInvocation/107 T0x80bf00c400 "rootserver" @31b998]: CNode Copy/Mint/Move/Mutate: Source slot invalid or empty.>>[0m
[0m[1m<<[0m[32mseL4(CPU 0)[0m[1m [decodeCNodeInvocation/107 T0x80bf00c400 "rootserver" @31b998]: CNode Copy/Mint/Move/Mutate: Source slot invalid or empty.>>[0m
[0m[1m<<[0m[32mseL4(CPU 0)[0m[1m [decodeCNodeInvocation/107 T0x80bf00c400 "rootserver" @31b998]: CNode Copy/Mint/Move/Mutate: Source slot invalid or empty.>>[0m
[0m[1m<<[0m[32mseL4(CPU 0)[0m[1m [decodeCNodeInvocation/107 T0x80bf00c400 "rootserver" @31b998]: CNode Copy/Mint/Move/Mutate: Source slot invalid or empty.>>[0m
[0m[1m<<[0m[32mseL4(CPU 0)[0m[1m [decodeCNodeInvocation/107 T0x80bf00c400 "rootserver" @31b998]: CNode Copy/Mint/Move/Mutate: Source slot invalid or empty.>>[0m
[0m[1m<<[0m[32mseL4(CPU 0)[0m[1m [decodeCNodeInvocation/107 T0x80bf00c400 "rootserver" @31b998]: CNode Copy/Mint/Move/Mutate: Source slot invalid or empty.>>[0m
[0m[1m<<[0m[32mseL4(CPU 0)[0m[1m [decodeCNodeInvocation/107 T0x80bf00c400 "rootserver" @31b998]: CNode Copy/Mint/Move/Mutate: Source slot invalid or empty.>>[0m
[0m[1m<<[0m[32mseL4(CPU 0)[0m[1m [decodeCNodeInvocation/107 T0x80bf00c400 "rootserver" @31b998]: CNode Copy/Mint/Move/Mutate: Source slot invalid or empty.>>[0m
[0m[1m<<[0m[32mseL4(CPU 0)[0m[1m [decodeCNodeInvocation/107 T0x80bf00c400 "rootserver" @31b998]: CNode Copy/Mint/Move/Mutate: Source slot invalid or empty.>>[0m
[0m[1m<<[0m[32mseL4(CPU 0)[0m[1m [decodeCNodeInvocation/107 T0x80bf00c400 "rootserver" @31b998]: CNode Copy/Mint/Move/Mutate: Source slot invalid or empty.>>[0m
[0m[1m<<[0m[32mseL4(CPU 0)[0m[1m [decodeCNodeInvocation/107 T0x80bf00c400 "rootserver" @31b998]: CNode Copy/Mint/Move/Mutate: Source slot invalid or empty.>>[0m
[0m[1m<<[0m[32mseL4(CPU 0)[0m[1m [decodeCNodeInvocation/107 T0x80bf00c400 "rootserver" @31b998]: CNode Copy/Mint/Move/Mutate: Source slot invalid or empty.>>[0m
[0m[1m<<[0m[32mseL4(CPU 0)[0m[1m [decodeCNodeInvocation/107 T0x80bf00c400 "rootserver" @31b998]: CNode Copy/Mint/Move/Mutate: Source slot invalid or empty.>>[0m
[0m[1m<<[0m[32mseL4(CPU 0)[0m[1m [decodeCNodeInvocation/107 T0x80bf00c400 "rootserver" @31b998]: CNode Copy/Mint/Move/Mutate: Source slot invalid or empty.>>[0m
[0m[1m<<[0m[32mseL4(CPU 0)[0m[1m [decodeCNodeInvocation/107 T0x80bf00c400 "rootserver" @31b998]: CNode Copy/Mint/Move/Mutate: Source slot invalid or empty.>>[0m
[0m[1m<<[0m[32mseL4(CPU 0)[0m[1m [decodeCNodeInvocation/107 T0x80bf00c400 "rootserver" @31b998]: CNode Copy/Mint/Move/Mutate: Source slot invalid or empty.>>[0m
[0m[1m<<[0m[32mseL4(CPU 0)[0m[1m [decodeCNodeInvocation/107 T0x80bf00c400 "rootserver" @31b998]: CNode Copy/Mint/Move/Mutate: Source slot invalid or empty.>>[0m
[0m[1m<<[0m[32mseL4(CPU 0)[0m[1m [decodeCNodeInvocation/107 T0x80bf00c400 "rootserver" @31b998]: CNode Copy/Mint/Move/Mutate: Source slot invalid or empty.>>[0m
[0m[1m<<[0m[32mseL4(CPU 0)[0m[1m [decodeCNodeInvocation/107 T0x80bf00c400 "rootserver" @31b998]: CNode Copy/Mint/Move/Mutate: Source slot invalid or empty.>>[0m
[0m[1m<<[0m[32mseL4(CPU 0)[0m[1m [decodeCNodeInvocation/107 T0x80bf00c400 "rootserver" @31b998]: CNode Copy/Mint/Move/Mutate: Source slot invalid or empty.>>[0m
[0m[1m<<[0m[32mseL4(CPU 0)[0m[1m [decodeCNodeInvocation/107 T0x80bf00c400 "rootserver" @31b998]: CNode Copy/Mint/Move/Mutate: Source slot invalid or empty.>>[0m
[0m[1m<<[0m[32mseL4(CPU 0)[0m[1m [decodeCNodeInvocation/107 T0x80bf00c400 "rootserver" @31b998]: CNode Copy/Mint/Move/Mutate: Source slot invalid or empty.>>[0m
[0m[1m<<[0m[32mseL4(CPU 0)[0m[1m [decodeCNodeInvocation/107 T0x80bf00c400 "rootserver" @31b998]: CNode Copy/Mint/Move/Mutate: Source slot invalid or empty.>>[0m
[0m[1m<<[0m[32mseL4(CPU 0)[0m[1m [decodeCNodeInvocation/107 T0x80bf00c400 "rootserver" @31b998]: CNode Copy/Mint/Move/Mutate: Source slot invalid or empty.>>[0m
[0m[1m<<[0m[32mseL4(CPU 0)[0m[1m [decodeCNodeInvocation/107 T0x80bf00c400 "rootserver" @31b998]: CNode Copy/Mint/Move/Mutate: Source slot invalid or empty.>>[0m
[0m[1m<<[0m[32mseL4(CPU 0)[0m[1m [decodeCNodeInvocation/107 T0x80bf00c400 "rootserver" @31b998]: CNode Copy/Mint/Move/Mutate: Source slot invalid or empty.>>[0m
[0m[1m<<[0m[32mseL4(CPU 0)[0m[1m [decodeCNodeInvocation/107 T0x80bf00c400 "rootserver" @31b998]: CNode Copy/Mint/Move/Mutate: Source slot invalid or empty.>>[0m
[0m[1m<<[0m[32mseL4(CPU 0)[0m[1m [decodeCNodeInvocation/107 T0x80bf00c400 "rootserver" @31b998]: CNode Copy/Mint/Move/Mutate: Source slot invalid or empty.>>[0m
[0m[1m<<[0m[32mseL4(CPU 0)[0m[1m [decodeCNodeInvocation/107 T0x80bf00c400 "rootserver" @31b998]: CNode Copy/Mint/Move/Mutate: Source slot invalid or empty.>>[0m
[0m[1m<<[0m[32mseL4(CPU 0)[0m[1m [decodeCNodeInvocation/107 T0x80bf00c400 "rootserver" @31b998]: CNode Copy/Mint/Move/Mutate: Source slot invalid or empty.>>[0m
SLIME_IO quota task=4 instance=virtio-net-driver devices=1 shared_granule=0
SLIME_GRAPH staged task=4 instance=virtio-net-driver executable=virtio-net-driver grants=5 bindings=5 window=0x23d000 frames=62 tables=3 entry=0x2132f0
SLIME_GRAPH staged instances=5 root_autostart=5 loadable_executables=5 slimecm=0 wrong_target=0 unrecognized=0
SLIME_GRAPH endpoint grant=network-intruder-service producer_instance=3 consumer_instance=1
SLIME_GRAPH endpoint grant=network-service-link-peer producer_instance=4 consumer_instance=3
SLIME_GRAPH endpoint grant=network-tcp-probe-service producer_instance=3 consumer_instance=2
SLIME_GRAPH native endpoint task=1 slot=33 side=both
SLIME_GRAPH native endpoint task=2 slot=33 side=both
SLIME_GRAPH native endpoint task=3 slot=35 side=both
SLIME_GRAPH native endpoint task=3 slot=33 side=both
SLIME_GRAPH native endpoint task=3 slot=36 side=both
SLIME_GRAPH native endpoint task=4 slot=33 side=both
SLIME_GRAPH peer endpoints created=3 grants=3 installed=6
SLIME_GRAPH notification grant=io-link-rx-completion-ready source_instance=4 target_instance=3
SLIME_GRAPH notification grant=io-link-rx-request-ready source_instance=3 target_instance=4
SLIME_GRAPH notification grant=io-link-state-changed source_instance=4 target_instance=3
SLIME_GRAPH notification grant=io-link-tx-completion-ready source_instance=4 target_instance=3
SLIME_GRAPH notification grant=io-link-tx-request-ready source_instance=3 target_instance=4
SLIME_GRAPH notification binding task=3 slot=64 role=Signal
SLIME_GRAPH notification binding task=3 slot=65 role=Signal
SLIME_GRAPH notification binding task=3 slot=66 role=Wait
SLIME_GRAPH notification binding task=3 slot=67 role=Wait
SLIME_GRAPH notification binding task=3 slot=68 role=Wait
SLIME_GRAPH notification binding task=4 slot=64 role=Wait
SLIME_GRAPH notification binding task=4 slot=65 role=Wait
SLIME_GRAPH notification binding task=4 slot=66 role=Signal
SLIME_GRAPH notification binding task=4 slot=67 role=Signal
SLIME_GRAPH notification binding task=4 slot=68 role=Signal
SLIME_GRAPH notifications created=5 bindings=10
SLIME_CLOCK authority task=0 instance=init flags=0x0 timers=0 badge=0x0
SLIME_CLOCK authority task=1 instance=io-network-intruder flags=0x0 timers=0 badge=0x0
SLIME_CLOCK authority task=2 instance=io-tcp-probe flags=0x4000000 timers=0 badge=0x0
SLIME_CLOCK authority task=3 instance=network-service flags=0x4000000 timers=0 badge=0x0
SLIME_CLOCK authority task=4 instance=virtio-net-driver flags=0x0 timers=0 badge=0x0
[layout] path=init slots=0 max=64
[layout] end
SLIME_GRAPH activated instances=5
SLIME_TIMER phase=post-graph-start delivered badge=0x1 polls=8028
SLIME_TIMER phase=post-graph-start serviced events=1 programming=Disarm
SLIME_TIMER phase=post-graph-start advanced start=30683530 end=31322388 delta=638858
SLIME_TIMER phase=post-graph-start OK
SLIME_GRAPH quota task=0 instance=init executable=init pages=0 buffers=0 mappings=0 loans=0
SLIME_MEM quota task=0 instance=init declared=0 installed=0 base=0x0
SLIME_GRAPH quota task=1 instance=io-network-intruder executable=io-network-intruder pages=0 buffers=0 mappings=0 loans=0
SLIME_MEM quota task=1 instance=io-network-intruder declared=0 installed=0 base=0x0
SLIME_GRAPH quota task=2 instance=io-tcp-probe executable=io-tcp-probe pages=3 buffers=3 mappings=3 loans=3
SLIME_MEM quota task=2 instance=io-tcp-probe declared=0 installed=0 base=0x0
SLIME_GRAPH quota task=3 instance=network-service executable=network-service pages=10 buffers=10 mappings=16 loans=10
SLIME_MEM quota task=3 instance=network-service declared=0 installed=0 base=0x0
SLIME_GRAPH quota task=4 instance=virtio-net-driver executable=virtio-net-driver pages=0 buffers=0 mappings=10 loans=10
SLIME_MEM quota task=4 instance=virtio-net-driver declared=0 installed=0 base=0x0
SLIME_GRAPH quotas declared=5 budgeted=3 holders=3
SLIME_ROOT console dispatcher started
SLIME_ROOT allocator baseline live_slots=409 live_objects=386 live_bytes=3883280 allocation_descriptor_capacity=265272 extent_descriptor_capacity=1072
SLIME_GRAPH healthy generation=54 instances=4120553de12d34ae required=5 live=5 idle=5 failed=0
[network-service] authority destinations=5 rights=connect,send,recv
[network-service] declared socket_limit=5 listener_limit=0 dns_record_limit=0
SLIME_GRAPH binding unresolved task=3 instance=3 len=21
SLIME_CLOCK served task=3 label=70 result=62500000 live=0
SLIME_CLOCK served task=3 label=44 result=32454691 live=0
[network-service] clock rate=62500000
[network-service] interface addr=10.0.0.1/24 gateway=none mac=52:54:00:53:4c:01
SLIME_GRAPH buffer created task=3 slot=2 id=1 pages=1 writable=1
SLIME_GRAPH buffer created task=3 slot=3 id=2 pages=1 writable=1
SLIME_GRAPH loan created task=3 slot=4 id=1 to=4 offset=0 length=4096
SLIME_GRAPH capability exported task=3 id=1 kind=loan rights=0x300 retain=0
SLIME_GRAPH capability imported task=4 id=1 kind=loan rights=0x300 retain=0
[0m[1m<<[0m[32mseL4(CPU 0)[0m[1m [decodeARMFrameInvocation/1568 T0x80bf00c400 "rootserver" @31bd1c]: ARMPageMap: Attempting to remap a frame that does not belong to the passed address space>>[0m
SLIME_GRAPH frame aliased frame=2501 vaddr=0x1800005000 live=1
SLIME_GRAPH loan mapped task=4 slot=5 id=1
SLIME_CLOCK served task=2 label=70 result=62500000 live=0
[io-tcp-probe] clock rate=62500000
SLIME_GRAPH buffer created task=2 slot=2 id=3 pages=1 writable=1
SLIME_GRAPH loan created task=2 slot=3 id=2 to=3 offset=0 length=4096
SLIME_GRAPH capability exported task=2 id=2 kind=loan rights=0x300 retain=0
[init] wait set plane is root-launched
SLIME_GRAPH component exit task=0 status=0
SLIME_CLOCK teardown task=0 before=0 live=0
SLIME_LIFECYCLE terminated task=0 instance=0 cause=exit
SLIME_GRAPH quota released task=0 live=4
SLIME_ROOT reclaim census task=0 slots=521843 bytes=1580853616 live_objects=330 extent_reuses=0
SLIME_GRAPH loan created task=3 slot=4 id=3 to=4 offset=0 length=4096
SLIME_GRAPH capability exported task=3 id=3 kind=loan rights=0x300 retain=0
SLIME_GRAPH capability imported task=4 id=3 kind=loan rights=0x300 retain=0
[0m[1m<<[0m[32mseL4(CPU 0)[0m[1m [decodeARMFrameInvocation/1568 T0x80bf00c400 "rootserver" @31bd1c]: ARMPageMap: Attempting to remap a frame that does not belong to the passed address space>>[0m
SLIME_GRAPH frame aliased frame=2502 vaddr=0x1800006000 live=2
SLIME_GRAPH loan mapped task=4 slot=6 id=3
SLIME_GRAPH buffer created task=3 slot=4 id=4 pages=1 writable=1
SLIME_GRAPH loan created task=3 slot=5 id=4 to=4 offset=0 length=4096
SLIME_GRAPH capability exported task=3 id=4 kind=loan rights=0x300 retain=0
SLIME_GRAPH capability imported task=4 id=4 kind=loan rights=0x300 retain=0
SLIME_GRAPH buffer created task=3 slot=5 id=5 pages=1 writable=1
SLIME_GRAPH loan created task=3 slot=6 id=5 to=4 offset=0 length=4096
SLIME_GRAPH capability exported task=3 id=5 kind=loan rights=0x300 retain=0
SLIME_GRAPH capability imported task=4 id=5 kind=loan rights=0x300 retain=0
SLIME_GRAPH buffer created task=3 slot=6 id=6 pages=1 writable=1
SLIME_GRAPH loan created task=3 slot=7 id=6 to=4 offset=0 length=4096
SLIME_GRAPH capability exported task=3 id=6 kind=loan rights=0x300 retain=0
SLIME_GRAPH capability imported task=4 id=6 kind=loan rights=0x300 retain=0
SLIME_GRAPH buffer created task=3 slot=7 id=7 pages=1 writable=1
SLIME_GRAPH loan created task=3 slot=8 id=7 to=4 offset=0 length=4096
SLIME_GRAPH capability exported task=3 id=7 kind=loan rights=0x300 retain=0
SLIME_GRAPH capability imported task=4 id=7 kind=loan rights=0x300 retain=0
SLIME_GRAPH buffer created task=3 slot=8 id=8 pages=1 writable=1
SLIME_GRAPH loan created task=3 slot=9 id=8 to=4 offset=0 length=4096
SLIME_GRAPH capability exported task=3 id=8 kind=loan rights=0x300 retain=0
SLIME_GRAPH capability imported task=4 id=8 kind=loan rights=0x300 retain=0
SLIME_GRAPH buffer created task=3 slot=9 id=9 pages=1 writable=1
SLIME_GRAPH loan created task=3 slot=10 id=9 to=4 offset=0 length=4096
SLIME_GRAPH capability exported task=3 id=9 kind=loan rights=0x300 retain=0
SLIME_GRAPH capability imported task=4 id=9 kind=loan rights=0x300 retain=0
SLIME_GRAPH buffer created task=3 slot=10 id=10 pages=1 writable=1
SLIME_GRAPH loan created task=3 slot=11 id=10 to=4 offset=0 length=4096
SLIME_GRAPH capability exported task=3 id=10 kind=loan rights=0x300 retain=0
SLIME_GRAPH capability imported task=4 id=10 kind=loan rights=0x300 retain=0
SLIME_GRAPH buffer created task=3 slot=11 id=11 pages=1 writable=1
SLIME_GRAPH loan created task=3 slot=12 id=11 to=4 offset=0 length=4096
SLIME_GRAPH capability exported task=3 id=11 kind=loan rights=0x300 retain=0
SLIME_GRAPH capability imported task=4 id=11 kind=loan rights=0x300 retain=0
[virtio-net-driver] negotiated legacy features=0 queues rx=16 tx=16 epoch=1
[virtio-net-driver] mmio mechanism=mediated-bounded-read32-write32
[network-service] link query state=up rx provisioned=4
SLIME_IO payload dma pages=1 frames=1 writable=true direction=DeviceWrite
SLIME_IO payload frame index=0 slot=2108 paddr=Some(1615355904)
SLIME_IO payload dma pages=1 frames=1 writable=true direction=DeviceWrite
SLIME_IO payload frame index=0 slot=2112 paddr=Some(1615372288)
SLIME_IO payload dma pages=1 frames=1 writable=true direction=DeviceWrite
SLIME_IO payload frame index=0 slot=2116 paddr=Some(1615388672)
SLIME_IO payload dma pages=1 frames=1 writable=true direction=DeviceWrite
SLIME_IO payload frame index=0 slot=2120 paddr=Some(1615405056)
SLIME_GRAPH capability imported task=3 id=2 kind=loan rights=0x300 retain=0
[0m[1m<<[0m[32mseL4(CPU 0)[0m[1m [decodeARMFrameInvocation/1568 T0x80bf00c400 "rootserver" @31bd1c]: ARMPageMap: Attempting to remap a frame that does not belong to the passed address space>>[0m
SLIME_GRAPH frame aliased frame=2513 vaddr=0x1900016000 live=3
SLIME_GRAPH loan mapped task=3 slot=12 id=2
SLIME_CLOCK served task=3 label=44 result=35152662 live=0
SLIME_IO payload dma pages=1 frames=1 writable=true direction=DeviceWrite
SLIME_IO payload frame index=0 slot=2108 paddr=Some(1615355904)
SLIME_IO payload dma pages=1 frames=1 writable=true direction=DeviceWrite
SLIME_IO payload frame index=0 slot=2112 paddr=Some(1615372288)
SLIME_IO payload dma pages=1 frames=1 writable=true direction=DeviceRead
SLIME_IO payload frame index=0 slot=2124 paddr=Some(1615421440)
SLIME_IO payload dma pages=1 frames=1 writable=true direction=DeviceRead
SLIME_IO payload frame index=0 slot=2128 paddr=Some(1615437824)
[virtio-net-driver] tx completed frames=2
SLIME_GRAPH buffer created task=2 slot=3 id=12 pages=1 writable=1
SLIME_GRAPH loan created task=2 slot=4 id=12 to=3 offset=0 length=4096
SLIME_GRAPH capability exported task=2 id=12 kind=loan rights=0x300 retain=0
SLIME_GRAPH capability imported task=3 id=12 kind=loan rights=0x300 retain=0
[0m[1m<<[0m[32mseL4(CPU 0)[0m[1m [decodeARMFrameInvocation/1568 T0x80bf00c400 "rootserver" @31bd1c]: ARMPageMap: Attempting to remap a frame that does not belong to the passed address space>>[0m
SLIME_GRAPH frame aliased frame=2160 vaddr=0x1900017000 live=4
SLIME_GRAPH loan mapped task=3 slot=13 id=12
SLIME_CLOCK served task=3 label=44 result=35501593 live=0
SLIME_GRAPH buffer created task=2 slot=4 id=13 pages=1 writable=1
SLIME_GRAPH loan created task=2 slot=5 id=13 to=3 offset=0 length=4096
SLIME_GRAPH capability exported task=2 id=13 kind=loan rights=0x300 retain=0
SLIME_GRAPH capability imported task=3 id=13 kind=loan rights=0x300 retain=0
[0m[1m<<[0m[32mseL4(CPU 0)[0m[1m [decodeARMFrameInvocation/1568 T0x80bf00c400 "rootserver" @31bd1c]: ARMPageMap: Attempting to remap a frame that does not belong to the passed address space>>[0m
SLIME_GRAPH frame aliased frame=2168 vaddr=0x1900018000 live=5
SLIME_GRAPH loan mapped task=3 slot=14 id=13
SLIME_CLOCK served task=3 label=44 result=35636199 live=0
SLIME_CLOCK served task=3 label=44 result=35707399 live=0
SLIME_IO payload dma pages=1 frames=1 writable=true direction=DeviceRead
SLIME_IO payload frame index=0 slot=2124 paddr=Some(1615421440)
SLIME_CLOCK served task=3 label=44 result=35868601 live=0
SLIME_IO payload dma pages=1 frames=1 writable=true direction=DeviceWrite
SLIME_IO payload frame index=0 slot=2116 paddr=Some(1615388672)
SLIME_IO payload dma pages=1 frames=1 writable=true direction=DeviceRead
SLIME_IO payload frame index=0 slot=2124 paddr=Some(1615421440)
[io-tcp-probe] connect dst=10.0.0.2:4242 status=ok
[io-tcp-probe] tcp capabilities=1 rights=connect,send,recv
[io-tcp-probe] sent bytes=4096
SLIME_CLOCK served task=3 label=44 result=36219002 live=0
SLIME_IO payload dma pages=1 frames=1 writable=true direction=DeviceRead
SLIME_IO payload frame index=0 slot=2124 paddr=Some(1615421440)
SLIME_IO payload dma pages=1 frames=1 writable=true direction=DeviceRead
SLIME_IO payload frame index=0 slot=2128 paddr=Some(1615437824)
SLIME_IO payload dma pages=1 frames=1 writable=true direction=DeviceRead
SLIME_IO payload frame index=0 slot=2132 paddr=Some(1615454208)
SLIME_IO payload dma pages=1 frames=1 writable=true direction=DeviceRead
SLIME_IO payload frame index=0 slot=2136 paddr=Some(1615470592)
SLIME_CLOCK served task=3 label=44 result=36451519 live=0
SLIME_IO payload dma pages=1 frames=1 writable=true direction=DeviceWrite
SLIME_IO payload frame index=0 slot=2108 paddr=Some(1615355904)
SLIME_IO payload dma pages=1 frames=1 writable=true direction=DeviceWrite
SLIME_IO payload frame index=0 slot=2112 paddr=Some(1615372288)
SLIME_IO payload dma pages=1 frames=1 writable=true direction=DeviceWrite
SLIME_IO payload frame index=0 slot=2116 paddr=Some(1615388672)
SLIME_IO payload dma pages=1 frames=1 writable=true direction=DeviceWrite
SLIME_IO payload frame index=0 slot=2120 paddr=Some(1615405056)
SLIME_IO payload dma pages=1 frames=1 writable=true direction=DeviceRead
SLIME_IO payload frame index=0 slot=2124 paddr=Some(1615421440)
SLIME_IO payload dma pages=1 frames=1 writable=true direction=DeviceRead
SLIME_IO payload frame index=0 slot=2128 paddr=Some(1615437824)
SLIME_IO payload dma pages=1 frames=1 writable=true direction=DeviceRead
SLIME_IO payload frame index=0 slot=2132 paddr=Some(1615454208)
[io-network-intruder] exact authority refusals=8
SLIME_CLOCK served task=3 label=44 result=36852221 live=0
SLIME_IO payload dma pages=1 frames=1 writable=true direction=DeviceWrite
SLIME_IO payload frame index=0 slot=2108 paddr=Some(1615355904)
SLIME_IO payload dma pages=1 frames=1 writable=true direction=DeviceWrite
SLIME_IO payload frame index=0 slot=2112 paddr=Some(1615372288)
SLIME_IO payload dma pages=1 frames=1 writable=true direction=DeviceWrite
SLIME_IO payload frame index=0 slot=2116 paddr=Some(1615388672)
SLIME_IO payload dma pages=1 frames=1 writable=true direction=DeviceWrite
SLIME_IO payload frame index=0 slot=2120 paddr=Some(1615405056)
SLIME_IO payload dma pages=1 frames=1 writable=true direction=DeviceRead
SLIME_IO payload frame index=0 slot=2124 paddr=Some(1615421440)
SLIME_CLOCK served task=3 label=44 result=37067100 live=0
SLIME_IO payload dma pages=1 frames=1 writable=true direction=DeviceWrite
SLIME_IO payload frame index=0 slot=2108 paddr=Some(1615355904)
SLIME_IO payload dma pages=1 frames=1 writable=true direction=DeviceWrite
SLIME_IO payload frame index=0 slot=2112 paddr=Some(1615372288)
SLIME_IO payload dma pages=1 frames=1 writable=true direction=DeviceWrite
SLIME_IO payload frame index=0 slot=2116 paddr=Some(1615388672)
SLIME_IO payload dma pages=1 frames=1 writable=true direction=DeviceWrite
SLIME_IO payload frame index=0 slot=2120 paddr=Some(1615405056)
SLIME_IO payload dma pages=1 frames=1 writable=true direction=DeviceRead
SLIME_IO payload frame index=0 slot=2124 paddr=Some(1615421440)
SLIME_CLOCK served task=3 label=44 result=37311867 live=0
[io-tcp-probe] received bytes=4096 completions=4
[io-tcp-probe] stream verified bytes=4096 mismatches=0
SLIME_IO payload dma pages=1 frames=1 writable=true direction=DeviceWrite
SLIME_IO payload frame index=0 slot=2108 paddr=Some(1615355904)
SLIME_IO payload dma pages=1 frames=1 writable=true direction=DeviceWrite
SLIME_IO payload frame index=0 slot=2112 paddr=Some(1615372288)
SLIME_IO payload dma pages=1 frames=1 writable=true direction=DeviceWrite
SLIME_IO payload frame index=0 slot=2116 paddr=Some(1615388672)
SLIME_IO payload dma pages=1 frames=1 writable=true direction=DeviceWrite
SLIME_IO payload frame index=0 slot=2120 paddr=Some(1615405056)
SLIME_IO payload dma pages=1 frames=1 writable=true direction=DeviceRead
SLIME_IO payload frame index=0 slot=2124 paddr=Some(1615421440)
[io-tcp-probe] close status=ok
SLIME_CLOCK served task=3 label=44 result=37529382 live=0
SLIME_IO payload dma pages=1 frames=1 writable=true direction=DeviceRead
SLIME_IO payload frame index=0 slot=2124 paddr=Some(1615421440)
[io-network-intruder] cross-holder capability refusals=4
SLIME_CLOCK served task=3 label=44 result=37600933 live=0
SLIME_IO payload dma pages=1 frames=1 writable=true direction=DeviceWrite
SLIME_IO payload frame index=0 slot=2108 paddr=Some(1615355904)
SLIME_IO payload dma pages=1 frames=1 writable=true direction=DeviceWrite
SLIME_IO payload frame index=0 slot=2112 paddr=Some(1615372288)
SLIME_IO payload dma pages=1 frames=1 writable=true direction=DeviceRead
SLIME_IO payload frame index=0 slot=2124 paddr=Some(1615421440)
SLIME_IO payload dma pages=1 frames=1 writable=true direction=DeviceRead
SLIME_IO payload frame index=0 slot=2128 paddr=Some(1615437824)
SLIME_CLOCK served task=3 label=44 result=37799097 live=0
SLIME_IO payload dma pages=1 frames=1 writable=true direction=DeviceWrite
SLIME_IO payload frame index=0 slot=2116 paddr=Some(1615388672)
[io-tcp-probe] connect dst=10.0.0.2:4243 status=refused
[io-tcp-probe] undeclared destination refusals=1
SLIME_CLOCK served task=2 label=44 result=37883173 live=0
SLIME_CLOCK served task=2 label=44 result=37895423 live=0
SLIME_CLOCK served task=3 label=44 result=37908726 live=0
SLIME_CLOCK served task=2 label=44 result=37921828 live=0
SLIME_CLOCK served task=2 label=44 result=37934472 live=0
SLIME_CLOCK served task=3 label=44 result=37945888 live=0
SLIME_CLOCK served task=2 label=44 result=37957873 live=0
[io-network-intruder] rights-mask refusals=2
SLIME_CLOCK served task=2 label=44 result=37982545 live=0
SLIME_CLOCK served task=3 label=44 result=37994177 live=0
SLIME_CLOCK served task=2 label=44 result=38007715 live=0
SLIME_CLOCK served task=2 label=44 result=38020988 live=0
SLIME_CLOCK served task=3 label=44 result=38033210 live=0
SLIME_CLOCK served task=2 label=44 result=38044819 live=0
SLIME_CLOCK served task=2 label=44 result=38057028 live=0
SLIME_CLOCK served task=3 label=44 result=38068505 live=0
SLIME_CLOCK served task=2 label=44 result=38082162 live=0
[io-network-intruder] structured denials=14 shutdown=1
SLIME_GRAPH component exit task=1 status=0
SLIME_CLOCK teardown task=1 before=0 live=0
SLIME_LIFECYCLE terminated task=1 instance=1 cause=exit
SLIME_GRAPH quota released task=1 live=3
SLIME_ROOT reclaim census task=1 slots=521836 bytes=1580575088 live_objects=335 extent_reuses=0
SLIME_CLOCK served task=2 label=44 result=38317880 live=0
SLIME_CLOCK served task=3 label=44 result=38329742 live=0
SLIME_CLOCK served task=3 label=44 result=38340414 live=0
SLIME_CLOCK served task=2 label=44 result=38351888 live=0
SLIME_CLOCK served task=3 label=44 result=38363644 live=0
SLIME_CLOCK served task=2 label=44 result=38374127 live=0
SLIME_CLOCK served task=3 label=44 result=38387033 live=0
SLIME_CLOCK served task=2 label=44 result=38397747 live=0
SLIME_CLOCK served task=3 label=44 result=38409414 live=0
SLIME_CLOCK served task=2 label=44 result=38420387 live=0
SLIME_CLOCK served task=3 label=44 result=38431848 live=0
SLIME_CLOCK served task=2 label=44 result=38442541 live=0
SLIME_CLOCK served task=3 label=44 result=38454019 live=0
SLIME_CLOCK served task=2 label=44 result=38464538 live=0
SLIME_CLOCK served task=3 label=44 result=38475990 live=0
SLIME_CLOCK served task=2 label=44 result=38487001 live=0
SLIME_CLOCK served task=3 label=44 result=38498414 live=0
SLIME_CLOCK served task=2 label=44 result=38509933 live=0
SLIME_CLOCK served task=3 label=44 result=38521231 live=0
SLIME_CLOCK served task=2 label=44 result=38531749 live=0
SLIME_CLOCK served task=3 label=44 result=38543159 live=0
SLIME_CLOCK served task=2 label=44 result=38553713 live=0
SLIME_CLOCK served task=3 label=44 result=38564947 live=0
SLIME_CLOCK served task=2 label=44 result=38575460 live=0
SLIME_CLOCK served task=3 label=44 result=38586789 live=0
SLIME_CLOCK served task=2 label=44 result=38597982 live=0
SLIME_CLOCK served task=3 label=44 result=38609368 live=0
SLIME_CLOCK served task=2 label=44 result=38620173 live=0
SLIME_CLOCK served task=3 label=44 result=38631637 live=0
SLIME_CLOCK served task=2 label=44 result=38647260 live=0
SLIME_CLOCK served task=3 label=44 result=38663126 live=0
SLIME_CLOCK served task=2 label=44 result=38678226 live=0
SLIME_CLOCK served task=3 label=44 result=38694289 live=0
SLIME_CLOCK served task=2 label=44 result=38709471 live=0
SLIME_CLOCK served task=3 label=44 result=38725003 live=0
SLIME_CLOCK served task=2 label=44 result=38739533 live=0
SLIME_CLOCK served task=3 label=44 result=38752783 live=0
SLIME_CLOCK served task=2 label=44 result=38765026 live=0
SLIME_CLOCK served task=3 label=44 result=38783089 live=0
SLIME_CLOCK served task=2 label=44 result=38800079 live=0
SLIME_CLOCK served task=3 label=44 result=38817436 live=0
SLIME_CLOCK served task=2 label=44 result=38834210 live=0
SLIME_CLOCK served task=3 label=44 result=38851653 live=0
SLIME_CLOCK served task=2 label=44 result=38868221 live=0
SLIME_CLOCK served task=3 label=44 result=38885551 live=0
SLIME_CLOCK served task=2 label=44 result=38903205 live=0
SLIME_CLOCK served task=3 label=44 result=38920907 live=0
SLIME_CLOCK served task=2 label=44 result=38937540 live=0
SLIME_CLOCK served task=3 label=44 result=38954894 live=0
SLIME_CLOCK served task=2 label=44 result=38972312 live=0
SLIME_CLOCK served task=3 label=44 result=38989975 live=0
SLIME_CLOCK served task=2 label=44 result=39006956 live=0
SLIME_CLOCK served task=3 label=44 result=39025831 live=0
SLIME_CLOCK served task=2 label=44 result=39042250 live=0
SLIME_CLOCK served task=3 label=44 result=39059406 live=0
SLIME_CLOCK served task=2 label=44 result=39076107 live=0
SLIME_CLOCK served task=3 label=44 result=39093614 live=0
SLIME_CLOCK served task=2 label=44 result=39110358 live=0
SLIME_CLOCK served task=3 label=44 result=39127833 live=0
SLIME_CLOCK served task=2 label=44 result=39146212 live=0
SLIME_CLOCK served task=3 label=44 result=39163650 live=0
SLIME_CLOCK served task=2 label=44 result=39179447 live=0
SLIME_CLOCK served task=3 label=44 result=39190467 live=0
SLIME_CLOCK served task=2 label=44 result=39199996 live=0
SLIME_CLOCK served task=3 label=44 result=39213656 live=0
SLIME_CLOCK served task=2 label=44 result=39228321 live=0
SLIME_CLOCK served task=3 label=44 result=39244127 live=0
SLIME_CLOCK served task=2 label=44 result=39258922 live=0
SLIME_CLOCK served task=3 label=44 result=39278114 live=0
SLIME_CLOCK served task=2 label=44 result=39295069 live=0
SLIME_CLOCK served task=3 label=44 result=39309024 live=0
SLIME_CLOCK served task=2 label=44 result=39319834 live=0
SLIME_CLOCK served task=3 label=44 result=39330995 live=0
SLIME_CLOCK served task=2 label=44 result=39341671 live=0
SLIME_CLOCK served task=3 label=44 result=39353519 live=0
SLIME_CLOCK served task=2 label=44 result=39364633 live=0
SLIME_CLOCK served task=3 label=44 result=39375975 live=0
SLIME_CLOCK served task=2 label=44 result=39386472 live=0
SLIME_CLOCK served task=3 label=44 result=39398798 live=0
SLIME_CLOCK served task=2 label=44 result=39409668 live=0
SLIME_CLOCK served task=3 label=44 result=39421013 live=0
SLIME_CLOCK served task=2 label=44 result=39431852 live=0
SLIME_CLOCK served task=3 label=44 result=39443185 live=0
SLIME_CLOCK served task=2 label=44 result=39454082 live=0
SLIME_CLOCK served task=3 label=44 result=39465477 live=0
SLIME_CLOCK served task=2 label=44 result=39476365 live=0
SLIME_CLOCK served task=3 label=44 result=39487976 live=0
SLIME_CLOCK served task=2 label=44 result=39498691 live=0
SLIME_CLOCK served task=3 label=44 result=39510247 live=0
SLIME_CLOCK served task=2 label=44 result=39520930 live=0
SLIME_CLOCK served task=3 label=44 result=39533565 live=0
SLIME_CLOCK served task=2 label=44 result=39544328 live=0
SLIME_CLOCK served task=3 label=44 result=39555991 live=0
SLIME_CLOCK served task=2 label=44 result=39566987 live=0
SLIME_CLOCK served task=3 label=44 result=39578229 live=0
SLIME_CLOCK served task=2 label=44 result=39589129 live=0
SLIME_CLOCK served task=3 label=44 result=39600827 live=0
SLIME_CLOCK served task=2 label=44 result=39611810 live=0
SLIME_CLOCK served task=3 label=44 result=39623330 live=0
SLIME_CLOCK served task=2 label=44 result=39634442 live=0
SLIME_CLOCK served task=3 label=44 result=39645997 live=0
SLIME_CLOCK served task=2 label=44 result=39658238 live=0
SLIME_CLOCK served task=3 label=44 result=39670147 live=0
SLIME_CLOCK served task=2 label=44 result=39684966 live=0
SLIME_CLOCK served task=3 label=44 result=39702705 live=0
SLIME_CLOCK served task=2 label=44 result=39719452 live=0
SLIME_CLOCK served task=3 label=44 result=39734997 live=0
SLIME_CLOCK served task=2 label=44 result=39749850 live=0
SLIME_CLOCK served task=3 label=44 result=39765629 live=0
SLIME_CLOCK served task=2 label=44 result=39783196 live=0
SLIME_CLOCK served task=3 label=44 result=39797396 live=0
SLIME_CLOCK served task=2 label=44 result=39808402 live=0
SLIME_CLOCK served task=3 label=44 result=39819769 live=0
SLIME_CLOCK served task=2 label=44 result=39833433 live=0
SLIME_CLOCK served task=3 label=44 result=39845200 live=0
SLIME_CLOCK served task=2 label=44 result=39855814 live=0
SLIME_CLOCK served task=3 label=44 result=39867822 live=0
SLIME_CLOCK served task=2 label=44 result=39878474 live=0
SLIME_CLOCK served task=3 label=44 result=39889953 live=0
SLIME_CLOCK served task=2 label=44 result=39900364 live=0
SLIME_CLOCK served task=3 label=44 result=39914020 live=0
SLIME_CLOCK served task=2 label=44 result=39924637 live=0
SLIME_CLOCK served task=3 label=44 result=39935935 live=0
SLIME_CLOCK served task=2 label=44 result=39946377 live=0
SLIME_CLOCK served task=3 label=44 result=39957516 live=0
SLIME_CLOCK served task=2 label=44 result=39968051 live=0
SLIME_CLOCK served task=3 label=44 result=39980102 live=0
SLIME_CLOCK served task=2 label=44 result=39990869 live=0
SLIME_CLOCK served task=3 label=44 result=40002105 live=0
SLIME_CLOCK served task=2 label=44 result=40012621 live=0
SLIME_CLOCK served task=3 label=44 result=40023642 live=0
SLIME_CLOCK served task=2 label=44 result=40035547 live=0
SLIME_CLOCK served task=3 label=44 result=40046929 live=0
SLIME_CLOCK served task=2 label=44 result=40057625 live=0
SLIME_CLOCK served task=3 label=44 result=40068818 live=0
SLIME_CLOCK served task=2 label=44 result=40079607 live=0
SLIME_CLOCK served task=3 label=44 result=40091285 live=0
SLIME_CLOCK served task=2 label=44 result=40102384 live=0
SLIME_CLOCK served task=3 label=44 result=40113767 live=0
SLIME_CLOCK served task=2 label=44 result=40124255 live=0
SLIME_CLOCK served task=3 label=44 result=40135758 live=0
SLIME_CLOCK served task=2 label=44 result=40146240 live=0
SLIME_CLOCK served task=3 label=44 result=40158719 live=0
SLIME_CLOCK served task=2 label=44 result=40169636 live=0
SLIME_CLOCK served task=3 label=44 result=40181175 live=0
SLIME_CLOCK served task=2 label=44 result=40193820 live=0
SLIME_CLOCK served task=3 label=44 result=40208933 live=0
SLIME_CLOCK served task=2 label=44 result=40224382 live=0
SLIME_CLOCK served task=3 label=44 result=40242063 live=0
SLIME_CLOCK served task=2 label=44 result=40258522 live=0
SLIME_CLOCK served task=3 label=44 result=40276318 live=0
SLIME_CLOCK served task=2 label=44 result=40288671 live=0
SLIME_CLOCK served task=3 label=44 result=40299885 live=0
SLIME_CLOCK served task=2 label=44 result=40310846 live=0
SLIME_CLOCK served task=3 label=44 result=40321984 live=0
SLIME_CLOCK served task=2 label=44 result=40336927 live=0
SLIME_CLOCK served task=3 label=44 result=40354461 live=0
SLIME_CLOCK served task=2 label=44 result=40368784 live=0
SLIME_CLOCK served task=3 label=44 result=40384539 live=0
SLIME_CLOCK served task=2 label=44 result=40399305 live=0
SLIME_CLOCK served task=3 label=44 result=40421516 live=0
SLIME_CLOCK served task=2 label=44 result=40434627 live=0
SLIME_CLOCK served task=3 label=44 result=40446049 live=0
SLIME_CLOCK served task=2 label=44 result=40456576 live=0
SLIME_CLOCK served task=3 label=44 result=40468621 live=0
SLIME_CLOCK served task=2 label=44 result=40482750 live=0
SLIME_CLOCK served task=3 label=44 result=40497440 live=0
SLIME_CLOCK served task=2 label=44 result=40511419 live=0
SLIME_CLOCK served task=3 label=44 result=40526211 live=0
SLIME_CLOCK served task=2 label=44 result=40542173 live=0
SLIME_CLOCK served task=3 label=44 result=40557048 live=0
SLIME_CLOCK served task=2 label=44 result=40570748 live=0
SLIME_CLOCK served task=3 label=44 result=40585483 live=0
SLIME_CLOCK served task=2 label=44 result=40599543 live=0
SLIME_CLOCK served task=3 label=44 result=40614293 live=0
SLIME_CLOCK served task=2 label=44 result=40628277 live=0
SLIME_CLOCK served task=3 label=44 result=40642987 live=0
SLIME_CLOCK served task=2 label=44 result=40656977 live=0
SLIME_CLOCK served task=3 label=44 result=40673308 live=0
SLIME_CLOCK served task=2 label=44 result=40687191 live=0
SLIME_CLOCK served task=3 label=44 result=40701956 live=0
SLIME_CLOCK served task=2 label=44 result=40715747 live=0
SLIME_CLOCK served task=3 label=44 result=40729750 live=0
SLIME_CLOCK served task=2 label=44 result=40740839 live=0
SLIME_CLOCK served task=3 label=44 result=40752710 live=0
SLIME_CLOCK served task=2 label=44 result=40763720 live=0
SLIME_CLOCK served task=3 label=44 result=40775400 live=0
SLIME_CLOCK served task=2 label=44 result=40786497 live=0
SLIME_CLOCK served task=3 label=44 result=40799529 live=0
SLIME_CLOCK served task=2 label=44 result=40810563 live=0
SLIME_CLOCK served task=3 label=44 result=40822252 live=0
SLIME_CLOCK served task=2 label=44 result=40834748 live=0
SLIME_CLOCK served task=3 label=44 result=40850027 live=0
SLIME_CLOCK served task=2 label=44 result=40864847 live=0
SLIME_CLOCK served task=3 label=44 result=40881355 live=0
SLIME_CLOCK served task=2 label=44 result=40895844 live=0
SLIME_CLOCK served task=3 label=44 result=40910739 live=0
SLIME_CLOCK served task=2 label=44 result=40929188 live=0
SLIME_CLOCK served task=3 label=44 result=40946651 live=0
SLIME_CLOCK served task=2 label=44 result=40963469 live=0
SLIME_CLOCK served task=3 label=44 result=40980924 live=0
SLIME_CLOCK served task=2 label=44 result=40992840 live=0
SLIME_CLOCK served task=3 label=44 result=41004250 live=0
SLIME_CLOCK served task=2 label=44 result=41014961 live=0
SLIME_CLOCK served task=3 label=44 result=41026425 live=0
SLIME_CLOCK served task=2 label=44 result=41037350 live=0
SLIME_CLOCK served task=3 label=44 result=41049853 live=0
SLIME_CLOCK served task=2 label=44 result=41060581 live=0
SLIME_CLOCK served task=3 label=44 result=41071947 live=0
SLIME_CLOCK served task=2 label=44 result=41082558 live=0
SLIME_CLOCK served task=3 label=44 result=41094017 live=0
SLIME_CLOCK served task=2 label=44 result=41104948 live=0
SLIME_CLOCK served task=3 label=44 result=41116207 live=0
SLIME_CLOCK served task=2 label=44 result=41126877 live=0
SLIME_CLOCK served task=3 label=44 result=41138280 live=0
SLIME_CLOCK served task=2 label=44 result=41148989 live=0
SLIME_CLOCK served task=3 label=44 result=41163996 live=0
SLIME_CLOCK served task=2 label=44 result=41176492 live=0
SLIME_CLOCK served task=3 label=44 result=41188700 live=0
SLIME_CLOCK served task=2 label=44 result=41199426 live=0
SLIME_CLOCK served task=3 label=44 result=41210744 live=0
SLIME_CLOCK served task=2 label=44 result=41221573 live=0
SLIME_CLOCK served task=3 label=44 result=41234472 live=0
SLIME_CLOCK served task=2 label=44 result=41247461 live=0
SLIME_CLOCK served task=3 label=44 result=41260218 live=0
SLIME_CLOCK served task=2 label=44 result=41272557 live=0
SLIME_CLOCK served task=3 label=44 result=41285689 live=0
SLIME_CLOCK served task=2 label=44 result=41298780 live=0
SLIME_CLOCK served task=3 label=44 result=41311873 live=0
SLIME_CLOCK served task=2 label=44 result=41324295 live=0
SLIME_CLOCK served task=3 label=44 result=41337350 live=0
SLIME_CLOCK served task=2 label=44 result=41352189 live=0
SLIME_CLOCK served task=3 label=44 result=41369785 live=0
SLIME_CLOCK served task=2 label=44 result=41386767 live=0
SLIME_CLOCK served task=3 label=44 result=41401874 live=0
SLIME_CLOCK served task=2 label=44 result=41416692 live=0
SLIME_CLOCK served task=3 label=44 result=41446375 live=0
SLIME_CLOCK served task=2 label=44 result=41466137 live=0
SLIME_CLOCK served task=3 label=44 result=41485938 live=0
SLIME_CLOCK served task=2 label=44 result=41503571 live=0
SLIME_CLOCK served task=3 label=44 result=41521706 live=0
SLIME_CLOCK served task=2 label=44 result=41538227 live=0
SLIME_CLOCK served task=3 label=44 result=41556895 live=0
SLIME_CLOCK served task=2 label=44 result=41570251 live=0
SLIME_CLOCK served task=3 label=44 result=41581608 live=0
SLIME_CLOCK served task=2 label=44 result=41592258 live=0
SLIME_CLOCK served task=3 label=44 result=41603737 live=0
SLIME_CLOCK served task=2 label=44 result=41614386 live=0
SLIME_CLOCK served task=3 label=44 result=41625597 live=0
SLIME_CLOCK served task=2 label=44 result=41636112 live=0
SLIME_CLOCK served task=3 label=44 result=41647287 live=0
SLIME_CLOCK served task=2 label=44 result=41658044 live=0
SLIME_CLOCK served task=3 label=44 result=41669543 live=0
SLIME_CLOCK served task=2 label=44 result=41682030 live=0
SLIME_CLOCK served task=3 label=44 result=41693199 live=0
SLIME_CLOCK served task=2 label=44 result=41703773 live=0
SLIME_CLOCK served task=3 label=44 result=41715059 live=0
SLIME_CLOCK served task=2 label=44 result=41725853 live=0
SLIME_CLOCK served task=3 label=44 result=41737159 live=0
SLIME_CLOCK served task=2 label=44 result=41747838 live=0
SLIME_CLOCK served task=3 label=44 result=41759184 live=0
SLIME_CLOCK served task=2 label=44 result=41769773 live=0
SLIME_CLOCK served task=3 label=44 result=41781093 live=0
SLIME_CLOCK served task=2 label=44 result=41792198 live=0
SLIME_CLOCK served task=3 label=44 result=41803975 live=0
SLIME_CLOCK served task=2 label=44 result=41815604 live=0
SLIME_CLOCK served task=3 label=44 result=41826724 live=0
SLIME_CLOCK served task=2 label=44 result=41837223 live=0
SLIME_CLOCK served task=3 label=44 result=41848414 live=0
SLIME_CLOCK served task=2 label=44 result=41861253 live=0
SLIME_CLOCK served task=3 label=44 result=41875033 live=0
SLIME_CLOCK served task=2 label=44 result=41884630 live=0
SLIME_CLOCK served task=3 label=44 result=41894808 live=0
SLIME_CLOCK served task=2 label=44 result=41907141 live=0
SLIME_CLOCK served task=3 label=44 result=41923268 live=0
SLIME_CLOCK served task=2 label=44 result=41957831 live=0
SLIME_CLOCK served task=3 label=44 result=41975796 live=0
SLIME_CLOCK served task=2 label=44 result=41986537 live=0
SLIME_CLOCK served task=3 label=44 result=41998195 live=0
SLIME_CLOCK served task=2 label=44 result=42008905 live=0
SLIME_CLOCK served task=3 label=44 result=42020154 live=0
SLIME_CLOCK served task=2 label=44 result=42030922 live=0
SLIME_CLOCK served task=3 label=44 result=42042438 live=0
SLIME_CLOCK served task=2 label=44 result=42053305 live=0
SLIME_CLOCK served task=3 label=44 result=42065624 live=0
SLIME_CLOCK served task=2 label=44 result=42076625 live=0
SLIME_CLOCK served task=3 label=44 result=42088013 live=0
SLIME_CLOCK served task=2 label=44 result=42098738 live=0
SLIME_CLOCK served task=3 label=44 result=42110898 live=0
SLIME_CLOCK served task=2 label=44 result=42121491 live=0
SLIME_CLOCK served task=3 label=44 result=42132906 live=0
SLIME_CLOCK served task=2 label=44 result=42143448 live=0
SLIME_CLOCK served task=3 label=44 result=42154856 live=0
SLIME_CLOCK served task=2 label=44 result=42168375 live=0
SLIME_CLOCK served task=3 label=44 result=42179769 live=0
SLIME_CLOCK served task=2 label=44 result=42191508 live=0
SLIME_CLOCK served task=3 label=44 result=42202994 live=0
SLIME_CLOCK served task=2 label=44 result=42213752 live=0
SLIME_CLOCK served task=3 label=44 result=42225237 live=0
SLIME_CLOCK served task=2 label=44 result=42236033 live=0
SLIME_CLOCK served task=3 label=44 result=42247252 live=0
SLIME_CLOCK served task=2 label=44 result=42257989 live=0
SLIME_CLOCK served task=3 label=44 result=42269683 live=0
SLIME_CLOCK served task=2 label=44 result=42281614 live=0
SLIME_CLOCK served task=3 label=44 result=42294360 live=0
SLIME_CLOCK served task=2 label=44 result=42306506 live=0
SLIME_CLOCK served task=3 label=44 result=42320044 live=0
SLIME_CLOCK served task=2 label=44 result=42332241 live=0
SLIME_CLOCK served task=3 label=44 result=42345333 live=0
SLIME_CLOCK served task=2 label=44 result=42357293 live=0
SLIME_CLOCK served task=3 label=44 result=42372027 live=0
SLIME_CLOCK served task=2 label=44 result=42386139 live=0
SLIME_CLOCK served task=3 label=44 result=42401840 live=0
SLIME_CLOCK served task=2 label=44 result=42417008 live=0
SLIME_CLOCK served task=3 label=44 result=42432850 live=0
SLIME_CLOCK served task=2 label=44 result=42451739 live=0
SLIME_CLOCK served task=3 label=44 result=42464593 live=0
SLIME_CLOCK served task=2 label=44 result=42475434 live=0
SLIME_CLOCK served task=3 label=44 result=42486677 live=0
SLIME_CLOCK served task=2 label=44 result=42497366 live=0
SLIME_CLOCK served task=3 label=44 result=42508532 live=0
SLIME_CLOCK served task=2 label=44 result=42519143 live=0
SLIME_CLOCK served task=3 label=44 result=42530654 live=0
SLIME_CLOCK served task=2 label=44 result=42546063 live=0
SLIME_CLOCK served task=3 label=44 result=42561994 live=0
SLIME_CLOCK served task=2 label=44 result=42599043 live=0
SLIME_CLOCK served task=3 label=44 result=42611791 live=0
SLIME_CLOCK served task=2 label=44 result=42622226 live=0
SLIME_CLOCK served task=3 label=44 result=42634763 live=0
SLIME_CLOCK served task=2 label=44 result=42647307 live=0
SLIME_CLOCK served task=3 label=44 result=42658692 live=0
SLIME_CLOCK served task=2 label=44 result=42669285 live=0
SLIME_CLOCK served task=3 label=44 result=42680262 live=0
SLIME_CLOCK served task=2 label=44 result=42692742 live=0
SLIME_CLOCK served task=3 label=44 result=42706138 live=0
SLIME_CLOCK served task=2 label=44 result=42718688 live=0
SLIME_CLOCK served task=3 label=44 result=42732213 live=0
SLIME_CLOCK served task=2 label=44 result=42745423 live=0
SLIME_CLOCK served task=3 label=44 result=42759136 live=0
SLIME_CLOCK served task=2 label=44 result=42772017 live=0
SLIME_CLOCK served task=3 label=44 result=42785332 live=0
SLIME_CLOCK served task=2 label=44 result=42798351 live=0
SLIME_CLOCK served task=3 label=44 result=42812066 live=0
SLIME_CLOCK served task=2 label=44 result=42830526 live=0
SLIME_CLOCK served task=3 label=44 result=42847765 live=0
SLIME_CLOCK served task=2 label=44 result=42863215 live=0
SLIME_CLOCK served task=3 label=44 result=42879412 live=0
SLIME_CLOCK served task=2 label=44 result=42894441 live=0
SLIME_CLOCK served task=3 label=44 result=42910894 live=0
SLIME_CLOCK served task=2 label=44 result=42925471 live=0
SLIME_CLOCK served task=3 label=44 result=42940893 live=0
SLIME_CLOCK served task=2 label=44 result=42957658 live=0
SLIME_CLOCK served task=3 label=44 result=42973596 live=0
SLIME_CLOCK served task=2 label=44 result=42988680 live=0
SLIME_CLOCK served task=3 label=44 result=43005495 live=0
SLIME_CLOCK served task=2 label=44 result=43018152 live=0
SLIME_CLOCK served task=3 label=44 result=43028945 live=0
SLIME_CLOCK served task=2 label=44 result=43039253 live=0
SLIME_CLOCK served task=3 label=44 result=43053960 live=0
SLIME_CLOCK served task=2 label=44 result=43068476 live=0
SLIME_CLOCK served task=3 label=44 result=43084048 live=0
SLIME_CLOCK served task=2 label=44 result=43098995 live=0
SLIME_CLOCK served task=3 label=44 result=43114647 live=0
SLIME_CLOCK served task=2 label=44 result=43129499 live=0
SLIME_CLOCK served task=3 label=44 result=43143181 live=0
SLIME_CLOCK served task=2 label=44 result=43152658 live=0
SLIME_CLOCK served task=3 label=44 result=43164987 live=0
SLIME_CLOCK served task=2 label=44 result=43175834 live=0
SLIME_CLOCK served task=3 label=44 result=43187407 live=0
SLIME_CLOCK served task=2 label=44 result=43198132 live=0
SLIME_CLOCK served task=3 label=44 result=43209479 live=0
SLIME_CLOCK served task=2 label=44 result=43220135 live=0
SLIME_CLOCK served task=3 label=44 result=43234597 live=0
SLIME_CLOCK served task=2 label=44 result=43245449 live=0
SLIME_CLOCK served task=3 label=44 result=43256467 live=0
SLIME_CLOCK served task=2 label=44 result=43267132 live=0
SLIME_CLOCK served task=3 label=44 result=43278455 live=0
SLIME_CLOCK served task=2 label=44 result=43289127 live=0
SLIME_CLOCK served task=3 label=44 result=43300269 live=0
SLIME_CLOCK served task=2 label=44 result=43310822 live=0
SLIME_CLOCK served task=3 label=44 result=43322075 live=0
SLIME_CLOCK served task=2 label=44 result=43332536 live=0
SLIME_CLOCK served task=3 label=44 result=43343677 live=0
SLIME_CLOCK served task=2 label=44 result=43355707 live=0
SLIME_CLOCK served task=3 label=44 result=43366906 live=0
SLIME_CLOCK served task=2 label=44 result=43377505 live=0
SLIME_CLOCK served task=3 label=44 result=43389128 live=0
SLIME_CLOCK served task=2 label=44 result=43399717 live=0
SLIME_CLOCK served task=3 label=44 result=43411168 live=0
SLIME_CLOCK served task=2 label=44 result=43422854 live=0
SLIME_CLOCK served task=3 label=44 result=43435789 live=0
SLIME_CLOCK served task=2 label=44 result=43448381 live=0
SLIME_CLOCK served task=3 label=44 result=43459722 live=0
SLIME_CLOCK served task=2 label=44 result=43470713 live=0
SLIME_CLOCK served task=3 label=44 result=43484210 live=0
SLIME_CLOCK served task=2 label=44 result=43495068 live=0
SLIME_CLOCK served task=3 label=44 result=43506160 live=0
SLIME_CLOCK served task=2 label=44 result=43516784 live=0
SLIME_CLOCK served task=3 label=44 result=43533554 live=0
SLIME_CLOCK served task=2 label=44 result=43549892 live=0
SLIME_CLOCK served task=3 label=44 result=43566467 live=0
SLIME_CLOCK served task=2 label=44 result=43580817 live=0
SLIME_CLOCK served task=3 label=44 result=43596421 live=0
SLIME_CLOCK served task=2 label=44 result=43624847 live=0
SLIME_CLOCK served task=3 label=44 result=43635749 live=0
SLIME_CLOCK served task=2 label=44 result=43645788 live=0
SLIME_CLOCK served task=3 label=44 result=43656375 live=0
SLIME_CLOCK served task=2 label=44 result=43666576 live=0
SLIME_CLOCK served task=3 label=44 result=43679472 live=0
SLIME_CLOCK served task=2 label=44 result=43689836 live=0
SLIME_CLOCK served task=3 label=44 result=43699885 live=0
SLIME_CLOCK served task=2 label=44 result=43709262 live=0
SLIME_CLOCK served task=3 label=44 result=43719319 live=0
SLIME_CLOCK served task=2 label=44 result=43730702 live=0
SLIME_CLOCK served task=3 label=44 result=43747725 live=0
SLIME_CLOCK served task=2 label=44 result=43764417 live=0
SLIME_CLOCK served task=3 label=44 result=43781352 live=0
SLIME_CLOCK served task=2 label=44 result=43798124 live=0
SLIME_CLOCK served task=3 label=44 result=43815115 live=0
SLIME_CLOCK served task=2 label=44 result=43831733 live=0
SLIME_CLOCK served task=3 label=44 result=43849195 live=0
SLIME_CLOCK served task=2 label=44 result=43866801 live=0
SLIME_CLOCK served task=3 label=44 result=43884153 live=0
SLIME_CLOCK served task=2 label=44 result=43900509 live=0
SLIME_CLOCK served task=3 label=44 result=43917914 live=0
SLIME_CLOCK served task=2 label=44 result=43934356 live=0
SLIME_CLOCK served task=3 label=44 result=43951597 live=0
SLIME_CLOCK served task=2 label=44 result=43968033 live=0
SLIME_CLOCK served task=3 label=44 result=43986536 live=0
SLIME_CLOCK served task=2 label=44 result=44003135 live=0
SLIME_CLOCK served task=3 label=44 result=44020260 live=0
SLIME_CLOCK served task=2 label=44 result=44037309 live=0
SLIME_CLOCK served task=3 label=44 result=44052332 live=0
SLIME_CLOCK served task=2 label=44 result=44067200 live=0
SLIME_CLOCK served task=3 label=44 result=44082529 live=0
SLIME_CLOCK served task=2 label=44 result=44098244 live=0
SLIME_CLOCK served task=3 label=44 result=44121573 live=0
SLIME_CLOCK served task=2 label=44 result=44136552 live=0
SLIME_CLOCK served task=3 label=44 result=44152036 live=0
SLIME_CLOCK served task=2 label=44 result=44166670 live=0
SLIME_CLOCK served task=3 label=44 result=44181766 live=0
SLIME_CLOCK served task=2 label=44 result=44193421 live=0
SLIME_CLOCK served task=3 label=44 result=44204482 live=0
SLIME_CLOCK served task=2 label=44 result=44213929 live=0
SLIME_CLOCK served task=3 label=44 result=44224441 live=0
SLIME_CLOCK served task=2 label=44 result=44233947 live=0
SLIME_CLOCK served task=3 label=44 result=44247759 live=0
SLIME_CLOCK served task=2 label=44 result=44260047 live=0
SLIME_CLOCK served task=3 label=44 result=44272824 live=0
SLIME_CLOCK served task=2 label=44 result=44285692 live=0
SLIME_CLOCK served task=3 label=44 result=44300414 live=0
SLIME_CLOCK served task=2 label=44 result=44312711 live=0
SLIME_CLOCK served task=3 label=44 result=44323770 live=0
SLIME_CLOCK served task=2 label=44 result=44334409 live=0
SLIME_CLOCK served task=3 label=44 result=44345722 live=0
SLIME_CLOCK served task=2 label=44 result=44356686 live=0
SLIME_CLOCK served task=3 label=44 result=44369200 live=0
SLIME_CLOCK served task=2 label=44 result=44379689 live=0
SLIME_CLOCK served task=3 label=44 result=44390689 live=0
SLIME_CLOCK served task=2 label=44 result=44401233 live=0
SLIME_CLOCK served task=3 label=44 result=44412895 live=0
SLIME_CLOCK served task=2 label=44 result=44423631 live=0
SLIME_CLOCK served task=3 label=44 result=44434670 live=0
SLIME_CLOCK served task=2 label=44 result=44445288 live=0
SLIME_CLOCK served task=3 label=44 result=44456324 live=0
SLIME_CLOCK served task=2 label=44 result=44466707 live=0
SLIME_CLOCK served task=3 label=44 result=44478327 live=0
SLIME_CLOCK served task=2 label=44 result=44491027 live=0
SLIME_CLOCK served task=3 label=44 result=44503748 live=0
SLIME_CLOCK served task=2 label=44 result=44515872 live=0
SLIME_CLOCK served task=3 label=44 result=44528602 live=0
SLIME_CLOCK served task=2 label=44 result=44540969 live=0
SLIME_CLOCK served task=3 label=44 result=44555983 live=0
SLIME_CLOCK served task=2 label=44 result=44569875 live=0
SLIME_CLOCK served task=3 label=44 result=44581819 live=0
SLIME_CLOCK served task=2 label=44 result=44593472 live=0
SLIME_CLOCK served task=3 label=44 result=44609706 live=0
SLIME_CLOCK served task=2 label=44 result=44623306 live=0
SLIME_CLOCK served task=3 label=44 result=44640665 live=0
SLIME_CLOCK served task=2 label=44 result=44657752 live=0
SLIME_CLOCK served task=3 label=44 result=44675568 live=0
SLIME_CLOCK served task=2 label=44 result=44692136 live=0
SLIME_CLOCK served task=3 label=44 result=44709110 live=0
SLIME_CLOCK served task=2 label=44 result=44724680 live=0
SLIME_CLOCK served task=3 label=44 result=44740297 live=0
SLIME_CLOCK served task=2 label=44 result=44754941 live=0
SLIME_CLOCK served task=3 label=44 result=44770318 live=0
SLIME_CLOCK served task=2 label=44 result=44786325 live=0
SLIME_CLOCK served task=3 label=44 result=44801797 live=0
SLIME_CLOCK served task=2 label=44 result=44816512 live=0
SLIME_CLOCK served task=3 label=44 result=44831818 live=0
SLIME_CLOCK served task=2 label=44 result=44846407 live=0
SLIME_CLOCK served task=3 label=44 result=44861748 live=0
SLIME_CLOCK served task=2 label=44 result=44876153 live=0
SLIME_CLOCK served task=3 label=44 result=44891378 live=0
SLIME_CLOCK served task=2 label=44 result=44905641 live=0
SLIME_CLOCK served task=3 label=44 result=44922302 live=0
SLIME_CLOCK served task=2 label=44 result=44936974 live=0
SLIME_CLOCK served task=3 label=44 result=44952264 live=0
SLIME_CLOCK served task=2 label=44 result=44966638 live=0
SLIME_CLOCK served task=3 label=44 result=44982336 live=0
SLIME_CLOCK served task=2 label=44 result=44996625 live=0
SLIME_CLOCK served task=3 label=44 result=45011963 live=0
SLIME_CLOCK served task=2 label=44 result=45026300 live=0
SLIME_CLOCK served task=3 label=44 result=45041904 live=0
SLIME_CLOCK served task=2 label=44 result=45058122 live=0
SLIME_CLOCK served task=3 label=44 result=45074249 live=0
SLIME_CLOCK served task=2 label=44 result=45090585 live=0
SLIME_CLOCK served task=3 label=44 result=45106989 live=0
SLIME_CLOCK served task=2 label=44 result=45121558 live=0
SLIME_CLOCK served task=3 label=44 result=45137220 live=0
SLIME_CLOCK served task=2 label=44 result=45150006 live=0
SLIME_CLOCK served task=3 label=44 result=45161156 live=0
SLIME_CLOCK served task=2 label=44 result=45171104 live=0
SLIME_CLOCK served task=3 label=44 result=45187472 live=0
SLIME_CLOCK served task=2 label=44 result=45198890 live=0
SLIME_CLOCK served task=3 label=44 result=45210834 live=0
SLIME_CLOCK served task=2 label=44 result=45222607 live=0
SLIME_CLOCK served task=3 label=44 result=45234862 live=0
SLIME_CLOCK served task=2 label=44 result=45245833 live=0
SLIME_CLOCK served task=3 label=44 result=45257592 live=0
SLIME_CLOCK served task=2 label=44 result=45268831 live=0
SLIME_CLOCK served task=3 label=44 result=45280747 live=0
SLIME_CLOCK served task=2 label=44 result=45292210 live=0
SLIME_CLOCK served task=3 label=44 result=45305378 live=0
SLIME_CLOCK served task=2 label=44 result=45316761 live=0
SLIME_CLOCK served task=3 label=44 result=45328443 live=0
SLIME_CLOCK served task=2 label=44 result=45339662 live=0
SLIME_CLOCK served task=3 label=44 result=45351847 live=0
SLIME_CLOCK served task=2 label=44 result=45363316 live=0
SLIME_CLOCK served task=3 label=44 result=45375574 live=0
SLIME_CLOCK served task=2 label=44 result=45386901 live=0
SLIME_CLOCK served task=3 label=44 result=45398476 live=0
SLIME_CLOCK served task=2 label=44 result=45410061 live=0
SLIME_CLOCK served task=3 label=44 result=45421865 live=0
SLIME_CLOCK served task=2 label=44 result=45434274 live=0
SLIME_CLOCK served task=3 label=44 result=45446105 live=0
SLIME_CLOCK served task=2 label=44 result=45457198 live=0
SLIME_CLOCK served task=3 label=44 result=45469085 live=0
SLIME_CLOCK served task=2 label=44 result=45480682 live=0
SLIME_CLOCK served task=3 label=44 result=45492426 live=0
SLIME_CLOCK served task=2 label=44 result=45503451 live=0
SLIME_CLOCK served task=3 label=44 result=45515279 live=0
SLIME_CLOCK served task=2 label=44 result=45526306 live=0
SLIME_CLOCK served task=3 label=44 result=45538438 live=0
SLIME_CLOCK served task=2 label=44 result=45549656 live=0
SLIME_CLOCK served task=3 label=44 result=45562490 live=0
SLIME_CLOCK served task=2 label=44 result=45574173 live=0
SLIME_CLOCK served task=3 label=44 result=45589582 live=0
SLIME_CLOCK served task=2 label=44 result=45602161 live=0
SLIME_CLOCK served task=3 label=44 result=45620404 live=0
SLIME_CLOCK served task=2 label=44 result=45636656 live=0
SLIME_CLOCK served task=3 label=44 result=45652034 live=0
SLIME_CLOCK served task=2 label=44 result=45666995 live=0
SLIME_CLOCK served task=3 label=44 result=45686895 live=0
SLIME_CLOCK served task=2 label=44 result=45703659 live=0
SLIME_CLOCK served task=3 label=44 result=45719693 live=0
SLIME_CLOCK served task=2 label=44 result=45733041 live=0
SLIME_CLOCK served task=3 label=44 result=45747083 live=0
SLIME_CLOCK served task=2 label=44 result=45758384 live=0
SLIME_CLOCK served task=3 label=44 result=45769739 live=0
SLIME_CLOCK served task=2 label=44 result=45780389 live=0
SLIME_CLOCK served task=3 label=44 result=45791749 live=0
SLIME_CLOCK served task=2 label=44 result=45802696 live=0
SLIME_CLOCK served task=3 label=44 result=45815120 live=0
SLIME_CLOCK served task=2 label=44 result=45825558 live=0
SLIME_CLOCK served task=3 label=44 result=45836852 live=0
SLIME_CLOCK served task=2 label=44 result=45848032 live=0
SLIME_CLOCK served task=3 label=44 result=45859548 live=0
SLIME_CLOCK served task=2 label=44 result=45870166 live=0
SLIME_CLOCK served task=3 label=44 result=45881371 live=0
SLIME_CLOCK served task=2 label=44 result=45891694 live=0
SLIME_CLOCK served task=3 label=44 result=45902601 live=0
SLIME_CLOCK served task=2 label=44 result=45913592 live=0
SLIME_CLOCK served task=3 label=44 result=45925000 live=0
SLIME_CLOCK served task=2 label=44 result=45937009 live=0
SLIME_CLOCK served task=3 label=44 result=45948507 live=0
SLIME_CLOCK served task=2 label=44 result=45960489 live=0
SLIME_CLOCK served task=3 label=44 result=45973604 live=0
SLIME_CLOCK served task=2 label=44 result=45985825 live=0
SLIME_CLOCK served task=3 label=44 result=45998680 live=0
SLIME_CLOCK served task=2 label=44 result=46010731 live=0
SLIME_CLOCK served task=3 label=44 result=46023470 live=0
SLIME_CLOCK served task=2 label=44 result=46035967 live=0
SLIME_CLOCK served task=3 label=44 result=46048823 live=0
SLIME_CLOCK served task=2 label=44 result=46062262 live=0
SLIME_CLOCK served task=3 label=44 result=46074694 live=0
SLIME_CLOCK served task=2 label=44 result=46090137 live=0
SLIME_CLOCK served task=3 label=44 result=46105790 live=0
SLIME_CLOCK served task=2 label=44 result=46120327 live=0
SLIME_CLOCK served task=3 label=44 result=46136008 live=0
SLIME_CLOCK served task=2 label=44 result=46150420 live=0
SLIME_CLOCK served task=3 label=44 result=46165799 live=0
SLIME_CLOCK served task=2 label=44 result=46175963 live=0
SLIME_CLOCK served task=3 label=44 result=46188088 live=0
SLIME_CLOCK served task=2 label=44 result=46201074 live=0
SLIME_CLOCK served task=3 label=44 result=46213670 live=0
SLIME_CLOCK served task=2 label=44 result=46225453 live=0
SLIME_CLOCK served task=3 label=44 result=46237309 live=0
SLIME_CLOCK served task=2 label=44 result=46248362 live=0
SLIME_CLOCK served task=3 label=44 result=46259921 live=0
SLIME_CLOCK served task=2 label=44 result=46271039 live=0
SLIME_CLOCK served task=3 label=44 result=46283400 live=0
SLIME_CLOCK served task=2 label=44 result=46294810 live=0
SLIME_CLOCK served task=3 label=44 result=46306520 live=0
SLIME_CLOCK served task=2 label=44 result=46319260 live=0
SLIME_CLOCK served task=3 label=44 result=46331221 live=0
SLIME_CLOCK served task=2 label=44 result=46342348 live=0
SLIME_CLOCK served task=3 label=44 result=46354705 live=0
SLIME_CLOCK served task=2 label=44 result=46366192 live=0
SLIME_CLOCK served task=3 label=44 result=46378769 live=0
SLIME_CLOCK served task=2 label=44 result=46389370 live=0
SLIME_CLOCK served task=3 label=44 result=46400494 live=0
SLIME_CLOCK served task=2 label=44 result=46412101 live=0
SLIME_CLOCK served task=3 label=44 result=46423931 live=0
SLIME_CLOCK served task=2 label=44 result=46434878 live=0
SLIME_CLOCK served task=3 label=44 result=46447967 live=0
SLIME_CLOCK served task=2 label=44 result=46459115 live=0
SLIME_CLOCK served task=3 label=44 result=46471627 live=0
SLIME_CLOCK served task=2 label=44 result=46482630 live=0
SLIME_CLOCK served task=3 label=44 result=46494289 live=0
SLIME_CLOCK served task=2 label=44 result=46505603 live=0
SLIME_CLOCK served task=3 label=44 result=46517403 live=0
SLIME_CLOCK served task=2 label=44 result=46528776 live=0
SLIME_CLOCK served task=3 label=44 result=46541044 live=0
SLIME_CLOCK served task=2 label=44 result=46552143 live=0
SLIME_CLOCK served task=3 label=44 result=46563907 live=0
SLIME_CLOCK served task=2 label=44 result=46576992 live=0
SLIME_CLOCK served task=3 label=44 result=46589051 live=0
SLIME_CLOCK served task=2 label=44 result=46602394 live=0
SLIME_CLOCK served task=3 label=44 result=46618581 live=0
SLIME_CLOCK served task=2 label=44 result=46632855 live=0
SLIME_CLOCK served task=3 label=44 result=46643857 live=0
SLIME_CLOCK served task=2 label=44 result=46653399 live=0
SLIME_CLOCK served task=3 label=44 result=46663826 live=0
SLIME_CLOCK served task=2 label=44 result=46673324 live=0
SLIME_CLOCK served task=3 label=44 result=46683398 live=0
SLIME_CLOCK served task=2 label=44 result=46692885 live=0
SLIME_CLOCK served task=3 label=44 result=46706702 live=0
SLIME_CLOCK served task=2 label=44 result=46717316 live=0
SLIME_CLOCK served task=3 label=44 result=46729072 live=0
SLIME_CLOCK served task=2 label=44 result=46739632 live=0
SLIME_CLOCK served task=3 label=44 result=46755257 live=0
SLIME_CLOCK served task=2 label=44 result=46765797 live=0
SLIME_CLOCK served task=3 label=44 result=46777294 live=0
SLIME_CLOCK served task=2 label=44 result=46792058 live=0
SLIME_CLOCK served task=3 label=44 result=46805227 live=0
SLIME_CLOCK served task=2 label=44 result=46815281 live=0
SLIME_CLOCK served task=3 label=44 result=46830537 live=0
SLIME_CLOCK served task=2 label=44 result=46848783 live=0
SLIME_CLOCK served task=3 label=44 result=46863581 live=0
SLIME_CLOCK served task=2 label=44 result=46876934 live=0
SLIME_CLOCK served task=3 label=44 result=46890682 live=0
SLIME_CLOCK served task=2 label=44 result=46903467 live=0
SLIME_CLOCK served task=3 label=44 result=46917386 live=0
SLIME_CLOCK served task=2 label=44 result=46930325 live=0
SLIME_CLOCK served task=3 label=44 result=46943995 live=0
SLIME_CLOCK served task=2 label=44 result=46958711 live=0
SLIME_CLOCK served task=3 label=44 result=46972763 live=0
SLIME_CLOCK served task=2 label=44 result=46985776 live=0
SLIME_CLOCK served task=3 label=44 result=46999710 live=0
SLIME_CLOCK served task=2 label=44 result=47012605 live=0
SLIME_CLOCK served task=3 label=44 result=47026547 live=0
SLIME_CLOCK served task=2 label=44 result=47040083 live=0
SLIME_CLOCK served task=3 label=44 result=47053892 live=0
SLIME_CLOCK served task=2 label=44 result=47067087 live=0
SLIME_CLOCK served task=3 label=44 result=47084622 live=0
SLIME_CLOCK served task=2 label=44 result=47098034 live=0
SLIME_CLOCK served task=3 label=44 result=47110992 live=0
SLIME_CLOCK served task=2 label=44 result=47121928 live=0
SLIME_CLOCK served task=3 label=44 result=47133183 live=0
SLIME_CLOCK served task=2 label=44 result=47143821 live=0
SLIME_CLOCK served task=3 label=44 result=47155142 live=0
SLIME_CLOCK served task=2 label=44 result=47166330 live=0
SLIME_CLOCK served task=3 label=44 result=47177578 live=0
SLIME_CLOCK served task=2 label=44 result=47188180 live=0
SLIME_CLOCK served task=3 label=44 result=47199490 live=0
SLIME_CLOCK served task=2 label=44 result=47211788 live=0
SLIME_CLOCK served task=3 label=44 result=47227876 live=0
SLIME_CLOCK served task=2 label=44 result=47243974 live=0
SLIME_CLOCK served task=3 label=44 result=47261366 live=0
SLIME_CLOCK served task=2 label=44 result=47276360 live=0
SLIME_CLOCK served task=3 label=44 result=47292444 live=0
SLIME_CLOCK served task=2 label=44 result=47302177 live=0
SLIME_CLOCK served task=3 label=44 result=47312450 live=0
SLIME_CLOCK served task=2 label=44 result=47322563 live=0
SLIME_CLOCK served task=3 label=44 result=47332781 live=0
SLIME_CLOCK served task=2 label=44 result=47352727 live=0
SLIME_CLOCK served task=3 label=44 result=47367698 live=0
SLIME_CLOCK served task=2 label=44 result=47381589 live=0
SLIME_CLOCK served task=3 label=44 result=47396122 live=0
SLIME_CLOCK served task=2 label=44 result=47410026 live=0
SLIME_CLOCK served task=3 label=44 result=47424540 live=0
SLIME_CLOCK served task=2 label=44 result=47438108 live=0
SLIME_CLOCK served task=3 label=44 result=47452590 live=0
SLIME_CLOCK served task=2 label=44 result=47468957 live=0
SLIME_CLOCK served task=3 label=44 result=47484950 live=0
SLIME_CLOCK served task=2 label=44 result=47499577 live=0
SLIME_CLOCK served task=3 label=44 result=47514953 live=0
SLIME_CLOCK served task=2 label=44 result=47529424 live=0
SLIME_CLOCK served task=3 label=44 result=47545291 live=0
SLIME_CLOCK served task=2 label=44 result=47559846 live=0
SLIME_CLOCK served task=3 label=44 result=47575345 live=0
SLIME_CLOCK served task=2 label=44 result=47590653 live=0
SLIME_CLOCK served task=3 label=44 result=47606393 live=0
SLIME_CLOCK served task=2 label=44 result=47620846 live=0
SLIME_CLOCK served task=3 label=44 result=47636433 live=0
SLIME_CLOCK served task=2 label=44 result=47650871 live=0
SLIME_CLOCK served task=3 label=44 result=47666587 live=0
SLIME_CLOCK served task=2 label=44 result=47681223 live=0
SLIME_CLOCK served task=3 label=44 result=47696854 live=0
SLIME_CLOCK served task=2 label=44 result=47711199 live=0
SLIME_CLOCK served task=3 label=44 result=47728235 live=0
SLIME_CLOCK served task=2 label=44 result=47744199 live=0
SLIME_CLOCK served task=3 label=44 result=47759612 live=0
SLIME_CLOCK served task=2 label=44 result=47773980 live=0
SLIME_CLOCK served task=3 label=44 result=47789210 live=0
SLIME_CLOCK served task=2 label=44 result=47804312 live=0
SLIME_CLOCK served task=3 label=44 result=47817974 live=0
SLIME_CLOCK served task=2 label=44 result=47827788 live=0
SLIME_CLOCK served task=3 label=44 result=47838151 live=0
SLIME_CLOCK served task=2 label=44 result=47851855 live=0
SLIME_CLOCK served task=3 label=44 result=47863536 live=0
SLIME_CLOCK served task=2 label=44 result=47875280 live=0
SLIME_CLOCK served task=3 label=44 result=47888436 live=0
SLIME_CLOCK served task=2 label=44 result=47898075 live=0
SLIME_CLOCK served task=3 label=44 result=47908457 live=0
SLIME_CLOCK served task=2 label=44 result=47918074 live=0
SLIME_CLOCK served task=3 label=44 result=47928246 live=0
SLIME_CLOCK served task=2 label=44 result=47937785 live=0
SLIME_CLOCK served task=3 label=44 result=47947949 live=0
SLIME_CLOCK served task=2 label=44 result=47957481 live=0
SLIME_CLOCK served task=3 label=44 result=47969091 live=0
SLIME_CLOCK served task=2 label=44 result=47980206 live=0
SLIME_CLOCK served task=3 label=44 result=47991604 live=0
SLIME_CLOCK served task=2 label=44 result=48002343 live=0
SLIME_CLOCK served task=3 label=44 result=48013660 live=0
SLIME_CLOCK served task=2 label=44 result=48024498 live=0
SLIME_CLOCK served task=3 label=44 result=48035915 live=0
SLIME_CLOCK served task=2 label=44 result=48046538 live=0
SLIME_CLOCK served task=3 label=44 result=48058003 live=0
SLIME_CLOCK served task=2 label=44 result=48068670 live=0
SLIME_CLOCK served task=3 label=44 result=48080140 live=0
SLIME_CLOCK served task=2 label=44 result=48090865 live=0
SLIME_CLOCK served task=3 label=44 result=48103491 live=0
SLIME_CLOCK served task=2 label=44 result=48114214 live=0
SLIME_CLOCK served task=3 label=44 result=48125483 live=0
SLIME_CLOCK served task=2 label=44 result=48136150 live=0
SLIME_CLOCK served task=3 label=44 result=48147343 live=0
SLIME_CLOCK served task=2 label=44 result=48158272 live=0
SLIME_CLOCK served task=3 label=44 result=48169622 live=0
SLIME_CLOCK served task=2 label=44 result=48180208 live=0
SLIME_CLOCK served task=3 label=44 result=48191467 live=0
SLIME_CLOCK served task=2 label=44 result=48202205 live=0
SLIME_CLOCK served task=3 label=44 result=48213629 live=0
SLIME_CLOCK served task=2 label=44 result=48225533 live=0
SLIME_CLOCK served task=3 label=44 result=48239771 live=0
SLIME_CLOCK served task=2 label=44 result=48254082 live=0
SLIME_CLOCK served task=3 label=44 result=48269967 live=0
SLIME_CLOCK served task=2 label=44 result=48285731 live=0
SLIME_CLOCK served task=3 label=44 result=48300543 live=0
SLIME_CLOCK served task=2 label=44 result=48315053 live=0
SLIME_CLOCK served task=3 label=44 result=48330788 live=0
SLIME_CLOCK served task=2 label=44 result=48345335 live=0
SLIME_CLOCK served task=3 label=44 result=48363669 live=0
SLIME_CLOCK served task=2 label=44 result=48376773 live=0
SLIME_CLOCK served task=3 label=44 result=48389212 live=0
SLIME_CLOCK served task=2 label=44 result=48400372 live=0
SLIME_CLOCK served task=3 label=44 result=48412116 live=0
SLIME_CLOCK served task=2 label=44 result=48423096 live=0
SLIME_CLOCK served task=3 label=44 result=48434448 live=0
SLIME_CLOCK served task=2 label=44 result=48445167 live=0
SLIME_CLOCK served task=3 label=44 result=48456364 live=0
SLIME_CLOCK served task=2 label=44 result=48467003 live=0
SLIME_CLOCK served task=3 label=44 result=48480062 live=0
SLIME_CLOCK served task=2 label=44 result=48490914 live=0
SLIME_CLOCK served task=3 label=44 result=48502190 live=0
SLIME_CLOCK served task=2 label=44 result=48513018 live=0
SLIME_CLOCK served task=3 label=44 result=48524355 live=0
SLIME_CLOCK served task=2 label=44 result=48535498 live=0
SLIME_CLOCK served task=3 label=44 result=48546603 live=0
SLIME_CLOCK served task=2 label=44 result=48557213 live=0
SLIME_CLOCK served task=3 label=44 result=48568132 live=0
SLIME_CLOCK served task=2 label=44 result=48578844 live=0
SLIME_CLOCK served task=3 label=44 result=48590095 live=0
SLIME_CLOCK served task=2 label=44 result=48601870 live=0
SLIME_CLOCK served task=3 label=44 result=48613502 live=0
SLIME_CLOCK served task=2 label=44 result=48624151 live=0
SLIME_CLOCK served task=3 label=44 result=48635908 live=0
SLIME_CLOCK served task=2 label=44 result=48646977 live=0
SLIME_CLOCK served task=3 label=44 result=48658659 live=0
SLIME_CLOCK served task=2 label=44 result=48669762 live=0
SLIME_CLOCK served task=3 label=44 result=48681390 live=0
SLIME_CLOCK served task=2 label=44 result=48692055 live=0
SLIME_CLOCK served task=3 label=44 result=48703586 live=0
SLIME_CLOCK served task=2 label=44 result=48714439 live=0
SLIME_CLOCK served task=3 label=44 result=48725993 live=0
SLIME_CLOCK served task=2 label=44 result=48738888 live=0
SLIME_CLOCK served task=3 label=44 result=48755454 live=0
SLIME_CLOCK served task=2 label=44 result=48770555 live=0
SLIME_CLOCK served task=3 label=44 result=48786732 live=0
SLIME_CLOCK served task=2 label=44 result=48801618 live=0
SLIME_CLOCK served task=3 label=44 result=48817503 live=0
SLIME_CLOCK served task=2 label=44 result=48827664 live=0
SLIME_CLOCK served task=3 label=44 result=48837819 live=0
SLIME_CLOCK served task=2 label=44 result=48847889 live=0
SLIME_CLOCK served task=3 label=44 result=48860823 live=0
SLIME_CLOCK served task=2 label=44 result=48871550 live=0
SLIME_CLOCK served task=3 label=44 result=48884120 live=0
SLIME_CLOCK served task=2 label=44 result=48898651 live=0
SLIME_CLOCK served task=3 label=44 result=48914554 live=0
SLIME_CLOCK served task=2 label=44 result=48929388 live=0
SLIME_CLOCK served task=3 label=44 result=48945199 live=0
SLIME_CLOCK served task=2 label=44 result=48957370 live=0
SLIME_CLOCK served task=3 label=44 result=48967527 live=0
SLIME_CLOCK served task=2 label=44 result=48977751 live=0
SLIME_CLOCK served task=3 label=44 result=48992669 live=0
SLIME_CLOCK served task=2 label=44 result=49006764 live=0
SLIME_CLOCK served task=3 label=44 result=49021593 live=0
SLIME_CLOCK served task=2 label=44 result=49035795 live=0
SLIME_CLOCK served task=3 label=44 result=49050578 live=0
SLIME_CLOCK served task=2 label=44 result=49062509 live=0
SLIME_CLOCK served task=3 label=44 result=49075470 live=0
SLIME_CLOCK served task=2 label=44 result=49087415 live=0
SLIME_CLOCK served task=3 label=44 result=49100646 live=0
SLIME_CLOCK served task=2 label=44 result=49112624 live=0
SLIME_CLOCK served task=3 label=44 result=49125349 live=0
SLIME_CLOCK served task=2 label=44 result=49137298 live=0
SLIME_CLOCK served task=3 label=44 result=49152657 live=0
SLIME_CLOCK served task=2 label=44 result=49166783 live=0
SLIME_CLOCK served task=3 label=44 result=49181945 live=0
SLIME_CLOCK served task=2 label=44 result=49195484 live=0
SLIME_CLOCK served task=3 label=44 result=49210496 live=0
SLIME_CLOCK served task=2 label=44 result=49224582 live=0
SLIME_CLOCK served task=3 label=44 result=49239099 live=0
SLIME_CLOCK served task=2 label=44 result=49254521 live=0
SLIME_CLOCK served task=3 label=44 result=49271469 live=0
SLIME_CLOCK served task=2 label=44 result=49286192 live=0
SLIME_CLOCK served task=3 label=44 result=49297842 live=0
SLIME_CLOCK served task=2 label=44 result=49308631 live=0
SLIME_CLOCK served task=3 label=44 result=49319874 live=0
SLIME_CLOCK served task=2 label=44 result=49330680 live=0
SLIME_CLOCK served task=3 label=44 result=49342036 live=0
SLIME_CLOCK served task=2 label=44 result=49353039 live=0
SLIME_CLOCK served task=3 label=44 result=49364520 live=0
SLIME_CLOCK served task=2 label=44 result=49375137 live=0
SLIME_CLOCK served task=3 label=44 result=49386448 live=0
SLIME_CLOCK served task=2 label=44 result=49397046 live=0
SLIME_CLOCK served task=3 label=44 result=49409644 live=0
SLIME_CLOCK served task=2 label=44 result=49420286 live=0
SLIME_CLOCK served task=3 label=44 result=49431566 live=0
SLIME_CLOCK served task=2 label=44 result=49442260 live=0
SLIME_CLOCK served task=3 label=44 result=49453637 live=0
SLIME_CLOCK served task=2 label=44 result=49464173 live=0
SLIME_CLOCK served task=3 label=44 result=49475752 live=0
SLIME_CLOCK served task=2 label=44 result=49486336 live=0
SLIME_CLOCK served task=3 label=44 result=49497494 live=0
SLIME_CLOCK served task=2 label=44 result=49508057 live=0
SLIME_CLOCK served task=3 label=44 result=49519318 live=0
SLIME_CLOCK served task=2 label=44 result=49531335 live=0
SLIME_CLOCK served task=3 label=44 result=49542861 live=0
SLIME_CLOCK served task=2 label=44 result=49553667 live=0
SLIME_CLOCK served task=3 label=44 result=49564937 live=0
SLIME_CLOCK served task=2 label=44 result=49575930 live=0
SLIME_CLOCK served task=3 label=44 result=49587273 live=0
SLIME_CLOCK served task=2 label=44 result=49598066 live=0
SLIME_CLOCK served task=3 label=44 result=49609354 live=0
SLIME_CLOCK served task=2 label=44 result=49620040 live=0
SLIME_CLOCK served task=3 label=44 result=49631222 live=0
SLIME_CLOCK served task=2 label=44 result=49641856 live=0
SLIME_CLOCK served task=2 label=44 result=49653824 live=0
SLIME_CLOCK served task=3 label=44 result=49665149 live=0
SLIME_CLOCK served task=2 label=44 result=49675914 live=0
SLIME_CLOCK served task=3 label=44 result=49687306 live=0
SLIME_CLOCK served task=2 label=44 result=49698285 live=0
SLIME_CLOCK served task=3 label=44 result=49709633 live=0
SLIME_CLOCK served task=2 label=44 result=49720353 live=0
SLIME_CLOCK served task=3 label=44 result=49731632 live=0
SLIME_CLOCK served task=2 label=44 result=49742101 live=0
SLIME_CLOCK served task=3 label=44 result=49753382 live=0
SLIME_CLOCK served task=2 label=44 result=49765436 live=0
SLIME_CLOCK served task=3 label=44 result=49776851 live=0
SLIME_CLOCK served task=2 label=44 result=49788886 live=0
SLIME_CLOCK served task=3 label=44 result=49800160 live=0
SLIME_CLOCK served task=2 label=44 result=49810780 live=0
SLIME_CLOCK served task=3 label=44 result=49822180 live=0
SLIME_CLOCK served task=2 label=44 result=49832594 live=0
SLIME_CLOCK served task=3 label=44 result=49844090 live=0
SLIME_CLOCK served task=2 label=44 result=49854910 live=0
SLIME_CLOCK served task=3 label=44 result=49866154 live=0
SLIME_CLOCK served task=2 label=44 result=49877011 live=0
SLIME_CLOCK served task=3 label=44 result=49888376 live=0
SLIME_CLOCK served task=2 label=44 result=49898851 live=0
SLIME_CLOCK served task=3 label=44 result=49912475 live=0
SLIME_CLOCK served task=2 label=44 result=49926019 live=0
SLIME_CLOCK served task=3 label=44 result=49942714 live=0
SLIME_CLOCK served task=2 label=44 result=49956940 live=0
SLIME_CLOCK served task=3 label=44 result=49972627 live=0
SLIME_CLOCK served task=2 label=44 result=49987139 live=0
SLIME_CLOCK served task=3 label=44 result=50003021 live=0
SLIME_CLOCK served task=2 label=44 result=50017913 live=0
SLIME_CLOCK served task=3 label=44 result=50035380 live=0
SLIME_CLOCK served task=2 label=44 result=50051604 live=0
SLIME_CLOCK served task=3 label=44 result=50062987 live=0
SLIME_CLOCK served task=2 label=44 result=50073542 live=0
SLIME_CLOCK served task=3 label=44 result=50084931 live=0
SLIME_CLOCK served task=2 label=44 result=50095885 live=0
SLIME_CLOCK served task=3 label=44 result=50107217 live=0
SLIME_CLOCK served task=2 label=44 result=50122918 live=0
SLIME_CLOCK served task=3 label=44 result=50138424 live=0
SLIME_CLOCK served task=2 label=44 result=50153023 live=0
SLIME_CLOCK served task=3 label=44 result=50186726 live=0
SLIME_CLOCK served task=2 label=44 result=50202776 live=0
SLIME_CLOCK served task=3 label=44 result=50219678 live=0
SLIME_CLOCK served task=2 label=44 result=50230915 live=0
SLIME_CLOCK served task=3 label=44 result=50241994 live=0
SLIME_CLOCK served task=2 label=44 result=50252645 live=0
SLIME_CLOCK served task=3 label=44 result=50264329 live=0
SLIME_CLOCK served task=2 label=44 result=50276653 live=0
SLIME_CLOCK served task=3 label=44 result=50289086 live=0
SLIME_CLOCK served task=3 label=44 result=50302336 live=0
SLIME_CLOCK served task=2 label=44 result=50315288 live=0
SLIME_CLOCK served task=3 label=44 result=50333377 live=0
SLIME_CLOCK served task=3 label=44 result=50369078 live=0
SLIME_CLOCK served task=2 label=44 result=50380890 live=0
SLIME_IO payload dma pages=1 frames=1 writable=true direction=DeviceWrite
SLIME_IO payload frame index=0 slot=2120 paddr=Some(1615405056)
SLIME_IO payload dma pages=1 frames=1 writable=true direction=DeviceRead
SLIME_IO payload frame index=0 slot=2124 paddr=Some(1615421440)
SLIME_CLOCK served task=3 label=44 result=50458022 live=0
SLIME_CLOCK served task=3 label=44 result=50469734 live=0
SLIME_CLOCK served task=2 label=44 result=50481317 live=0
SLIME_CLOCK served task=3 label=44 result=50493268 live=0
SLIME_CLOCK served task=2 label=44 result=50504614 live=0
SLIME_CLOCK served task=3 label=44 result=50516476 live=0
SLIME_CLOCK served task=2 label=44 result=50527628 live=0
SLIME_CLOCK served task=3 label=44 result=50540066 live=0
SLIME_CLOCK served task=2 label=44 result=50551008 live=0
SLIME_CLOCK served task=3 label=44 result=50563980 live=0
SLIME_CLOCK served task=2 label=44 result=50575129 live=0
SLIME_CLOCK served task=3 label=44 result=50586917 live=0
SLIME_CLOCK served task=2 label=44 result=50598623 live=0
SLIME_CLOCK served task=3 label=44 result=50610521 live=0
SLIME_CLOCK served task=2 label=44 result=50621422 live=0
SLIME_CLOCK served task=3 label=44 result=50633422 live=0
SLIME_CLOCK served task=2 label=44 result=50644523 live=0
SLIME_CLOCK served task=3 label=44 result=50656216 live=0
SLIME_CLOCK served task=2 label=44 result=50667564 live=0
SLIME_CLOCK served task=3 label=44 result=50680390 live=0
SLIME_CLOCK served task=2 label=44 result=50691605 live=0
SLIME_CLOCK served task=3 label=44 result=50703448 live=0
SLIME_CLOCK served task=2 label=44 result=50714802 live=0
SLIME_CLOCK served task=3 label=44 result=50727210 live=0
SLIME_CLOCK served task=2 label=44 result=50738236 live=0
SLIME_CLOCK served task=3 label=44 result=50749988 live=0
SLIME_CLOCK served task=2 label=44 result=50761086 live=0
SLIME_CLOCK served task=3 label=44 result=50772790 live=0
SLIME_CLOCK served task=2 label=44 result=50784415 live=0
SLIME_CLOCK served task=3 label=44 result=50796215 live=0
SLIME_CLOCK served task=2 label=44 result=50808571 live=0
SLIME_CLOCK served task=3 label=44 result=50820244 live=0
SLIME_CLOCK served task=2 label=44 result=50831400 live=0
SLIME_CLOCK served task=3 label=44 result=50842930 live=0
SLIME_CLOCK served task=2 label=44 result=50854262 live=0
SLIME_CLOCK served task=3 label=44 result=50866143 live=0
SLIME_CLOCK served task=2 label=44 result=50877279 live=0
SLIME_CLOCK served task=3 label=44 result=50888846 live=0
SLIME_CLOCK served task=2 label=44 result=50900271 live=0
SLIME_CLOCK served task=3 label=44 result=50912465 live=0
SLIME_CLOCK served task=2 label=44 result=50923440 live=0
SLIME_CLOCK served task=3 label=44 result=50936603 live=0
SLIME_CLOCK served task=2 label=44 result=50947805 live=0
SLIME_CLOCK served task=3 label=44 result=50959499 live=0
SLIME_CLOCK served task=2 label=44 result=50971022 live=0
SLIME_CLOCK served task=3 label=44 result=50982740 live=0
SLIME_CLOCK served task=2 label=44 result=50993570 live=0
SLIME_CLOCK served task=3 label=44 result=51005253 live=0
SLIME_CLOCK served task=2 label=44 result=51016338 live=0
SLIME_CLOCK served task=3 label=44 result=51031411 live=0
SLIME_CLOCK served task=2 label=44 result=51045770 live=0
SLIME_CLOCK served task=3 label=44 result=51063956 live=0
SLIME_CLOCK served task=2 label=44 result=51077145 live=0
SLIME_CLOCK served task=3 label=44 result=51087593 live=0
SLIME_CLOCK served task=2 label=44 result=51097258 live=0
SLIME_CLOCK served task=3 label=44 result=51107296 live=0
SLIME_CLOCK served task=2 label=44 result=51116706 live=0
SLIME_CLOCK served task=3 label=44 result=51126657 live=0
SLIME_CLOCK served task=2 label=44 result=51136326 live=0
SLIME_CLOCK served task=3 label=44 result=51146307 live=0
SLIME_CLOCK served task=2 label=44 result=51155970 live=0
SLIME_CLOCK served task=3 label=44 result=51173451 live=0
SLIME_CLOCK served task=2 label=44 result=51194455 live=0
SLIME_CLOCK served task=3 label=44 result=51242011 live=0
SLIME_CLOCK served task=2 label=44 result=51258996 live=0
SLIME_CLOCK served task=3 label=44 result=51276339 live=0
SLIME_CLOCK served task=2 label=44 result=51293409 live=0
SLIME_CLOCK served task=3 label=44 result=51310802 live=0
SLIME_CLOCK served task=2 label=44 result=51328860 live=0
SLIME_CLOCK served task=3 label=44 result=51346297 live=0
SLIME_CLOCK served task=2 label=44 result=51362954 live=0
SLIME_CLOCK served task=3 label=44 result=51380418 live=0
SLIME_CLOCK served task=2 label=44 result=51397152 live=0
SLIME_CLOCK served task=3 label=44 result=51414709 live=0
SLIME_CLOCK served task=2 label=44 result=51431333 live=0
SLIME_CLOCK served task=3 label=44 result=51449832 live=0
SLIME_CLOCK served task=2 label=44 result=51466508 live=0
SLIME_CLOCK served task=3 label=44 result=51483897 live=0
SLIME_CLOCK served task=2 label=44 result=51500550 live=0
SLIME_CLOCK served task=3 label=44 result=51517533 live=0
SLIME_CLOCK served task=2 label=44 result=51535758 live=0
SLIME_CLOCK served task=3 label=44 result=51553826 live=0
SLIME_CLOCK served task=2 label=44 result=51572164 live=0
SLIME_CLOCK served task=3 label=44 result=51588908 live=0
SLIME_CLOCK served task=2 label=44 result=51605993 live=0
SLIME_CLOCK served task=3 label=44 result=51623198 live=0
SLIME_CLOCK served task=2 label=44 result=51638555 live=0
SLIME_CLOCK served task=3 label=44 result=51653301 live=0
SLIME_CLOCK served task=2 label=44 result=51667993 live=0
SLIME_CLOCK served task=3 label=44 result=51683121 live=0
SLIME_CLOCK served task=2 label=44 result=51707170 live=0
SLIME_CLOCK served task=3 label=44 result=51757873 live=0
SLIME_CLOCK served task=2 label=44 result=51774730 live=0
SLIME_CLOCK served task=3 label=44 result=51792195 live=0
SLIME_CLOCK served task=2 label=44 result=51808834 live=0
SLIME_CLOCK served task=3 label=44 result=51827622 live=0
SLIME_CLOCK served task=2 label=44 result=51838309 live=0
SLIME_CLOCK served task=3 label=44 result=51849387 live=0
SLIME_CLOCK served task=2 label=44 result=51859409 live=0
SLIME_CLOCK served task=3 label=44 result=51869951 live=0
SLIME_CLOCK served task=2 label=44 result=51879909 live=0
SLIME_CLOCK served task=3 label=44 result=51890725 live=0
SLIME_CLOCK served task=2 label=44 result=51900788 live=0
SLIME_CLOCK served task=3 label=44 result=51919097 live=0
SLIME_CLOCK served task=2 label=44 result=51936010 live=0
SLIME_CLOCK served task=3 label=44 result=51954850 live=0
SLIME_CLOCK served task=2 label=44 result=51972069 live=0
SLIME_CLOCK served task=3 label=44 result=51989354 live=0
SLIME_CLOCK served task=2 label=44 result=52006132 live=0
SLIME_CLOCK served task=3 label=44 result=52023640 live=0
SLIME_CLOCK served task=2 label=44 result=52040414 live=0
SLIME_CLOCK served task=3 label=44 result=52057594 live=0
SLIME_CLOCK served task=2 label=44 result=52075014 live=0
SLIME_CLOCK served task=3 label=44 result=52092267 live=0
SLIME_CLOCK served task=2 label=44 result=52109040 live=0
SLIME_CLOCK served task=3 label=44 result=52125989 live=0
SLIME_CLOCK served task=2 label=44 result=52142623 live=0
SLIME_CLOCK served task=3 label=44 result=52160001 live=0
SLIME_CLOCK served task=2 label=44 result=52176058 live=0
SLIME_CLOCK served task=3 label=44 result=52192867 live=0
SLIME_CLOCK served task=2 label=44 result=52210525 live=0
SLIME_CLOCK served task=3 label=44 result=52228445 live=0
SLIME_CLOCK served task=2 label=44 result=52244325 live=0
SLIME_CLOCK served task=3 label=44 result=52259611 live=0
SLIME_CLOCK served task=2 label=44 result=52269097 live=0
SLIME_CLOCK served task=3 label=44 result=52279726 live=0
SLIME_CLOCK served task=2 label=44 result=52290295 live=0
SLIME_CLOCK served task=3 label=44 result=52300934 live=0
SLIME_CLOCK served task=2 label=44 result=52310905 live=0
SLIME_CLOCK served task=3 label=44 result=52321507 live=0
SLIME_CLOCK served task=2 label=44 result=52334831 live=0
SLIME_CLOCK served task=3 label=44 result=52347131 live=0
SLIME_CLOCK served task=2 label=44 result=52358423 live=0
SLIME_CLOCK served task=3 label=44 result=52370248 live=0
SLIME_CLOCK served task=2 label=44 result=52381444 live=0
SLIME_CLOCK served task=3 label=44 result=52393444 live=0
SLIME_CLOCK served task=2 label=44 result=52404552 live=0
SLIME_CLOCK served task=3 label=44 result=52416637 live=0
SLIME_CLOCK served task=2 label=44 result=52431186 live=0
SLIME_CLOCK served task=3 label=44 result=52443754 live=0
SLIME_CLOCK served task=2 label=44 result=52456593 live=0
SLIME_CLOCK served task=3 label=44 result=52468355 live=0
SLIME_CLOCK served task=2 label=44 result=52479760 live=0
SLIME_CLOCK served task=3 label=44 result=52491875 live=0
SLIME_CLOCK served task=2 label=44 result=52502992 live=0
SLIME_CLOCK served task=3 label=44 result=52515197 live=0
SLIME_CLOCK served task=2 label=44 result=52526291 live=0
SLIME_CLOCK served task=3 label=44 result=52538515 live=0
SLIME_CLOCK served task=2 label=44 result=52549614 live=0
SLIME_CLOCK served task=3 label=44 result=52561463 live=0
SLIME_CLOCK served task=2 label=44 result=52572524 live=0
SLIME_CLOCK served task=3 label=44 result=52585821 live=0
SLIME_CLOCK served task=2 label=44 result=52597398 live=0
SLIME_CLOCK served task=3 label=44 result=52609376 live=0
SLIME_CLOCK served task=2 label=44 result=52620525 live=0
SLIME_CLOCK served task=3 label=44 result=52632069 live=0
SLIME_CLOCK served task=2 label=44 result=52643457 live=0
SLIME_CLOCK served task=3 label=44 result=52655091 live=0
SLIME_CLOCK served task=2 label=44 result=52666452 live=0
SLIME_CLOCK served task=3 label=44 result=52678509 live=0
SLIME_CLOCK served task=2 label=44 result=52689592 live=0
SLIME_CLOCK served task=3 label=44 result=52701328 live=0
SLIME_CLOCK served task=2 label=44 result=52713417 live=0
SLIME_CLOCK served task=3 label=44 result=52727166 live=0
SLIME_CLOCK served task=2 label=44 result=52738001 live=0
SLIME_CLOCK served task=3 label=44 result=52748035 live=0
SLIME_CLOCK served task=2 label=44 result=52757643 live=0
SLIME_CLOCK served task=3 label=44 result=52768032 live=0
SLIME_CLOCK served task=2 label=44 result=52777402 live=0
SLIME_CLOCK served task=3 label=44 result=52792407 live=0
SLIME_CLOCK served task=2 label=44 result=52807115 live=0
SLIME_CLOCK served task=3 label=44 result=52822713 live=0
SLIME_CLOCK served task=2 label=44 result=52841303 live=0
SLIME_CLOCK served task=3 label=44 result=52856070 live=0
SLIME_CLOCK served task=2 label=44 result=52866617 live=0
SLIME_CLOCK served task=3 label=44 result=52877750 live=0
SLIME_CLOCK served task=2 label=44 result=52888362 live=0
SLIME_CLOCK served task=3 label=44 result=52900228 live=0
SLIME_CLOCK served task=2 label=44 result=52911000 live=0
SLIME_CLOCK served task=3 label=44 result=52922412 live=0
SLIME_CLOCK served task=2 label=44 result=52933166 live=0
SLIME_CLOCK served task=3 label=44 result=52944465 live=0
SLIME_CLOCK served task=2 label=44 result=52955270 live=0
SLIME_CLOCK served task=3 label=44 result=52967447 live=0
SLIME_CLOCK served task=2 label=44 result=52978483 live=0
SLIME_CLOCK served task=3 label=44 result=52989427 live=0
SLIME_CLOCK served task=2 label=44 result=53000258 live=0
SLIME_CLOCK served task=3 label=44 result=53011663 live=0
SLIME_CLOCK served task=2 label=44 result=53022140 live=0
SLIME_CLOCK served task=3 label=44 result=53033498 live=0
SLIME_CLOCK served task=2 label=44 result=53044034 live=0
SLIME_CLOCK served task=3 label=44 result=53055113 live=0
SLIME_CLOCK served task=2 label=44 result=53065617 live=0
SLIME_CLOCK served task=3 label=44 result=53077253 live=0
SLIME_CLOCK served task=2 label=44 result=53089024 live=0
SLIME_CLOCK served task=3 label=44 result=53103210 live=0
SLIME_CLOCK served task=2 label=44 result=53114510 live=0
SLIME_CLOCK served task=3 label=44 result=53125657 live=0
SLIME_CLOCK served task=2 label=44 result=53136148 live=0
SLIME_CLOCK served task=3 label=44 result=53147341 live=0
SLIME_CLOCK served task=2 label=44 result=53158097 live=0
SLIME_CLOCK served task=3 label=44 result=53169638 live=0
SLIME_CLOCK served task=2 label=44 result=53180086 live=0
SLIME_CLOCK served task=3 label=44 result=53191449 live=0
SLIME_CLOCK served task=2 label=44 result=53202176 live=0
SLIME_CLOCK served task=3 label=44 result=53213819 live=0
SLIME_CLOCK served task=2 label=44 result=53224840 live=0
SLIME_CLOCK served task=3 label=44 result=53236020 live=0
SLIME_CLOCK served task=2 label=44 result=53246694 live=0
SLIME_CLOCK served task=3 label=44 result=53257810 live=0
SLIME_CLOCK served task=2 label=44 result=53270800 live=0
SLIME_CLOCK served task=3 label=44 result=53281667 live=0
SLIME_CLOCK served task=2 label=44 result=53293373 live=0
SLIME_CLOCK served task=3 label=44 result=53308933 live=0
SLIME_CLOCK served task=2 label=44 result=53323222 live=0
SLIME_CLOCK served task=3 label=44 result=53340446 live=0
SLIME_CLOCK served task=2 label=44 result=53369208 live=0
SLIME_CLOCK served task=3 label=44 result=53382686 live=0
SLIME_CLOCK served task=2 label=44 result=53393681 live=0
SLIME_CLOCK served task=3 label=44 result=53404961 live=0
SLIME_CLOCK served task=2 label=44 result=53416434 live=0
SLIME_CLOCK served task=3 label=44 result=53428174 live=0
SLIME_CLOCK served task=2 label=44 result=53439935 live=0
SLIME_CLOCK served task=3 label=44 result=53451590 live=0
SLIME_CLOCK served task=2 label=44 result=53462717 live=0
SLIME_CLOCK served task=3 label=44 result=53476259 live=0
SLIME_CLOCK served task=2 label=44 result=53487702 live=0
SLIME_CLOCK served task=3 label=44 result=53499207 live=0
SLIME_CLOCK served task=2 label=44 result=53510182 live=0
SLIME_CLOCK served task=3 label=44 result=53522195 live=0
SLIME_CLOCK served task=2 label=44 result=53533560 live=0
SLIME_CLOCK served task=3 label=44 result=53545170 live=0
SLIME_CLOCK served task=2 label=44 result=53556521 live=0
SLIME_CLOCK served task=3 label=44 result=53568310 live=0
SLIME_CLOCK served task=2 label=44 result=53580281 live=0
SLIME_CLOCK served task=3 label=44 result=53592787 live=0
SLIME_CLOCK served task=2 label=44 result=53605394 live=0
SLIME_CLOCK served task=3 label=44 result=53616834 live=0
SLIME_CLOCK served task=2 label=44 result=53627440 live=0
SLIME_CLOCK served task=3 label=44 result=53638521 live=0
SLIME_CLOCK served task=2 label=44 result=53649476 live=0
SLIME_CLOCK served task=3 label=44 result=53661523 live=0
SLIME_CLOCK served task=2 label=44 result=53672139 live=0
SLIME_CLOCK served task=3 label=44 result=53683381 live=0
SLIME_CLOCK served task=2 label=44 result=53694511 live=0
SLIME_CLOCK served task=3 label=44 result=53706675 live=0
SLIME_CLOCK served task=2 label=44 result=53717657 live=0
SLIME_CLOCK served task=3 label=44 result=53731042 live=0
SLIME_CLOCK served task=2 label=44 result=53742131 live=0
SLIME_CLOCK served task=3 label=44 result=53753921 live=0
SLIME_CLOCK served task=2 label=44 result=53765205 live=0
SLIME_CLOCK served task=3 label=44 result=53777277 live=0
SLIME_CLOCK served task=2 label=44 result=53791115 live=0
SLIME_CLOCK served task=3 label=44 result=53806375 live=0
SLIME_CLOCK served task=2 label=44 result=53820076 live=0
SLIME_CLOCK served task=3 label=44 result=53830130 live=0
SLIME_CLOCK served task=2 label=44 result=53839540 live=0
SLIME_CLOCK served task=3 label=44 result=53852069 live=0
SLIME_CLOCK served task=2 label=44 result=53863121 live=0
SLIME_CLOCK served task=3 label=44 result=53875795 live=0
SLIME_CLOCK served task=2 label=44 result=53888605 live=0
SLIME_CLOCK served task=3 label=44 result=53900436 live=0
SLIME_CLOCK served task=2 label=44 result=53912110 live=0
SLIME_CLOCK served task=3 label=44 result=53924450 live=0
SLIME_CLOCK served task=2 label=44 result=53939014 live=0
SLIME_CLOCK served task=3 label=44 result=53954748 live=0
SLIME_CLOCK served task=2 label=44 result=53969135 live=0
SLIME_CLOCK served task=3 label=44 result=53998550 live=0
SLIME_CLOCK served task=2 label=44 result=54009282 live=0
SLIME_CLOCK served task=3 label=44 result=54020563 live=0
SLIME_CLOCK served task=2 label=44 result=54031284 live=0
SLIME_CLOCK served task=3 label=44 result=54045803 live=0
SLIME_CLOCK served task=2 label=44 result=54060260 live=0
SLIME_CLOCK served task=3 label=44 result=54074360 live=0
SLIME_CLOCK served task=2 label=44 result=54088594 live=0
SLIME_CLOCK served task=3 label=44 result=54104989 live=0
SLIME_CLOCK served task=2 label=44 result=54118803 live=0
SLIME_CLOCK served task=3 label=44 result=54133239 live=0
SLIME_CLOCK served task=2 label=44 result=54146865 live=0
SLIME_CLOCK served task=3 label=44 result=54161607 live=0
SLIME_CLOCK served task=2 label=44 result=54175514 live=0
SLIME_CLOCK served task=3 label=44 result=54189839 live=0
SLIME_CLOCK served task=2 label=44 result=54203993 live=0
SLIME_CLOCK served task=3 label=44 result=54218284 live=0
SLIME_CLOCK served task=2 label=44 result=54233514 live=0
SLIME_CLOCK served task=3 label=44 result=54247989 live=0
SLIME_CLOCK served task=2 label=44 result=54261812 live=0
SLIME_CLOCK served task=3 label=44 result=54276698 live=0
SLIME_CLOCK served task=2 label=44 result=54290259 live=0
SLIME_CLOCK served task=3 label=44 result=54301349 live=0
SLIME_CLOCK served task=2 label=44 result=54311832 live=0
SLIME_CLOCK served task=3 label=44 result=54322832 live=0
SLIME_CLOCK served task=2 label=44 result=54333296 live=0
SLIME_CLOCK served task=3 label=44 result=54344595 live=0
SLIME_CLOCK served task=2 label=44 result=54356047 live=0
SLIME_CLOCK served task=3 label=44 result=54367136 live=0
SLIME_CLOCK served task=2 label=44 result=54377565 live=0
SLIME_CLOCK served task=3 label=44 result=54388766 live=0
SLIME_CLOCK served task=2 label=44 result=54402788 live=0
SLIME_CLOCK served task=3 label=44 result=54417760 live=0
SLIME_CLOCK served task=2 label=44 result=54432503 live=0
SLIME_CLOCK served task=3 label=44 result=54447248 live=0
SLIME_CLOCK served task=2 label=44 result=54461814 live=0
SLIME_CLOCK served task=3 label=44 result=54477588 live=0
SLIME_CLOCK served task=2 label=44 result=54497971 live=0
SLIME_CLOCK served task=3 label=44 result=54515556 live=0
SLIME_CLOCK served task=2 label=44 result=54527290 live=0
SLIME_CLOCK served task=3 label=44 result=54538681 live=0
SLIME_CLOCK served task=2 label=44 result=54549408 live=0
SLIME_CLOCK served task=3 label=44 result=54561194 live=0
SLIME_CLOCK served task=2 label=44 result=54571769 live=0
SLIME_CLOCK served task=3 label=44 result=54583205 live=0
SLIME_CLOCK served task=2 label=44 result=54593917 live=0
SLIME_CLOCK served task=3 label=44 result=54605442 live=0
SLIME_CLOCK served task=2 label=44 result=54617740 live=0
SLIME_CLOCK served task=3 label=44 result=54629090 live=0
SLIME_CLOCK served task=2 label=44 result=54639566 live=0
SLIME_CLOCK served task=3 label=44 result=54650792 live=0
SLIME_CLOCK served task=2 label=44 result=54661575 live=0
SLIME_CLOCK served task=3 label=44 result=54672741 live=0
SLIME_CLOCK served task=2 label=44 result=54683337 live=0
SLIME_CLOCK served task=3 label=44 result=54694442 live=0
SLIME_CLOCK served task=2 label=44 result=54705232 live=0
SLIME_CLOCK served task=3 label=44 result=54716476 live=0
SLIME_CLOCK served task=2 label=44 result=54727364 live=0
SLIME_CLOCK served task=3 label=44 result=54739708 live=0
SLIME_CLOCK served task=2 label=44 result=54750140 live=0
SLIME_CLOCK served task=3 label=44 result=54761297 live=0
SLIME_CLOCK served task=2 label=44 result=54771876 live=0
SLIME_CLOCK served task=3 label=44 result=54783531 live=0
SLIME_CLOCK served task=2 label=44 result=54794227 live=0
SLIME_CLOCK served task=3 label=44 result=54805389 live=0
SLIME_CLOCK served task=2 label=44 result=54815982 live=0
SLIME_CLOCK served task=3 label=44 result=54827250 live=0
SLIME_CLOCK served task=2 label=44 result=54837903 live=0
SLIME_CLOCK served task=3 label=44 result=54849536 live=0
SLIME_CLOCK served task=2 label=44 result=54860135 live=0
SLIME_CLOCK served task=3 label=44 result=54872451 live=0
SLIME_CLOCK served task=2 label=44 result=54882983 live=0
SLIME_CLOCK served task=3 label=44 result=54894160 live=0
SLIME_CLOCK served task=2 label=44 result=54904839 live=0
SLIME_CLOCK served task=3 label=44 result=54918247 live=0
SLIME_CLOCK served task=2 label=44 result=54933082 live=0
SLIME_CLOCK served task=3 label=44 result=54948805 live=0
SLIME_CLOCK served task=2 label=44 result=54963549 live=0
SLIME_CLOCK served task=3 label=44 result=54979566 live=0
SLIME_CLOCK served task=2 label=44 result=54995932 live=0
SLIME_CLOCK served task=3 label=44 result=55007396 live=0
SLIME_CLOCK served task=2 label=44 result=55018166 live=0
SLIME_CLOCK served task=3 label=44 result=55029477 live=0
SLIME_CLOCK served task=2 label=44 result=55040524 live=0
SLIME_CLOCK served task=3 label=44 result=55051788 live=0
SLIME_CLOCK served task=2 label=44 result=55064927 live=0
SLIME_CLOCK served task=3 label=44 result=55080065 live=0
SLIME_CLOCK served task=2 label=44 result=55094207 live=0
SLIME_CLOCK served task=3 label=44 result=55109781 live=0
SLIME_CLOCK served task=2 label=44 result=55129637 live=0
SLIME_CLOCK served task=3 label=44 result=55143572 live=0
SLIME_CLOCK served task=2 label=44 result=55154479 live=0
SLIME_CLOCK served task=3 label=44 result=55168437 live=0
SLIME_CLOCK served task=2 label=44 result=55182447 live=0
SLIME_CLOCK served task=3 label=44 result=55197427 live=0
SLIME_CLOCK served task=2 label=44 result=55211284 live=0
SLIME_CLOCK served task=3 label=44 result=55226184 live=0
SLIME_CLOCK served task=2 label=44 result=55239828 live=0
SLIME_CLOCK served task=3 label=44 result=55256198 live=0
SLIME_CLOCK served task=2 label=44 result=55269834 live=0
SLIME_CLOCK served task=3 label=44 result=55284480 live=0
SLIME_CLOCK served task=2 label=44 result=55298355 live=0
SLIME_CLOCK served task=3 label=44 result=55313130 live=0
SLIME_CLOCK served task=2 label=44 result=55327136 live=0
SLIME_CLOCK served task=3 label=44 result=55341332 live=0
SLIME_CLOCK served task=2 label=44 result=55355478 live=0
SLIME_CLOCK served task=3 label=44 result=55370319 live=0
SLIME_CLOCK served task=2 label=44 result=55385860 live=0
SLIME_CLOCK served task=3 label=44 result=55398723 live=0
SLIME_CLOCK served task=2 label=44 result=55411056 live=0
SLIME_CLOCK served task=3 label=44 result=55425097 live=0
SLIME_CLOCK served task=2 label=44 result=55439349 live=0
SLIME_CLOCK served task=3 label=44 result=55453371 live=0
SLIME_CLOCK served task=2 label=44 result=55462883 live=0
SLIME_CLOCK served task=3 label=44 result=55473194 live=0
SLIME_CLOCK served task=2 label=44 result=55482686 live=0
SLIME_CLOCK served task=3 label=44 result=55492766 live=0
SLIME_CLOCK served task=2 label=44 result=55504936 live=0
SLIME_CLOCK served task=3 label=44 result=55516050 live=0
SLIME_CLOCK served task=2 label=44 result=55526698 live=0
SLIME_CLOCK served task=3 label=44 result=55540509 live=0
SLIME_CLOCK served task=2 label=44 result=55554621 live=0
SLIME_CLOCK served task=3 label=44 result=55570426 live=0
SLIME_CLOCK served task=2 label=44 result=55585195 live=0
SLIME_CLOCK served task=3 label=44 result=55601215 live=0
SLIME_CLOCK served task=2 label=44 result=55616007 live=0
SLIME_CLOCK served task=3 label=44 result=55630659 live=0
SLIME_CLOCK served task=2 label=44 result=55648382 live=0
SLIME_CLOCK served task=3 label=44 result=55660798 live=0
SLIME_CLOCK served task=2 label=44 result=55672019 live=0
SLIME_CLOCK served task=3 label=44 result=55684898 live=0
SLIME_CLOCK served task=2 label=44 result=55698624 live=0
SLIME_CLOCK served task=3 label=44 result=55711116 live=0
SLIME_CLOCK served task=2 label=44 result=55722940 live=0
SLIME_CLOCK served task=3 label=44 result=55735309 live=0
SLIME_CLOCK served task=2 label=44 result=55747175 live=0
SLIME_CLOCK served task=3 label=44 result=55761965 live=0
SLIME_CLOCK served task=2 label=44 result=55773083 live=0
SLIME_CLOCK served task=3 label=44 result=55785641 live=0
SLIME_CLOCK served task=2 label=44 result=55797220 live=0
SLIME_CLOCK served task=3 label=44 result=55809467 live=0
SLIME_CLOCK served task=2 label=44 result=55821380 live=0
SLIME_CLOCK served task=3 label=44 result=55833945 live=0
SLIME_CLOCK served task=2 label=44 result=55845785 live=0
SLIME_CLOCK served task=3 label=44 result=55858147 live=0
SLIME_CLOCK served task=2 label=44 result=55870163 live=0
SLIME_CLOCK served task=3 label=44 result=55884710 live=0
SLIME_CLOCK served task=2 label=44 result=55896736 live=0
SLIME_CLOCK served task=3 label=44 result=55909575 live=0
SLIME_CLOCK served task=2 label=44 result=55921176 live=0
SLIME_CLOCK served task=3 label=44 result=55933413 live=0
SLIME_CLOCK served task=2 label=44 result=55945155 live=0
SLIME_CLOCK served task=3 label=44 result=55958039 live=0
SLIME_CLOCK served task=2 label=44 result=55969836 live=0
SLIME_CLOCK served task=3 label=44 result=55982575 live=0
SLIME_CLOCK served task=2 label=44 result=55994202 live=0
SLIME_CLOCK served task=3 label=44 result=56007802 live=0
SLIME_CLOCK served task=2 label=44 result=56020062 live=0
SLIME_CLOCK served task=3 label=44 result=56033076 live=0
SLIME_CLOCK served task=2 label=44 result=56044394 live=0
SLIME_CLOCK served task=3 label=44 result=56059505 live=0
SLIME_CLOCK served task=2 label=44 result=56074206 live=0
SLIME_CLOCK served task=3 label=44 result=56089582 live=0
SLIME_CLOCK served task=2 label=44 result=56103989 live=0
SLIME_CLOCK served task=3 label=44 result=56119114 live=0
SLIME_CLOCK served task=2 label=44 result=56134489 live=0
SLIME_CLOCK served task=3 label=44 result=56154513 live=0
SLIME_CLOCK served task=2 label=44 result=56171655 live=0
SLIME_CLOCK served task=3 label=44 result=56188917 live=0
SLIME_CLOCK served task=2 label=44 result=56204955 live=0
SLIME_CLOCK served task=3 label=44 result=56220340 live=0
SLIME_CLOCK served task=2 label=44 result=56231199 live=0
SLIME_CLOCK served task=3 label=44 result=56242343 live=0
SLIME_CLOCK served task=2 label=44 result=56252970 live=0
SLIME_CLOCK served task=3 label=44 result=56264197 live=0
SLIME_CLOCK served task=2 label=44 result=56276907 live=0
SLIME_CLOCK served task=3 label=44 result=56288417 live=0
SLIME_CLOCK served task=2 label=44 result=56299005 live=0
SLIME_CLOCK served task=3 label=44 result=56310195 live=0
SLIME_CLOCK served task=2 label=44 result=56320706 live=0
SLIME_CLOCK served task=3 label=44 result=56332125 live=0
SLIME_CLOCK served task=2 label=44 result=56342700 live=0
SLIME_CLOCK served task=3 label=44 result=56354170 live=0
SLIME_CLOCK served task=2 label=44 result=56364615 live=0
SLIME_CLOCK served task=3 label=44 result=56375694 live=0
SLIME_CLOCK served task=2 label=44 result=56386386 live=0
SLIME_CLOCK served task=3 label=44 result=56399556 live=0
SLIME_CLOCK served task=2 label=44 result=56410649 live=0
SLIME_CLOCK served task=3 label=44 result=56421914 live=0
SLIME_CLOCK served task=2 label=44 result=56432576 live=0
SLIME_CLOCK served task=3 label=44 result=56443826 live=0
SLIME_CLOCK served task=2 label=44 result=56454501 live=0
SLIME_CLOCK served task=3 label=44 result=56465849 live=0
SLIME_CLOCK served task=2 label=44 result=56476645 live=0
SLIME_CLOCK served task=3 label=44 result=56487873 live=0
SLIME_CLOCK served task=2 label=44 result=56498420 live=0
SLIME_CLOCK served task=3 label=44 result=56509710 live=0
SLIME_CLOCK served task=2 label=44 result=56520335 live=0
SLIME_CLOCK served task=3 label=44 result=56534210 live=0
SLIME_CLOCK served task=2 label=44 result=56545012 live=0
SLIME_CLOCK served task=3 label=44 result=56556149 live=0
SLIME_CLOCK served task=2 label=44 result=56566716 live=0
SLIME_CLOCK served task=3 label=44 result=56581390 live=0
SLIME_CLOCK served task=2 label=44 result=56596157 live=0
SLIME_CLOCK served task=3 label=44 result=56611793 live=0
SLIME_CLOCK served task=2 label=44 result=56626327 live=0
SLIME_CLOCK served task=3 label=44 result=56641772 live=0
SLIME_CLOCK served task=2 label=44 result=56663166 live=0
SLIME_CLOCK served task=3 label=44 result=56677519 live=0
SLIME_CLOCK served task=2 label=44 result=56687099 live=0
SLIME_CLOCK served task=3 label=44 result=56697220 live=0
SLIME_CLOCK served task=2 label=44 result=56707007 live=0
SLIME_CLOCK served task=3 label=44 result=56719401 live=0
SLIME_CLOCK served task=2 label=44 result=56730675 live=0
SLIME_CLOCK served task=3 label=44 result=56740791 live=0
SLIME_CLOCK served task=2 label=44 result=56750266 live=0
SLIME_CLOCK served task=3 label=44 result=56760359 live=0
SLIME_CLOCK served task=2 label=44 result=56769828 live=0
SLIME_CLOCK served task=3 label=44 result=56784209 live=0
SLIME_CLOCK served task=2 label=44 result=56795013 live=0
SLIME_CLOCK served task=3 label=44 result=56806160 live=0
SLIME_CLOCK served task=2 label=44 result=56816684 live=0
SLIME_CLOCK served task=3 label=44 result=56827667 live=0
SLIME_CLOCK served task=2 label=44 result=56838252 live=0
SLIME_CLOCK served task=3 label=44 result=56849610 live=0
SLIME_CLOCK served task=2 label=44 result=56860071 live=0
SLIME_CLOCK served task=3 label=44 result=56871164 live=0
SLIME_CLOCK served task=2 label=44 result=56881662 live=0
SLIME_CLOCK served task=3 label=44 result=56892746 live=0
SLIME_CLOCK served task=2 label=44 result=56904785 live=0
SLIME_CLOCK served task=3 label=44 result=56916306 live=0
SLIME_CLOCK served task=2 label=44 result=56927003 live=0
SLIME_CLOCK served task=3 label=44 result=56938063 live=0
SLIME_CLOCK served task=2 label=44 result=56948638 live=0
SLIME_CLOCK served task=3 label=44 result=56960219 live=0
SLIME_CLOCK served task=2 label=44 result=56971097 live=0
SLIME_CLOCK served task=3 label=44 result=56982245 live=0
SLIME_CLOCK served task=2 label=44 result=56992601 live=0
SLIME_CLOCK served task=3 label=44 result=57003628 live=0
SLIME_CLOCK served task=2 label=44 result=57014151 live=0
SLIME_CLOCK served task=3 label=44 result=57025382 live=0
SLIME_CLOCK served task=2 label=44 result=57040417 live=0
SLIME_CLOCK served task=3 label=44 result=57052542 live=0
SLIME_CLOCK served task=2 label=44 result=57063125 live=0
SLIME_CLOCK served task=3 label=44 result=57074266 live=0
SLIME_CLOCK served task=2 label=44 result=57084918 live=0
SLIME_CLOCK served task=3 label=44 result=57099809 live=0
SLIME_CLOCK served task=2 label=44 result=57114008 live=0
SLIME_CLOCK served task=3 label=44 result=57128576 live=0
SLIME_CLOCK served task=2 label=44 result=57142600 live=0
SLIME_CLOCK served task=3 label=44 result=57160505 live=0
SLIME_CLOCK served task=2 label=44 result=57182220 live=0
SLIME_CLOCK served task=3 label=44 result=57199364 live=0
SLIME_CLOCK served task=2 label=44 result=57215235 live=0
SLIME_CLOCK served task=3 label=44 result=57232036 live=0
SLIME_CLOCK served task=2 label=44 result=57243719 live=0
SLIME_CLOCK served task=3 label=44 result=57255943 live=0
SLIME_CLOCK served task=2 label=44 result=57267207 live=0
SLIME_CLOCK served task=3 label=44 result=57279457 live=0
SLIME_CLOCK served task=2 label=44 result=57292832 live=0
SLIME_CLOCK served task=3 label=44 result=57305106 live=0
SLIME_CLOCK served task=2 label=44 result=57316396 live=0
SLIME_CLOCK served task=3 label=44 result=57328281 live=0
SLIME_CLOCK served task=2 label=44 result=57340127 live=0
SLIME_CLOCK served task=3 label=44 result=57353794 live=0
SLIME_CLOCK served task=2 label=44 result=57366662 live=0
SLIME_CLOCK served task=3 label=44 result=57379921 live=0
SLIME_CLOCK served task=2 label=44 result=57392129 live=0
SLIME_CLOCK served task=3 label=44 result=57404512 live=0
SLIME_CLOCK served task=2 label=44 result=57417941 live=0
SLIME_CLOCK served task=3 label=44 result=57430358 live=0
SLIME_CLOCK served task=2 label=44 result=57442399 live=0
SLIME_CLOCK served task=3 label=44 result=57454488 live=0
SLIME_CLOCK served task=2 label=44 result=57466747 live=0
SLIME_CLOCK served task=3 label=44 result=57479481 live=0
SLIME_CLOCK served task=2 label=44 result=57491277 live=0
SLIME_CLOCK served task=3 label=44 result=57502919 live=0
SLIME_CLOCK served task=2 label=44 result=57513983 live=0
SLIME_CLOCK served task=3 label=44 result=57525788 live=0
SLIME_CLOCK served task=2 label=44 result=57537247 live=0
SLIME_CLOCK served task=3 label=44 result=57550369 live=0
SLIME_CLOCK served task=2 label=44 result=57561639 live=0
SLIME_CLOCK served task=3 label=44 result=57573255 live=0
SLIME_CLOCK served task=2 label=44 result=57584685 live=0
SLIME_CLOCK served task=3 label=44 result=57598279 live=0
SLIME_CLOCK served task=2 label=44 result=57613930 live=0
SLIME_CLOCK served task=3 label=44 result=57630719 live=0
SLIME_CLOCK served task=2 label=44 result=57646957 live=0
SLIME_CLOCK served task=3 label=44 result=57662134 live=0
SLIME_CLOCK served task=2 label=44 result=57703219 live=0
SLIME_CLOCK served task=3 label=44 result=57720692 live=0
SLIME_CLOCK served task=2 label=44 result=57735233 live=0
SLIME_CLOCK served task=3 label=44 result=57746369 live=0
SLIME_CLOCK served task=2 label=44 result=57757728 live=0
SLIME_CLOCK served task=3 label=44 result=57771678 live=0
SLIME_CLOCK served task=2 label=44 result=57782692 live=0
SLIME_CLOCK served task=3 label=44 result=57795472 live=0
SLIME_CLOCK served task=2 label=44 result=57806091 live=0
SLIME_CLOCK served task=3 label=44 result=57817338 live=0
SLIME_CLOCK served task=2 label=44 result=57828022 live=0
SLIME_CLOCK served task=3 label=44 result=57839163 live=0
SLIME_CLOCK served task=2 label=44 result=57850325 live=0
SLIME_CLOCK served task=3 label=44 result=57861499 live=0
SLIME_CLOCK served task=2 label=44 result=57872117 live=0
SLIME_CLOCK served task=3 label=44 result=57883250 live=0
SLIME_CLOCK served task=2 label=44 result=57893981 live=0
SLIME_CLOCK served task=3 label=44 result=57905383 live=0
SLIME_CLOCK served task=2 label=44 result=57916162 live=0
SLIME_CLOCK served task=3 label=44 result=57928636 live=0
SLIME_CLOCK served task=2 label=44 result=57939313 live=0
SLIME_CLOCK served task=3 label=44 result=57950474 live=0
SLIME_CLOCK served task=2 label=44 result=57960962 live=0
SLIME_CLOCK served task=3 label=44 result=57975148 live=0
SLIME_CLOCK served task=2 label=44 result=57985909 live=0
SLIME_CLOCK served task=3 label=44 result=57997198 live=0
SLIME_CLOCK served task=2 label=44 result=58007806 live=0
SLIME_CLOCK served task=3 label=44 result=58019096 live=0
SLIME_CLOCK served task=2 label=44 result=58029827 live=0
SLIME_CLOCK served task=3 label=44 result=58041355 live=0
SLIME_CLOCK served task=2 label=44 result=58053076 live=0
SLIME_CLOCK served task=3 label=44 result=58064340 live=0
SLIME_CLOCK served task=2 label=44 result=58074943 live=0
SLIME_CLOCK served task=3 label=44 result=58086225 live=0
SLIME_CLOCK served task=2 label=44 result=58097134 live=0
SLIME_CLOCK served task=3 label=44 result=58108231 live=0
SLIME_CLOCK served task=2 label=44 result=58124434 live=0
SLIME_CLOCK served task=3 label=44 result=58140077 live=0
SLIME_CLOCK served task=2 label=44 result=58154375 live=0
SLIME_CLOCK served task=3 label=44 result=58169759 live=0
SLIME_CLOCK served task=2 label=44 result=58195440 live=0
SLIME_CLOCK served task=3 label=44 result=58212543 live=0
SLIME_CLOCK served task=2 label=44 result=58228874 live=0
SLIME_CLOCK served task=3 label=44 result=58241807 live=0
SLIME_CLOCK served task=2 label=44 result=58252978 live=0
SLIME_CLOCK served task=3 label=44 result=58264580 live=0
SLIME_CLOCK served task=2 label=44 result=58276404 live=0
SLIME_CLOCK served task=3 label=44 result=58288679 live=0
SLIME_CLOCK served task=2 label=44 result=58299968 live=0
SLIME_CLOCK served task=3 label=44 result=58313096 live=0
SLIME_CLOCK served task=2 label=44 result=58324468 live=0
SLIME_CLOCK served task=3 label=44 result=58336234 live=0
SLIME_CLOCK served task=2 label=44 result=58347947 live=0
SLIME_CLOCK served task=3 label=44 result=58359896 live=0
SLIME_CLOCK served task=2 label=44 result=58371026 live=0
SLIME_CLOCK served task=3 label=44 result=58382888 live=0
SLIME_CLOCK served task=2 label=44 result=58394191 live=0
SLIME_CLOCK served task=3 label=44 result=58405905 live=0
SLIME_CLOCK served task=2 label=44 result=58417355 live=0
SLIME_CLOCK served task=3 label=44 result=58430299 live=0
SLIME_CLOCK served task=2 label=44 result=58441426 live=0
SLIME_CLOCK served task=3 label=44 result=58453303 live=0
SLIME_CLOCK served task=2 label=44 result=58464491 live=0
SLIME_CLOCK served task=3 label=44 result=58476513 live=0
SLIME_CLOCK served task=2 label=44 result=58487729 live=0
SLIME_CLOCK served task=3 label=44 result=58499462 live=0
SLIME_CLOCK served task=2 label=44 result=58510522 live=0
SLIME_CLOCK served task=3 label=44 result=58522481 live=0
SLIME_CLOCK served task=2 label=44 result=58534013 live=0
SLIME_CLOCK served task=3 label=44 result=58545892 live=0
SLIME_CLOCK served task=2 label=44 result=58558297 live=0
SLIME_CLOCK served task=3 label=44 result=58570048 live=0
SLIME_CLOCK served task=2 label=44 result=58581317 live=0
SLIME_CLOCK served task=3 label=44 result=58593329 live=0
SLIME_CLOCK served task=2 label=44 result=58605048 live=0
SLIME_CLOCK served task=3 label=44 result=58617071 live=0
SLIME_CLOCK served task=2 label=44 result=58630850 live=0
SLIME_CLOCK served task=3 label=44 result=58646375 live=0
SLIME_CLOCK served task=2 label=44 result=58661553 live=0
SLIME_CLOCK served task=3 label=44 result=58676642 live=0
SLIME_CLOCK served task=2 label=44 result=58709981 live=0
SLIME_CLOCK served task=3 label=44 result=58726033 live=0
SLIME_CLOCK served task=2 label=44 result=58740256 live=0
SLIME_CLOCK served task=3 label=44 result=58752098 live=0
SLIME_CLOCK served task=2 label=44 result=58761503 live=0
SLIME_CLOCK served task=3 label=44 result=58771527 live=0
SLIME_CLOCK served task=2 label=44 result=58783720 live=0
SLIME_CLOCK served task=3 label=44 result=58794803 live=0
SLIME_CLOCK served task=2 label=44 result=58804283 live=0
SLIME_CLOCK served task=3 label=44 result=58817216 live=0
SLIME_CLOCK served task=2 label=44 result=58827833 live=0
SLIME_CLOCK served task=3 label=44 result=58839422 live=0
SLIME_CLOCK served task=2 label=44 result=58850516 live=0
SLIME_CLOCK served task=3 label=44 result=58861643 live=0
SLIME_CLOCK served task=2 label=44 result=58872782 live=0
SLIME_CLOCK served task=3 label=44 result=58883965 live=0
SLIME_CLOCK served task=2 label=44 result=58894583 live=0
SLIME_CLOCK served task=3 label=44 result=58905671 live=0
SLIME_CLOCK served task=2 label=44 result=58916337 live=0
SLIME_CLOCK served task=3 label=44 result=58927567 live=0
SLIME_CLOCK served task=2 label=44 result=58939368 live=0
SLIME_CLOCK served task=3 label=44 result=58950755 live=0
SLIME_CLOCK served task=2 label=44 result=58961201 live=0
SLIME_CLOCK served task=3 label=44 result=58972704 live=0
SLIME_CLOCK served task=2 label=44 result=58983408 live=0
SLIME_CLOCK served task=3 label=44 result=58994699 live=0
SLIME_CLOCK served task=2 label=44 result=59005599 live=0
SLIME_CLOCK served task=3 label=44 result=59016760 live=0
SLIME_CLOCK served task=2 label=44 result=59027417 live=0
SLIME_CLOCK served task=3 label=44 result=59038733 live=0
SLIME_CLOCK served task=2 label=44 result=59049132 live=0
SLIME_CLOCK served task=3 label=44 result=59060622 live=0
SLIME_CLOCK served task=2 label=44 result=59072313 live=0
SLIME_CLOCK served task=3 label=44 result=59083411 live=0
SLIME_CLOCK served task=2 label=44 result=59093779 live=0
SLIME_CLOCK served task=3 label=44 result=59105212 live=0
SLIME_CLOCK served task=2 label=44 result=59115725 live=0
SLIME_CLOCK served task=3 label=44 result=59126771 live=0
SLIME_CLOCK served task=2 label=44 result=59140159 live=0
SLIME_CLOCK served task=3 label=44 result=59155186 live=0
SLIME_CLOCK served task=2 label=44 result=59166331 live=0
SLIME_CLOCK served task=3 label=44 result=59176972 live=0
SLIME_CLOCK served task=2 label=44 result=59194911 live=0
SLIME_CLOCK served task=3 label=44 result=59246538 live=0
SLIME_CLOCK served task=2 label=44 result=59262625 live=0
SLIME_CLOCK served task=3 label=44 result=59278324 live=0
SLIME_CLOCK served task=2 label=44 result=59289370 live=0
SLIME_CLOCK served task=3 label=44 result=59300408 live=0
SLIME_CLOCK served task=2 label=44 result=59310932 live=0
SLIME_CLOCK served task=3 label=44 result=59323120 live=0
SLIME_CLOCK served task=2 label=44 result=59333819 live=0
SLIME_CLOCK served task=3 label=44 result=59345929 live=0
SLIME_CLOCK served task=2 label=44 result=59357316 live=0
SLIME_CLOCK served task=3 label=44 result=59369254 live=0
SLIME_CLOCK served task=2 label=44 result=59380225 live=0
SLIME_CLOCK served task=3 label=44 result=59391836 live=0
SLIME_CLOCK served task=2 label=44 result=59402875 live=0
SLIME_CLOCK served task=3 label=44 result=59415106 live=0
SLIME_CLOCK served task=2 label=44 result=59426080 live=0
SLIME_CLOCK served task=3 label=44 result=59437714 live=0
SLIME_CLOCK served task=2 label=44 result=59450355 live=0
SLIME_CLOCK served task=3 label=44 result=59462127 live=0
SLIME_CLOCK served task=2 label=44 result=59474028 live=0
SLIME_CLOCK served task=3 label=44 result=59485920 live=0
SLIME_CLOCK served task=2 label=44 result=59497105 live=0
SLIME_CLOCK served task=3 label=44 result=59508825 live=0
SLIME_CLOCK served task=2 label=44 result=59519857 live=0
SLIME_CLOCK served task=3 label=44 result=59532216 live=0
SLIME_CLOCK served task=2 label=44 result=59543543 live=0
SLIME_CLOCK served task=3 label=44 result=59555072 live=0
SLIME_CLOCK served task=2 label=44 result=59566085 live=0
SLIME_CLOCK served task=3 label=44 result=59579615 live=0
SLIME_CLOCK served task=2 label=44 result=59591121 live=0
SLIME_CLOCK served task=3 label=44 result=59603257 live=0
SLIME_CLOCK served task=2 label=44 result=59614451 live=0
SLIME_CLOCK served task=3 label=44 result=59626454 live=0
SLIME_CLOCK served task=2 label=44 result=59637603 live=0
SLIME_CLOCK served task=3 label=44 result=59653363 live=0
SLIME_CLOCK served task=2 label=44 result=59668215 live=0
SLIME_CLOCK served task=3 label=44 result=59683947 live=0
SLIME_CLOCK served task=2 label=44 result=59702866 live=0
SLIME_CLOCK served task=3 label=44 result=59719747 live=0
SLIME_CLOCK served task=2 label=44 result=59733971 live=0
SLIME_CLOCK served task=3 label=44 result=59745639 live=0
SLIME_CLOCK served task=2 label=44 result=59755116 live=0
SLIME_CLOCK served task=3 label=44 result=59765192 live=0
SLIME_CLOCK served task=2 label=44 result=59774932 live=0
SLIME_CLOCK served task=3 label=44 result=59785307 live=0
SLIME_CLOCK served task=2 label=44 result=59794759 live=0
SLIME_CLOCK served task=3 label=44 result=59804832 live=0
SLIME_CLOCK served task=2 label=44 result=59814287 live=0
SLIME_CLOCK served task=3 label=44 result=59826415 live=0
SLIME_CLOCK served task=2 label=44 result=59837454 live=0
SLIME_CLOCK served task=3 label=44 result=59849582 live=0
SLIME_CLOCK served task=2 label=44 result=59860485 live=0
SLIME_CLOCK served task=3 label=44 result=59871555 live=0
SLIME_CLOCK served task=2 label=44 result=59882246 live=0
SLIME_CLOCK served task=3 label=44 result=59893291 live=0
SLIME_CLOCK served task=2 label=44 result=59903814 live=0
SLIME_CLOCK served task=3 label=44 result=59915159 live=0
SLIME_CLOCK served task=2 label=44 result=59926001 live=0
SLIME_CLOCK served task=3 label=44 result=59940389 live=0
SLIME_CLOCK served task=2 label=44 result=59952270 live=0
SLIME_CLOCK served task=3 label=44 result=59963637 live=0
SLIME_CLOCK served task=2 label=44 result=59974510 live=0
SLIME_CLOCK served task=3 label=44 result=59985871 live=0
SLIME_CLOCK served task=2 label=44 result=59996497 live=0
SLIME_CLOCK served task=3 label=44 result=60007685 live=0
SLIME_CLOCK served task=2 label=44 result=60018333 live=0
SLIME_CLOCK served task=3 label=44 result=60029369 live=0
SLIME_CLOCK served task=2 label=44 result=60040066 live=0
SLIME_CLOCK served task=3 label=44 result=60051237 live=0
SLIME_CLOCK served task=2 label=44 result=60061795 live=0
SLIME_CLOCK served task=3 label=44 result=60073031 live=0
SLIME_CLOCK served task=2 label=44 result=60084717 live=0
SLIME_CLOCK served task=3 label=44 result=60096164 live=0
SLIME_CLOCK served task=2 label=44 result=60106637 live=0
SLIME_CLOCK served task=3 label=44 result=60117789 live=0
SLIME_CLOCK served task=2 label=44 result=60128311 live=0
SLIME_CLOCK served task=3 label=44 result=60139491 live=0
SLIME_CLOCK served task=2 label=44 result=60149973 live=0
SLIME_CLOCK served task=3 label=44 result=60165252 live=0
SLIME_CLOCK served task=2 label=44 result=60176662 live=0
SLIME_CLOCK served task=3 label=44 result=60188526 live=0
SLIME_CLOCK served task=2 label=44 result=60199597 live=0
SLIME_CLOCK served task=3 label=44 result=60213204 live=0
SLIME_CLOCK served task=2 label=44 result=60224555 live=0
SLIME_CLOCK served task=3 label=44 result=60236106 live=0
SLIME_CLOCK served task=2 label=44 result=60247624 live=0
SLIME_CLOCK served task=3 label=44 result=60259495 live=0
SLIME_CLOCK served task=2 label=44 result=60271638 live=0
SLIME_CLOCK served task=3 label=44 result=60287454 live=0
SLIME_CLOCK served task=2 label=44 result=60302102 live=0
SLIME_CLOCK served task=3 label=44 result=60317724 live=0
SLIME_CLOCK served task=2 label=44 result=60335338 live=0
SLIME_CLOCK served task=3 label=44 result=60349259 live=0
SLIME_CLOCK served task=2 label=44 result=60359764 live=0
SLIME_CLOCK served task=3 label=44 result=60371128 live=0
SLIME_CLOCK served task=2 label=44 result=60381607 live=0
SLIME_CLOCK served task=3 label=44 result=60392833 live=0
SLIME_CLOCK served task=2 label=44 result=60403598 live=0
SLIME_CLOCK served task=3 label=44 result=60415455 live=0
SLIME_CLOCK served task=2 label=44 result=60429530 live=0
SLIME_CLOCK served task=3 label=44 result=60444083 live=0
SLIME_CLOCK served task=2 label=44 result=60459203 live=0
SLIME_CLOCK served task=3 label=44 result=60474230 live=0
SLIME_CLOCK served task=2 label=44 result=60488157 live=0
SLIME_CLOCK served task=3 label=44 result=60503353 live=0
SLIME_CLOCK served task=2 label=44 result=60517230 live=0
SLIME_CLOCK served task=3 label=44 result=60531972 live=0
SLIME_CLOCK served task=2 label=44 result=60545946 live=0
SLIME_CLOCK served task=3 label=44 result=60560714 live=0
SLIME_CLOCK served task=2 label=44 result=60574965 live=0
SLIME_CLOCK served task=3 label=44 result=60591128 live=0
SLIME_CLOCK served task=2 label=44 result=60605525 live=0
SLIME_CLOCK served task=3 label=44 result=60620271 live=0
SLIME_CLOCK served task=2 label=44 result=60633905 live=0
SLIME_CLOCK served task=3 label=44 result=60648102 live=0
SLIME_CLOCK served task=2 label=44 result=60661931 live=0
SLIME_CLOCK served task=3 label=44 result=60676261 live=0
SLIME_CLOCK served task=2 label=44 result=60686890 live=0
SLIME_CLOCK served task=3 label=44 result=60698042 live=0
SLIME_CLOCK served task=2 label=44 result=60709400 live=0
SLIME_CLOCK served task=3 label=44 result=60720711 live=0
SLIME_CLOCK served task=2 label=44 result=60731298 live=0
SLIME_CLOCK served task=3 label=44 result=60745762 live=0
SLIME_CLOCK served task=2 label=44 result=60759231 live=0
SLIME_CLOCK served task=3 label=44 result=60774784 live=0
SLIME_CLOCK served task=2 label=44 result=60790586 live=0
SLIME_CLOCK served task=3 label=44 result=60805269 live=0
SLIME_CLOCK served task=2 label=44 result=60821694 live=0
SLIME_CLOCK served task=3 label=44 result=60844174 live=0
SLIME_CLOCK served task=2 label=44 result=60864019 live=0
SLIME_CLOCK served task=3 label=44 result=60883334 live=0
SLIME_CLOCK served task=2 label=44 result=60899548 live=0
SLIME_CLOCK served task=3 label=44 result=60915427 live=0
SLIME_CLOCK served task=2 label=44 result=60929823 live=0
SLIME_CLOCK served task=3 label=44 result=60945004 live=0
SLIME_CLOCK served task=2 label=44 result=60959283 live=0
SLIME_CLOCK served task=3 label=44 result=60976586 live=0
SLIME_CLOCK served task=2 label=44 result=60991144 live=0
SLIME_CLOCK served task=3 label=44 result=61006408 live=0
SLIME_CLOCK served task=2 label=44 result=61020764 live=0
SLIME_CLOCK served task=3 label=44 result=61036305 live=0
SLIME_CLOCK served task=2 label=44 result=61050939 live=0
SLIME_CLOCK served task=3 label=44 result=61067801 live=0
SLIME_CLOCK served task=2 label=44 result=61083772 live=0
SLIME_CLOCK served task=3 label=44 result=61100805 live=0
SLIME_CLOCK served task=2 label=44 result=61116456 live=0
SLIME_CLOCK served task=3 label=44 result=61133143 live=0
SLIME_CLOCK served task=2 label=44 result=61150566 live=0
SLIME_CLOCK served task=3 label=44 result=61166666 live=0
SLIME_CLOCK served task=2 label=44 result=61181074 live=0
SLIME_CLOCK served task=3 label=44 result=61196668 live=0
SLIME_CLOCK served task=2 label=44 result=61211034 live=0
SLIME_CLOCK served task=3 label=44 result=61226491 live=0
SLIME_CLOCK served task=2 label=44 result=61241044 live=0
SLIME_CLOCK served task=3 label=44 result=61256849 live=0
SLIME_CLOCK served task=2 label=44 result=61275593 live=0
SLIME_CLOCK served task=3 label=44 result=61292661 live=0
SLIME_CLOCK served task=2 label=44 result=61307518 live=0
SLIME_CLOCK served task=3 label=44 result=61323149 live=0
SLIME_CLOCK served task=2 label=44 result=61334525 live=0
SLIME_CLOCK served task=3 label=44 result=61344932 live=0
SLIME_CLOCK served task=2 label=44 result=61360768 live=0
SLIME_CLOCK served task=3 label=44 result=61377862 live=0
SLIME_CLOCK served task=2 label=44 result=61394234 live=0
SLIME_CLOCK served task=3 label=44 result=61414979 live=0
SLIME_CLOCK served task=2 label=44 result=61428793 live=0
SLIME_CLOCK served task=3 label=44 result=61445993 live=0
SLIME_CLOCK served task=2 label=44 result=61462741 live=0
SLIME_CLOCK served task=3 label=44 result=61481036 live=0
SLIME_CLOCK served task=2 label=44 result=61497479 live=0
SLIME_CLOCK served task=3 label=44 result=61513161 live=0
SLIME_CLOCK served task=2 label=44 result=61526270 live=0
SLIME_CLOCK served task=3 label=44 result=61540028 live=0
SLIME_CLOCK served task=2 label=44 result=61551600 live=0
SLIME_CLOCK served task=3 label=44 result=61563815 live=0
SLIME_CLOCK served task=2 label=44 result=61575319 live=0
SLIME_CLOCK served task=3 label=44 result=61587287 live=0
SLIME_CLOCK served task=2 label=44 result=61599252 live=0
SLIME_CLOCK served task=3 label=44 result=61611569 live=0
SLIME_CLOCK served task=2 label=44 result=61623307 live=0
SLIME_CLOCK served task=3 label=44 result=61635270 live=0
SLIME_CLOCK served task=2 label=44 result=61646941 live=0
SLIME_CLOCK served task=3 label=44 result=61660873 live=0
SLIME_CLOCK served task=2 label=44 result=61672425 live=0
SLIME_CLOCK served task=3 label=44 result=61684374 live=0
SLIME_CLOCK served task=2 label=44 result=61695953 live=0
SLIME_CLOCK served task=3 label=44 result=61707891 live=0
SLIME_CLOCK served task=2 label=44 result=61719200 live=0
SLIME_CLOCK served task=3 label=44 result=61731728 live=0
SLIME_CLOCK served task=2 label=44 result=61743038 live=0
SLIME_CLOCK served task=3 label=44 result=61754867 live=0
SLIME_CLOCK served task=2 label=44 result=61765938 live=0
SLIME_CLOCK served task=3 label=44 result=61779053 live=0
SLIME_CLOCK served task=2 label=44 result=61790607 live=0
SLIME_CLOCK served task=3 label=44 result=61802442 live=0
SLIME_CLOCK served task=2 label=44 result=61813645 live=0
SLIME_CLOCK served task=3 label=44 result=61825583 live=0
SLIME_CLOCK served task=2 label=44 result=61836776 live=0
SLIME_CLOCK served task=3 label=44 result=61849064 live=0
SLIME_CLOCK served task=2 label=44 result=61863159 live=0
SLIME_CLOCK served task=3 label=44 result=61879916 live=0
SLIME_CLOCK served task=2 label=44 result=61895781 live=0
SLIME_CLOCK served task=3 label=44 result=61915097 live=0
SLIME_CLOCK served task=2 label=44 result=61929620 live=0
SLIME_CLOCK served task=3 label=44 result=61945296 live=0
SLIME_CLOCK served task=2 label=44 result=61959933 live=0
SLIME_CLOCK served task=3 label=44 result=61975891 live=0
SLIME_CLOCK served task=2 label=44 result=61990089 live=0
SLIME_CLOCK served task=3 label=44 result=62000133 live=0
SLIME_CLOCK served task=2 label=44 result=62009498 live=0
SLIME_CLOCK served task=3 label=44 result=62019528 live=0
SLIME_CLOCK served task=2 label=44 result=62028942 live=0
SLIME_CLOCK served task=3 label=44 result=62051139 live=0
SLIME_CLOCK served task=2 label=44 result=62062104 live=0
SLIME_CLOCK served task=3 label=44 result=62073427 live=0
SLIME_CLOCK served task=2 label=44 result=62083914 live=0
SLIME_CLOCK served task=3 label=44 result=62095736 live=0
SLIME_CLOCK served task=2 label=44 result=62106557 live=0
SLIME_CLOCK served task=3 label=44 result=62117854 live=0
SLIME_CLOCK served task=2 label=44 result=62128584 live=0
SLIME_CLOCK served task=3 label=44 result=62139671 live=0
SLIME_CLOCK served task=2 label=44 result=62150377 live=0
SLIME_CLOCK served task=3 label=44 result=62161817 live=0
SLIME_CLOCK served task=2 label=44 result=62173543 live=0
SLIME_CLOCK served task=3 label=44 result=62184795 live=0
SLIME_CLOCK served task=2 label=44 result=62195502 live=0
SLIME_CLOCK served task=3 label=44 result=62206544 live=0
SLIME_CLOCK served task=2 label=44 result=62217208 live=0
SLIME_CLOCK served task=3 label=44 result=62228779 live=0
SLIME_CLOCK served task=2 label=44 result=62239252 live=0
SLIME_CLOCK served task=3 label=44 result=62250429 live=0
SLIME_CLOCK served task=2 label=44 result=62260930 live=0
SLIME_CLOCK served task=3 label=44 result=62272121 live=0
SLIME_CLOCK served task=2 label=44 result=62282727 live=0
SLIME_CLOCK served task=3 label=44 result=62294928 live=0
SLIME_CLOCK served task=2 label=44 result=62305455 live=0
SLIME_CLOCK served task=3 label=44 result=62316646 live=0
SLIME_CLOCK served task=2 label=44 result=62327196 live=0
SLIME_CLOCK served task=3 label=44 result=62338254 live=0
SLIME_CLOCK served task=2 label=44 result=62348843 live=0
SLIME_CLOCK served task=3 label=44 result=62359899 live=0
SLIME_CLOCK served task=2 label=44 result=62370564 live=0
SLIME_CLOCK served task=3 label=44 result=62385128 live=0
SLIME_CLOCK served task=2 label=44 result=62400670 live=0
SLIME_CLOCK served task=3 label=44 result=62418288 live=0
SLIME_CLOCK served task=2 label=44 result=62445974 live=0
SLIME_CLOCK served task=3 label=44 result=62461570 live=0
SLIME_CLOCK served task=2 label=44 result=62476081 live=0
SLIME_CLOCK served task=3 label=44 result=62487321 live=0
SLIME_CLOCK served task=2 label=44 result=62497304 live=0
SLIME_CLOCK served task=3 label=44 result=62507855 live=0
SLIME_CLOCK served task=2 label=44 result=62517811 live=0
SLIME_CLOCK served task=3 label=44 result=62528350 live=0
SLIME_CLOCK served task=2 label=44 result=62538850 live=0
SLIME_CLOCK served task=3 label=44 result=62550855 live=0
SLIME_CLOCK served task=2 label=44 result=62562323 live=0
SLIME_CLOCK served task=3 label=44 result=62574288 live=0
SLIME_CLOCK served task=2 label=44 result=62585555 live=0
SLIME_CLOCK served task=3 label=44 result=62597760 live=0
SLIME_CLOCK served task=2 label=44 result=62609223 live=0
SLIME_CLOCK served task=3 label=44 result=62620881 live=0
SLIME_CLOCK served task=2 label=44 result=62632128 live=0
SLIME_CLOCK served task=3 label=44 result=62644033 live=0
SLIME_CLOCK served task=2 label=44 result=62655215 live=0
SLIME_CLOCK served task=3 label=44 result=62667341 live=0
SLIME_CLOCK served task=2 label=44 result=62679645 live=0
SLIME_CLOCK served task=3 label=44 result=62691302 live=0
SLIME_CLOCK served task=2 label=44 result=62702610 live=0
SLIME_CLOCK served task=3 label=44 result=62714355 live=0
SLIME_CLOCK served task=2 label=44 result=62725861 live=0
SLIME_CLOCK served task=3 label=44 result=62737919 live=0
SLIME_CLOCK served task=2 label=44 result=62749078 live=0
SLIME_CLOCK served task=3 label=44 result=62760941 live=0
SLIME_CLOCK served task=2 label=44 result=62772219 live=0
SLIME_CLOCK served task=3 label=44 result=62784817 live=0
SLIME_CLOCK served task=2 label=44 result=62796113 live=0
SLIME_CLOCK served task=3 label=44 result=62809202 live=0
SLIME_CLOCK served task=2 label=44 result=62820621 live=0
SLIME_CLOCK served task=3 label=44 result=62832360 live=0
SLIME_CLOCK served task=2 label=44 result=62843716 live=0
SLIME_CLOCK served task=3 label=44 result=62855936 live=0
SLIME_CLOCK served task=2 label=44 result=62867060 live=0
SLIME_CLOCK served task=3 label=44 result=62878676 live=0
SLIME_CLOCK served task=2 label=44 result=62889948 live=0
SLIME_CLOCK served task=3 label=44 result=62904161 live=0
SLIME_CLOCK served task=2 label=44 result=62914741 live=0
SLIME_CLOCK served task=3 label=44 result=62925401 live=0
SLIME_CLOCK served task=2 label=44 result=62969523 live=0
SLIME_CLOCK served task=3 label=44 result=63000029 live=0
SLIME_CLOCK served task=2 label=44 result=63015561 live=0
SLIME_CLOCK served task=3 label=44 result=63027998 live=0
SLIME_CLOCK served task=2 label=44 result=63041881 live=0
SLIME_CLOCK served task=3 label=44 result=63054301 live=0
SLIME_CLOCK served task=2 label=44 result=63068036 live=0
SLIME_CLOCK served task=3 label=44 result=63080398 live=0
SLIME_CLOCK served task=2 label=44 result=63092079 live=0
SLIME_CLOCK served task=3 label=44 result=63104847 live=0
SLIME_CLOCK served task=2 label=44 result=63117732 live=0
SLIME_CLOCK served task=3 label=44 result=63130230 live=0
SLIME_CLOCK served task=2 label=44 result=63141999 live=0
SLIME_CLOCK served task=3 label=44 result=63154828 live=0
SLIME_CLOCK served task=2 label=44 result=63166740 live=0
SLIME_CLOCK served task=3 label=44 result=63178910 live=0
SLIME_CLOCK served task=2 label=44 result=63192994 live=0
SLIME_CLOCK served task=3 label=44 result=63205364 live=0
SLIME_CLOCK served task=2 label=44 result=63217178 live=0
SLIME_CLOCK served task=3 label=44 result=63230056 live=0
SLIME_CLOCK served task=2 label=44 result=63241823 live=0
SLIME_CLOCK served task=3 label=44 result=63254223 live=0
SLIME_CLOCK served task=2 label=44 result=63265973 live=0
SLIME_CLOCK served task=3 label=44 result=63278424 live=0
SLIME_CLOCK served task=2 label=44 result=63290564 live=0
SLIME_CLOCK served task=3 label=44 result=63302906 live=0
SLIME_CLOCK served task=2 label=44 result=63315731 live=0
SLIME_CLOCK served task=3 label=44 result=63328046 live=0
SLIME_CLOCK served task=2 label=44 result=63339626 live=0
SLIME_CLOCK served task=3 label=44 result=63352274 live=0
SLIME_CLOCK served task=2 label=44 result=63364190 live=0
SLIME_CLOCK served task=3 label=44 result=63376709 live=0
SLIME_CLOCK served task=2 label=44 result=63388107 live=0
SLIME_CLOCK served task=3 label=44 result=63402002 live=0
SLIME_CLOCK served task=2 label=44 result=63416544 live=0
SLIME_CLOCK served task=3 label=44 result=63432202 live=0
SLIME_CLOCK served task=2 label=44 result=63469113 live=0
SLIME_CLOCK served task=3 label=44 result=63487721 live=0
SLIME_CLOCK served task=2 label=44 result=63499541 live=0
SLIME_CLOCK served task=3 label=44 result=63511363 live=0
SLIME_CLOCK served task=2 label=44 result=63521896 live=0
SLIME_CLOCK served task=3 label=44 result=63533704 live=0
SLIME_CLOCK served task=2 label=44 result=63544760 live=0
SLIME_CLOCK served task=3 label=44 result=63556969 live=0
SLIME_CLOCK served task=2 label=44 result=63569354 live=0
SLIME_CLOCK served task=3 label=44 result=63581322 live=0
SLIME_CLOCK served task=2 label=44 result=63592450 live=0
SLIME_CLOCK served task=3 label=44 result=63604824 live=0
SLIME_CLOCK served task=2 label=44 result=63615799 live=0
SLIME_CLOCK served task=3 label=44 result=63627556 live=0
SLIME_CLOCK served task=2 label=44 result=63638562 live=0
SLIME_CLOCK served task=3 label=44 result=63650413 live=0
SLIME_CLOCK served task=2 label=44 result=63661881 live=0
SLIME_CLOCK served task=3 label=44 result=63673491 live=0
SLIME_CLOCK served task=2 label=44 result=63685197 live=0
SLIME_CLOCK served task=3 label=44 result=63698848 live=0
SLIME_CLOCK served task=2 label=44 result=63710209 live=0
SLIME_CLOCK served task=3 label=44 result=63722510 live=0
SLIME_CLOCK served task=2 label=44 result=63733547 live=0
SLIME_CLOCK served task=3 label=44 result=63745657 live=0
SLIME_CLOCK served task=2 label=44 result=63756618 live=0
SLIME_CLOCK served task=3 label=44 result=63768772 live=0
SLIME_CLOCK served task=2 label=44 result=63780020 live=0
SLIME_CLOCK served task=3 label=44 result=63792357 live=0
SLIME_CLOCK served task=2 label=44 result=63803614 live=0
SLIME_CLOCK served task=3 label=44 result=63815522 live=0
SLIME_CLOCK served task=2 label=44 result=63828226 live=0
SLIME_CLOCK served task=3 label=44 result=63840194 live=0
SLIME_CLOCK served task=2 label=44 result=63851984 live=0
SLIME_CLOCK served task=3 label=44 result=63863726 live=0
SLIME_CLOCK served task=2 label=44 result=63874800 live=0
SLIME_CLOCK served task=3 label=44 result=63886824 live=0
SLIME_CLOCK served task=2 label=44 result=63897722 live=0
SLIME_CLOCK served task=3 label=44 result=63912009 live=0
SLIME_CLOCK served task=2 label=44 result=63923562 live=0
SLIME_CLOCK served task=3 label=44 result=63934105 live=0
SLIME_CLOCK served task=2 label=44 result=63946407 live=0
SLIME_CLOCK served task=3 label=44 result=63986431 live=0
SLIME_CLOCK served task=2 label=44 result=64001868 live=0
SLIME_CLOCK served task=3 label=44 result=64017542 live=0
SLIME_CLOCK served task=2 label=44 result=64027230 live=0
SLIME_CLOCK served task=3 label=44 result=64037466 live=0
SLIME_CLOCK served task=2 label=44 result=64046867 live=0
SLIME_CLOCK served task=3 label=44 result=64056845 live=0
SLIME_CLOCK served task=2 label=44 result=64066207 live=0
SLIME_CLOCK served task=3 label=44 result=64078774 live=0
SLIME_CLOCK served task=2 label=44 result=64089605 live=0
SLIME_CLOCK served task=3 label=44 result=64101371 live=0
SLIME_CLOCK served task=2 label=44 result=64112024 live=0
SLIME_CLOCK served task=3 label=44 result=64123382 live=0
SLIME_CLOCK served task=2 label=44 result=64134187 live=0
SLIME_CLOCK served task=3 label=44 result=64145483 live=0
SLIME_CLOCK served task=2 label=44 result=64155915 live=0
SLIME_CLOCK served task=3 label=44 result=64167520 live=0
SLIME_CLOCK served task=2 label=44 result=64178294 live=0
SLIME_CLOCK served task=3 label=44 result=64189683 live=0
SLIME_CLOCK served task=2 label=44 result=64201475 live=0
SLIME_CLOCK served task=3 label=44 result=64212579 live=0
SLIME_CLOCK served task=2 label=44 result=64223619 live=0
SLIME_CLOCK served task=3 label=44 result=64234915 live=0
SLIME_CLOCK served task=2 label=44 result=64245652 live=0
SLIME_CLOCK served task=3 label=44 result=64257010 live=0
SLIME_CLOCK served task=2 label=44 result=64267463 live=0
SLIME_CLOCK served task=3 label=44 result=64278625 live=0
SLIME_CLOCK served task=2 label=44 result=64289446 live=0
SLIME_CLOCK served task=3 label=44 result=64300688 live=0
SLIME_CLOCK served task=2 label=44 result=64311238 live=0
SLIME_CLOCK served task=3 label=44 result=64322479 live=0
SLIME_CLOCK served task=2 label=44 result=64334276 live=0
SLIME_CLOCK served task=3 label=44 result=64345575 live=0
SLIME_CLOCK served task=2 label=44 result=64356119 live=0
SLIME_CLOCK served task=3 label=44 result=64367904 live=0
SLIME_CLOCK served task=2 label=44 result=64378502 live=0
SLIME_CLOCK served task=3 label=44 result=64389879 live=0
SLIME_CLOCK served task=2 label=44 result=64400478 live=0
SLIME_CLOCK served task=3 label=44 result=64412391 live=0
SLIME_CLOCK served task=2 label=44 result=64426889 live=0
SLIME_CLOCK served task=3 label=44 result=64442643 live=0
SLIME_CLOCK served task=2 label=44 result=64473475 live=0
SLIME_CLOCK served task=3 label=44 result=64503005 live=0
SLIME_CLOCK served task=2 label=44 result=64514915 live=0
SLIME_CLOCK served task=3 label=44 result=64527209 live=0
SLIME_CLOCK served task=2 label=44 result=64539067 live=0
SLIME_CLOCK served task=3 label=44 result=64551212 live=0
SLIME_CLOCK served task=2 label=44 result=64562348 live=0
SLIME_CLOCK served task=3 label=44 result=64576402 live=0
SLIME_CLOCK served task=2 label=44 result=64588366 live=0
SLIME_CLOCK served task=3 label=44 result=64600062 live=0
SLIME_CLOCK served task=2 label=44 result=64610659 live=0
SLIME_CLOCK served task=3 label=44 result=64621764 live=0
SLIME_CLOCK served task=2 label=44 result=64632311 live=0
SLIME_CLOCK served task=3 label=44 result=64643479 live=0
SLIME_CLOCK served task=2 label=44 result=64654058 live=0
SLIME_CLOCK served task=3 label=44 result=64665323 live=0
SLIME_CLOCK served task=2 label=44 result=64675812 live=0
SLIME_CLOCK served task=3 label=44 result=64686866 live=0
SLIME_CLOCK served task=2 label=44 result=64697390 live=0
SLIME_CLOCK served task=3 label=44 result=64709929 live=0
SLIME_CLOCK served task=2 label=44 result=64721275 live=0
SLIME_CLOCK served task=3 label=44 result=64733045 live=0
SLIME_CLOCK served task=2 label=44 result=64744046 live=0
SLIME_CLOCK served task=3 label=44 result=64755917 live=0
SLIME_CLOCK served task=2 label=44 result=64767177 live=0
SLIME_CLOCK served task=3 label=44 result=64779077 live=0
SLIME_CLOCK served task=2 label=44 result=64790577 live=0
SLIME_CLOCK served task=3 label=44 result=64802286 live=0
SLIME_CLOCK served task=2 label=44 result=64813617 live=0
SLIME_CLOCK served task=3 label=44 result=64825542 live=0
SLIME_CLOCK served task=2 label=44 result=64837899 live=0
SLIME_CLOCK served task=3 label=44 result=64850194 live=0
SLIME_CLOCK served task=2 label=44 result=64861193 live=0
SLIME_CLOCK served task=3 label=44 result=64873160 live=0
SLIME_CLOCK served task=2 label=44 result=64884302 live=0
SLIME_CLOCK served task=3 label=44 result=64896171 live=0
SLIME_CLOCK served task=2 label=44 result=64907542 live=0
SLIME_CLOCK served task=3 label=44 result=64920342 live=0
SLIME_CLOCK served task=2 label=44 result=64935379 live=0
SLIME_CLOCK served task=3 label=44 result=64952412 live=0
SLIME_CLOCK served task=2 label=44 result=64972069 live=0
SLIME_CLOCK served task=3 label=44 result=64988906 live=0
SLIME_CLOCK served task=2 label=44 result=65004532 live=0
SLIME_CLOCK served task=3 label=44 result=65020893 live=0
SLIME_CLOCK served task=2 label=44 result=65037117 live=0
SLIME_CLOCK served task=3 label=44 result=65053007 live=0
SLIME_CLOCK served task=2 label=44 result=65067437 live=0
SLIME_CLOCK served task=3 label=44 result=65082749 live=0
SLIME_CLOCK served task=2 label=44 result=65101952 live=0
SLIME_CLOCK served task=3 label=44 result=65119308 live=0
SLIME_CLOCK served task=2 label=44 result=65136038 live=0
SLIME_CLOCK served task=3 label=44 result=65153802 live=0
SLIME_CLOCK served task=2 label=44 result=65170915 live=0
SLIME_CLOCK served task=3 label=44 result=65188095 live=0
SLIME_CLOCK served task=2 label=44 result=65203659 live=0
SLIME_CLOCK served task=3 label=44 result=65222223 live=0
SLIME_CLOCK served task=2 label=44 result=65238420 live=0
SLIME_CLOCK served task=3 label=44 result=65255136 live=0
SLIME_CLOCK served task=2 label=44 result=65270987 live=0
SLIME_CLOCK served task=3 label=44 result=65288702 live=0
SLIME_CLOCK served task=2 label=44 result=65304635 live=0
SLIME_CLOCK served task=3 label=44 result=65321472 live=0
SLIME_CLOCK served task=2 label=44 result=65336982 live=0
SLIME_CLOCK served task=3 label=44 result=65356233 live=0
SLIME_CLOCK served task=2 label=44 result=65372441 live=0
SLIME_CLOCK served task=3 label=44 result=65389625 live=0
SLIME_CLOCK served task=2 label=44 result=65405792 live=0
SLIME_CLOCK served task=3 label=44 result=65422976 live=0
SLIME_CLOCK served task=2 label=44 result=65440846 live=0
SLIME_CLOCK served task=3 label=44 result=65459786 live=0
SLIME_CLOCK served task=2 label=44 result=65481329 live=0
SLIME_CLOCK served task=3 label=44 result=65497378 live=0
SLIME_CLOCK served task=2 label=44 result=65512101 live=0
SLIME_CLOCK served task=3 label=44 result=65527370 live=0
SLIME_CLOCK served task=2 label=44 result=65542103 live=0
SLIME_CLOCK served task=3 label=44 result=65557343 live=0
SLIME_CLOCK served task=2 label=44 result=65567030 live=0
SLIME_CLOCK served task=3 label=44 result=65577271 live=0
SLIME_CLOCK served task=2 label=44 result=65588166 live=0
SLIME_CLOCK served task=3 label=44 result=65603578 live=0
SLIME_CLOCK served task=2 label=44 result=65614269 live=0
SLIME_CLOCK served task=3 label=44 result=65625398 live=0
SLIME_CLOCK served task=2 label=44 result=65635880 live=0
SLIME_CLOCK served task=3 label=44 result=65647013 live=0
SLIME_CLOCK served task=2 label=44 result=65658046 live=0
SLIME_CLOCK served task=3 label=44 result=65669239 live=0
SLIME_CLOCK served task=2 label=44 result=65679830 live=0
SLIME_CLOCK served task=3 label=44 result=65691145 live=0
SLIME_CLOCK served task=2 label=44 result=65701757 live=0
SLIME_CLOCK served task=3 label=44 result=65712825 live=0
SLIME_CLOCK served task=2 label=44 result=65725259 live=0
SLIME_CLOCK served task=3 label=44 result=65736619 live=0
SLIME_CLOCK served task=2 label=44 result=65747019 live=0
SLIME_CLOCK served task=3 label=44 result=65758088 live=0
SLIME_CLOCK served task=2 label=44 result=65768573 live=0
SLIME_CLOCK served task=3 label=44 result=65779924 live=0
SLIME_CLOCK served task=2 label=44 result=65791218 live=0
SLIME_CLOCK served task=3 label=44 result=65802489 live=0
SLIME_CLOCK served task=2 label=44 result=65813287 live=0
SLIME_CLOCK served task=3 label=44 result=65824860 live=0
SLIME_CLOCK served task=2 label=44 result=65835616 live=0
SLIME_CLOCK served task=3 label=44 result=65846951 live=0
SLIME_CLOCK served task=2 label=44 result=65858712 live=0
SLIME_CLOCK served task=3 label=44 result=65870224 live=0
SLIME_CLOCK served task=2 label=44 result=65881099 live=0
SLIME_CLOCK served task=3 label=44 result=65892420 live=0
SLIME_CLOCK served task=2 label=44 result=65903376 live=0
SLIME_CLOCK served task=3 label=44 result=65915531 live=0
SLIME_CLOCK served task=2 label=44 result=65926114 live=0
SLIME_CLOCK served task=3 label=44 result=65937112 live=0
SLIME_CLOCK served task=2 label=44 result=65947939 live=0
SLIME_CLOCK served task=3 label=44 result=65966277 live=0
SLIME_CLOCK served task=2 label=44 result=66000984 live=0
SLIME_CLOCK served task=3 label=44 result=66026537 live=0
SLIME_CLOCK served task=2 label=44 result=66043034 live=0
SLIME_CLOCK served task=3 label=44 result=66059399 live=0
SLIME_CLOCK served task=2 label=44 result=66074854 live=0
SLIME_CLOCK served task=3 label=44 result=66090563 live=0
SLIME_CLOCK served task=2 label=44 result=66108127 live=0
SLIME_CLOCK served task=3 label=44 result=66134818 live=0
SLIME_CLOCK served task=3 label=44 result=66154637 live=0
SLIME_CLOCK served task=2 label=44 result=66171171 live=0
SLIME_IO payload dma pages=1 frames=1 writable=true direction=DeviceWrite
SLIME_IO payload frame index=0 slot=2108 paddr=Some(1615355904)
SLIME_IO payload dma pages=1 frames=1 writable=true direction=DeviceRead
SLIME_IO payload frame index=0 slot=2124 paddr=Some(1615421440)
SLIME_CLOCK served task=3 label=44 result=66279348 live=0
SLIME_CLOCK served task=3 label=44 result=66295670 live=0
SLIME_CLOCK served task=2 label=44 result=66311638 live=0
SLIME_CLOCK served task=3 label=44 result=66330198 live=0
SLIME_CLOCK served task=2 label=44 result=66346378 live=0
SLIME_CLOCK served task=3 label=44 result=66365990 live=0
SLIME_CLOCK served task=2 label=44 result=66381628 live=0
SLIME_CLOCK served task=3 label=44 result=66397939 live=0
SLIME_CLOCK served task=2 label=44 result=66413859 live=0
SLIME_CLOCK served task=3 label=44 result=66430427 live=0
SLIME_CLOCK served task=2 label=44 result=66446023 live=0
SLIME_CLOCK served task=3 label=44 result=66462759 live=0
SLIME_CLOCK served task=2 label=44 result=66479810 live=0
SLIME_CLOCK served task=3 label=44 result=66502466 live=0
SLIME_CLOCK served task=2 label=44 result=66522618 live=0
SLIME_CLOCK served task=3 label=44 result=66543719 live=0
SLIME_CLOCK served task=2 label=44 result=66562016 live=0
SLIME_CLOCK served task=3 label=44 result=66584766 live=0
SLIME_CLOCK served task=2 label=44 result=66605005 live=0
SLIME_CLOCK served task=3 label=44 result=66628122 live=0
SLIME_CLOCK served task=2 label=44 result=66645998 live=0
SLIME_CLOCK served task=3 label=44 result=66664959 live=0
SLIME_CLOCK served task=2 label=44 result=66682569 live=0
SLIME_CLOCK served task=3 label=44 result=66701421 live=0
SLIME_CLOCK served task=2 label=44 result=66719038 live=0
SLIME_CLOCK served task=3 label=44 result=66738418 live=0
SLIME_CLOCK served task=2 label=44 result=66762283 live=0
SLIME_CLOCK served task=3 label=44 result=66783743 live=0
SLIME_CLOCK served task=2 label=44 result=66801377 live=0
SLIME_CLOCK served task=3 label=44 result=66819072 live=0
SLIME_CLOCK served task=2 label=44 result=66834714 live=0
SLIME_CLOCK served task=3 label=44 result=66851849 live=0
SLIME_CLOCK served task=2 label=44 result=66868769 live=0
SLIME_CLOCK served task=3 label=44 result=66885209 live=0
SLIME_CLOCK served task=2 label=44 result=66901222 live=0
SLIME_CLOCK served task=3 label=44 result=66918982 live=0
SLIME_CLOCK served task=2 label=44 result=66934386 live=0
SLIME_CLOCK served task=3 label=44 result=66950687 live=0
SLIME_CLOCK served task=2 label=44 result=66966075 live=0
SLIME_CLOCK served task=3 label=44 result=66982530 live=0
SLIME_CLOCK served task=2 label=44 result=67000195 live=0
SLIME_CLOCK served task=3 label=44 result=67016448 live=0
SLIME_CLOCK served task=2 label=44 result=67031698 live=0
SLIME_CLOCK served task=3 label=44 result=67050162 live=0
SLIME_CLOCK served task=2 label=44 result=67067686 live=0
SLIME_CLOCK served task=3 label=44 result=67085236 live=0
SLIME_CLOCK served task=2 label=44 result=67101827 live=0
SLIME_CLOCK served task=3 label=44 result=67118158 live=0
SLIME_CLOCK served task=2 label=44 result=67154820 live=0
SLIME_CLOCK served task=3 label=44 result=67170609 live=0
SLIME_CLOCK served task=2 label=44 result=67185043 live=0
SLIME_CLOCK served task=3 label=44 result=67196735 live=0
SLIME_CLOCK served task=2 label=44 result=67206283 live=0
SLIME_CLOCK served task=3 label=44 result=67216447 live=0
SLIME_CLOCK served task=2 label=44 result=67230182 live=0
SLIME_CLOCK served task=3 label=44 result=67241469 live=0
SLIME_CLOCK served task=2 label=44 result=67253222 live=0
SLIME_CLOCK served task=3 label=44 result=67264819 live=0
SLIME_CLOCK served task=2 label=44 result=67275584 live=0
SLIME_CLOCK served task=3 label=44 result=67286929 live=0
SLIME_CLOCK served task=2 label=44 result=67297646 live=0
SLIME_CLOCK served task=3 label=44 result=67309003 live=0
SLIME_CLOCK served task=2 label=44 result=67319766 live=0
SLIME_CLOCK served task=3 label=44 result=67330963 live=0
SLIME_CLOCK served task=2 label=44 result=67341894 live=0
SLIME_CLOCK served task=3 label=44 result=67353411 live=0
SLIME_CLOCK served task=2 label=44 result=67363967 live=0
SLIME_CLOCK served task=3 label=44 result=67375165 live=0
SLIME_CLOCK served task=2 label=44 result=67386796 live=0
SLIME_CLOCK served task=3 label=44 result=67398090 live=0
SLIME_CLOCK served task=2 label=44 result=67408845 live=0
SLIME_CLOCK served task=3 label=44 result=67420058 live=0
SLIME_CLOCK served task=2 label=44 result=67430863 live=0
SLIME_CLOCK served task=3 label=44 result=67444888 live=0
SLIME_CLOCK served task=2 label=44 result=67456538 live=0
SLIME_CLOCK served task=3 label=44 result=67467797 live=0
SLIME_CLOCK served task=2 label=44 result=67478967 live=0
SLIME_CLOCK served task=3 label=44 result=67490189 live=0
SLIME_CLOCK served task=2 label=44 result=67500808 live=0
SLIME_CLOCK served task=3 label=44 result=67513153 live=0
SLIME_CLOCK served task=2 label=44 result=67523746 live=0
SLIME_CLOCK served task=3 label=44 result=67535060 live=0
SLIME_CLOCK served task=2 label=44 result=67545826 live=0
SLIME_CLOCK served task=3 label=44 result=67557113 live=0
SLIME_CLOCK served task=2 label=44 result=67568235 live=0
SLIME_CLOCK served task=3 label=44 result=67580206 live=0
SLIME_CLOCK served task=2 label=44 result=67596519 live=0
SLIME_CLOCK served task=3 label=44 result=67612714 live=0
SLIME_CLOCK served task=2 label=44 result=67627415 live=0
SLIME_CLOCK served task=3 label=44 result=67649635 live=0
SLIME_CLOCK served task=2 label=44 result=67667728 live=0
SLIME_CLOCK served task=3 label=44 result=67686225 live=0
SLIME_CLOCK served task=2 label=44 result=67705499 live=0
SLIME_CLOCK served task=3 label=44 result=67728523 live=0
SLIME_CLOCK served task=2 label=44 result=67747456 live=0
SLIME_CLOCK served task=3 label=44 result=67775366 live=0
SLIME_CLOCK served task=2 label=44 result=67811833 live=0
SLIME_CLOCK served task=3 label=44 result=67822784 live=0
SLIME_CLOCK served task=2 label=44 result=67832962 live=0
SLIME_CLOCK served task=3 label=44 result=67843669 live=0
SLIME_CLOCK served task=2 label=44 result=67854284 live=0
SLIME_CLOCK served task=3 label=44 result=67864889 live=0
SLIME_CLOCK served task=2 label=44 result=67874897 live=0
SLIME_CLOCK served task=2 label=44 result=67887704 live=0
SLIME_CLOCK served task=3 label=44 result=67905112 live=0
SLIME_CLOCK served task=2 label=44 result=67921893 live=0
SLIME_CLOCK served task=3 label=44 result=67939286 live=0
SLIME_CLOCK served task=2 label=44 result=67956147 live=0
SLIME_CLOCK served task=3 label=44 result=67973735 live=0
SLIME_CLOCK served task=2 label=44 result=67990574 live=0
SLIME_CLOCK served task=3 label=44 result=68007900 live=0
SLIME_CLOCK served task=2 label=44 result=68025684 live=0
SLIME_CLOCK served task=3 label=44 result=68043184 live=0
SLIME_CLOCK served task=2 label=44 result=68059475 live=0
SLIME_CLOCK served task=3 label=44 result=68076769 live=0
SLIME_CLOCK served task=2 label=44 result=68093330 live=0
SLIME_CLOCK served task=3 label=44 result=68110714 live=0
SLIME_CLOCK served task=2 label=44 result=68127390 live=0
SLIME_CLOCK served task=3 label=44 result=68146101 live=0
SLIME_CLOCK served task=2 label=44 result=68163003 live=0
SLIME_CLOCK served task=3 label=44 result=68180184 live=0
SLIME_CLOCK served task=2 label=44 result=68196970 live=0
SLIME_CLOCK served task=3 label=44 result=68214282 live=0
SLIME_CLOCK served task=2 label=44 result=68228822 live=0
SLIME_CLOCK served task=3 label=44 result=68241068 live=0
SLIME_CLOCK served task=2 label=44 result=68253203 live=0
SLIME_CLOCK served task=3 label=44 result=68271351 live=0
SLIME_CLOCK served task=2 label=44 result=68290291 live=0
SLIME_CLOCK served task=3 label=44 result=68306378 live=0
SLIME_CLOCK served task=2 label=44 result=68321203 live=0
SLIME_CLOCK served task=3 label=44 result=68335003 live=0
SLIME_CLOCK served task=2 label=44 result=68344462 live=0
SLIME_CLOCK served task=3 label=44 result=68355373 live=0
SLIME_CLOCK served task=2 label=44 result=68364888 live=0
SLIME_CLOCK served task=3 label=44 result=68375516 live=0
SLIME_CLOCK served task=2 label=44 result=68385493 live=0
SLIME_CLOCK served task=3 label=44 result=68398468 live=0
SLIME_CLOCK served task=2 label=44 result=68410162 live=0
SLIME_CLOCK served task=3 label=44 result=68422001 live=0
SLIME_CLOCK served task=2 label=44 result=68433163 live=0
SLIME_CLOCK served task=3 label=44 result=68446184 live=0
SLIME_CLOCK served task=2 label=44 result=68458708 live=0
SLIME_CLOCK served task=3 label=44 result=68472382 live=0
SLIME_CLOCK served task=2 label=44 result=68484965 live=0
SLIME_CLOCK served task=3 label=44 result=68497817 live=0
SLIME_CLOCK served task=2 label=44 result=68509968 live=0
SLIME_CLOCK served task=3 label=44 result=68524363 live=0
SLIME_CLOCK served task=2 label=44 result=68536892 live=0
SLIME_CLOCK served task=3 label=44 result=68548727 live=0
SLIME_CLOCK served task=2 label=44 result=68559908 live=0
SLIME_CLOCK served task=3 label=44 result=68571834 live=0
SLIME_CLOCK served task=2 label=44 result=68582795 live=0
SLIME_CLOCK served task=3 label=44 result=68594971 live=0
SLIME_CLOCK served task=2 label=44 result=68606480 live=0
SLIME_CLOCK served task=3 label=44 result=68618276 live=0
SLIME_CLOCK served task=2 label=44 result=68629912 live=0
SLIME_CLOCK served task=3 label=44 result=68641781 live=0
SLIME_CLOCK served task=2 label=44 result=68654575 live=0
SLIME_CLOCK served task=3 label=44 result=68666751 live=0
SLIME_CLOCK served task=2 label=44 result=68678046 live=0
SLIME_CLOCK served task=3 label=44 result=68689820 live=0
SLIME_CLOCK served task=2 label=44 result=68700896 live=0
SLIME_CLOCK served task=3 label=44 result=68712882 live=0
SLIME_CLOCK served task=2 label=44 result=68724344 live=0
SLIME_CLOCK served task=3 label=44 result=68739969 live=0
SLIME_CLOCK served task=2 label=44 result=68750700 live=0
SLIME_CLOCK served task=3 label=44 result=68761772 live=0
SLIME_CLOCK served task=2 label=44 result=68776665 live=0
SLIME_CLOCK served task=3 label=44 result=68813806 live=0
SLIME_CLOCK served task=2 label=44 result=68828911 live=0
SLIME_CLOCK served task=3 label=44 result=68843546 live=0
SLIME_CLOCK served task=2 label=44 result=68859486 live=0
SLIME_CLOCK served task=3 label=44 result=68876986 live=0
SLIME_CLOCK served task=2 label=44 result=68888411 live=0
SLIME_CLOCK served task=3 label=44 result=68901035 live=0
SLIME_CLOCK served task=2 label=44 result=68912733 live=0
SLIME_CLOCK served task=3 label=44 result=68924638 live=0
SLIME_CLOCK served task=2 label=44 result=68935873 live=0
SLIME_CLOCK served task=3 label=44 result=68947682 live=0
SLIME_CLOCK served task=2 label=44 result=68959073 live=0
SLIME_CLOCK served task=3 label=44 result=68971567 live=0
SLIME_CLOCK served task=2 label=44 result=68982913 live=0
SLIME_CLOCK served task=3 label=44 result=68994869 live=0
SLIME_CLOCK served task=2 label=44 result=69005800 live=0
SLIME_CLOCK served task=3 label=44 result=69017467 live=0
SLIME_CLOCK served task=2 label=44 result=69030063 live=0
SLIME_CLOCK served task=3 label=44 result=69042207 live=0
SLIME_CLOCK served task=2 label=44 result=69053684 live=0
SLIME_CLOCK served task=3 label=44 result=69065324 live=0
SLIME_CLOCK served task=2 label=44 result=69076537 live=0
SLIME_CLOCK served task=3 label=44 result=69088438 live=0
SLIME_CLOCK served task=2 label=44 result=69100086 live=0
SLIME_CLOCK served task=3 label=44 result=69111744 live=0
SLIME_CLOCK served task=2 label=44 result=69122913 live=0
SLIME_CLOCK served task=3 label=44 result=69134467 live=0
SLIME_CLOCK served task=2 label=44 result=69145619 live=0
SLIME_CLOCK served task=3 label=44 result=69159414 live=0
SLIME_CLOCK served task=2 label=44 result=69170500 live=0
SLIME_CLOCK served task=3 label=44 result=69182311 live=0
SLIME_CLOCK served task=2 label=44 result=69193375 live=0
SLIME_CLOCK served task=3 label=44 result=69205006 live=0
SLIME_CLOCK served task=2 label=44 result=69216332 live=0
SLIME_CLOCK served task=3 label=44 result=69228559 live=0
SLIME_CLOCK served task=2 label=44 result=69239653 live=0
SLIME_CLOCK served task=3 label=44 result=69254693 live=0
SLIME_CLOCK served task=2 label=44 result=69269219 live=0
SLIME_CLOCK served task=3 label=44 result=69288380 live=0
SLIME_CLOCK served task=2 label=44 result=69303181 live=0
SLIME_CLOCK served task=3 label=44 result=69318571 live=0
SLIME_CLOCK served task=2 label=44 result=69332457 live=0
SLIME_CLOCK served task=3 label=44 result=69346543 live=0
SLIME_CLOCK served task=2 label=44 result=69356581 live=0
SLIME_CLOCK served task=3 label=44 result=69367366 live=0
SLIME_CLOCK served task=2 label=44 result=69377303 live=0
SLIME_CLOCK served task=3 label=44 result=69387847 live=0
SLIME_CLOCK served task=2 label=44 result=69397829 live=0
SLIME_CLOCK served task=3 label=44 result=69414009 live=0
SLIME_CLOCK served task=2 label=44 result=69425762 live=0
SLIME_CLOCK served task=3 label=44 result=69437664 live=0
SLIME_CLOCK served task=2 label=44 result=69448978 live=0
SLIME_CLOCK served task=3 label=44 result=69460848 live=0
SLIME_CLOCK served task=2 label=44 result=69472482 live=0
SLIME_CLOCK served task=3 label=44 result=69484759 live=0
SLIME_CLOCK served task=2 label=44 result=69495985 live=0
SLIME_CLOCK served task=3 label=44 result=69507970 live=0
SLIME_CLOCK served task=2 label=44 result=69519118 live=0
SLIME_CLOCK served task=3 label=44 result=69530840 live=0
SLIME_CLOCK served task=2 label=44 result=69543882 live=0
SLIME_CLOCK served task=3 label=44 result=69555574 live=0
SLIME_CLOCK served task=2 label=44 result=69566574 live=0
SLIME_CLOCK served task=3 label=44 result=69578485 live=0
SLIME_CLOCK served task=2 label=44 result=69589541 live=0
SLIME_CLOCK served task=3 label=44 result=69601451 live=0
SLIME_CLOCK served task=2 label=44 result=69612671 live=0
SLIME_CLOCK served task=3 label=44 result=69624262 live=0
SLIME_CLOCK served task=2 label=44 result=69635291 live=0
SLIME_CLOCK served task=3 label=44 result=69647423 live=0
SLIME_CLOCK served task=2 label=44 result=69658951 live=0
SLIME_CLOCK served task=3 label=44 result=69672721 live=0
SLIME_CLOCK served task=2 label=44 result=69683956 live=0
SLIME_CLOCK served task=3 label=44 result=69696083 live=0
SLIME_CLOCK served task=2 label=44 result=69707285 live=0
SLIME_CLOCK served task=3 label=44 result=69719129 live=0
SLIME_CLOCK served task=2 label=44 result=69730692 live=0
SLIME_CLOCK served task=3 label=44 result=69742795 live=0
SLIME_CLOCK served task=2 label=44 result=69754752 live=0
SLIME_CLOCK served task=3 label=44 result=69770191 live=0
SLIME_CLOCK served task=2 label=44 result=69780894 live=0
SLIME_CLOCK served task=3 label=44 result=69794124 live=0
SLIME_CLOCK served task=2 label=44 result=69807024 live=0
SLIME_CLOCK served task=3 label=44 result=69822765 live=0
SLIME_CLOCK served task=2 label=44 result=69837413 live=0
SLIME_CLOCK served task=3 label=44 result=69853340 live=0
SLIME_CLOCK served task=2 label=44 result=69868002 live=0
SLIME_CLOCK served task=3 label=44 result=69879091 live=0
SLIME_CLOCK served task=2 label=44 result=69888476 live=0
SLIME_CLOCK served task=3 label=44 result=69900478 live=0
SLIME_CLOCK served task=2 label=44 result=69914187 live=0
SLIME_CLOCK served task=3 label=44 result=69932165 live=0
SLIME_CLOCK served task=2 label=44 result=69946518 live=0
SLIME_CLOCK served task=3 label=44 result=69961640 live=0
SLIME_CLOCK served task=2 label=44 result=69976398 live=0
SLIME_CLOCK served task=3 label=44 result=69991470 live=0
SLIME_CLOCK served task=2 label=44 result=70005706 live=0
SLIME_CLOCK served task=3 label=44 result=70020866 live=0
SLIME_CLOCK served task=2 label=44 result=70035394 live=0
SLIME_CLOCK served task=3 label=44 result=70052218 live=0
SLIME_CLOCK served task=2 label=44 result=70066546 live=0
SLIME_CLOCK served task=3 label=44 result=70081646 live=0
SLIME_CLOCK served task=2 label=44 result=70096163 live=0
SLIME_CLOCK served task=3 label=44 result=70111306 live=0
SLIME_CLOCK served task=2 label=44 result=70125635 live=0
SLIME_CLOCK served task=3 label=44 result=70140690 live=0
SLIME_CLOCK served task=2 label=44 result=70154907 live=0
SLIME_CLOCK served task=3 label=44 result=70170492 live=0
SLIME_CLOCK served task=2 label=44 result=70186132 live=0
SLIME_CLOCK served task=3 label=44 result=70201428 live=0
SLIME_CLOCK served task=2 label=44 result=70215764 live=0
SLIME_CLOCK served task=3 label=44 result=70231256 live=0
SLIME_CLOCK served task=2 label=44 result=70245978 live=0
SLIME_CLOCK served task=3 label=44 result=70261214 live=0
SLIME_CLOCK served task=2 label=44 result=70275720 live=0
SLIME_CLOCK served task=3 label=44 result=70290598 live=0
SLIME_CLOCK served task=2 label=44 result=70308561 live=0
SLIME_CLOCK served task=3 label=44 result=70324653 live=0
SLIME_CLOCK served task=2 label=44 result=70339200 live=0
SLIME_CLOCK served task=3 label=44 result=70354745 live=0
SLIME_CLOCK served task=2 label=44 result=70369207 live=0
SLIME_CLOCK served task=3 label=44 result=70380303 live=0
SLIME_CLOCK served task=2 label=44 result=70389744 live=0
SLIME_CLOCK served task=3 label=44 result=70401421 live=0
SLIME_CLOCK served task=2 label=44 result=70415288 live=0
SLIME_CLOCK served task=3 label=44 result=70428063 live=0
SLIME_CLOCK served task=2 label=44 result=70439568 live=0
SLIME_CLOCK served task=3 label=44 result=70450752 live=0
SLIME_CLOCK served task=2 label=44 result=70461324 live=0
SLIME_CLOCK served task=3 label=44 result=70472874 live=0
SLIME_CLOCK served task=2 label=44 result=70483694 live=0
SLIME_CLOCK served task=3 label=44 result=70494803 live=0
SLIME_CLOCK served task=2 label=44 result=70505549 live=0
SLIME_CLOCK served task=3 label=44 result=70516738 live=0
SLIME_CLOCK served task=2 label=44 result=70527392 live=0
SLIME_CLOCK served task=3 label=44 result=70538719 live=0
SLIME_CLOCK served task=2 label=44 result=70549293 live=0
SLIME_CLOCK served task=3 label=44 result=70561707 live=0
SLIME_CLOCK served task=2 label=44 result=70572393 live=0
SLIME_CLOCK served task=3 label=44 result=70583430 live=0
SLIME_CLOCK served task=2 label=44 result=70594048 live=0
SLIME_CLOCK served task=3 label=44 result=70605253 live=0
SLIME_CLOCK served task=2 label=44 result=70615960 live=0
SLIME_CLOCK served task=3 label=44 result=70626989 live=0
SLIME_CLOCK served task=2 label=44 result=70637541 live=0
SLIME_CLOCK served task=3 label=44 result=70648721 live=0
SLIME_CLOCK served task=2 label=44 result=70659649 live=0
SLIME_CLOCK served task=3 label=44 result=70670878 live=0
SLIME_CLOCK served task=2 label=44 result=70682565 live=0
SLIME_CLOCK served task=3 label=44 result=70693853 live=0
SLIME_CLOCK served task=2 label=44 result=70704409 live=0
SLIME_CLOCK served task=3 label=44 result=70715451 live=0
SLIME_CLOCK served task=2 label=44 result=70726264 live=0
SLIME_CLOCK served task=3 label=44 result=70737639 live=0
SLIME_CLOCK served task=2 label=44 result=70748014 live=0
SLIME_CLOCK served task=3 label=44 result=70759175 live=0
SLIME_CLOCK served task=2 label=44 result=70770455 live=0
SLIME_CLOCK served task=3 label=44 result=70786794 live=0
SLIME_CLOCK served task=2 label=44 result=70801549 live=0
SLIME_CLOCK served task=3 label=44 result=70821760 live=0
SLIME_CLOCK served task=2 label=44 result=70836212 live=0
SLIME_CLOCK served task=3 label=44 result=70851746 live=0
SLIME_CLOCK served task=2 label=44 result=70867601 live=0
SLIME_CLOCK served task=3 label=44 result=70885144 live=0
SLIME_CLOCK served task=2 label=44 result=70901656 live=0
SLIME_CLOCK served task=3 label=44 result=70919570 live=0
SLIME_CLOCK served task=2 label=44 result=70940381 live=0
SLIME_CLOCK served task=3 label=44 result=70952050 live=0
SLIME_CLOCK served task=2 label=44 result=70962729 live=0
SLIME_CLOCK served task=3 label=44 result=70974499 live=0
SLIME_CLOCK served task=2 label=44 result=70985404 live=0
SLIME_CLOCK served task=3 label=44 result=70996610 live=0
SLIME_CLOCK served task=2 label=44 result=71007258 live=0
SLIME_CLOCK served task=3 label=44 result=71018259 live=0
SLIME_CLOCK served task=2 label=44 result=71028769 live=0
SLIME_CLOCK served task=3 label=44 result=71040084 live=0
SLIME_CLOCK served task=2 label=44 result=71050914 live=0
SLIME_CLOCK served task=3 label=44 result=71063617 live=0
SLIME_CLOCK served task=2 label=44 result=71074240 live=0
SLIME_CLOCK served task=3 label=44 result=71085483 live=0
SLIME_CLOCK served task=2 label=44 result=71096238 live=0
SLIME_CLOCK served task=3 label=44 result=71107702 live=0
SLIME_CLOCK served task=2 label=44 result=71118533 live=0
SLIME_CLOCK served task=3 label=44 result=71130085 live=0
SLIME_CLOCK served task=2 label=44 result=71140738 live=0
SLIME_CLOCK served task=3 label=44 result=71151939 live=0
SLIME_CLOCK served task=2 label=44 result=71162986 live=0
SLIME_CLOCK served task=3 label=44 result=71174398 live=0
SLIME_CLOCK served task=2 label=44 result=71185152 live=0
SLIME_CLOCK served task=3 label=44 result=71200050 live=0
SLIME_CLOCK served task=2 label=44 result=71211919 live=0
SLIME_CLOCK served task=3 label=44 result=71224018 live=0
SLIME_CLOCK served task=2 label=44 result=71234864 live=0
SLIME_CLOCK served task=3 label=44 result=71246186 live=0
SLIME_CLOCK served task=2 label=44 result=71256795 live=0
SLIME_CLOCK served task=3 label=44 result=71267999 live=0
SLIME_CLOCK served task=2 label=44 result=71278746 live=0
SLIME_CLOCK served task=3 label=44 result=71294631 live=0
SLIME_CLOCK served task=2 label=44 result=71309580 live=0
SLIME_CLOCK served task=3 label=44 result=71329106 live=0
SLIME_CLOCK served task=2 label=44 result=71343674 live=0
SLIME_CLOCK served task=3 label=44 result=71359326 live=0
SLIME_CLOCK served task=2 label=44 result=71373708 live=0
SLIME_CLOCK served task=3 label=44 result=71388952 live=0
SLIME_CLOCK served task=2 label=44 result=71403131 live=0
SLIME_CLOCK served task=3 label=44 result=71414237 live=0
SLIME_CLOCK served task=2 label=44 result=71424458 live=0
SLIME_CLOCK served task=3 label=44 result=71434555 live=0
SLIME_CLOCK served task=2 label=44 result=71446756 live=0
SLIME_CLOCK served task=3 label=44 result=71457916 live=0
SLIME_CLOCK served task=2 label=44 result=71468944 live=0
SLIME_CLOCK served task=3 label=44 result=71481074 live=0
SLIME_CLOCK served task=2 label=44 result=71492261 live=0
SLIME_CLOCK served task=3 label=44 result=71503795 live=0
SLIME_CLOCK served task=2 label=44 result=71515644 live=0
SLIME_CLOCK served task=3 label=44 result=71528297 live=0
SLIME_CLOCK served task=2 label=44 result=71539663 live=0
SLIME_CLOCK served task=3 label=44 result=71550898 live=0
SLIME_CLOCK served task=2 label=44 result=71561640 live=0
SLIME_CLOCK served task=3 label=44 result=71573892 live=0
SLIME_CLOCK served task=2 label=44 result=71584685 live=0
SLIME_CLOCK served task=3 label=44 result=71596286 live=0
SLIME_CLOCK served task=2 label=44 result=71606922 live=0
SLIME_CLOCK served task=3 label=44 result=71618246 live=0
SLIME_CLOCK served task=2 label=44 result=71628819 live=0
SLIME_CLOCK served task=3 label=44 result=71640207 live=0
SLIME_CLOCK served task=2 label=44 result=71650841 live=0
SLIME_CLOCK served task=3 label=44 result=71662323 live=0
SLIME_CLOCK served task=2 label=44 result=71673060 live=0
SLIME_CLOCK served task=3 label=44 result=71684353 live=0
SLIME_CLOCK served task=2 label=44 result=71696618 live=0
SLIME_CLOCK served task=3 label=44 result=71707826 live=0
SLIME_CLOCK served task=2 label=44 result=71718256 live=0
SLIME_CLOCK served task=3 label=44 result=71729624 live=0
SLIME_CLOCK served task=2 label=44 result=71740509 live=0
SLIME_CLOCK served task=3 label=44 result=71751802 live=0
SLIME_CLOCK served task=2 label=44 result=71762447 live=0
SLIME_CLOCK served task=3 label=44 result=71773464 live=0
SLIME_CLOCK served task=2 label=44 result=71784188 live=0
SLIME_CLOCK served task=3 label=44 result=71797107 live=0
SLIME_CLOCK served task=2 label=44 result=71812421 live=0
SLIME_CLOCK served task=3 label=44 result=71829313 live=0
SLIME_CLOCK served task=2 label=44 result=71841060 live=0
SLIME_CLOCK served task=3 label=44 result=71856912 live=0
SLIME_CLOCK served task=2 label=44 result=71871814 live=0
SLIME_CLOCK served task=3 label=44 result=71887707 live=0
SLIME_CLOCK served task=2 label=44 result=71902489 live=0
SLIME_CLOCK served task=3 label=44 result=71916727 live=0
SLIME_CLOCK served task=2 label=44 result=71926730 live=0
SLIME_CLOCK served task=3 label=44 result=71937262 live=0
SLIME_CLOCK served task=2 label=44 result=71949310 live=0
SLIME_CLOCK served task=3 label=44 result=71961377 live=0
SLIME_CLOCK served task=2 label=44 result=71972893 live=0
SLIME_CLOCK served task=3 label=44 result=71984838 live=0
SLIME_CLOCK served task=2 label=44 result=71996298 live=0
SLIME_CLOCK served task=3 label=44 result=72008396 live=0
SLIME_CLOCK served task=2 label=44 result=72019434 live=0
SLIME_CLOCK served task=3 label=44 result=72031270 live=0
SLIME_CLOCK served task=2 label=44 result=72043095 live=0
SLIME_CLOCK served task=3 label=44 result=72054773 live=0
SLIME_CLOCK served task=2 label=44 result=72065987 live=0
SLIME_CLOCK served task=3 label=44 result=72079028 live=0
SLIME_CLOCK served task=2 label=44 result=72090194 live=0
SLIME_CLOCK served task=3 label=44 result=72102604 live=0
SLIME_CLOCK served task=2 label=44 result=72113682 live=0
SLIME_CLOCK served task=3 label=44 result=72125483 live=0
SLIME_CLOCK served task=2 label=44 result=72136864 live=0
SLIME_CLOCK served task=3 label=44 result=72148739 live=0
SLIME_CLOCK served task=2 label=44 result=72160355 live=0
SLIME_CLOCK served task=3 label=44 result=72172225 live=0
SLIME_CLOCK served task=2 label=44 result=72183098 live=0
SLIME_CLOCK served task=3 label=44 result=72194968 live=0
SLIME_CLOCK served task=2 label=44 result=72207323 live=0
SLIME_CLOCK served task=3 label=44 result=72219153 live=0
SLIME_CLOCK served task=2 label=44 result=72230746 live=0
SLIME_CLOCK served task=3 label=44 result=72242618 live=0
SLIME_CLOCK served task=2 label=44 result=72253627 live=0
SLIME_CLOCK served task=3 label=44 result=72265353 live=0
SLIME_CLOCK served task=2 label=44 result=72276408 live=0
SLIME_CLOCK served task=3 label=44 result=72288606 live=0
SLIME_CLOCK served task=2 label=44 result=72299812 live=0
SLIME_CLOCK served task=3 label=44 result=72311463 live=0
SLIME_CLOCK served task=2 label=44 result=72324711 live=0
SLIME_CLOCK served task=3 label=44 result=72344146 live=0
SLIME_CLOCK served task=2 label=44 result=72360284 live=0
SLIME_CLOCK served task=3 label=44 result=72375311 live=0
SLIME_CLOCK served task=2 label=44 result=72390502 live=0
SLIME_CLOCK served task=3 label=44 result=72408451 live=0
SLIME_CLOCK served task=2 label=44 result=72425151 live=0
SLIME_CLOCK served task=3 label=44 result=72442823 live=0
SLIME_CLOCK served task=2 label=44 result=72463535 live=0
SLIME_CLOCK served task=3 label=44 result=72481295 live=0
SLIME_CLOCK served task=2 label=44 result=72496021 live=0
SLIME_CLOCK served task=3 label=44 result=72511284 live=0
SLIME_CLOCK served task=2 label=44 result=72525690 live=0
SLIME_CLOCK served task=3 label=44 result=72541268 live=0
SLIME_CLOCK served task=2 label=44 result=72555669 live=0
SLIME_CLOCK served task=3 label=44 result=72570922 live=0
SLIME_CLOCK served task=2 label=44 result=72586488 live=0
SLIME_CLOCK served task=3 label=44 result=72601893 live=0
SLIME_CLOCK served task=2 label=44 result=72616211 live=0
SLIME_CLOCK served task=3 label=44 result=72631470 live=0
SLIME_CLOCK served task=2 label=44 result=72645798 live=0
SLIME_CLOCK served task=3 label=44 result=72661283 live=0
SLIME_CLOCK served task=2 label=44 result=72675575 live=0
SLIME_CLOCK served task=3 label=44 result=72690807 live=0
SLIME_CLOCK served task=2 label=44 result=72705175 live=0
SLIME_CLOCK served task=3 label=44 result=72722047 live=0
SLIME_CLOCK served task=2 label=44 result=72736571 live=0
SLIME_CLOCK served task=3 label=44 result=72751823 live=0
SLIME_CLOCK served task=2 label=44 result=72766099 live=0
SLIME_CLOCK served task=3 label=44 result=72781218 live=0
SLIME_CLOCK served task=2 label=44 result=72795686 live=0
SLIME_CLOCK served task=3 label=44 result=72810941 live=0
SLIME_CLOCK served task=2 label=44 result=72826145 live=0
SLIME_CLOCK served task=3 label=44 result=72842182 live=0
SLIME_CLOCK served task=2 label=44 result=72853454 live=0
SLIME_CLOCK served task=3 label=44 result=72865485 live=0
SLIME_CLOCK served task=2 label=44 result=72877599 live=0
SLIME_CLOCK served task=3 label=44 result=72889508 live=0
SLIME_CLOCK served task=2 label=44 result=72901161 live=0
SLIME_CLOCK served task=3 label=44 result=72913483 live=0
SLIME_CLOCK served task=2 label=44 result=72924790 live=0
SLIME_CLOCK served task=3 label=44 result=72936874 live=0
SLIME_CLOCK served task=2 label=44 result=72948808 live=0
SLIME_CLOCK served task=3 label=44 result=72966826 live=0
SLIME_CLOCK served task=2 label=44 result=72984306 live=0
SLIME_CLOCK served task=3 label=44 result=73004673 live=0
SLIME_CLOCK served task=2 label=44 result=73023427 live=0
SLIME_CLOCK served task=3 label=44 result=73044427 live=0
SLIME_CLOCK served task=2 label=44 result=73064120 live=0
SLIME_CLOCK served task=3 label=44 result=73079233 live=0
SLIME_CLOCK served task=2 label=44 result=73092113 live=0
SLIME_CLOCK served task=3 label=44 result=73103928 live=0
SLIME_CLOCK served task=2 label=44 result=73115078 live=0
SLIME_CLOCK served task=3 label=44 result=73126656 live=0
SLIME_CLOCK served task=2 label=44 result=73137581 live=0
SLIME_CLOCK served task=3 label=44 result=73149147 live=0
SLIME_CLOCK served task=2 label=44 result=73160399 live=0
SLIME_CLOCK served task=3 label=44 result=73172123 live=0
SLIME_CLOCK served task=2 label=44 result=73183162 live=0
SLIME_CLOCK served task=3 label=44 result=73194944 live=0
SLIME_CLOCK served task=2 label=44 result=73206144 live=0
SLIME_CLOCK served task=3 label=44 result=73220156 live=0
SLIME_CLOCK served task=2 label=44 result=73231402 live=0
SLIME_CLOCK served task=3 label=44 result=73243100 live=0
SLIME_CLOCK served task=2 label=44 result=73254413 live=0
SLIME_CLOCK served task=3 label=44 result=73265837 live=0
SLIME_CLOCK served task=2 label=44 result=73276582 live=0
SLIME_CLOCK served task=3 label=44 result=73288346 live=0
SLIME_CLOCK served task=2 label=44 result=73299208 live=0
SLIME_CLOCK served task=3 label=44 result=73310693 live=0
SLIME_CLOCK served task=2 label=44 result=73321661 live=0
SLIME_CLOCK served task=3 label=44 result=73332853 live=0
SLIME_CLOCK served task=2 label=44 result=73345240 live=0
SLIME_CLOCK served task=3 label=44 result=73356700 live=0
SLIME_CLOCK served task=2 label=44 result=73367202 live=0
SLIME_CLOCK served task=3 label=44 result=73378435 live=0
SLIME_CLOCK served task=2 label=44 result=73389298 live=0
SLIME_CLOCK served task=3 label=44 result=73400611 live=0
SLIME_CLOCK served task=2 label=44 result=73412055 live=0
SLIME_CLOCK served task=3 label=44 result=73428560 live=0
SLIME_CLOCK served task=2 label=44 result=73444356 live=0
SLIME_CLOCK served task=3 label=44 result=73461220 live=0
SLIME_CLOCK served task=2 label=44 result=73483149 live=0
SLIME_CLOCK served task=3 label=44 result=73498687 live=0
SLIME_CLOCK served task=2 label=44 result=73511050 live=0
SLIME_CLOCK served task=3 label=44 result=73522207 live=0
SLIME_CLOCK served task=2 label=44 result=73531730 live=0
SLIME_CLOCK served task=3 label=44 result=73542158 live=0
SLIME_CLOCK served task=2 label=44 result=73551677 live=0
SLIME_CLOCK served task=3 label=44 result=73561948 live=0
SLIME_CLOCK served task=2 label=44 result=73571374 live=0
SLIME_CLOCK served task=3 label=44 result=73581391 live=0
SLIME_CLOCK served task=2 label=44 result=73591116 live=0
SLIME_CLOCK served task=3 label=44 result=73606492 live=0
SLIME_CLOCK served task=2 label=44 result=73617083 live=0
SLIME_CLOCK served task=3 label=44 result=73628371 live=0
SLIME_CLOCK served task=2 label=44 result=73639082 live=0
SLIME_CLOCK served task=3 label=44 result=73650631 live=0
SLIME_CLOCK served task=2 label=44 result=73661691 live=0
SLIME_CLOCK served task=3 label=44 result=73672776 live=0
SLIME_CLOCK served task=2 label=44 result=73683458 live=0
SLIME_CLOCK served task=3 label=44 result=73694730 live=0
SLIME_CLOCK served task=2 label=44 result=73705177 live=0
SLIME_CLOCK served task=3 label=44 result=73716639 live=0
SLIME_CLOCK served task=2 label=44 result=73730365 live=0
SLIME_CLOCK served task=3 label=44 result=73741966 live=0
SLIME_CLOCK served task=2 label=44 result=73752399 live=0
SLIME_CLOCK served task=3 label=44 result=73763580 live=0
SLIME_CLOCK served task=2 label=44 result=73774140 live=0
SLIME_CLOCK served task=3 label=44 result=73786027 live=0
SLIME_CLOCK served task=2 label=44 result=73796439 live=0
SLIME_CLOCK served task=3 label=44 result=73807559 live=0
SLIME_CLOCK served task=2 label=44 result=73818259 live=0
SLIME_CLOCK served task=3 label=44 result=73829473 live=0
SLIME_CLOCK served task=2 label=44 result=73839949 live=0
SLIME_CLOCK served task=3 label=44 result=73853273 live=0
SLIME_CLOCK served task=2 label=44 result=73863919 live=0
SLIME_CLOCK served task=3 label=44 result=73874986 live=0
SLIME_CLOCK served task=2 label=44 result=73885419 live=0
SLIME_CLOCK served task=3 label=44 result=73896504 live=0
SLIME_CLOCK served task=2 label=44 result=73907082 live=0
SLIME_CLOCK served task=3 label=44 result=73918869 live=0
SLIME_CLOCK served task=2 label=44 result=73929446 live=0
SLIME_CLOCK served task=3 label=44 result=73944524 live=0
SLIME_CLOCK served task=2 label=44 result=73955407 live=0
SLIME_CLOCK served task=3 label=44 result=73967765 live=0
SLIME_CLOCK served task=2 label=44 result=73984220 live=0
SLIME_CLOCK served task=3 label=44 result=74002151 live=0
SLIME_CLOCK served task=2 label=44 result=74013190 live=0
SLIME_CLOCK served task=3 label=44 result=74023264 live=0
SLIME_CLOCK served task=2 label=44 result=74032786 live=0
SLIME_CLOCK served task=3 label=44 result=74042995 live=0
SLIME_CLOCK served task=2 label=44 result=74054486 live=0
SLIME_CLOCK served task=3 label=44 result=74066023 live=0
SLIME_CLOCK served task=2 label=44 result=74075538 live=0
SLIME_CLOCK served task=3 label=44 result=74087508 live=0
SLIME_CLOCK served task=2 label=44 result=74101951 live=0
SLIME_CLOCK served task=3 label=44 result=74153300 live=0
SLIME_CLOCK served task=2 label=44 result=74170648 live=0
SLIME_CLOCK served task=3 label=44 result=74187057 live=0
SLIME_CLOCK served task=2 label=44 result=74201485 live=0
SLIME_CLOCK served task=3 label=44 result=74212701 live=0
SLIME_CLOCK served task=2 label=44 result=74222457 live=0
SLIME_CLOCK served task=3 label=44 result=74234882 live=0
SLIME_CLOCK served task=2 label=44 result=74251808 live=0
SLIME_CLOCK served task=3 label=44 result=74269268 live=0
SLIME_CLOCK served task=2 label=44 result=74281334 live=0
SLIME_CLOCK served task=3 label=44 result=74293382 live=0
SLIME_CLOCK served task=2 label=44 result=74304517 live=0
SLIME_CLOCK served task=3 label=44 result=74315857 live=0
SLIME_CLOCK served task=2 label=44 result=74326655 live=0
SLIME_CLOCK served task=3 label=44 result=74338106 live=0
SLIME_CLOCK served task=2 label=44 result=74349055 live=0
SLIME_CLOCK served task=3 label=44 result=74361726 live=0
SLIME_CLOCK served task=2 label=44 result=74372591 live=0
SLIME_CLOCK served task=3 label=44 result=74383990 live=0
SLIME_CLOCK served task=2 label=44 result=74394803 live=0
SLIME_CLOCK served task=3 label=44 result=74406232 live=0
SLIME_CLOCK served task=2 label=44 result=74417235 live=0
SLIME_CLOCK served task=3 label=44 result=74428816 live=0
SLIME_CLOCK served task=2 label=44 result=74439559 live=0
SLIME_CLOCK served task=3 label=44 result=74450635 live=0
SLIME_CLOCK served task=2 label=44 result=74461302 live=0
SLIME_CLOCK served task=3 label=44 result=74472604 live=0
SLIME_CLOCK served task=2 label=44 result=74483177 live=0
SLIME_CLOCK served task=3 label=44 result=74495442 live=0
SLIME_CLOCK served task=2 label=44 result=74506032 live=0
SLIME_CLOCK served task=3 label=44 result=74517119 live=0
SLIME_CLOCK served task=2 label=44 result=74527582 live=0
SLIME_CLOCK served task=3 label=44 result=74538932 live=0
SLIME_CLOCK served task=2 label=44 result=74550689 live=0
SLIME_CLOCK served task=3 label=44 result=74565734 live=0
SLIME_CLOCK served task=2 label=44 result=74580297 live=0
SLIME_CLOCK served task=3 label=44 result=74596087 live=0
SLIME_CLOCK served task=2 label=44 result=74610595 live=0
SLIME_CLOCK served task=3 label=44 result=74645399 live=0
SLIME_CLOCK served task=2 label=44 result=74663454 live=0
SLIME_CLOCK served task=3 label=44 result=74681970 live=0
SLIME_CLOCK served task=2 label=44 result=74697967 live=0
SLIME_CLOCK served task=3 label=44 result=74713037 live=0
SLIME_CLOCK served task=2 label=44 result=74723880 live=0
SLIME_CLOCK served task=3 label=44 result=74735025 live=0
SLIME_CLOCK served task=2 label=44 result=74749181 live=0
SLIME_CLOCK served task=3 label=44 result=74760872 live=0
SLIME_CLOCK served task=2 label=44 result=74771843 live=0
SLIME_CLOCK served task=3 label=44 result=74783202 live=0
SLIME_CLOCK served task=2 label=44 result=74793765 live=0
SLIME_CLOCK served task=3 label=44 result=74805384 live=0
SLIME_CLOCK served task=2 label=44 result=74818341 live=0
SLIME_CLOCK served task=3 label=44 result=74832056 live=0
SLIME_CLOCK served task=2 label=44 result=74845128 live=0
SLIME_CLOCK served task=3 label=44 result=74858935 live=0
SLIME_CLOCK served task=2 label=44 result=74872827 live=0
SLIME_CLOCK served task=3 label=44 result=74884190 live=0
SLIME_CLOCK served task=2 label=44 result=74894788 live=0
SLIME_CLOCK served task=3 label=44 result=74906117 live=0
SLIME_CLOCK served task=2 label=44 result=74916952 live=0
SLIME_CLOCK served task=3 label=44 result=74927951 live=0
SLIME_CLOCK served task=2 label=44 result=74938883 live=0
SLIME_CLOCK served task=3 label=44 result=74951764 live=0
SLIME_CLOCK served task=2 label=44 result=74966118 live=0
SLIME_CLOCK served task=3 label=44 result=74981375 live=0
SLIME_CLOCK served task=2 label=44 result=74991493 live=0
SLIME_CLOCK served task=3 label=44 result=75005026 live=0
SLIME_CLOCK served task=2 label=44 result=75015804 live=0
SLIME_CLOCK served task=3 label=44 result=75026811 live=0
SLIME_CLOCK served task=2 label=44 result=75037565 live=0
SLIME_CLOCK served task=3 label=44 result=75048742 live=0
SLIME_CLOCK served task=2 label=44 result=75061177 live=0
SLIME_CLOCK served task=3 label=44 result=75077183 live=0
SLIME_CLOCK served task=2 label=44 result=75093564 live=0
SLIME_CLOCK served task=3 label=44 result=75110753 live=0
SLIME_CLOCK served task=2 label=44 result=75136871 live=0
SLIME_CLOCK served task=3 label=44 result=75163913 live=0
SLIME_CLOCK served task=2 label=44 result=75174726 live=0
SLIME_CLOCK served task=3 label=44 result=75185437 live=0
SLIME_CLOCK served task=2 label=44 result=75195389 live=0
SLIME_CLOCK served task=3 label=44 result=75205894 live=0
SLIME_CLOCK served task=2 label=44 result=75215840 live=0
SLIME_CLOCK served task=3 label=44 result=75226575 live=0
SLIME_CLOCK served task=2 label=44 result=75236513 live=0
SLIME_CLOCK served task=3 label=44 result=75247749 live=0
SLIME_CLOCK served task=2 label=44 result=75257562 live=0
SLIME_CLOCK served task=3 label=44 result=75268250 live=0
SLIME_CLOCK served task=2 label=44 result=75278028 live=0
SLIME_CLOCK served task=3 label=44 result=75289199 live=0
SLIME_CLOCK served task=2 label=44 result=75299149 live=0
SLIME_CLOCK served task=3 label=44 result=75309683 live=0
SLIME_CLOCK served task=2 label=44 result=75319591 live=0
SLIME_CLOCK served task=3 label=44 result=75330085 live=0
SLIME_CLOCK served task=2 label=44 result=75340009 live=0
SLIME_CLOCK served task=3 label=44 result=75354805 live=0
SLIME_CLOCK served task=2 label=44 result=75371013 live=0
SLIME_CLOCK served task=3 label=44 result=75390235 live=0
SLIME_CLOCK served task=2 label=44 result=75407032 live=0
SLIME_CLOCK served task=3 label=44 result=75424684 live=0
SLIME_CLOCK served task=2 label=44 result=75441329 live=0
SLIME_CLOCK served task=3 label=44 result=75458297 live=0
SLIME_CLOCK served task=2 label=44 result=75475026 live=0
SLIME_CLOCK served task=3 label=44 result=75492231 live=0
SLIME_CLOCK served task=2 label=44 result=75509966 live=0
SLIME_CLOCK served task=3 label=44 result=75526852 live=0
SLIME_CLOCK served task=2 label=44 result=75543347 live=0
SLIME_CLOCK served task=3 label=44 result=75560578 live=0
SLIME_CLOCK served task=2 label=44 result=75577229 live=0
SLIME_CLOCK served task=3 label=44 result=75589265 live=0
SLIME_CLOCK served task=2 label=44 result=75599620 live=0
SLIME_CLOCK served task=3 label=44 result=75611489 live=0
SLIME_CLOCK served task=2 label=44 result=75626134 live=0
SLIME_CLOCK served task=3 label=44 result=75666968 live=0
SLIME_CLOCK served task=2 label=44 result=75684655 live=0
SLIME_CLOCK served task=3 label=44 result=75702147 live=0
SLIME_CLOCK served task=2 label=44 result=75718464 live=0
SLIME_CLOCK served task=3 label=44 result=75731246 live=0
SLIME_CLOCK served task=2 label=44 result=75743475 live=0
SLIME_CLOCK served task=3 label=44 result=75756646 live=0
SLIME_CLOCK served task=2 label=44 result=75768880 live=0
SLIME_CLOCK served task=3 label=44 result=75781402 live=0
SLIME_CLOCK served task=2 label=44 result=75793723 live=0
SLIME_CLOCK served task=3 label=44 result=75806784 live=0
SLIME_CLOCK served task=2 label=44 result=75818910 live=0
SLIME_CLOCK served task=3 label=44 result=75831446 live=0
SLIME_CLOCK served task=2 label=44 result=75843561 live=0
SLIME_CLOCK served task=3 label=44 result=75856161 live=0
SLIME_CLOCK served task=2 label=44 result=75868051 live=0
SLIME_CLOCK served task=3 label=44 result=75881348 live=0
SLIME_CLOCK served task=2 label=44 result=75893669 live=0
SLIME_CLOCK served task=3 label=44 result=75906340 live=0
SLIME_CLOCK served task=2 label=44 result=75918607 live=0
SLIME_CLOCK served task=3 label=44 result=75931377 live=0
SLIME_CLOCK served task=2 label=44 result=75943594 live=0
SLIME_CLOCK served task=3 label=44 result=75956326 live=0
SLIME_CLOCK served task=2 label=44 result=75968476 live=0
SLIME_CLOCK served task=3 label=44 result=75981098 live=0
SLIME_CLOCK served task=2 label=44 result=75993155 live=0
SLIME_CLOCK served task=3 label=44 result=76005840 live=0
SLIME_CLOCK served task=2 label=44 result=76018814 live=0
SLIME_CLOCK served task=3 label=44 result=76031511 live=0
SLIME_CLOCK served task=2 label=44 result=76043612 live=0
SLIME_CLOCK served task=3 label=44 result=76056201 live=0
SLIME_CLOCK served task=2 label=44 result=76068245 live=0
SLIME_CLOCK served task=3 label=44 result=76083183 live=0
SLIME_CLOCK served task=2 label=44 result=76097498 live=0
SLIME_CLOCK served task=3 label=44 result=76112593 live=0
SLIME_CLOCK served task=2 label=44 result=76126386 live=0
SLIME_CLOCK served task=3 label=44 result=76158241 live=0
SLIME_CLOCK served task=2 label=44 result=76186910 live=0
SLIME_CLOCK served task=3 label=44 result=76201425 live=0
SLIME_CLOCK served task=2 label=44 result=76212028 live=0
SLIME_CLOCK served task=3 label=44 result=76223684 live=0
SLIME_CLOCK served task=2 label=44 result=76234142 live=0
SLIME_CLOCK served task=3 label=44 result=76245425 live=0
SLIME_CLOCK served task=2 label=44 result=76255806 live=0
SLIME_CLOCK served task=3 label=44 result=76268209 live=0
SLIME_CLOCK served task=2 label=44 result=76278587 live=0
SLIME_CLOCK served task=3 label=44 result=76290031 live=0
SLIME_CLOCK served task=2 label=44 result=76300429 live=0
SLIME_CLOCK served task=3 label=44 result=76311774 live=0
SLIME_CLOCK served task=2 label=44 result=76322346 live=0
SLIME_CLOCK served task=3 label=44 result=76333367 live=0
SLIME_CLOCK served task=2 label=44 result=76343804 live=0
SLIME_CLOCK served task=3 label=44 result=76355285 live=0
SLIME_CLOCK served task=2 label=44 result=76365642 live=0
SLIME_CLOCK served task=3 label=44 result=76376745 live=0
SLIME_CLOCK served task=2 label=44 result=76387856 live=0
SLIME_CLOCK served task=3 label=44 result=76399282 live=0
SLIME_CLOCK served task=2 label=44 result=76409902 live=0
SLIME_CLOCK served task=3 label=44 result=76421579 live=0
SLIME_CLOCK served task=2 label=44 result=76432478 live=0
SLIME_CLOCK served task=3 label=44 result=76443573 live=0
SLIME_CLOCK served task=2 label=44 result=76454025 live=0
SLIME_CLOCK served task=3 label=44 result=76465200 live=0
SLIME_CLOCK served task=2 label=44 result=76475920 live=0
SLIME_CLOCK served task=3 label=44 result=76487139 live=0
SLIME_CLOCK served task=2 label=44 result=76497788 live=0
SLIME_CLOCK served task=3 label=44 result=76508855 live=0
SLIME_CLOCK served task=2 label=44 result=76520420 live=0
SLIME_CLOCK served task=3 label=44 result=76531601 live=0
SLIME_CLOCK served task=2 label=44 result=76542751 live=0
SLIME_CLOCK served task=3 label=44 result=76553884 live=0
SLIME_CLOCK served task=2 label=44 result=76565140 live=0
SLIME_CLOCK served task=3 label=44 result=76576266 live=0
SLIME_CLOCK served task=2 label=44 result=76586614 live=0
SLIME_CLOCK served task=3 label=44 result=76601181 live=0
SLIME_CLOCK served task=2 label=44 result=76613664 live=0
SLIME_CLOCK served task=3 label=44 result=76627575 live=0
SLIME_CLOCK served task=2 label=44 result=76644117 live=0
SLIME_CLOCK served task=3 label=44 result=76690476 live=0
SLIME_CLOCK served task=2 label=44 result=76704074 live=0
SLIME_CLOCK served task=3 label=44 result=76714059 live=0
SLIME_CLOCK served task=2 label=44 result=76724802 live=0
SLIME_CLOCK served task=3 label=44 result=76736325 live=0
SLIME_CLOCK served task=2 label=44 result=76747300 live=0
SLIME_CLOCK served task=3 label=44 result=76759048 live=0
SLIME_CLOCK served task=2 label=44 result=76771159 live=0
SLIME_CLOCK served task=3 label=44 result=76783164 live=0
SLIME_CLOCK served task=2 label=44 result=76794287 live=0
SLIME_CLOCK served task=3 label=44 result=76805929 live=0
SLIME_CLOCK served task=2 label=44 result=76817439 live=0
SLIME_CLOCK served task=3 label=44 result=76829163 live=0
SLIME_CLOCK served task=2 label=44 result=76840273 live=0
SLIME_CLOCK served task=3 label=44 result=76852330 live=0
SLIME_CLOCK served task=2 label=44 result=76863484 live=0
SLIME_CLOCK served task=3 label=44 result=76875349 live=0
SLIME_CLOCK served task=2 label=44 result=76886555 live=0
SLIME_CLOCK served task=3 label=44 result=76898987 live=0
SLIME_CLOCK served task=2 label=44 result=76910237 live=0
SLIME_CLOCK served task=3 label=44 result=76921841 live=0
SLIME_CLOCK served task=2 label=44 result=76932888 live=0
SLIME_CLOCK served task=3 label=44 result=76944659 live=0
SLIME_CLOCK served task=2 label=44 result=76955979 live=0
SLIME_CLOCK served task=3 label=44 result=76967760 live=0
SLIME_CLOCK served task=2 label=44 result=76978992 live=0
SLIME_CLOCK served task=3 label=44 result=76990762 live=0
SLIME_CLOCK served task=2 label=44 result=77001843 live=0
SLIME_CLOCK served task=3 label=44 result=77013611 live=0
SLIME_CLOCK served task=2 label=44 result=77025827 live=0
SLIME_CLOCK served task=3 label=44 result=77037930 live=0
SLIME_CLOCK served task=2 label=44 result=77049230 live=0
SLIME_CLOCK served task=3 label=44 result=77060899 live=0
SLIME_CLOCK served task=2 label=44 result=77072120 live=0
SLIME_CLOCK served task=3 label=44 result=77084056 live=0
SLIME_CLOCK served task=2 label=44 result=77095812 live=0
SLIME_CLOCK served task=3 label=44 result=77110847 live=0
SLIME_CLOCK served task=2 label=44 result=77125452 live=0
SLIME_CLOCK served task=3 label=44 result=77140761 live=0
SLIME_CLOCK served task=2 label=44 result=77181304 live=0
SLIME_CLOCK served task=3 label=44 result=77198912 live=0
SLIME_CLOCK served task=2 label=44 result=77215504 live=0
SLIME_CLOCK served task=3 label=44 result=77232379 live=0
SLIME_CLOCK served task=2 label=44 result=77249397 live=0
SLIME_CLOCK served task=3 label=44 result=77266264 live=0
SLIME_CLOCK served task=2 label=44 result=77284342 live=0
SLIME_CLOCK served task=3 label=44 result=77301057 live=0
SLIME_CLOCK served task=2 label=44 result=77320789 live=0
SLIME_CLOCK served task=3 label=44 result=77339015 live=0
SLIME_CLOCK served task=2 label=44 result=77355887 live=0
SLIME_CLOCK served task=3 label=44 result=77372836 live=0
SLIME_CLOCK served task=2 label=44 result=77389129 live=0
SLIME_CLOCK served task=3 label=44 result=77408172 live=0
SLIME_CLOCK served task=2 label=44 result=77424824 live=0
SLIME_CLOCK served task=3 label=44 result=77441767 live=0
SLIME_CLOCK served task=2 label=44 result=77458093 live=0
SLIME_CLOCK served task=3 label=44 result=77475479 live=0
SLIME_CLOCK served task=2 label=44 result=77491978 live=0
SLIME_CLOCK served task=3 label=44 result=77509137 live=0
SLIME_CLOCK served task=2 label=44 result=77525714 live=0
SLIME_CLOCK served task=3 label=44 result=77544221 live=0
SLIME_CLOCK served task=2 label=44 result=77560751 live=0
SLIME_CLOCK served task=3 label=44 result=77577898 live=0
SLIME_CLOCK served task=2 label=44 result=77594254 live=0
SLIME_CLOCK served task=3 label=44 result=77611541 live=0
SLIME_CLOCK served task=2 label=44 result=77627637 live=0
SLIME_CLOCK served task=3 label=44 result=77645034 live=0
SLIME_CLOCK served task=2 label=44 result=77660128 live=0
SLIME_CLOCK served task=3 label=44 result=77675980 live=0
SLIME_CLOCK served task=2 label=44 result=77690667 live=0
SLIME_CLOCK served task=3 label=44 result=77702424 live=0
SLIME_CLOCK served task=2 label=44 result=77711881 live=0
SLIME_CLOCK served task=3 label=44 result=77722145 live=0
SLIME_CLOCK served task=2 label=44 result=77731547 live=0
SLIME_CLOCK served task=3 label=44 result=77744716 live=0
SLIME_CLOCK served task=2 label=44 result=77754157 live=0
SLIME_CLOCK served task=3 label=44 result=77764156 live=0
SLIME_CLOCK served task=2 label=44 result=77773559 live=0
SLIME_CLOCK served task=3 label=44 result=77786958 live=0
SLIME_CLOCK served task=2 label=44 result=77798273 live=0
SLIME_CLOCK served task=3 label=44 result=77809697 live=0
SLIME_CLOCK served task=2 label=44 result=77820091 live=0
SLIME_CLOCK served task=3 label=44 result=77831166 live=0
SLIME_CLOCK served task=2 label=44 result=77841636 live=0
SLIME_CLOCK served task=3 label=44 result=77852937 live=0
SLIME_CLOCK served task=2 label=44 result=77863404 live=0
SLIME_CLOCK served task=3 label=44 result=77874399 live=0
SLIME_CLOCK served task=2 label=44 result=77885063 live=0
SLIME_CLOCK served task=3 label=44 result=77896016 live=0
SLIME_CLOCK served task=2 label=44 result=77906672 live=0
SLIME_CLOCK served task=3 label=44 result=77922078 live=0
SLIME_CLOCK served task=2 label=44 result=77932968 live=0
SLIME_CLOCK served task=3 label=44 result=77944371 live=0
SLIME_CLOCK served task=2 label=44 result=77954793 live=0
SLIME_CLOCK served task=3 label=44 result=77965936 live=0
SLIME_CLOCK served task=2 label=44 result=77977170 live=0
SLIME_CLOCK served task=3 label=44 result=77988157 live=0
SLIME_CLOCK served task=2 label=44 result=77998633 live=0
SLIME_CLOCK served task=3 label=44 result=78009750 live=0
SLIME_CLOCK served task=2 label=44 result=78020193 live=0
SLIME_CLOCK served task=3 label=44 result=78031171 live=0
SLIME_CLOCK served task=2 label=44 result=78043089 live=0
SLIME_CLOCK served task=3 label=44 result=78054264 live=0
SLIME_CLOCK served task=2 label=44 result=78064724 live=0
SLIME_CLOCK served task=3 label=44 result=78075841 live=0
SLIME_CLOCK served task=2 label=44 result=78086191 live=0
SLIME_CLOCK served task=3 label=44 result=78097554 live=0
SLIME_CLOCK served task=2 label=44 result=78109223 live=0
SLIME_CLOCK served task=3 label=44 result=78124950 live=0
SLIME_CLOCK served task=2 label=44 result=78136078 live=0
SLIME_CLOCK served task=3 label=44 result=78146084 live=0
SLIME_CLOCK served task=2 label=44 result=78161510 live=0
SLIME_CLOCK served task=3 label=44 result=78213798 live=0
SLIME_CLOCK served task=2 label=44 result=78228029 live=0
SLIME_CLOCK served task=3 label=44 result=78240285 live=0
SLIME_CLOCK served task=2 label=44 result=78253110 live=0
SLIME_CLOCK served task=3 label=44 result=78265519 live=0
SLIME_CLOCK served task=2 label=44 result=78276069 live=0
SLIME_CLOCK served task=3 label=44 result=78289311 live=0
SLIME_CLOCK served task=2 label=44 result=78300217 live=0
SLIME_CLOCK served task=3 label=44 result=78311378 live=0
SLIME_CLOCK served task=2 label=44 result=78321733 live=0
SLIME_CLOCK served task=3 label=44 result=78333218 live=0
SLIME_CLOCK served task=2 label=44 result=78343795 live=0
SLIME_CLOCK served task=3 label=44 result=78355199 live=0
SLIME_CLOCK served task=2 label=44 result=78365513 live=0
SLIME_CLOCK served task=3 label=44 result=78376404 live=0
SLIME_CLOCK served task=2 label=44 result=78386792 live=0
SLIME_CLOCK served task=3 label=44 result=78398004 live=0
SLIME_CLOCK served task=2 label=44 result=78408853 live=0
SLIME_CLOCK served task=3 label=44 result=78420918 live=0
SLIME_CLOCK served task=2 label=44 result=78431995 live=0
SLIME_CLOCK served task=3 label=44 result=78443544 live=0
SLIME_CLOCK served task=2 label=44 result=78454468 live=0
SLIME_CLOCK served task=3 label=44 result=78465715 live=0
SLIME_CLOCK served task=2 label=44 result=78476240 live=0
SLIME_CLOCK served task=3 label=44 result=78487627 live=0
SLIME_CLOCK served task=2 label=44 result=78498216 live=0
SLIME_CLOCK served task=3 label=44 result=78509685 live=0
SLIME_CLOCK served task=2 label=44 result=78520899 live=0
SLIME_CLOCK served task=3 label=44 result=78532683 live=0
SLIME_CLOCK served task=2 label=44 result=78554495 live=0
SLIME_CLOCK served task=3 label=44 result=78570293 live=0
SLIME_CLOCK served task=2 label=44 result=78583805 live=0
SLIME_CLOCK served task=3 label=44 result=78598215 live=0
SLIME_CLOCK served task=2 label=44 result=78611424 live=0
SLIME_CLOCK served task=3 label=44 result=78629306 live=0
SLIME_CLOCK served task=2 label=44 result=78645662 live=0
SLIME_CLOCK served task=3 label=44 result=78662904 live=0
SLIME_CLOCK served task=2 label=44 result=78702757 live=0
SLIME_CLOCK served task=3 label=44 result=78719428 live=0
SLIME_CLOCK served task=2 label=44 result=78734289 live=0
SLIME_CLOCK served task=3 label=44 result=78744367 live=0
SLIME_CLOCK served task=2 label=44 result=78753763 live=0
SLIME_CLOCK served task=3 label=44 result=78763719 live=0
SLIME_CLOCK served task=2 label=44 result=78773064 live=0
SLIME_CLOCK served task=3 label=44 result=78783442 live=0
SLIME_CLOCK served task=2 label=44 result=78792834 live=0
SLIME_CLOCK served task=3 label=44 result=78810537 live=0
SLIME_CLOCK served task=2 label=44 result=78822617 live=0
SLIME_CLOCK served task=3 label=44 result=78835242 live=0
SLIME_CLOCK served task=2 label=44 result=78847262 live=0
SLIME_CLOCK served task=3 label=44 result=78860037 live=0
SLIME_CLOCK served task=2 label=44 result=78871999 live=0
SLIME_CLOCK served task=3 label=44 result=78884740 live=0
SLIME_CLOCK served task=2 label=44 result=78896687 live=0
SLIME_CLOCK served task=3 label=44 result=78909480 live=0
SLIME_CLOCK served task=2 label=44 result=78921547 live=0
SLIME_CLOCK served task=3 label=44 result=78936351 live=0
SLIME_CLOCK served task=2 label=44 result=78948365 live=0
SLIME_CLOCK served task=3 label=44 result=78961033 live=0
SLIME_CLOCK served task=2 label=44 result=78973166 live=0
SLIME_CLOCK served task=3 label=44 result=78985798 live=0
SLIME_CLOCK served task=2 label=44 result=78997539 live=0
SLIME_CLOCK served task=3 label=44 result=79009842 live=0
SLIME_CLOCK served task=2 label=44 result=79021760 live=0
SLIME_CLOCK served task=3 label=44 result=79034558 live=0
SLIME_CLOCK served task=2 label=44 result=79047033 live=0
SLIME_CLOCK served task=3 label=44 result=79062143 live=0
SLIME_CLOCK served task=2 label=44 result=79073910 live=0
SLIME_CLOCK served task=3 label=44 result=79086452 live=0
SLIME_CLOCK served task=2 label=44 result=79098320 live=0
SLIME_CLOCK served task=3 label=44 result=79110776 live=0
SLIME_CLOCK served task=2 label=44 result=79122584 live=0
SLIME_CLOCK served task=3 label=44 result=79137026 live=0
SLIME_CLOCK served task=2 label=44 result=79151260 live=0
SLIME_CLOCK served task=3 label=44 result=79166971 live=0
SLIME_CLOCK served task=2 label=44 result=79181539 live=0
SLIME_CLOCK served task=3 label=44 result=79201947 live=0
SLIME_CLOCK served task=2 label=44 result=79215455 live=0
SLIME_CLOCK served task=3 label=44 result=79226521 live=0
SLIME_CLOCK served task=2 label=44 result=79237152 live=0
SLIME_CLOCK served task=3 label=44 result=79247961 live=0
SLIME_CLOCK served task=2 label=44 result=79258234 live=0
SLIME_CLOCK served task=3 label=44 result=79269409 live=0
SLIME_CLOCK served task=2 label=44 result=79284030 live=0
SLIME_CLOCK served task=3 label=44 result=79299219 live=0
SLIME_CLOCK served task=2 label=44 result=79313109 live=0
SLIME_CLOCK served task=3 label=44 result=79333156 live=0
SLIME_CLOCK served task=2 label=44 result=79347687 live=0
SLIME_CLOCK served task=3 label=44 result=79361379 live=0
SLIME_CLOCK served task=2 label=44 result=79370753 live=0
SLIME_CLOCK served task=3 label=44 result=79380967 live=0
SLIME_CLOCK served task=2 label=44 result=79390401 live=0
SLIME_CLOCK served task=3 label=44 result=79401686 live=0
SLIME_CLOCK served task=2 label=44 result=79415718 live=0
SLIME_CLOCK served task=3 label=44 result=79429873 live=0
SLIME_CLOCK served task=2 label=44 result=79445656 live=0
SLIME_CLOCK served task=3 label=44 result=79460757 live=0
SLIME_CLOCK served task=2 label=44 result=79475144 live=0
SLIME_CLOCK served task=3 label=44 result=79490063 live=0
SLIME_CLOCK served task=2 label=44 result=79503688 live=0
SLIME_CLOCK served task=3 label=44 result=79518247 live=0
SLIME_CLOCK served task=2 label=44 result=79532432 live=0
SLIME_CLOCK served task=3 label=44 result=79546659 live=0
SLIME_CLOCK served task=2 label=44 result=79560779 live=0
SLIME_CLOCK served task=3 label=44 result=79576988 live=0
SLIME_CLOCK served task=2 label=44 result=79590383 live=0
SLIME_CLOCK served task=3 label=44 result=79604687 live=0
SLIME_CLOCK served task=2 label=44 result=79619085 live=0
SLIME_CLOCK served task=3 label=44 result=79633567 live=0
SLIME_CLOCK served task=2 label=44 result=79647446 live=0
SLIME_CLOCK served task=3 label=44 result=79659769 live=0
SLIME_CLOCK served task=2 label=44 result=79670452 live=0
SLIME_CLOCK served task=3 label=44 result=79681479 live=0
SLIME_CLOCK served task=2 label=44 result=79691917 live=0
SLIME_CLOCK served task=3 label=44 result=79703952 live=0
SLIME_CLOCK served task=2 label=44 result=79714559 live=0
SLIME_CLOCK served task=3 label=44 result=79725919 live=0
SLIME_CLOCK served task=2 label=44 result=79737558 live=0
SLIME_CLOCK served task=3 label=44 result=79753006 live=0
SLIME_CLOCK served task=2 label=44 result=79767255 live=0
SLIME_CLOCK served task=3 label=44 result=79780574 live=0
SLIME_CLOCK served task=2 label=44 result=79794437 live=0
SLIME_CLOCK served task=3 label=44 result=79809648 live=0
SLIME_CLOCK served task=2 label=44 result=79829632 live=0
SLIME_CLOCK served task=3 label=44 result=79853162 live=0
SLIME_CLOCK served task=2 label=44 result=79867934 live=0
SLIME_CLOCK served task=3 label=44 result=79880890 live=0
SLIME_CLOCK served task=2 label=44 result=79890319 live=0
SLIME_CLOCK served task=3 label=44 result=79900301 live=0
SLIME_CLOCK served task=2 label=44 result=79909855 live=0
SLIME_CLOCK served task=3 label=44 result=79919833 live=0
SLIME_CLOCK served task=2 label=44 result=79929200 live=0
SLIME_CLOCK served task=3 label=44 result=79939171 live=0
SLIME_CLOCK served task=3 label=44 result=79951410 live=0
SLIME_CLOCK served task=2 label=44 result=79962267 live=0
SLIME_CLOCK served task=3 label=44 result=79973815 live=0
SLIME_CLOCK served task=2 label=44 result=79984457 live=0
SLIME_CLOCK served task=3 label=44 result=79995413 live=0
SLIME_CLOCK served task=2 label=44 result=80006091 live=0
SLIME_CLOCK served task=3 label=44 result=80017116 live=0
SLIME_CLOCK served task=2 label=44 result=80027676 live=0
SLIME_CLOCK served task=3 label=44 result=80039008 live=0
SLIME_CLOCK served task=2 label=44 result=80049709 live=0
SLIME_CLOCK served task=3 label=44 result=80060890 live=0
SLIME_CLOCK served task=2 label=44 result=80071356 live=0
SLIME_CLOCK served task=3 label=44 result=80083783 live=0
SLIME_CLOCK served task=2 label=44 result=80094550 live=0
SLIME_CLOCK served task=3 label=44 result=80105673 live=0
SLIME_CLOCK served task=2 label=44 result=80116363 live=0
SLIME_CLOCK served task=3 label=44 result=80127424 live=0
SLIME_CLOCK served task=2 label=44 result=80138072 live=0
SLIME_CLOCK served task=3 label=44 result=80149164 live=0
SLIME_CLOCK served task=2 label=44 result=80160056 live=0
SLIME_CLOCK served task=3 label=44 result=80171109 live=0
SLIME_CLOCK served task=2 label=44 result=80181877 live=0
SLIME_CLOCK served task=3 label=44 result=80192978 live=0
SLIME_CLOCK served task=2 label=44 result=80204951 live=0
SLIME_CLOCK served task=3 label=44 result=80216101 live=0
SLIME_CLOCK served task=2 label=44 result=80227956 live=0
SLIME_CLOCK served task=3 label=44 result=80239120 live=0
SLIME_CLOCK served task=2 label=44 result=80249801 live=0
SLIME_CLOCK served task=3 label=44 result=80265737 live=0
SLIME_CLOCK served task=2 label=44 result=80281843 live=0
SLIME_CLOCK served task=3 label=44 result=80298856 live=0
SLIME_CLOCK served task=2 label=44 result=80315322 live=0
SLIME_CLOCK served task=3 label=44 result=80333383 live=0
SLIME_CLOCK served task=2 label=44 result=80344152 live=0
SLIME_CLOCK served task=3 label=44 result=80355473 live=0
SLIME_CLOCK served task=2 label=44 result=80366076 live=0
SLIME_CLOCK served task=3 label=44 result=80377215 live=0
SLIME_CLOCK served task=2 label=44 result=80387740 live=0
SLIME_CLOCK served task=3 label=44 result=80402890 live=0
SLIME_CLOCK served task=2 label=44 result=80417650 live=0
SLIME_CLOCK served task=3 label=44 result=80432992 live=0
SLIME_CLOCK served task=2 label=44 result=80447490 live=0
SLIME_CLOCK served task=3 label=44 result=80466563 live=0
SLIME_CLOCK served task=2 label=44 result=80478512 live=0
SLIME_CLOCK served task=3 label=44 result=80489673 live=0
SLIME_CLOCK served task=2 label=44 result=80504349 live=0
SLIME_CLOCK served task=3 label=44 result=80520387 live=0
SLIME_CLOCK served task=2 label=44 result=80535784 live=0
SLIME_CLOCK served task=3 label=44 result=80551636 live=0
SLIME_CLOCK served task=2 label=44 result=80566959 live=0
SLIME_CLOCK served task=3 label=44 result=80583429 live=0
SLIME_CLOCK served task=2 label=44 result=80598729 live=0
SLIME_CLOCK served task=3 label=44 result=80614447 live=0
SLIME_CLOCK served task=2 label=44 result=80629367 live=0
SLIME_CLOCK served task=3 label=44 result=80645135 live=0
SLIME_CLOCK served task=2 label=44 result=80660259 live=0
SLIME_CLOCK served task=3 label=44 result=80675911 live=0
SLIME_CLOCK served task=2 label=44 result=80690805 live=0
SLIME_CLOCK served task=3 label=44 result=80706488 live=0
SLIME_CLOCK served task=2 label=44 result=80722878 live=0
SLIME_CLOCK served task=3 label=44 result=80738833 live=0
SLIME_CLOCK served task=2 label=44 result=80753824 live=0
SLIME_CLOCK served task=3 label=44 result=80768943 live=0
SLIME_CLOCK served task=2 label=44 result=80783379 live=0
SLIME_CLOCK served task=3 label=44 result=80798460 live=0
SLIME_CLOCK served task=2 label=44 result=80812652 live=0
SLIME_CLOCK served task=3 label=44 result=80827689 live=0
SLIME_CLOCK served task=2 label=44 result=80843094 live=0
SLIME_CLOCK served task=3 label=44 result=80858741 live=0
SLIME_CLOCK served task=2 label=44 result=80873887 live=0
SLIME_CLOCK served task=3 label=44 result=80889600 live=0
SLIME_CLOCK served task=2 label=44 result=80904086 live=0
SLIME_CLOCK served task=3 label=44 result=80919517 live=0
SLIME_CLOCK served task=2 label=44 result=80934010 live=0
SLIME_CLOCK served task=3 label=44 result=80948976 live=0
SLIME_CLOCK served task=2 label=44 result=80968867 live=0
SLIME_CLOCK served task=3 label=44 result=80990251 live=0
SLIME_CLOCK served task=2 label=44 result=81010409 live=0
SLIME_CLOCK served task=3 label=44 result=81029346 live=0
SLIME_CLOCK served task=2 label=44 result=81041228 live=0
SLIME_CLOCK served task=3 label=44 result=81052475 live=0
SLIME_CLOCK served task=2 label=44 result=81063016 live=0
SLIME_CLOCK served task=3 label=44 result=81074128 live=0
SLIME_CLOCK served task=2 label=44 result=81084868 live=0
SLIME_CLOCK served task=3 label=44 result=81097842 live=0
SLIME_CLOCK served task=2 label=44 result=81108374 live=0
SLIME_CLOCK served task=3 label=44 result=81119473 live=0
SLIME_CLOCK served task=2 label=44 result=81130065 live=0
SLIME_CLOCK served task=3 label=44 result=81141035 live=0
SLIME_CLOCK served task=2 label=44 result=81151530 live=0
SLIME_CLOCK served task=3 label=44 result=81162901 live=0
SLIME_CLOCK served task=2 label=44 result=81173483 live=0
SLIME_CLOCK served task=3 label=44 result=81184602 live=0
SLIME_CLOCK served task=2 label=44 result=81195121 live=0
SLIME_CLOCK served task=3 label=44 result=81206325 live=0
SLIME_CLOCK served task=2 label=44 result=81217955 live=0
SLIME_CLOCK served task=3 label=44 result=81229483 live=0
SLIME_CLOCK served task=2 label=44 result=81240118 live=0
SLIME_CLOCK served task=3 label=44 result=81251595 live=0
SLIME_CLOCK served task=2 label=44 result=81262282 live=0
SLIME_CLOCK served task=3 label=44 result=81273372 live=0
SLIME_CLOCK served task=2 label=44 result=81284129 live=0
SLIME_CLOCK served task=3 label=44 result=81295289 live=0
SLIME_CLOCK served task=2 label=44 result=81305951 live=0
SLIME_CLOCK served task=3 label=44 result=81317030 live=0
SLIME_CLOCK served task=2 label=44 result=81327705 live=0
SLIME_CLOCK served task=3 label=44 result=81338869 live=0
SLIME_CLOCK served task=2 label=44 result=81350592 live=0
SLIME_CLOCK served task=3 label=44 result=81361958 live=0
SLIME_CLOCK served task=2 label=44 result=81373485 live=0
SLIME_CLOCK served task=3 label=44 result=81389451 live=0
SLIME_CLOCK served task=2 label=44 result=81403605 live=0
SLIME_CLOCK served task=3 label=44 result=81418745 live=0
SLIME_CLOCK served task=2 label=44 result=81432788 live=0
SLIME_CLOCK served task=3 label=44 result=81448059 live=0
SLIME_CLOCK served task=2 label=44 result=81462595 live=0
SLIME_CLOCK served task=3 label=44 result=81483178 live=0
SLIME_CLOCK served task=2 label=44 result=81500200 live=0
SLIME_CLOCK served task=3 label=44 result=81515551 live=0
SLIME_CLOCK served task=2 label=44 result=81526244 live=0
SLIME_CLOCK served task=3 label=44 result=81537720 live=0
SLIME_CLOCK served task=2 label=44 result=81548271 live=0
SLIME_CLOCK served task=3 label=44 result=81559467 live=0
SLIME_CLOCK served task=2 label=44 result=81570357 live=0
SLIME_CLOCK served task=3 label=44 result=81581595 live=0
SLIME_CLOCK served task=2 label=44 result=81592166 live=0
SLIME_CLOCK served task=3 label=44 result=81604581 live=0
SLIME_CLOCK served task=2 label=44 result=81615365 live=0
SLIME_CLOCK served task=3 label=44 result=81626710 live=0
SLIME_CLOCK served task=2 label=44 result=81637474 live=0
SLIME_CLOCK served task=3 label=44 result=81648736 live=0
SLIME_CLOCK served task=2 label=44 result=81659570 live=0
SLIME_CLOCK served task=3 label=44 result=81672291 live=0
SLIME_CLOCK served task=2 label=44 result=81684137 live=0
SLIME_CLOCK served task=3 label=44 result=81694312 live=0
SLIME_CLOCK served task=2 label=44 result=81703817 live=0
SLIME_CLOCK served task=3 label=44 result=81713921 live=0
SLIME_CLOCK served task=2 label=44 result=81725776 live=0
SLIME_CLOCK served task=3 label=44 result=81737196 live=0
SLIME_CLOCK served task=2 label=44 result=81747814 live=0
SLIME_CLOCK served task=3 label=44 result=81758949 live=0
SLIME_CLOCK served task=2 label=44 result=81769472 live=0
SLIME_CLOCK served task=3 label=44 result=81780690 live=0
SLIME_CLOCK served task=2 label=44 result=81791519 live=0
SLIME_CLOCK served task=3 label=44 result=81802652 live=0
SLIME_CLOCK served task=2 label=44 result=81813143 live=0
SLIME_CLOCK served task=3 label=44 result=81824348 live=0
SLIME_CLOCK served task=2 label=44 result=81835098 live=0
SLIME_CLOCK served task=3 label=44 result=81846376 live=0
SLIME_CLOCK served task=2 label=44 result=81858049 live=0
SLIME_CLOCK served task=3 label=44 result=81869322 live=0
SLIME_CLOCK served task=2 label=44 result=81879900 live=0
SLIME_CLOCK served task=3 label=44 result=81894081 live=0
SLIME_CLOCK served task=2 label=44 result=81908430 live=0
SLIME_CLOCK served task=3 label=44 result=81923736 live=0
SLIME_CLOCK served task=2 label=44 result=81953727 live=0
SLIME_CLOCK served task=3 label=44 result=82005913 live=0
SLIME_CLOCK served task=3 label=44 result=82022099 live=0
SLIME_CLOCK served task=2 label=44 result=82034393 live=0
SLIME_IO payload dma pages=1 frames=1 writable=true direction=DeviceWrite
SLIME_IO payload frame index=0 slot=2112 paddr=Some(1615372288)
SLIME_IO payload dma pages=1 frames=1 writable=true direction=DeviceRead
SLIME_IO payload frame index=0 slot=2124 paddr=Some(1615421440)
SLIME_CLOCK served task=3 label=44 result=82118611 live=0
SLIME_CLOCK served task=3 label=44 result=82129506 live=0
SLIME_CLOCK served task=2 label=44 result=82140359 live=0
SLIME_CLOCK served task=3 label=44 result=82151653 live=0
SLIME_CLOCK served task=2 label=44 result=82165246 live=0
SLIME_CLOCK served task=3 label=44 result=82177199 live=0
SLIME_CLOCK served task=2 label=44 result=82188116 live=0
SLIME_CLOCK served task=3 label=44 result=82199711 live=0
SLIME_CLOCK served task=2 label=44 result=82210876 live=0
SLIME_CLOCK served task=3 label=44 result=82222649 live=0
SLIME_CLOCK served task=2 label=44 result=82234400 live=0
SLIME_CLOCK served task=3 label=44 result=82246016 live=0
SLIME_CLOCK served task=2 label=44 result=82256566 live=0
SLIME_CLOCK served task=3 label=44 result=82267651 live=0
SLIME_CLOCK served task=2 label=44 result=82278240 live=0
SLIME_CLOCK served task=3 label=44 result=82289665 live=0
SLIME_CLOCK served task=2 label=44 result=82300535 live=0
SLIME_CLOCK served task=3 label=44 result=82311847 live=0
SLIME_CLOCK served task=2 label=44 result=82322473 live=0
SLIME_CLOCK served task=3 label=44 result=82333887 live=0
SLIME_CLOCK served task=2 label=44 result=82345128 live=0
SLIME_CLOCK served task=3 label=44 result=82356522 live=0
SLIME_CLOCK served task=2 label=44 result=82368953 live=0
SLIME_CLOCK served task=3 label=44 result=82380055 live=0
SLIME_CLOCK served task=2 label=44 result=82390662 live=0
SLIME_CLOCK served task=3 label=44 result=82402759 live=0
SLIME_CLOCK served task=2 label=44 result=82419343 live=0
SLIME_CLOCK served task=3 label=44 result=82435261 live=0
SLIME_CLOCK served task=2 label=44 result=82450702 live=0
SLIME_CLOCK served task=3 label=44 result=82467416 live=0
SLIME_CLOCK served task=2 label=44 result=82483464 live=0
SLIME_CLOCK served task=3 label=44 result=82505564 live=0
SLIME_CLOCK served task=2 label=44 result=82522350 live=0
SLIME_CLOCK served task=3 label=44 result=82539943 live=0
SLIME_CLOCK served task=2 label=44 result=82555905 live=0
SLIME_CLOCK served task=3 label=44 result=82573079 live=0
SLIME_CLOCK served task=2 label=44 result=82589050 live=0
SLIME_CLOCK served task=3 label=44 result=82606233 live=0
SLIME_CLOCK served task=2 label=44 result=82625635 live=0
SLIME_CLOCK served task=3 label=44 result=82642492 live=0
SLIME_CLOCK served task=2 label=44 result=82658703 live=0
SLIME_CLOCK served task=3 label=44 result=82675754 live=0
SLIME_CLOCK served task=2 label=44 result=82691329 live=0
SLIME_CLOCK served task=3 label=44 result=82707450 live=0
SLIME_CLOCK served task=2 label=44 result=82723151 live=0
SLIME_CLOCK served task=3 label=44 result=82739684 live=0
SLIME_CLOCK served task=2 label=44 result=82757522 live=0
SLIME_CLOCK served task=3 label=44 result=82773896 live=0
SLIME_CLOCK served task=2 label=44 result=82789800 live=0
SLIME_CLOCK served task=3 label=44 result=82806012 live=0
SLIME_CLOCK served task=2 label=44 result=82821233 live=0
SLIME_CLOCK served task=3 label=44 result=82837526 live=0
SLIME_CLOCK served task=2 label=44 result=82853057 live=0
SLIME_CLOCK served task=3 label=44 result=82870976 live=0
SLIME_CLOCK served task=2 label=44 result=82886607 live=0
SLIME_CLOCK served task=3 label=44 result=82904735 live=0
SLIME_CLOCK served task=2 label=44 result=82923922 live=0
SLIME_CLOCK served task=3 label=44 result=82943451 live=0
SLIME_CLOCK served task=2 label=44 result=82960374 live=0
SLIME_CLOCK served task=3 label=44 result=82976275 live=0
SLIME_CLOCK served task=2 label=44 result=82990649 live=0
SLIME_CLOCK served task=3 label=44 result=83020888 live=0
SLIME_CLOCK served task=2 label=44 result=83033264 live=0
SLIME_CLOCK served task=3 label=44 result=83047751 live=0
SLIME_CLOCK served task=2 label=44 result=83062478 live=0
SLIME_CLOCK served task=3 label=44 result=83078117 live=0
SLIME_CLOCK served task=2 label=44 result=83092739 live=0
SLIME_CLOCK served task=3 label=44 result=83117964 live=0
SLIME_CLOCK served task=2 label=44 result=83131189 live=0
SLIME_CLOCK served task=3 label=44 result=83144215 live=0
SLIME_CLOCK served task=2 label=44 result=83156479 live=0
SLIME_CLOCK served task=3 label=44 result=83168873 live=0
SLIME_CLOCK served task=2 label=44 result=83180812 live=0
SLIME_CLOCK served task=3 label=44 result=83193581 live=0
SLIME_CLOCK served task=2 label=44 result=83205497 live=0
SLIME_CLOCK served task=3 label=44 result=83217814 live=0
SLIME_CLOCK served task=2 label=44 result=83229968 live=0
SLIME_CLOCK served task=3 label=44 result=83242449 live=0
SLIME_CLOCK served task=2 label=44 result=83256329 live=0
SLIME_CLOCK served task=3 label=44 result=83269146 live=0
SLIME_CLOCK served task=2 label=44 result=83281205 live=0
SLIME_CLOCK served task=3 label=44 result=83293820 live=0
SLIME_CLOCK served task=2 label=44 result=83305734 live=0
SLIME_CLOCK served task=3 label=44 result=83318416 live=0
SLIME_CLOCK served task=2 label=44 result=83330617 live=0
SLIME_CLOCK served task=3 label=44 result=83343411 live=0
SLIME_CLOCK served task=2 label=44 result=83355600 live=0
SLIME_CLOCK served task=3 label=44 result=83368343 live=0
SLIME_CLOCK served task=2 label=44 result=83381433 live=0
SLIME_CLOCK served task=3 label=44 result=83394296 live=0
SLIME_CLOCK served task=2 label=44 result=83406562 live=0
SLIME_CLOCK served task=3 label=44 result=83419279 live=0
SLIME_CLOCK served task=2 label=44 result=83431164 live=0
SLIME_CLOCK served task=3 label=44 result=83446103 live=0
SLIME_CLOCK served task=2 label=44 result=83460244 live=0
SLIME_CLOCK served task=3 label=44 result=83473032 live=0
SLIME_CLOCK served task=2 label=44 result=83482822 live=0
SLIME_CLOCK served task=3 label=44 result=83494065 live=0
SLIME_CLOCK served task=2 label=44 result=83508252 live=0
SLIME_CLOCK served task=3 label=44 result=83523935 live=0
SLIME_CLOCK served task=2 label=44 result=83538930 live=0
SLIME_CLOCK served task=3 label=44 result=83554577 live=0
SLIME_CLOCK served task=2 label=44 result=83567390 live=0
SLIME_CLOCK served task=3 label=44 result=83577348 live=0
SLIME_CLOCK served task=2 label=44 result=83586743 live=0
SLIME_CLOCK served task=3 label=44 result=83603573 live=0
SLIME_CLOCK served task=2 label=44 result=83620524 live=0
SLIME_CLOCK served task=3 label=44 result=83637883 live=0
SLIME_CLOCK served task=2 label=44 result=83654651 live=0
SLIME_CLOCK served task=3 label=44 result=83671308 live=0
SLIME_CLOCK served task=2 label=44 result=83688000 live=0
SLIME_CLOCK served task=3 label=44 result=83705358 live=0
SLIME_CLOCK served task=2 label=44 result=83723731 live=0
SLIME_CLOCK served task=3 label=44 result=83741140 live=0
SLIME_CLOCK served task=2 label=44 result=83757283 live=0
SLIME_CLOCK served task=3 label=44 result=83774415 live=0
SLIME_CLOCK served task=2 label=44 result=83790795 live=0
SLIME_CLOCK served task=3 label=44 result=83807895 live=0
SLIME_CLOCK served task=2 label=44 result=83824226 live=0
SLIME_CLOCK served task=3 label=44 result=83841315 live=0
SLIME_CLOCK served task=2 label=44 result=83858914 live=0
SLIME_CLOCK served task=3 label=44 result=83876036 live=0
SLIME_CLOCK served task=2 label=44 result=83892392 live=0
SLIME_CLOCK served task=3 label=44 result=83909812 live=0
SLIME_CLOCK served task=2 label=44 result=83926454 live=0
SLIME_CLOCK served task=3 label=44 result=83943450 live=0
SLIME_CLOCK served task=2 label=44 result=83960034 live=0
SLIME_CLOCK served task=3 label=44 result=83982208 live=0
SLIME_CLOCK served task=2 label=44 result=83998689 live=0
SLIME_CLOCK served task=3 label=44 result=84016002 live=0
SLIME_CLOCK served task=2 label=44 result=84030303 live=0
SLIME_CLOCK served task=3 label=44 result=84045864 live=0
SLIME_CLOCK served task=2 label=44 result=84058708 live=0
SLIME_CLOCK served task=3 label=44 result=84073431 live=0
SLIME_CLOCK served task=2 label=44 result=84087674 live=0
SLIME_CLOCK served task=3 label=44 result=84125532 live=0
SLIME_CLOCK served task=2 label=44 result=84142844 live=0
SLIME_CLOCK served task=3 label=44 result=84157622 live=0
SLIME_CLOCK served task=2 label=44 result=84170784 live=0
SLIME_CLOCK served task=3 label=44 result=84184961 live=0
SLIME_CLOCK served task=2 label=44 result=84198001 live=0
SLIME_CLOCK served task=3 label=44 result=84209192 live=0
SLIME_CLOCK served task=2 label=44 result=84220596 live=0
SLIME_CLOCK served task=3 label=44 result=84231812 live=0
SLIME_CLOCK served task=2 label=44 result=84242549 live=0
SLIME_CLOCK served task=3 label=44 result=84255152 live=0
SLIME_CLOCK served task=2 label=44 result=84265699 live=0
SLIME_CLOCK served task=3 label=44 result=84276872 live=0
SLIME_CLOCK served task=2 label=44 result=84287465 live=0
SLIME_CLOCK served task=3 label=44 result=84298653 live=0
SLIME_CLOCK served task=2 label=44 result=84309160 live=0
SLIME_CLOCK served task=3 label=44 result=84320328 live=0
SLIME_CLOCK served task=2 label=44 result=84331042 live=0
SLIME_CLOCK served task=3 label=44 result=84342256 live=0
SLIME_CLOCK served task=2 label=44 result=84352996 live=0
SLIME_CLOCK served task=3 label=44 result=84364086 live=0
SLIME_CLOCK served task=2 label=44 result=84374532 live=0
SLIME_CLOCK served task=3 label=44 result=84386918 live=0
SLIME_CLOCK served task=2 label=44 result=84397675 live=0
SLIME_CLOCK served task=3 label=44 result=84408968 live=0
SLIME_CLOCK served task=2 label=44 result=84419778 live=0
SLIME_CLOCK served task=3 label=44 result=84431281 live=0
SLIME_CLOCK served task=2 label=44 result=84441883 live=0
SLIME_CLOCK served task=3 label=44 result=84452932 live=0
SLIME_CLOCK served task=2 label=44 result=84463510 live=0
SLIME_CLOCK served task=3 label=44 result=84474858 live=0
SLIME_CLOCK served task=2 label=44 result=84485422 live=0
SLIME_CLOCK served task=3 label=44 result=84499411 live=0
SLIME_CLOCK served task=2 label=44 result=84526849 live=0
SLIME_CLOCK served task=3 label=44 result=84543452 live=0
SLIME_CLOCK served task=2 label=44 result=84557815 live=0
SLIME_CLOCK served task=3 label=44 result=84573255 live=0
SLIME_CLOCK served task=2 label=44 result=84588159 live=0
SLIME_CLOCK served task=3 label=44 result=84606081 live=0
SLIME_CLOCK served task=2 label=44 result=84622546 live=0
SLIME_CLOCK served task=3 label=44 result=84646372 live=0
SLIME_CLOCK served task=2 label=44 result=84664075 live=0
SLIME_CLOCK served task=3 label=44 result=84676623 live=0
SLIME_CLOCK served task=2 label=44 result=84687377 live=0
SLIME_CLOCK served task=3 label=44 result=84698655 live=0
SLIME_CLOCK served task=2 label=44 result=84709084 live=0
SLIME_CLOCK served task=3 label=44 result=84720320 live=0
SLIME_CLOCK served task=2 label=44 result=84730993 live=0
SLIME_CLOCK served task=3 label=44 result=84742537 live=0
SLIME_CLOCK served task=2 label=44 result=84756531 live=0
SLIME_CLOCK served task=3 label=44 result=84776543 live=0
SLIME_CLOCK served task=2 label=44 result=84790659 live=0
SLIME_CLOCK served task=3 label=44 result=84804126 live=0
SLIME_CLOCK served task=2 label=44 result=84815986 live=0
SLIME_CLOCK served task=3 label=44 result=84828675 live=0
SLIME_CLOCK served task=2 label=44 result=84840524 live=0
SLIME_CLOCK served task=3 label=44 result=84853217 live=0
SLIME_CLOCK served task=2 label=44 result=84865123 live=0
SLIME_CLOCK served task=3 label=44 result=84877790 live=0
SLIME_CLOCK served task=2 label=44 result=84889714 live=0
SLIME_CLOCK served task=3 label=44 result=84903499 live=0
SLIME_CLOCK served task=2 label=44 result=84915714 live=0
SLIME_CLOCK served task=3 label=44 result=84928380 live=0
SLIME_CLOCK served task=2 label=44 result=84940431 live=0
SLIME_CLOCK served task=3 label=44 result=84952935 live=0
SLIME_CLOCK served task=2 label=44 result=84964839 live=0
SLIME_CLOCK served task=3 label=44 result=84977256 live=0
SLIME_CLOCK served task=2 label=44 result=84989516 live=0
SLIME_CLOCK served task=3 label=44 result=85002338 live=0
SLIME_CLOCK served task=2 label=44 result=85015272 live=0
SLIME_CLOCK served task=3 label=44 result=85034583 live=0
SLIME_CLOCK served task=2 label=44 result=85047856 live=0
SLIME_CLOCK served task=3 label=44 result=85061274 live=0
SLIME_CLOCK served task=2 label=44 result=85079180 live=0
SLIME_CLOCK served task=3 label=44 result=85098771 live=0
SLIME_CLOCK served task=2 label=44 result=85117046 live=0
SLIME_CLOCK served task=3 label=44 result=85136190 live=0
SLIME_CLOCK served task=2 label=44 result=85154784 live=0
SLIME_CLOCK served task=3 label=44 result=85167945 live=0
SLIME_CLOCK served task=2 label=44 result=85181169 live=0
SLIME_CLOCK served task=3 label=44 result=85192195 live=0
SLIME_CLOCK served task=2 label=44 result=85203130 live=0
SLIME_CLOCK served task=3 label=44 result=85214331 live=0
SLIME_CLOCK served task=2 label=44 result=85225439 live=0
SLIME_CLOCK served task=3 label=44 result=85236572 live=0
SLIME_CLOCK served task=2 label=44 result=85246889 live=0
SLIME_CLOCK served task=3 label=44 result=85257936 live=0
SLIME_CLOCK served task=2 label=44 result=85268269 live=0
SLIME_CLOCK served task=3 label=44 result=85281880 live=0
SLIME_CLOCK served task=2 label=44 result=85292651 live=0
SLIME_CLOCK served task=3 label=44 result=85303924 live=0
SLIME_CLOCK served task=2 label=44 result=85314498 live=0
SLIME_CLOCK served task=3 label=44 result=85325843 live=0
SLIME_CLOCK served task=2 label=44 result=85336256 live=0
SLIME_CLOCK served task=3 label=44 result=85347564 live=0
SLIME_CLOCK served task=2 label=44 result=85358050 live=0
SLIME_CLOCK served task=3 label=44 result=85369235 live=0
SLIME_CLOCK served task=2 label=44 result=85379643 live=0
SLIME_CLOCK served task=3 label=44 result=85391006 live=0
SLIME_CLOCK served task=2 label=44 result=85403722 live=0
SLIME_CLOCK served task=3 label=44 result=85414977 live=0
SLIME_CLOCK served task=2 label=44 result=85425476 live=0
SLIME_CLOCK served task=3 label=44 result=85436721 live=0
SLIME_CLOCK served task=2 label=44 result=85447238 live=0
SLIME_CLOCK served task=3 label=44 result=85458380 live=0
SLIME_CLOCK served task=2 label=44 result=85469172 live=0
SLIME_CLOCK served task=3 label=44 result=85480603 live=0
SLIME_CLOCK served task=2 label=44 result=85491113 live=0
SLIME_CLOCK served task=3 label=44 result=85502165 live=0
SLIME_CLOCK served task=2 label=44 result=85512668 live=0
SLIME_CLOCK served task=3 label=44 result=85523905 live=0
SLIME_CLOCK served task=2 label=44 result=85539591 live=0
SLIME_CLOCK served task=3 label=44 result=85555993 live=0
SLIME_CLOCK served task=2 label=44 result=85572014 live=0
SLIME_CLOCK served task=3 label=44 result=85589407 live=0
SLIME_CLOCK served task=2 label=44 result=85606150 live=0
SLIME_CLOCK served task=3 label=44 result=85620725 live=0
SLIME_CLOCK served task=2 label=44 result=85631259 live=0
SLIME_CLOCK served task=3 label=44 result=85642483 live=0
SLIME_CLOCK served task=2 label=44 result=85654265 live=0
SLIME_CLOCK served task=3 label=44 result=85665919 live=0
SLIME_CLOCK served task=2 label=44 result=85676571 live=0
SLIME_CLOCK served task=3 label=44 result=85689686 live=0
SLIME_CLOCK served task=2 label=44 result=85704562 live=0
SLIME_CLOCK served task=3 label=44 result=85719898 live=0
SLIME_CLOCK served task=2 label=44 result=85734130 live=0
SLIME_CLOCK served task=3 label=44 result=85749213 live=0
SLIME_CLOCK served task=2 label=44 result=85763642 live=0
SLIME_CLOCK served task=3 label=44 result=85774393 live=0
SLIME_CLOCK served task=2 label=44 result=85787109 live=0
SLIME_CLOCK served task=3 label=44 result=85801779 live=0
SLIME_CLOCK served task=2 label=44 result=85815256 live=0
SLIME_CLOCK served task=3 label=44 result=85829122 live=0
SLIME_CLOCK served task=2 label=44 result=85842172 live=0
SLIME_CLOCK served task=3 label=44 result=85856254 live=0
SLIME_CLOCK served task=2 label=44 result=85869206 live=0
SLIME_CLOCK served task=3 label=44 result=85882966 live=0
SLIME_CLOCK served task=2 label=44 result=85896237 live=0
SLIME_CLOCK served task=3 label=44 result=85911824 live=0
SLIME_CLOCK served task=2 label=44 result=85924871 live=0
SLIME_CLOCK served task=3 label=44 result=85938767 live=0
SLIME_CLOCK served task=2 label=44 result=85952108 live=0
SLIME_CLOCK served task=3 label=44 result=85965878 live=0
SLIME_CLOCK served task=2 label=44 result=85978912 live=0
SLIME_CLOCK served task=3 label=44 result=85991387 live=0
SLIME_CLOCK served task=2 label=44 result=86003077 live=0
SLIME_CLOCK served task=3 label=44 result=86015541 live=0
SLIME_CLOCK served task=2 label=44 result=86027219 live=0
SLIME_CLOCK served task=3 label=44 result=86043844 live=0
SLIME_CLOCK served task=2 label=44 result=86055578 live=0
SLIME_CLOCK served task=3 label=44 result=86067361 live=0
SLIME_CLOCK served task=2 label=44 result=86079411 live=0
SLIME_CLOCK served task=3 label=44 result=86091284 live=0
SLIME_CLOCK served task=2 label=44 result=86103424 live=0
SLIME_CLOCK served task=3 label=44 result=86115522 live=0
SLIME_CLOCK served task=2 label=44 result=86126940 live=0
SLIME_CLOCK served task=3 label=44 result=86138868 live=0
SLIME_CLOCK served task=2 label=44 result=86149875 live=0
SLIME_CLOCK served task=3 label=44 result=86164179 live=0
SLIME_CLOCK served task=2 label=44 result=86178393 live=0
SLIME_CLOCK served task=3 label=44 result=86193477 live=0
SLIME_CLOCK served task=2 label=44 result=86204683 live=0
SLIME_CLOCK served task=3 label=44 result=86215994 live=0
SLIME_CLOCK served task=2 label=44 result=86230347 live=0
SLIME_CLOCK served task=3 label=44 result=86245864 live=0
SLIME_CLOCK served task=2 label=44 result=86260162 live=0
SLIME_CLOCK served task=3 label=44 result=86275244 live=0
SLIME_CLOCK served task=2 label=44 result=86298999 live=0
SLIME_CLOCK served task=3 label=44 result=86316796 live=0
SLIME_CLOCK served task=2 label=44 result=86333465 live=0
SLIME_CLOCK served task=3 label=44 result=86351254 live=0
SLIME_CLOCK served task=2 label=44 result=86367981 live=0
SLIME_CLOCK served task=3 label=44 result=86385071 live=0
SLIME_CLOCK served task=2 label=44 result=86401879 live=0
SLIME_CLOCK served task=3 label=44 result=86420464 live=0
SLIME_CLOCK served task=2 label=44 result=86436895 live=0
SLIME_CLOCK served task=3 label=44 result=86454259 live=0
SLIME_CLOCK served task=2 label=44 result=86471031 live=0
SLIME_CLOCK served task=3 label=44 result=86488331 live=0
SLIME_CLOCK served task=2 label=44 result=86504951 live=0
SLIME_CLOCK served task=3 label=44 result=86522312 live=0
SLIME_CLOCK served task=2 label=44 result=86539865 live=0
SLIME_CLOCK served task=3 label=44 result=86557401 live=0
SLIME_CLOCK served task=2 label=44 result=86574190 live=0
SLIME_CLOCK served task=3 label=44 result=86591116 live=0
SLIME_CLOCK served task=2 label=44 result=86607837 live=0
SLIME_CLOCK served task=3 label=44 result=86625084 live=0
SLIME_CLOCK served task=2 label=44 result=86641030 live=0
SLIME_CLOCK served task=3 label=44 result=86658262 live=0
SLIME_CLOCK served task=2 label=44 result=86676273 live=0
SLIME_CLOCK served task=3 label=44 result=86693563 live=0
SLIME_CLOCK served task=2 label=44 result=86710207 live=0
SLIME_CLOCK served task=3 label=44 result=86727421 live=0
SLIME_CLOCK served task=2 label=44 result=86744312 live=0
SLIME_CLOCK served task=3 label=44 result=86761716 live=0
SLIME_CLOCK served task=2 label=44 result=86778373 live=0
SLIME_CLOCK served task=3 label=44 result=86797005 live=0
SLIME_CLOCK served task=2 label=44 result=86813922 live=0
SLIME_CLOCK served task=3 label=44 result=86831006 live=0
SLIME_CLOCK served task=2 label=44 result=86847450 live=0
SLIME_CLOCK served task=3 label=44 result=86864896 live=0
SLIME_CLOCK served task=2 label=44 result=86876281 live=0
SLIME_CLOCK served task=3 label=44 result=86887390 live=0
SLIME_CLOCK served task=2 label=44 result=86897338 live=0
SLIME_CLOCK served task=3 label=44 result=86913166 live=0
SLIME_CLOCK served task=2 label=44 result=86940727 live=0
SLIME_CLOCK served task=3 label=44 result=86960068 live=0
SLIME_CLOCK served task=2 label=44 result=86978675 live=0
SLIME_CLOCK served task=3 label=44 result=86994873 live=0
SLIME_CLOCK served task=2 label=44 result=87008381 live=0
SLIME_CLOCK served task=3 label=44 result=87022661 live=0
SLIME_CLOCK served task=2 label=44 result=87036383 live=0
SLIME_CLOCK served task=3 label=44 result=87053491 live=0
SLIME_CLOCK served task=2 label=44 result=87068566 live=0
SLIME_CLOCK served task=3 label=44 result=87084500 live=0
SLIME_CLOCK served task=2 label=44 result=87099780 live=0
SLIME_CLOCK served task=3 label=44 result=87115763 live=0
SLIME_CLOCK served task=2 label=44 result=87130814 live=0
SLIME_CLOCK served task=3 label=44 result=87146893 live=0
SLIME_CLOCK served task=2 label=44 result=87162273 live=0
SLIME_CLOCK served task=3 label=44 result=87179338 live=0
SLIME_CLOCK served task=2 label=44 result=87194166 live=0
SLIME_CLOCK served task=3 label=44 result=87210329 live=0
SLIME_CLOCK served task=2 label=44 result=87224962 live=0
SLIME_CLOCK served task=3 label=44 result=87240102 live=0
SLIME_CLOCK served task=2 label=44 result=87254406 live=0
SLIME_CLOCK served task=3 label=44 result=87269481 live=0
SLIME_CLOCK served task=2 label=44 result=87284036 live=0
SLIME_CLOCK served task=3 label=44 result=87299244 live=0
SLIME_CLOCK served task=2 label=44 result=87314878 live=0
SLIME_CLOCK served task=3 label=44 result=87330276 live=0
SLIME_CLOCK served task=2 label=44 result=87346612 live=0
SLIME_CLOCK served task=3 label=44 result=87361857 live=0
SLIME_CLOCK served task=2 label=44 result=87374639 live=0
SLIME_CLOCK served task=3 label=44 result=87387422 live=0
SLIME_CLOCK served task=2 label=44 result=87401906 live=0
SLIME_CLOCK served task=3 label=44 result=87417485 live=0
SLIME_CLOCK served task=2 label=44 result=87434958 live=0
SLIME_CLOCK served task=3 label=44 result=87451177 live=0
SLIME_CLOCK served task=2 label=44 result=87465129 live=0
SLIME_CLOCK served task=3 label=44 result=87475405 live=0
SLIME_CLOCK served task=2 label=44 result=87486375 live=0
SLIME_CLOCK served task=3 label=44 result=87500637 live=0
SLIME_CLOCK served task=2 label=44 result=87514003 live=0
SLIME_CLOCK served task=3 label=44 result=87528544 live=0
SLIME_CLOCK served task=2 label=44 result=87543207 live=0
SLIME_CLOCK served task=3 label=44 result=87560085 live=0
SLIME_CLOCK served task=2 label=44 result=87574622 live=0
SLIME_CLOCK served task=3 label=44 result=87590035 live=0
SLIME_CLOCK served task=2 label=44 result=87604765 live=0
SLIME_CLOCK served task=3 label=44 result=87620095 live=0
SLIME_CLOCK served task=2 label=44 result=87634558 live=0
SLIME_CLOCK served task=3 label=44 result=87650056 live=0
SLIME_CLOCK served task=2 label=44 result=87663250 live=0
SLIME_CLOCK served task=3 label=44 result=87674310 live=0
SLIME_CLOCK served task=2 label=44 result=87686593 live=0
SLIME_CLOCK served task=3 label=44 result=87697793 live=0
SLIME_CLOCK served task=2 label=44 result=87708372 live=0
SLIME_CLOCK served task=3 label=44 result=87719513 live=0
SLIME_CLOCK served task=2 label=44 result=87730358 live=0
SLIME_CLOCK served task=3 label=44 result=87741680 live=0
SLIME_CLOCK served task=2 label=44 result=87752285 live=0
SLIME_CLOCK served task=3 label=44 result=87763414 live=0
SLIME_CLOCK served task=2 label=44 result=87773760 live=0
SLIME_CLOCK served task=3 label=44 result=87785021 live=0
SLIME_CLOCK served task=2 label=44 result=87795486 live=0
SLIME_CLOCK served task=3 label=44 result=87806697 live=0
SLIME_CLOCK served task=2 label=44 result=87818259 live=0
SLIME_CLOCK served task=3 label=44 result=87829311 live=0
SLIME_CLOCK served task=2 label=44 result=87839825 live=0
SLIME_CLOCK served task=3 label=44 result=87851256 live=0
SLIME_CLOCK served task=2 label=44 result=87861923 live=0
SLIME_CLOCK served task=3 label=44 result=87876926 live=0
SLIME_CLOCK served task=2 label=44 result=87891433 live=0
SLIME_CLOCK served task=3 label=44 result=87906311 live=0
SLIME_CLOCK served task=2 label=44 result=87921061 live=0
SLIME_CLOCK served task=3 label=44 result=87938346 live=0
SLIME_CLOCK served task=2 label=44 result=87955197 live=0
SLIME_CLOCK served task=3 label=44 result=87970242 live=0
SLIME_CLOCK served task=2 label=44 result=87982128 live=0
SLIME_CLOCK served task=3 label=44 result=87993925 live=0
SLIME_CLOCK served task=2 label=44 result=88004906 live=0
SLIME_CLOCK served task=3 label=44 result=88016884 live=0
SLIME_CLOCK served task=2 label=44 result=88027841 live=0
SLIME_CLOCK served task=3 label=44 result=88039984 live=0
SLIME_CLOCK served task=2 label=44 result=88051489 live=0
SLIME_CLOCK served task=3 label=44 result=88064229 live=0
SLIME_CLOCK served task=2 label=44 result=88075399 live=0
SLIME_CLOCK served task=3 label=44 result=88087427 live=0
SLIME_CLOCK served task=2 label=44 result=88099139 live=0
SLIME_CLOCK served task=3 label=44 result=88110755 live=0
SLIME_CLOCK served task=2 label=44 result=88121872 live=0
SLIME_CLOCK served task=3 label=44 result=88133591 live=0
SLIME_CLOCK served task=2 label=44 result=88144753 live=0
SLIME_CLOCK served task=3 label=44 result=88156965 live=0
SLIME_CLOCK served task=2 label=44 result=88168576 live=0
SLIME_CLOCK served task=3 label=44 result=88180212 live=0
SLIME_CLOCK served task=2 label=44 result=88192789 live=0
SLIME_CLOCK served task=3 label=44 result=88204638 live=0
SLIME_CLOCK served task=2 label=44 result=88215567 live=0
SLIME_CLOCK served task=3 label=44 result=88227723 live=0
SLIME_CLOCK served task=2 label=44 result=88238817 live=0
SLIME_CLOCK served task=3 label=44 result=88250612 live=0
SLIME_CLOCK served task=2 label=44 result=88261849 live=0
SLIME_CLOCK served task=3 label=44 result=88273603 live=0
SLIME_CLOCK served task=2 label=44 result=88285057 live=0
SLIME_CLOCK served task=3 label=44 result=88296887 live=0
SLIME_CLOCK served task=2 label=44 result=88307936 live=0
SLIME_CLOCK served task=3 label=44 result=88321231 live=0
SLIME_CLOCK served task=2 label=44 result=88332380 live=0
SLIME_CLOCK served task=3 label=44 result=88344005 live=0
SLIME_CLOCK served task=2 label=44 result=88355791 live=0
SLIME_CLOCK served task=3 label=44 result=88370072 live=0
SLIME_CLOCK served task=2 label=44 result=88380854 live=0
SLIME_CLOCK served task=3 label=44 result=88391375 live=0
SLIME_CLOCK served task=2 label=44 result=88402352 live=0
SLIME_CLOCK served task=3 label=44 result=88417471 live=0
SLIME_CLOCK served task=2 label=44 result=88432083 live=0
SLIME_CLOCK served task=3 label=44 result=88455286 live=0
SLIME_CLOCK served task=2 label=44 result=88472169 live=0
SLIME_CLOCK served task=3 label=44 result=88487179 live=0
SLIME_CLOCK served task=2 label=44 result=88499074 live=0
SLIME_CLOCK served task=3 label=44 result=88511000 live=0
SLIME_CLOCK served task=2 label=44 result=88524572 live=0
SLIME_CLOCK served task=3 label=44 result=88536725 live=0
SLIME_CLOCK served task=2 label=44 result=88547326 live=0
SLIME_CLOCK served task=3 label=44 result=88558578 live=0
SLIME_CLOCK served task=2 label=44 result=88569106 live=0
SLIME_CLOCK served task=3 label=44 result=88582052 live=0
SLIME_CLOCK served task=2 label=44 result=88592637 live=0
SLIME_CLOCK served task=3 label=44 result=88604248 live=0
SLIME_CLOCK served task=2 label=44 result=88614837 live=0
SLIME_CLOCK served task=3 label=44 result=88626089 live=0
SLIME_CLOCK served task=2 label=44 result=88636673 live=0
SLIME_CLOCK served task=3 label=44 result=88647973 live=0
SLIME_CLOCK served task=2 label=44 result=88658920 live=0
SLIME_CLOCK served task=3 label=44 result=88670240 live=0
SLIME_CLOCK served task=2 label=44 result=88680908 live=0
SLIME_CLOCK served task=3 label=44 result=88692373 live=0
SLIME_CLOCK served task=2 label=44 result=88704043 live=0
SLIME_CLOCK served task=3 label=44 result=88715424 live=0
SLIME_CLOCK served task=2 label=44 result=88726350 live=0
SLIME_CLOCK served task=3 label=44 result=88737458 live=0
SLIME_CLOCK served task=2 label=44 result=88747955 live=0
SLIME_CLOCK served task=3 label=44 result=88759165 live=0
SLIME_CLOCK served task=2 label=44 result=88769574 live=0
SLIME_CLOCK served task=3 label=44 result=88780722 live=0
SLIME_CLOCK served task=2 label=44 result=88791346 live=0
SLIME_CLOCK served task=3 label=44 result=88802452 live=0
SLIME_CLOCK served task=2 label=44 result=88813008 live=0
SLIME_CLOCK served task=3 label=44 result=88824246 live=0
SLIME_CLOCK served task=2 label=44 result=88834898 live=0
SLIME_CLOCK served task=3 label=44 result=88846297 live=0
SLIME_CLOCK served task=2 label=44 result=88856908 live=0
SLIME_CLOCK served task=3 label=44 result=88869658 live=0
SLIME_CLOCK served task=2 label=44 result=88884460 live=0
SLIME_CLOCK served task=3 label=44 result=88902268 live=0
SLIME_CLOCK served task=2 label=44 result=88918519 live=0
SLIME_CLOCK served task=3 label=44 result=88934145 live=0
SLIME_CLOCK served task=2 label=44 result=88949903 live=0
SLIME_CLOCK served task=3 label=44 result=88971408 live=0
SLIME_CLOCK served task=2 label=44 result=88983138 live=0
SLIME_CLOCK served task=3 label=44 result=88996177 live=0
SLIME_CLOCK served task=2 label=44 result=89008440 live=0
SLIME_CLOCK served task=3 label=44 result=89021853 live=0
SLIME_CLOCK served task=2 label=44 result=89034442 live=0
SLIME_CLOCK served task=3 label=44 result=89047551 live=0
SLIME_CLOCK served task=2 label=44 result=89059488 live=0
SLIME_CLOCK served task=3 label=44 result=89072684 live=0
SLIME_CLOCK served task=2 label=44 result=89086562 live=0
SLIME_CLOCK served task=3 label=44 result=89099462 live=0
SLIME_CLOCK served task=2 label=44 result=89111868 live=0
SLIME_CLOCK served task=3 label=44 result=89124904 live=0
SLIME_CLOCK served task=2 label=44 result=89137461 live=0
SLIME_CLOCK served task=3 label=44 result=89150807 live=0
SLIME_CLOCK served task=2 label=44 result=89163157 live=0
SLIME_CLOCK served task=3 label=44 result=89176011 live=0
SLIME_CLOCK served task=2 label=44 result=89187838 live=0
SLIME_CLOCK served task=3 label=44 result=89200834 live=0
SLIME_CLOCK served task=2 label=44 result=89214294 live=0
SLIME_CLOCK served task=3 label=44 result=89227508 live=0
SLIME_CLOCK served task=2 label=44 result=89239556 live=0
SLIME_CLOCK served task=3 label=44 result=89252516 live=0
SLIME_CLOCK served task=2 label=44 result=89264947 live=0
SLIME_CLOCK served task=3 label=44 result=89277651 live=0
SLIME_CLOCK served task=2 label=44 result=89290507 live=0
SLIME_CLOCK served task=3 label=44 result=89303488 live=0
SLIME_CLOCK served task=2 label=44 result=89315982 live=0
SLIME_CLOCK served task=3 label=44 result=89329049 live=0
SLIME_CLOCK served task=2 label=44 result=89342244 live=0
SLIME_CLOCK served task=3 label=44 result=89355678 live=0
SLIME_CLOCK served task=2 label=44 result=89367477 live=0
SLIME_CLOCK served task=3 label=44 result=89380452 live=0
SLIME_CLOCK served task=2 label=44 result=89394782 live=0
SLIME_CLOCK served task=3 label=44 result=89405355 live=0
SLIME_CLOCK served task=2 label=44 result=89415717 live=0
SLIME_CLOCK served task=3 label=44 result=89429381 live=0
SLIME_CLOCK served task=2 label=44 result=89444071 live=0
SLIME_CLOCK served task=3 label=44 result=89463359 live=0
SLIME_CLOCK served task=2 label=44 result=89480950 live=0
SLIME_CLOCK served task=3 label=44 result=89498368 live=0
SLIME_CLOCK served task=2 label=44 result=89510417 live=0
SLIME_CLOCK served task=3 label=44 result=89525238 live=0
SLIME_CLOCK served task=2 label=44 result=89537315 live=0
SLIME_CLOCK served task=3 label=44 result=89549482 live=0
SLIME_CLOCK served task=2 label=44 result=89561432 live=0
SLIME_CLOCK served task=3 label=44 result=89573584 live=0
SLIME_CLOCK served task=2 label=44 result=89586201 live=0
SLIME_CLOCK served task=3 label=44 result=89598185 live=0
SLIME_CLOCK served task=2 label=44 result=89608807 live=0
SLIME_CLOCK served task=3 label=44 result=89620168 live=0
SLIME_CLOCK served task=2 label=44 result=89630972 live=0
SLIME_CLOCK served task=3 label=44 result=89642094 live=0
SLIME_CLOCK served task=2 label=44 result=89652689 live=0
SLIME_CLOCK served task=3 label=44 result=89664503 live=0
SLIME_CLOCK served task=2 label=44 result=89675101 live=0
SLIME_CLOCK served task=3 label=44 result=89686300 live=0
SLIME_CLOCK served task=2 label=44 result=89696916 live=0
SLIME_CLOCK served task=3 label=44 result=89708155 live=0
SLIME_CLOCK served task=2 label=44 result=89719881 live=0
SLIME_CLOCK served task=3 label=44 result=89731051 live=0
SLIME_CLOCK served task=2 label=44 result=89741666 live=0
SLIME_CLOCK served task=3 label=44 result=89752815 live=0
SLIME_CLOCK served task=2 label=44 result=89763736 live=0
SLIME_CLOCK served task=3 label=44 result=89775003 live=0
SLIME_CLOCK served task=2 label=44 result=89785492 live=0
SLIME_CLOCK served task=3 label=44 result=89796777 live=0
SLIME_CLOCK served task=2 label=44 result=89807388 live=0
SLIME_CLOCK served task=3 label=44 result=89818760 live=0
SLIME_CLOCK served task=2 label=44 result=89829253 live=0
SLIME_CLOCK served task=3 label=44 result=89841690 live=0
SLIME_CLOCK served task=2 label=44 result=89852941 live=0
SLIME_CLOCK served task=3 label=44 result=89864250 live=0
SLIME_CLOCK served task=2 label=44 result=89874827 live=0
SLIME_CLOCK served task=3 label=44 result=89886448 live=0
SLIME_CLOCK served task=2 label=44 result=89901340 live=0
SLIME_CLOCK served task=3 label=44 result=89917023 live=0
SLIME_CLOCK served task=2 label=44 result=89931759 live=0
SLIME_CLOCK served task=3 label=44 result=89946973 live=0
SLIME_CLOCK served task=2 label=44 result=89961505 live=0
SLIME_CLOCK served task=3 label=44 result=89996941 live=0
SLIME_CLOCK served task=2 label=44 result=90014144 live=0
SLIME_CLOCK served task=3 label=44 result=90031703 live=0
SLIME_CLOCK served task=2 label=44 result=90048631 live=0
SLIME_CLOCK served task=3 label=44 result=90065481 live=0
SLIME_CLOCK served task=2 label=44 result=90082074 live=0
SLIME_CLOCK served task=3 label=44 result=90101074 live=0
SLIME_CLOCK served task=2 label=44 result=90117372 live=0
SLIME_CLOCK served task=3 label=44 result=90134662 live=0
SLIME_CLOCK served task=2 label=44 result=90151142 live=0
SLIME_CLOCK served task=3 label=44 result=90168721 live=0
SLIME_CLOCK served task=2 label=44 result=90185421 live=0
SLIME_CLOCK served task=3 label=44 result=90202700 live=0
SLIME_CLOCK served task=2 label=44 result=90221103 live=0
SLIME_CLOCK served task=3 label=44 result=90238599 live=0
SLIME_CLOCK served task=2 label=44 result=90255465 live=0
SLIME_CLOCK served task=3 label=44 result=90272970 live=0
SLIME_CLOCK served task=2 label=44 result=90289773 live=0
SLIME_CLOCK served task=3 label=44 result=90307212 live=0
SLIME_CLOCK served task=2 label=44 result=90323603 live=0
SLIME_CLOCK served task=3 label=44 result=90340877 live=0
SLIME_CLOCK served task=2 label=44 result=90359299 live=0
SLIME_CLOCK served task=3 label=44 result=90376473 live=0
SLIME_CLOCK served task=2 label=44 result=90392781 live=0
SLIME_CLOCK served task=3 label=44 result=90410438 live=0
SLIME_CLOCK served task=2 label=44 result=90426917 live=0
SLIME_CLOCK served task=3 label=44 result=90438476 live=0
SLIME_CLOCK served task=2 label=44 result=90452731 live=0
SLIME_CLOCK served task=3 label=44 result=90470873 live=0
SLIME_CLOCK served task=2 label=44 result=90510317 live=0
SLIME_CLOCK served task=3 label=44 result=90527770 live=0
SLIME_CLOCK served task=2 label=44 result=90542048 live=0
SLIME_CLOCK served task=3 label=44 result=90553123 live=0
SLIME_CLOCK served task=2 label=44 result=90564327 live=0
SLIME_CLOCK served task=3 label=44 result=90575454 live=0
SLIME_CLOCK served task=2 label=44 result=90586038 live=0
SLIME_CLOCK served task=3 label=44 result=90598385 live=0
SLIME_CLOCK served task=2 label=44 result=90608901 live=0
SLIME_CLOCK served task=3 label=44 result=90620053 live=0
SLIME_CLOCK served task=2 label=44 result=90630898 live=0
SLIME_CLOCK served task=3 label=44 result=90642253 live=0
SLIME_CLOCK served task=2 label=44 result=90653209 live=0
SLIME_CLOCK served task=3 label=44 result=90665267 live=0
SLIME_CLOCK served task=2 label=44 result=90676059 live=0
SLIME_CLOCK served task=3 label=44 result=90687281 live=0
SLIME_CLOCK served task=2 label=44 result=90698021 live=0
SLIME_CLOCK served task=3 label=44 result=90709188 live=0
SLIME_CLOCK served task=2 label=44 result=90719722 live=0
SLIME_CLOCK served task=3 label=44 result=90732978 live=0
SLIME_CLOCK served task=2 label=44 result=90743564 live=0
SLIME_CLOCK served task=3 label=44 result=90754917 live=0
SLIME_CLOCK served task=2 label=44 result=90765343 live=0
SLIME_CLOCK served task=3 label=44 result=90776626 live=0
SLIME_CLOCK served task=2 label=44 result=90787287 live=0
SLIME_CLOCK served task=3 label=44 result=90798426 live=0
SLIME_CLOCK served task=2 label=44 result=90808980 live=0
SLIME_CLOCK served task=3 label=44 result=90820023 live=0
SLIME_CLOCK served task=2 label=44 result=90830843 live=0
SLIME_CLOCK served task=3 label=44 result=90842040 live=0
SLIME_CLOCK served task=2 label=44 result=90855069 live=0
SLIME_CLOCK served task=3 label=44 result=90866302 live=0
SLIME_CLOCK served task=2 label=44 result=90877048 live=0
SLIME_CLOCK served task=3 label=44 result=90888135 live=0
SLIME_CLOCK served task=2 label=44 result=90898834 live=0
SLIME_CLOCK served task=3 label=44 result=90912318 live=0
SLIME_CLOCK served task=2 label=44 result=90925419 live=0
SLIME_CLOCK served task=3 label=44 result=90941117 live=0
SLIME_CLOCK served task=2 label=44 result=90956056 live=0
SLIME_CLOCK served task=3 label=44 result=90972146 live=0
SLIME_CLOCK served task=2 label=44 result=91002718 live=0
SLIME_CLOCK served task=3 label=44 result=91020315 live=0
SLIME_CLOCK served task=2 label=44 result=91037226 live=0
SLIME_CLOCK served task=3 label=44 result=91054547 live=0
SLIME_CLOCK served task=2 label=44 result=91071350 live=0
SLIME_CLOCK served task=3 label=44 result=91088745 live=0
SLIME_CLOCK served task=2 label=44 result=91103265 live=0
SLIME_CLOCK served task=3 label=44 result=91121803 live=0
SLIME_CLOCK served task=2 label=44 result=91138127 live=0
SLIME_CLOCK served task=3 label=44 result=91155517 live=0
SLIME_CLOCK served task=2 label=44 result=91172544 live=0
SLIME_CLOCK served task=3 label=44 result=91189954 live=0
SLIME_CLOCK served task=2 label=44 result=91206237 live=0
SLIME_CLOCK served task=3 label=44 result=91223377 live=0
SLIME_CLOCK served task=2 label=44 result=91241816 live=0
SLIME_CLOCK served task=3 label=44 result=91259246 live=0
SLIME_CLOCK served task=2 label=44 result=91275922 live=0
SLIME_CLOCK served task=3 label=44 result=91293211 live=0
SLIME_CLOCK served task=2 label=44 result=91309805 live=0
SLIME_CLOCK served task=3 label=44 result=91327108 live=0
SLIME_CLOCK served task=2 label=44 result=91343869 live=0
SLIME_CLOCK served task=3 label=44 result=91361493 live=0
SLIME_CLOCK served task=2 label=44 result=91379695 live=0
SLIME_CLOCK served task=3 label=44 result=91396968 live=0
SLIME_CLOCK served task=2 label=44 result=91413932 live=0
SLIME_CLOCK served task=3 label=44 result=91431330 live=0
SLIME_CLOCK served task=2 label=44 result=91447711 live=0
SLIME_CLOCK served task=3 label=44 result=91466006 live=0
SLIME_CLOCK served task=2 label=44 result=91480144 live=0
SLIME_CLOCK served task=3 label=44 result=91499129 live=0
SLIME_CLOCK served task=2 label=44 result=91535760 live=0
SLIME_CLOCK served task=3 label=44 result=91552595 live=0
SLIME_CLOCK served task=2 label=44 result=91568087 live=0
SLIME_CLOCK served task=3 label=44 result=91580578 live=0
SLIME_CLOCK served task=2 label=44 result=91593178 live=0
SLIME_CLOCK served task=3 label=44 result=91605266 live=0
SLIME_CLOCK served task=2 label=44 result=91615971 live=0
SLIME_CLOCK served task=3 label=44 result=91628572 live=0
SLIME_CLOCK served task=2 label=44 result=91639081 live=0
SLIME_CLOCK served task=3 label=44 result=91650423 live=0
SLIME_CLOCK served task=2 label=44 result=91661346 live=0
SLIME_CLOCK served task=3 label=44 result=91672523 live=0
SLIME_CLOCK served task=2 label=44 result=91683278 live=0
SLIME_CLOCK served task=3 label=44 result=91694679 live=0
SLIME_CLOCK served task=2 label=44 result=91705816 live=0
SLIME_CLOCK served task=3 label=44 result=91717099 live=0
SLIME_CLOCK served task=2 label=44 result=91728216 live=0
SLIME_CLOCK served task=3 label=44 result=91739513 live=0
SLIME_CLOCK served task=2 label=44 result=91751454 live=0
SLIME_CLOCK served task=3 label=44 result=91762791 live=0
SLIME_CLOCK served task=2 label=44 result=91773467 live=0
SLIME_CLOCK served task=3 label=44 result=91784906 live=0
SLIME_CLOCK served task=2 label=44 result=91795386 live=0
SLIME_CLOCK served task=3 label=44 result=91806675 live=0
SLIME_CLOCK served task=2 label=44 result=91817237 live=0
SLIME_CLOCK served task=3 label=44 result=91828510 live=0
SLIME_CLOCK served task=2 label=44 result=91839193 live=0
SLIME_CLOCK served task=3 label=44 result=91851014 live=0
SLIME_CLOCK served task=2 label=44 result=91861702 live=0
SLIME_CLOCK served task=3 label=44 result=91873697 live=0
SLIME_CLOCK served task=2 label=44 result=91884854 live=0
SLIME_CLOCK served task=3 label=44 result=91896097 live=0
SLIME_CLOCK served task=2 label=44 result=91906872 live=0
SLIME_CLOCK served task=3 label=44 result=91918252 live=0
SLIME_CLOCK served task=2 label=44 result=91928899 live=0
SLIME_CLOCK served task=3 label=44 result=91942923 live=0
SLIME_CLOCK served task=2 label=44 result=91957221 live=0
SLIME_CLOCK served task=3 label=44 result=91973132 live=0
SLIME_CLOCK served task=2 label=44 result=91987818 live=0
SLIME_CLOCK served task=3 label=44 result=92006415 live=0
SLIME_CLOCK served task=2 label=44 result=92023167 live=0
SLIME_CLOCK served task=3 label=44 result=92034835 live=0
SLIME_CLOCK served task=2 label=44 result=92045384 live=0
SLIME_CLOCK served task=3 label=44 result=92056295 live=0
SLIME_CLOCK served task=2 label=44 result=92066860 live=0
SLIME_CLOCK served task=3 label=44 result=92077987 live=0
SLIME_CLOCK served task=2 label=44 result=92088721 live=0
SLIME_CLOCK served task=3 label=44 result=92100817 live=0
SLIME_CLOCK served task=2 label=44 result=92111515 live=0
SLIME_CLOCK served task=3 label=44 result=92122623 live=0
SLIME_CLOCK served task=2 label=44 result=92135628 live=0
SLIME_CLOCK served task=3 label=44 result=92150436 live=0
SLIME_CLOCK served task=2 label=44 result=92165180 live=0
SLIME_CLOCK served task=3 label=44 result=92180491 live=0
SLIME_CLOCK served task=2 label=44 result=92194835 live=0
SLIME_CLOCK served task=3 label=44 result=92209262 live=0
SLIME_CLOCK served task=2 label=44 result=92218729 live=0
SLIME_CLOCK served task=3 label=44 result=92229237 live=0
SLIME_CLOCK served task=2 label=44 result=92238703 live=0
SLIME_CLOCK served task=3 label=44 result=92251364 live=0
SLIME_CLOCK served task=2 label=44 result=92266517 live=0
SLIME_CLOCK served task=3 label=44 result=92281064 live=0
SLIME_CLOCK served task=2 label=44 result=92295131 live=0
SLIME_CLOCK served task=3 label=44 result=92309595 live=0
SLIME_CLOCK served task=2 label=44 result=92323649 live=0
SLIME_CLOCK served task=3 label=44 result=92337986 live=0
SLIME_CLOCK served task=2 label=44 result=92351517 live=0
SLIME_CLOCK served task=3 label=44 result=92365443 live=0
SLIME_CLOCK served task=2 label=44 result=92379039 live=0
SLIME_CLOCK served task=3 label=44 result=92395169 live=0
SLIME_CLOCK served task=2 label=44 result=92409628 live=0
SLIME_CLOCK served task=3 label=44 result=92424435 live=0
SLIME_CLOCK served task=2 label=44 result=92438172 live=0
SLIME_CLOCK served task=3 label=44 result=92452551 live=0
SLIME_CLOCK served task=2 label=44 result=92466383 live=0
SLIME_CLOCK served task=3 label=44 result=92481500 live=0
SLIME_CLOCK served task=2 label=44 result=92495033 live=0
SLIME_CLOCK served task=3 label=44 result=92506542 live=0
SLIME_CLOCK served task=2 label=44 result=92518252 live=0
SLIME_CLOCK served task=3 label=44 result=92529418 live=0
SLIME_CLOCK served task=2 label=44 result=92540715 live=0
SLIME_CLOCK served task=3 label=44 result=92551875 live=0
SLIME_CLOCK served task=2 label=44 result=92562504 live=0
SLIME_CLOCK served task=3 label=44 result=92573699 live=0
SLIME_CLOCK served task=2 label=44 result=92584322 live=0
SLIME_CLOCK served task=3 label=44 result=92596027 live=0
SLIME_CLOCK served task=2 label=44 result=92608262 live=0
SLIME_CLOCK served task=3 label=44 result=92624658 live=0
SLIME_CLOCK served task=2 label=44 result=92645991 live=0
SLIME_CLOCK served task=3 label=44 result=92665107 live=0
SLIME_CLOCK served task=2 label=44 result=92680649 live=0
SLIME_CLOCK served task=3 label=44 result=92696999 live=0
SLIME_CLOCK served task=2 label=44 result=92712064 live=0
SLIME_CLOCK served task=3 label=44 result=92728658 live=0
SLIME_CLOCK served task=2 label=44 result=92743057 live=0
SLIME_CLOCK served task=3 label=44 result=92758210 live=0
SLIME_CLOCK served task=2 label=44 result=92777026 live=0
SLIME_CLOCK served task=3 label=44 result=92793861 live=0
SLIME_CLOCK served task=2 label=44 result=92809370 live=0
SLIME_CLOCK served task=3 label=44 result=92825680 live=0
SLIME_CLOCK served task=2 label=44 result=92841496 live=0
SLIME_CLOCK served task=3 label=44 result=92860920 live=0
SLIME_CLOCK served task=2 label=44 result=92876966 live=0
SLIME_CLOCK served task=3 label=44 result=92894837 live=0
SLIME_CLOCK served task=2 label=44 result=92910991 live=0
SLIME_CLOCK served task=3 label=44 result=92927323 live=0
SLIME_CLOCK served task=2 label=44 result=92942866 live=0
SLIME_CLOCK served task=3 label=44 result=92959742 live=0
SLIME_CLOCK served task=2 label=44 result=92975564 live=0
SLIME_CLOCK served task=3 label=44 result=92993694 live=0
SLIME_CLOCK served task=2 label=44 result=93009452 live=0
SLIME_CLOCK served task=3 label=44 result=93027696 live=0
SLIME_CLOCK served task=2 label=44 result=93043959 live=0
SLIME_CLOCK served task=3 label=44 result=93060424 live=0
SLIME_CLOCK served task=2 label=44 result=93076250 live=0
SLIME_CLOCK served task=3 label=44 result=93092775 live=0
SLIME_CLOCK served task=2 label=44 result=93108772 live=0
SLIME_CLOCK served task=3 label=44 result=93125222 live=0
SLIME_CLOCK served task=2 label=44 result=93142685 live=0
SLIME_CLOCK served task=3 label=44 result=93166521 live=0
SLIME_CLOCK served task=2 label=44 result=93186341 live=0
SLIME_CLOCK served task=3 label=44 result=93207018 live=0
SLIME_CLOCK served task=2 label=44 result=93226099 live=0
SLIME_CLOCK served task=3 label=44 result=93247692 live=0
SLIME_CLOCK served task=2 label=44 result=93267039 live=0
SLIME_CLOCK served task=3 label=44 result=93292934 live=0
SLIME_CLOCK served task=2 label=44 result=93310389 live=0
SLIME_CLOCK served task=3 label=44 result=93328904 live=0
SLIME_CLOCK served task=2 label=44 result=93346636 live=0
SLIME_CLOCK served task=3 label=44 result=93365346 live=0
SLIME_CLOCK served task=2 label=44 result=93382778 live=0
SLIME_CLOCK served task=3 label=44 result=93415657 live=0
SLIME_CLOCK served task=2 label=44 result=93435401 live=0
SLIME_CLOCK served task=3 label=44 result=93454872 live=0
SLIME_CLOCK served task=2 label=44 result=93472651 live=0
SLIME_CLOCK served task=3 label=44 result=93489222 live=0
SLIME_CLOCK served task=2 label=44 result=93504464 live=0
SLIME_CLOCK served task=3 label=44 result=93520575 live=0
SLIME_CLOCK served task=2 label=44 result=93535806 live=0
SLIME_CLOCK served task=3 label=44 result=93556684 live=0
SLIME_CLOCK served task=2 label=44 result=93571887 live=0
SLIME_CLOCK served task=3 label=44 result=93589860 live=0
SLIME_CLOCK served task=2 label=44 result=93605670 live=0
SLIME_CLOCK served task=3 label=44 result=93621779 live=0
SLIME_CLOCK served task=2 label=44 result=93636893 live=0
SLIME_CLOCK served task=3 label=44 result=93653130 live=0
SLIME_CLOCK served task=2 label=44 result=93670526 live=0
SLIME_CLOCK served task=3 label=44 result=93686557 live=0
SLIME_CLOCK served task=2 label=44 result=93701549 live=0
SLIME_CLOCK served task=3 label=44 result=93718046 live=0
SLIME_CLOCK served task=2 label=44 result=93736030 live=0
SLIME_CLOCK served task=3 label=44 result=93755307 live=0
SLIME_CLOCK served task=2 label=44 result=93772283 live=0
SLIME_CLOCK served task=3 label=44 result=93789003 live=0
SLIME_CLOCK served task=2 label=44 result=93824206 live=0
SLIME_CLOCK served task=3 label=44 result=93843165 live=0
SLIME_CLOCK served task=2 label=44 result=93860089 live=0
SLIME_CLOCK served task=3 label=44 result=93873804 live=0
SLIME_CLOCK served task=2 label=44 result=93885399 live=0
SLIME_CLOCK served task=3 label=44 result=93897665 live=0
SLIME_CLOCK served task=2 label=44 result=93909587 live=0
SLIME_CLOCK served task=3 label=44 result=93923473 live=0
SLIME_CLOCK served task=2 label=44 result=93935245 live=0
SLIME_CLOCK served task=3 label=44 result=93947608 live=0
SLIME_CLOCK served task=2 label=44 result=93958326 live=0
SLIME_CLOCK served task=3 label=44 result=93969672 live=0
SLIME_CLOCK served task=2 label=44 result=93981032 live=0
SLIME_CLOCK served task=3 label=44 result=93992252 live=0
SLIME_CLOCK served task=2 label=44 result=94002804 live=0
SLIME_CLOCK served task=3 label=44 result=94013951 live=0
SLIME_CLOCK served task=2 label=44 result=94024545 live=0
SLIME_CLOCK served task=3 label=44 result=94036774 live=0
SLIME_CLOCK served task=2 label=44 result=94049478 live=0
SLIME_CLOCK served task=3 label=44 result=94060907 live=0
SLIME_CLOCK served task=2 label=44 result=94071548 live=0
SLIME_CLOCK served task=3 label=44 result=94082767 live=0
SLIME_CLOCK served task=2 label=44 result=94093416 live=0
SLIME_CLOCK served task=3 label=44 result=94105003 live=0
SLIME_CLOCK served task=2 label=44 result=94115589 live=0
SLIME_CLOCK served task=3 label=44 result=94127272 live=0
SLIME_CLOCK served task=2 label=44 result=94137838 live=0
SLIME_CLOCK served task=3 label=44 result=94149144 live=0
SLIME_CLOCK served task=2 label=44 result=94159963 live=0
SLIME_CLOCK served task=3 label=44 result=94171024 live=0
SLIME_CLOCK served task=2 label=44 result=94182786 live=0
SLIME_CLOCK served task=3 label=44 result=94193972 live=0
SLIME_CLOCK served task=2 label=44 result=94204596 live=0
SLIME_CLOCK served task=3 label=44 result=94215770 live=0
SLIME_CLOCK served task=2 label=44 result=94226593 live=0
SLIME_CLOCK served task=3 label=44 result=94237762 live=0
SLIME_CLOCK served task=2 label=44 result=94248365 live=0
SLIME_CLOCK served task=3 label=44 result=94259597 live=0
SLIME_CLOCK served task=2 label=44 result=94274261 live=0
SLIME_CLOCK served task=3 label=44 result=94289862 live=0
SLIME_CLOCK served task=2 label=44 result=94309320 live=0
SLIME_CLOCK served task=3 label=44 result=94349023 live=0
SLIME_CLOCK served task=2 label=44 result=94362117 live=0
SLIME_CLOCK served task=3 label=44 result=94373527 live=0
SLIME_CLOCK served task=2 label=44 result=94384434 live=0
SLIME_CLOCK served task=3 label=44 result=94396013 live=0
SLIME_CLOCK served task=2 label=44 result=94406901 live=0
SLIME_CLOCK served task=3 label=44 result=94419262 live=0
SLIME_CLOCK served task=2 label=44 result=94432094 live=0
SLIME_CLOCK served task=3 label=44 result=94443783 live=0
SLIME_CLOCK served task=2 label=44 result=94454771 live=0
SLIME_CLOCK served task=3 label=44 result=94466592 live=0
SLIME_CLOCK served task=2 label=44 result=94478139 live=0
SLIME_CLOCK served task=3 label=44 result=94489814 live=0
SLIME_CLOCK served task=2 label=44 result=94500917 live=0
SLIME_CLOCK served task=3 label=44 result=94512739 live=0
SLIME_CLOCK served task=2 label=44 result=94523869 live=0
SLIME_CLOCK served task=3 label=44 result=94535891 live=0
SLIME_CLOCK served task=2 label=44 result=94547173 live=0
SLIME_CLOCK served task=3 label=44 result=94560089 live=0
SLIME_CLOCK served task=2 label=44 result=94571269 live=0
SLIME_CLOCK served task=3 label=44 result=94582938 live=0
SLIME_CLOCK served task=2 label=44 result=94594317 live=0
SLIME_CLOCK served task=3 label=44 result=94606503 live=0
SLIME_CLOCK served task=2 label=44 result=94617611 live=0
SLIME_CLOCK served task=3 label=44 result=94629168 live=0
SLIME_CLOCK served task=2 label=44 result=94640466 live=0
SLIME_CLOCK served task=3 label=44 result=94651859 live=0
SLIME_CLOCK served task=2 label=44 result=94663115 live=0
SLIME_CLOCK served task=3 label=44 result=94674922 live=0
SLIME_CLOCK served task=2 label=44 result=94690659 live=0
SLIME_CLOCK served task=3 label=44 result=94705963 live=0
SLIME_CLOCK served task=2 label=44 result=94720866 live=0
SLIME_CLOCK served task=3 label=44 result=94735564 live=0
SLIME_CLOCK served task=2 label=44 result=94749367 live=0
SLIME_CLOCK served task=3 label=44 result=94764119 live=0
SLIME_CLOCK served task=2 label=44 result=94780851 live=0
SLIME_CLOCK served task=3 label=44 result=94796508 live=0
SLIME_CLOCK served task=2 label=44 result=94813188 live=0
SLIME_CLOCK served task=2 label=44 result=94856594 live=0
SLIME_CLOCK served task=3 label=44 result=94873174 live=0
SLIME_CLOCK served task=2 label=44 result=94889741 live=0
SLIME_CLOCK served task=3 label=44 result=94906885 live=0
SLIME_CLOCK served task=2 label=44 result=94923639 live=0
SLIME_CLOCK served task=3 label=44 result=94943480 live=0
SLIME_CLOCK served task=2 label=44 result=94954995 live=0
SLIME_CLOCK served task=3 label=44 result=94966727 live=0
SLIME_CLOCK served task=2 label=44 result=94980169 live=0
SLIME_CLOCK served task=3 label=44 result=94991868 live=0
SLIME_CLOCK served task=2 label=44 result=95002523 live=0
SLIME_CLOCK served task=3 label=44 result=95013678 live=0
SLIME_CLOCK served task=2 label=44 result=95024291 live=0
SLIME_CLOCK served task=3 label=44 result=95035990 live=0
SLIME_CLOCK served task=2 label=44 result=95046603 live=0
SLIME_CLOCK served task=3 label=44 result=95057948 live=0
SLIME_CLOCK served task=2 label=44 result=95069933 live=0
SLIME_CLOCK served task=3 label=44 result=95081098 live=0
SLIME_CLOCK served task=2 label=44 result=95091563 live=0
SLIME_CLOCK served task=3 label=44 result=95102832 live=0
SLIME_CLOCK served task=2 label=44 result=95113343 live=0
SLIME_CLOCK served task=3 label=44 result=95124331 live=0
SLIME_CLOCK served task=2 label=44 result=95134779 live=0
SLIME_CLOCK served task=3 label=44 result=95145894 live=0
SLIME_CLOCK served task=2 label=44 result=95156425 live=0
SLIME_CLOCK served task=3 label=44 result=95167714 live=0
SLIME_CLOCK served task=2 label=44 result=95178221 live=0
SLIME_CLOCK served task=3 label=44 result=95189239 live=0
SLIME_CLOCK served task=2 label=44 result=95201062 live=0
SLIME_CLOCK served task=3 label=44 result=95212332 live=0
SLIME_CLOCK served task=2 label=44 result=95223062 live=0
SLIME_CLOCK served task=3 label=44 result=95234308 live=0
SLIME_CLOCK served task=2 label=44 result=95244657 live=0
SLIME_CLOCK served task=3 label=44 result=95255677 live=0
SLIME_CLOCK served task=2 label=44 result=95266343 live=0
SLIME_CLOCK served task=3 label=44 result=95277606 live=0
SLIME_CLOCK served task=2 label=44 result=95291801 live=0
SLIME_CLOCK served task=3 label=44 result=95309308 live=0
SLIME_CLOCK served task=2 label=44 result=95328514 live=0
SLIME_CLOCK served task=3 label=44 result=95345231 live=0
SLIME_CLOCK served task=2 label=44 result=95360783 live=0
SLIME_CLOCK served task=3 label=44 result=95377162 live=0
SLIME_CLOCK served task=2 label=44 result=95392633 live=0
SLIME_CLOCK served task=3 label=44 result=95409004 live=0
SLIME_CLOCK served task=2 label=44 result=95423430 live=0
SLIME_CLOCK served task=3 label=44 result=95438604 live=0
SLIME_CLOCK served task=2 label=44 result=95456915 live=0
SLIME_CLOCK served task=3 label=44 result=95473661 live=0
SLIME_CLOCK served task=2 label=44 result=95489066 live=0
SLIME_CLOCK served task=3 label=44 result=95505927 live=0
SLIME_CLOCK served task=2 label=44 result=95523554 live=0
SLIME_CLOCK served task=3 label=44 result=95541441 live=0
SLIME_CLOCK served task=2 label=44 result=95557194 live=0
SLIME_CLOCK served task=3 label=44 result=95575614 live=0
SLIME_CLOCK served task=2 label=44 result=95592484 live=0
SLIME_CLOCK served task=3 label=44 result=95610559 live=0
SLIME_CLOCK served task=2 label=44 result=95627297 live=0
SLIME_CLOCK served task=3 label=44 result=95645045 live=0
SLIME_CLOCK served task=2 label=44 result=95662289 live=0
SLIME_CLOCK served task=3 label=44 result=95680115 live=0
SLIME_CLOCK served task=2 label=44 result=95696136 live=0
SLIME_CLOCK served task=3 label=44 result=95714641 live=0
SLIME_CLOCK served task=2 label=44 result=95730414 live=0
SLIME_CLOCK served task=3 label=44 result=95747016 live=0
SLIME_CLOCK served task=2 label=44 result=95762651 live=0
SLIME_CLOCK served task=3 label=44 result=95779218 live=0
SLIME_CLOCK served task=2 label=44 result=95796220 live=0
SLIME_CLOCK served task=3 label=44 result=95815729 live=0
SLIME_CLOCK served task=2 label=44 result=95835753 live=0
SLIME_CLOCK served task=3 label=44 result=95852797 live=0
SLIME_CLOCK served task=2 label=44 result=95867521 live=0
SLIME_CLOCK served task=3 label=44 result=95882901 live=0
SLIME_CLOCK served task=2 label=44 result=95899250 live=0
SLIME_CLOCK served task=3 label=44 result=95917253 live=0
SLIME_CLOCK served task=2 label=44 result=95933911 live=0
SLIME_CLOCK served task=3 label=44 result=95951610 live=0
SLIME_CLOCK served task=2 label=44 result=95971876 live=0
SLIME_CLOCK served task=3 label=44 result=95985974 live=0
SLIME_CLOCK served task=2 label=44 result=95996768 live=0
SLIME_CLOCK served task=3 label=44 result=96008130 live=0
SLIME_CLOCK served task=2 label=44 result=96018686 live=0
SLIME_CLOCK served task=3 label=44 result=96030113 live=0
SLIME_CLOCK served task=2 label=44 result=96041139 live=0
SLIME_CLOCK served task=3 label=44 result=96052511 live=0
SLIME_CLOCK served task=2 label=44 result=96063049 live=0
SLIME_CLOCK served task=3 label=44 result=96074290 live=0
SLIME_CLOCK served task=2 label=44 result=96086130 live=0
SLIME_CLOCK served task=3 label=44 result=96097593 live=0
SLIME_CLOCK served task=2 label=44 result=96108369 live=0
SLIME_CLOCK served task=3 label=44 result=96119491 live=0
SLIME_CLOCK served task=2 label=44 result=96130113 live=0
SLIME_CLOCK served task=3 label=44 result=96141544 live=0
SLIME_CLOCK served task=2 label=44 result=96152265 live=0
SLIME_CLOCK served task=3 label=44 result=96163881 live=0
SLIME_CLOCK served task=2 label=44 result=96174572 live=0
SLIME_CLOCK served task=3 label=44 result=96185704 live=0
SLIME_CLOCK served task=2 label=44 result=96196449 live=0
SLIME_CLOCK served task=3 label=44 result=96208688 live=0
SLIME_CLOCK served task=2 label=44 result=96219595 live=0
SLIME_CLOCK served task=3 label=44 result=96231471 live=0
SLIME_CLOCK served task=2 label=44 result=96242094 live=0
SLIME_CLOCK served task=3 label=44 result=96253245 live=0
SLIME_CLOCK served task=2 label=44 result=96263997 live=0
SLIME_CLOCK served task=3 label=44 result=96275146 live=0
SLIME_CLOCK served task=2 label=44 result=96285986 live=0
SLIME_CLOCK served task=3 label=44 result=96297021 live=0
SLIME_CLOCK served task=2 label=44 result=96307599 live=0
SLIME_CLOCK served task=3 label=44 result=96321898 live=0
SLIME_CLOCK served task=2 label=44 result=96340068 live=0
SLIME_CLOCK served task=3 label=44 result=96358118 live=0
SLIME_CLOCK served task=2 label=44 result=96372650 live=0
SLIME_CLOCK served task=3 label=44 result=96388123 live=0
SLIME_CLOCK served task=2 label=44 result=96402796 live=0
SLIME_CLOCK served task=3 label=44 result=96418594 live=0
SLIME_CLOCK served task=2 label=44 result=96433310 live=0
SLIME_CLOCK served task=3 label=44 result=96447723 live=0
SLIME_CLOCK served task=2 label=44 result=96457253 live=0
SLIME_CLOCK served task=3 label=44 result=96471499 live=0
SLIME_CLOCK served task=2 label=44 result=96482183 live=0
SLIME_CLOCK served task=3 label=44 result=96493475 live=0
SLIME_CLOCK served task=2 label=44 result=96504132 live=0
SLIME_CLOCK served task=3 label=44 result=96515343 live=0
SLIME_CLOCK served task=2 label=44 result=96525871 live=0
SLIME_CLOCK served task=3 label=44 result=96537211 live=0
SLIME_CLOCK served task=2 label=44 result=96547919 live=0
SLIME_CLOCK served task=3 label=44 result=96559332 live=0
SLIME_CLOCK served task=2 label=44 result=96569895 live=0
SLIME_CLOCK served task=3 label=44 result=96581130 live=0
SLIME_CLOCK served task=2 label=44 result=96592674 live=0
SLIME_CLOCK served task=3 label=44 result=96604215 live=0
SLIME_CLOCK served task=2 label=44 result=96614727 live=0
SLIME_CLOCK served task=3 label=44 result=96625900 live=0
SLIME_CLOCK served task=2 label=44 result=96636718 live=0
SLIME_CLOCK served task=3 label=44 result=96647739 live=0
SLIME_CLOCK served task=2 label=44 result=96658563 live=0
SLIME_CLOCK served task=3 label=44 result=96669877 live=0
SLIME_CLOCK served task=2 label=44 result=96680706 live=0
SLIME_CLOCK served task=3 label=44 result=96693684 live=0
SLIME_CLOCK served task=2 label=44 result=96705314 live=0
SLIME_CLOCK served task=3 label=44 result=96717416 live=0
SLIME_CLOCK served task=2 label=44 result=96729478 live=0
SLIME_CLOCK served task=3 label=44 result=96741089 live=0
SLIME_CLOCK served task=2 label=44 result=96751691 live=0
SLIME_CLOCK served task=3 label=44 result=96763051 live=0
SLIME_CLOCK served task=2 label=44 result=96773648 live=0
SLIME_CLOCK served task=3 label=44 result=96785547 live=0
SLIME_CLOCK served task=2 label=44 result=96796149 live=0
SLIME_CLOCK served task=3 label=44 result=96807410 live=0
SLIME_CLOCK served task=2 label=44 result=96818049 live=0
SLIME_CLOCK served task=3 label=44 result=96833015 live=0
SLIME_CLOCK served task=2 label=44 result=96850974 live=0
SLIME_CLOCK served task=3 label=44 result=96866813 live=0
SLIME_CLOCK served task=2 label=44 result=96881333 live=0
SLIME_CLOCK served task=3 label=44 result=96897199 live=0
SLIME_CLOCK served task=2 label=44 result=96912251 live=0
SLIME_CLOCK served task=3 label=44 result=96927939 live=0
SLIME_CLOCK served task=2 label=44 result=96941182 live=0
SLIME_CLOCK served task=3 label=44 result=96951222 live=0
SLIME_CLOCK served task=2 label=44 result=96960660 live=0
SLIME_CLOCK served task=3 label=44 result=96973401 live=0
SLIME_CLOCK served task=2 label=44 result=96984775 live=0
SLIME_CLOCK served task=3 label=44 result=96996618 live=0
SLIME_CLOCK served task=2 label=44 result=97007715 live=0
SLIME_CLOCK served task=3 label=44 result=97019463 live=0
SLIME_CLOCK served task=2 label=44 result=97030634 live=0
SLIME_CLOCK served task=3 label=44 result=97045186 live=0
SLIME_CLOCK served task=2 label=44 result=97056722 live=0
SLIME_CLOCK served task=3 label=44 result=97068086 live=0
SLIME_CLOCK served task=2 label=44 result=97079431 live=0
SLIME_CLOCK served task=3 label=44 result=97091316 live=0
SLIME_CLOCK served task=2 label=44 result=97104863 live=0
SLIME_CLOCK served task=3 label=44 result=97116742 live=0
SLIME_CLOCK served task=2 label=44 result=97127857 live=0
SLIME_CLOCK served task=3 label=44 result=97139665 live=0
SLIME_CLOCK served task=2 label=44 result=97151104 live=0
SLIME_CLOCK served task=3 label=44 result=97163285 live=0
SLIME_CLOCK served task=2 label=44 result=97174393 live=0
SLIME_CLOCK served task=3 label=44 result=97186096 live=0
SLIME_CLOCK served task=2 label=44 result=97197234 live=0
SLIME_CLOCK served task=3 label=44 result=97208787 live=0
SLIME_CLOCK served task=2 label=44 result=97221895 live=0
SLIME_CLOCK served task=3 label=44 result=97233884 live=0
SLIME_CLOCK served task=2 label=44 result=97245081 live=0
SLIME_CLOCK served task=3 label=44 result=97256711 live=0
SLIME_CLOCK served task=2 label=44 result=97267878 live=0
SLIME_CLOCK served task=3 label=44 result=97279538 live=0
SLIME_CLOCK served task=2 label=44 result=97290968 live=0
SLIME_CLOCK served task=3 label=44 result=97302732 live=0
SLIME_CLOCK served task=2 label=44 result=97314034 live=0
SLIME_CLOCK served task=3 label=44 result=97325687 live=0
SLIME_CLOCK served task=2 label=44 result=97336988 live=0
SLIME_CLOCK served task=3 label=44 result=97354166 live=0
SLIME_CLOCK served task=2 label=44 result=97368620 live=0
SLIME_CLOCK served task=3 label=44 result=97383229 live=0
SLIME_CLOCK served task=2 label=44 result=97397623 live=0
SLIME_CLOCK served task=3 label=44 result=97413219 live=0
SLIME_CLOCK served task=2 label=44 result=97427829 live=0
SLIME_CLOCK served task=3 label=44 result=97443357 live=0
SLIME_CLOCK served task=2 label=44 result=97458092 live=0
SLIME_CLOCK served task=3 label=44 result=97475743 live=0
SLIME_CLOCK served task=2 label=44 result=97489388 live=0
SLIME_CLOCK served task=3 label=44 result=97499585 live=0
SLIME_CLOCK served task=2 label=44 result=97509032 live=0
SLIME_CLOCK served task=3 label=44 result=97519042 live=0
SLIME_CLOCK served task=2 label=44 result=97528487 live=0
SLIME_CLOCK served task=3 label=44 result=97538798 live=0
SLIME_CLOCK served task=2 label=44 result=97548225 live=0
SLIME_CLOCK served task=3 label=44 result=97558216 live=0
SLIME_CLOCK served task=2 label=44 result=97567631 live=0
SLIME_CLOCK served task=3 label=44 result=97577641 live=0
SLIME_CLOCK served task=2 label=44 result=97587063 live=0
SLIME_CLOCK served task=3 label=44 result=97597304 live=0
SLIME_CLOCK served task=2 label=44 result=97610020 live=0
SLIME_CLOCK served task=3 label=44 result=97621662 live=0
SLIME_CLOCK served task=2 label=44 result=97633007 live=0
SLIME_CLOCK served task=3 label=44 result=97644598 live=0
SLIME_CLOCK served task=2 label=44 result=97655743 live=0
SLIME_CLOCK served task=3 label=44 result=97667460 live=0
SLIME_CLOCK served task=2 label=44 result=97678477 live=0
SLIME_CLOCK served task=3 label=44 result=97690129 live=0
SLIME_CLOCK served task=2 label=44 result=97701083 live=0
SLIME_CLOCK served task=3 label=44 result=97712746 live=0
SLIME_CLOCK served task=2 label=44 result=97723936 live=0
SLIME_CLOCK served task=3 label=44 result=97736631 live=0
SLIME_CLOCK served task=2 label=44 result=97747966 live=0
SLIME_CLOCK served task=3 label=44 result=97759499 live=0
SLIME_CLOCK served task=2 label=44 result=97770670 live=0
SLIME_CLOCK served task=3 label=44 result=97782376 live=0
SLIME_CLOCK served task=2 label=44 result=97794012 live=0
SLIME_CLOCK served task=3 label=44 result=97805618 live=0
SLIME_CLOCK served task=2 label=44 result=97816623 live=0
SLIME_CLOCK served task=3 label=44 result=97828328 live=0
SLIME_CLOCK served task=2 label=44 result=97839342 live=0
SLIME_CLOCK served task=3 label=44 result=97853536 live=0
SLIME_CLOCK served task=2 label=44 result=97869507 live=0
SLIME_CLOCK served task=3 label=44 result=97898971 live=0
SLIME_CLOCK served task=3 label=44 result=97918101 live=0
SLIME_CLOCK served task=2 label=44 result=97932678 live=0
SLIME_IO payload dma pages=1 frames=1 writable=true direction=DeviceWrite
SLIME_IO payload frame index=0 slot=2116 paddr=Some(1615388672)
SLIME_IO payload dma pages=1 frames=1 writable=true direction=DeviceRead
SLIME_IO payload frame index=0 slot=2124 paddr=Some(1615421440)
SLIME_CLOCK served task=3 label=44 result=98019111 live=0
SLIME_CLOCK served task=3 label=44 result=98036334 live=0
SLIME_CLOCK served task=2 label=44 result=98053190 live=0
SLIME_CLOCK served task=3 label=44 result=98070464 live=0
SLIME_CLOCK served task=2 label=44 result=98086974 live=0
SLIME_CLOCK served task=3 label=44 result=98104067 live=0
SLIME_CLOCK served task=2 label=44 result=98120783 live=0
SLIME_CLOCK served task=3 label=44 result=98139240 live=0
SLIME_CLOCK served task=2 label=44 result=98155831 live=0
SLIME_CLOCK served task=3 label=44 result=98173019 live=0
SLIME_CLOCK served task=2 label=44 result=98189540 live=0
SLIME_CLOCK served task=3 label=44 result=98206546 live=0
SLIME_CLOCK served task=2 label=44 result=98223393 live=0
SLIME_CLOCK served task=3 label=44 result=98240248 live=0
SLIME_CLOCK served task=2 label=44 result=98257970 live=0
SLIME_CLOCK served task=3 label=44 result=98275162 live=0
SLIME_CLOCK served task=2 label=44 result=98291949 live=0
SLIME_CLOCK served task=3 label=44 result=98308938 live=0
SLIME_CLOCK served task=2 label=44 result=98325275 live=0
SLIME_CLOCK served task=3 label=44 result=98342436 live=0
SLIME_CLOCK served task=2 label=44 result=98359155 live=0
SLIME_CLOCK served task=3 label=44 result=98376151 live=0
SLIME_CLOCK served task=2 label=44 result=98387509 live=0
SLIME_CLOCK served task=3 label=44 result=98398190 live=0
SLIME_CLOCK served task=2 label=44 result=98408491 live=0
SLIME_CLOCK served task=3 label=44 result=98419302 live=0
SLIME_CLOCK served task=2 label=44 result=98429171 live=0
SLIME_CLOCK served task=3 label=44 result=98439626 live=0
SLIME_CLOCK served task=2 label=44 result=98449480 live=0
SLIME_CLOCK served task=3 label=44 result=98459966 live=0
SLIME_CLOCK served task=2 label=44 result=98469979 live=0
SLIME_CLOCK served task=3 label=44 result=98488586 live=0
SLIME_CLOCK served task=2 label=44 result=98507335 live=0
SLIME_CLOCK served task=3 label=44 result=98521493 live=0
SLIME_CLOCK served task=2 label=44 result=98533178 live=0
SLIME_CLOCK served task=3 label=44 result=98547920 live=0
SLIME_CLOCK served task=2 label=44 result=98559924 live=0
SLIME_CLOCK served task=3 label=44 result=98570094 live=0
SLIME_CLOCK served task=2 label=44 result=98579610 live=0
SLIME_CLOCK served task=3 label=44 result=98589632 live=0
SLIME_CLOCK served task=2 label=44 result=98600003 live=0
SLIME_CLOCK served task=3 label=44 result=98611213 live=0
SLIME_CLOCK served task=2 label=44 result=98622976 live=0
SLIME_CLOCK served task=3 label=44 result=98638529 live=0
SLIME_CLOCK served task=2 label=44 result=98651921 live=0
SLIME_CLOCK served task=3 label=44 result=98666016 live=0
SLIME_CLOCK served task=2 label=44 result=98679167 live=0
SLIME_CLOCK served task=3 label=44 result=98693132 live=0
SLIME_CLOCK served task=2 label=44 result=98706113 live=0
SLIME_CLOCK served task=3 label=44 result=98719725 live=0
SLIME_CLOCK served task=2 label=44 result=98733100 live=0
SLIME_CLOCK served task=3 label=44 result=98746769 live=0
SLIME_CLOCK served task=2 label=44 result=98760349 live=0
SLIME_CLOCK served task=3 label=44 result=98774096 live=0
SLIME_CLOCK served task=2 label=44 result=98787676 live=0
SLIME_CLOCK served task=3 label=44 result=98801511 live=0
SLIME_CLOCK served task=2 label=44 result=98814656 live=0
SLIME_CLOCK served task=3 label=44 result=98828121 live=0
SLIME_CLOCK served task=2 label=44 result=98841328 live=0
SLIME_CLOCK served task=3 label=44 result=98855137 live=0
SLIME_CLOCK served task=2 label=44 result=98866829 live=0
SLIME_CLOCK served task=3 label=44 result=98878076 live=0
SLIME_CLOCK served task=2 label=44 result=98889929 live=0
SLIME_CLOCK served task=3 label=44 result=98901100 live=0
SLIME_CLOCK served task=2 label=44 result=98912465 live=0
SLIME_CLOCK served task=3 label=44 result=98923395 live=0
SLIME_CLOCK served task=2 label=44 result=98933851 live=0
SLIME_CLOCK served task=3 label=44 result=98944863 live=0
SLIME_CLOCK served task=2 label=44 result=98955448 live=0
SLIME_CLOCK served task=3 label=44 result=98966534 live=0
SLIME_CLOCK served task=2 label=44 result=98979737 live=0
SLIME_CLOCK served task=3 label=44 result=98992801 live=0
SLIME_CLOCK served task=2 label=44 result=99004980 live=0
SLIME_CLOCK served task=3 label=44 result=99020285 live=0
SLIME_CLOCK served task=2 label=44 result=99034525 live=0
SLIME_CLOCK served task=3 label=44 result=99050139 live=0
SLIME_CLOCK served task=2 label=44 result=99064733 live=0
SLIME_CLOCK served task=3 label=44 result=99080177 live=0
SLIME_CLOCK served task=2 label=44 result=99094986 live=0
SLIME_CLOCK served task=3 label=44 result=99110252 live=0
SLIME_CLOCK served task=2 label=44 result=99119956 live=0
SLIME_CLOCK served task=3 label=44 result=99129992 live=0
SLIME_CLOCK served task=2 label=44 result=99145433 live=0
SLIME_CLOCK served task=3 label=44 result=99156583 live=0
SLIME_CLOCK served task=2 label=44 result=99167076 live=0
SLIME_CLOCK served task=3 label=44 result=99178342 live=0
SLIME_CLOCK served task=2 label=44 result=99188872 live=0
SLIME_CLOCK served task=3 label=44 result=99200487 live=0
SLIME_CLOCK served task=2 label=44 result=99211526 live=0
SLIME_CLOCK served task=3 label=44 result=99223238 live=0
SLIME_CLOCK served task=2 label=44 result=99234299 live=0
SLIME_CLOCK served task=3 label=44 result=99245263 live=0
SLIME_CLOCK served task=2 label=44 result=99255441 live=0
SLIME_CLOCK served task=2 label=44 result=99266904 live=0
SLIME_CLOCK served task=3 label=44 result=99277804 live=0
SLIME_CLOCK served task=2 label=44 result=99288700 live=0
SLIME_CLOCK served task=3 label=44 result=99299585 live=0
SLIME_CLOCK served task=2 label=44 result=99312231 live=0
SLIME_CLOCK served task=3 label=44 result=99324989 live=0
SLIME_CLOCK served task=2 label=44 result=99335684 live=0
SLIME_CLOCK served task=3 label=44 result=99346891 live=0
SLIME_CLOCK served task=2 label=44 result=99357178 live=0
SLIME_CLOCK served task=3 label=44 result=99368196 live=0
SLIME_CLOCK served task=2 label=44 result=99378383 live=0
SLIME_CLOCK served task=3 label=44 result=99389325 live=0
SLIME_CLOCK served task=2 label=44 result=99401347 live=0
SLIME_CLOCK served task=3 label=44 result=99413181 live=0
SLIME_CLOCK served task=2 label=44 result=99423677 live=0
SLIME_CLOCK served task=3 label=44 result=99434520 live=0
SLIME_CLOCK served task=2 label=44 result=99444883 live=0
SLIME_CLOCK served task=3 label=44 result=99455990 live=0
SLIME_CLOCK served task=2 label=44 result=99466767 live=0
SLIME_CLOCK served task=3 label=44 result=99479405 live=0
SLIME_CLOCK served task=2 label=44 result=99494965 live=0
SLIME_CLOCK served task=3 label=44 result=99512486 live=0
SLIME_CLOCK served task=2 label=44 result=99530275 live=0
SLIME_CLOCK served task=3 label=44 result=99548313 live=0
SLIME_CLOCK served task=2 label=44 result=99563709 live=0
SLIME_CLOCK served task=3 label=44 result=99574595 live=0
SLIME_CLOCK served task=2 label=44 result=99584935 live=0
SLIME_CLOCK served task=3 label=44 result=99595869 live=0
SLIME_CLOCK served task=2 label=44 result=99606408 live=0
SLIME_CLOCK served task=3 label=44 result=99617231 live=0
SLIME_CLOCK served task=2 label=44 result=99629074 live=0
SLIME_CLOCK served task=3 label=44 result=99646410 live=0
SLIME_CLOCK served task=2 label=44 result=99665031 live=0
SLIME_CLOCK served task=3 label=44 result=99683364 live=0
SLIME_CLOCK served task=2 label=44 result=99700178 live=0
SLIME_CLOCK served task=3 label=44 result=99717861 live=0
SLIME_CLOCK served task=2 label=44 result=99734696 live=0
SLIME_CLOCK served task=3 label=44 result=99750775 live=0
SLIME_CLOCK served task=2 label=44 result=99761266 live=0
SLIME_CLOCK served task=3 label=44 result=99772499 live=0
SLIME_CLOCK served task=2 label=44 result=99790565 live=0
SLIME_CLOCK served task=3 label=44 result=99807925 live=0
SLIME_CLOCK served task=2 label=44 result=99824695 live=0
SLIME_CLOCK served task=3 label=44 result=99841794 live=0
SLIME_CLOCK served task=2 label=44 result=99858718 live=0
SLIME_CLOCK served task=3 label=44 result=99876230 live=0
SLIME_CLOCK served task=2 label=44 result=99892406 live=0
SLIME_CLOCK served task=3 label=44 result=99911310 live=0
SLIME_CLOCK served task=2 label=44 result=99927814 live=0
SLIME_CLOCK served task=3 label=44 result=99945275 live=0
SLIME_CLOCK served task=2 label=44 result=99961907 live=0
SLIME_CLOCK served task=3 label=44 result=99979453 live=0
SLIME_CLOCK served task=2 label=44 result=99996181 live=0
SLIME_CLOCK served task=3 label=44 result=100013512 live=0
SLIME_CLOCK served task=2 label=44 result=100031705 live=0
SLIME_CLOCK served task=3 label=44 result=100049388 live=0
SLIME_CLOCK served task=2 label=44 result=100066309 live=0
SLIME_CLOCK served task=3 label=44 result=100083222 live=0
SLIME_CLOCK served task=2 label=44 result=100101090 live=0
SLIME_CLOCK served task=3 label=44 result=100114086 live=0
SLIME_CLOCK served task=2 label=44 result=100123672 live=0
SLIME_CLOCK served task=3 label=44 result=100133800 live=0
SLIME_CLOCK served task=2 label=44 result=100144734 live=0
SLIME_CLOCK served task=3 label=44 result=100177850 live=0
SLIME_CLOCK served task=2 label=44 result=100202966 live=0
SLIME_CLOCK served task=3 label=44 result=100218099 live=0
SLIME_CLOCK served task=2 label=44 result=100229742 live=0
SLIME_CLOCK served task=3 label=44 result=100240947 live=0
SLIME_CLOCK served task=2 label=44 result=100251712 live=0
SLIME_CLOCK served task=3 label=44 result=100263332 live=0
SLIME_CLOCK served task=2 label=44 result=100274232 live=0
SLIME_CLOCK served task=3 label=44 result=100286752 live=0
SLIME_CLOCK served task=2 label=44 result=100297671 live=0
SLIME_CLOCK served task=3 label=44 result=100308848 live=0
SLIME_CLOCK served task=2 label=44 result=100319485 live=0
SLIME_CLOCK served task=3 label=44 result=100330714 live=0
SLIME_CLOCK served task=2 label=44 result=100341174 live=0
SLIME_CLOCK served task=3 label=44 result=100352831 live=0
SLIME_CLOCK served task=2 label=44 result=100363632 live=0
SLIME_CLOCK served task=3 label=44 result=100374862 live=0
SLIME_CLOCK served task=2 label=44 result=100385441 live=0
SLIME_CLOCK served task=3 label=44 result=100396462 live=0
SLIME_CLOCK served task=2 label=44 result=100408512 live=0
SLIME_CLOCK served task=3 label=44 result=100419786 live=0
SLIME_CLOCK served task=2 label=44 result=100430612 live=0
SLIME_CLOCK served task=3 label=44 result=100441962 live=0
SLIME_CLOCK served task=2 label=44 result=100457557 live=0
SLIME_CLOCK served task=3 label=44 result=100474948 live=0
SLIME_CLOCK served task=2 label=44 result=100491278 live=0
SLIME_CLOCK served task=3 label=44 result=100505479 live=0
SLIME_CLOCK served task=2 label=44 result=100517687 live=0
SLIME_CLOCK served task=3 label=44 result=100530096 live=0
SLIME_CLOCK served task=2 label=44 result=100542896 live=0
SLIME_CLOCK served task=3 label=44 result=100555268 live=0
SLIME_CLOCK served task=2 label=44 result=100566745 live=0
SLIME_CLOCK served task=3 label=44 result=100578757 live=0
SLIME_CLOCK served task=2 label=44 result=100590459 live=0
SLIME_CLOCK served task=3 label=44 result=100602720 live=0
SLIME_CLOCK served task=2 label=44 result=100613206 live=0
SLIME_CLOCK served task=3 label=44 result=100627403 live=0
SLIME_CLOCK served task=2 label=44 result=100642151 live=0
SLIME_CLOCK served task=3 label=44 result=100658301 live=0
SLIME_CLOCK served task=2 label=44 result=100672158 live=0
SLIME_CLOCK served task=3 label=44 result=100687645 live=0
SLIME_CLOCK served task=2 label=44 result=100702147 live=0
SLIME_CLOCK served task=3 label=44 result=100717453 live=0
SLIME_CLOCK served task=2 label=44 result=100731945 live=0
SLIME_CLOCK served task=3 label=44 result=100743558 live=0
SLIME_CLOCK served task=2 label=44 result=100754803 live=0
SLIME_CLOCK served task=3 label=44 result=100766090 live=0
SLIME_CLOCK served task=2 label=44 result=100776620 live=0
SLIME_CLOCK served task=3 label=44 result=100788301 live=0
SLIME_CLOCK served task=2 label=44 result=100799372 live=0
SLIME_CLOCK served task=3 label=44 result=100810719 live=0
SLIME_CLOCK served task=2 label=44 result=100821536 live=0
SLIME_CLOCK served task=3 label=44 result=100832895 live=0
SLIME_CLOCK served task=2 label=44 result=100843703 live=0
SLIME_CLOCK served task=3 label=44 result=100857749 live=0
SLIME_CLOCK served task=2 label=44 result=100868373 live=0
SLIME_CLOCK served task=3 label=44 result=100879413 live=0
SLIME_CLOCK served task=2 label=44 result=100890243 live=0
SLIME_CLOCK served task=3 label=44 result=100901397 live=0
SLIME_CLOCK served task=2 label=44 result=100912105 live=0
SLIME_CLOCK served task=3 label=44 result=100923440 live=0
SLIME_CLOCK served task=2 label=44 result=100934094 live=0
SLIME_CLOCK served task=3 label=44 result=100945270 live=0
SLIME_CLOCK served task=2 label=44 result=100955862 live=0
SLIME_CLOCK served task=3 label=44 result=100967038 live=0
SLIME_CLOCK served task=2 label=44 result=100980054 live=0
SLIME_CLOCK served task=3 label=44 result=100991310 live=0
SLIME_CLOCK served task=2 label=44 result=101001964 live=0
SLIME_CLOCK served task=3 label=44 result=101013435 live=0
SLIME_CLOCK served task=2 label=44 result=101024520 live=0
SLIME_CLOCK served task=3 label=44 result=101036100 live=0
SLIME_CLOCK served task=2 label=44 result=101046613 live=0
SLIME_CLOCK served task=3 label=44 result=101057974 live=0
SLIME_CLOCK served task=2 label=44 result=101068528 live=0
SLIME_CLOCK served task=3 label=44 result=101079582 live=0
SLIME_CLOCK served task=2 label=44 result=101090255 live=0
SLIME_CLOCK served task=3 label=44 result=101103436 live=0
SLIME_CLOCK served task=2 label=44 result=101114336 live=0
SLIME_CLOCK served task=3 label=44 result=101125641 live=0
SLIME_CLOCK served task=2 label=44 result=101136138 live=0
SLIME_CLOCK served task=3 label=44 result=101150864 live=0
SLIME_CLOCK served task=2 label=44 result=101160892 live=0
SLIME_CLOCK served task=3 label=44 result=101171345 live=0
SLIME_CLOCK served task=2 label=44 result=101182341 live=0
SLIME_CLOCK served task=3 label=44 result=101197805 live=0
SLIME_CLOCK served task=2 label=44 result=101212711 live=0
SLIME_CLOCK served task=3 label=44 result=101228727 live=0
SLIME_CLOCK served task=2 label=44 result=101243774 live=0
SLIME_CLOCK served task=3 label=44 result=101257426 live=0
SLIME_CLOCK served task=2 label=44 result=101267052 live=0
SLIME_CLOCK served task=3 label=44 result=101277208 live=0
SLIME_CLOCK served task=2 label=44 result=101288721 live=0
SLIME_CLOCK served task=3 label=44 result=101300064 live=0
SLIME_CLOCK served task=2 label=44 result=101310404 live=0
SLIME_CLOCK served task=3 label=44 result=101321464 live=0
SLIME_CLOCK served task=2 label=44 result=101331985 live=0
SLIME_CLOCK served task=3 label=44 result=101343018 live=0
SLIME_CLOCK served task=2 label=44 result=101356635 live=0
SLIME_CLOCK served task=3 label=44 result=101368202 live=0
SLIME_CLOCK served task=2 label=44 result=101378671 live=0
SLIME_CLOCK served task=3 label=44 result=101389875 live=0
SLIME_CLOCK served task=2 label=44 result=101400372 live=0
SLIME_CLOCK served task=3 label=44 result=101411884 live=0
SLIME_CLOCK served task=2 label=44 result=101422582 live=0
SLIME_CLOCK served task=3 label=44 result=101433600 live=0
SLIME_CLOCK served task=2 label=44 result=101444112 live=0
SLIME_CLOCK served task=3 label=44 result=101455853 live=0
SLIME_CLOCK served task=2 label=44 result=101466557 live=0
SLIME_CLOCK served task=3 label=44 result=101479335 live=0
SLIME_CLOCK served task=2 label=44 result=101490793 live=0
SLIME_CLOCK served task=3 label=44 result=101501996 live=0
SLIME_CLOCK served task=2 label=44 result=101512491 live=0
SLIME_CLOCK served task=3 label=44 result=101523692 live=0
SLIME_CLOCK served task=2 label=44 result=101534594 live=0
SLIME_CLOCK served task=3 label=44 result=101546456 live=0
SLIME_CLOCK served task=2 label=44 result=101557047 live=0
SLIME_CLOCK served task=3 label=44 result=101568321 live=0
SLIME_CLOCK served task=2 label=44 result=101578725 live=0
SLIME_CLOCK served task=3 label=44 result=101589985 live=0
SLIME_CLOCK served task=2 label=44 result=101601665 live=0
SLIME_CLOCK served task=3 label=44 result=101613194 live=0
SLIME_CLOCK served task=2 label=44 result=101624185 live=0
SLIME_CLOCK served task=3 label=44 result=101636200 live=0
SLIME_CLOCK served task=2 label=44 result=101648139 live=0
SLIME_CLOCK served task=3 label=44 result=101664841 live=0
SLIME_CLOCK served task=2 label=44 result=101679597 live=0
SLIME_CLOCK served task=3 label=44 result=101695192 live=0
SLIME_CLOCK served task=2 label=44 result=101709142 live=0
SLIME_CLOCK served task=3 label=44 result=101724817 live=0
SLIME_CLOCK served task=2 label=44 result=101745276 live=0
SLIME_CLOCK served task=3 label=44 result=101763469 live=0
SLIME_CLOCK served task=2 label=44 result=101780247 live=0
SLIME_CLOCK served task=3 label=44 result=101798382 live=0
SLIME_CLOCK served task=2 label=44 result=101813629 live=0
SLIME_CLOCK served task=3 label=44 result=101828168 live=0
SLIME_CLOCK served task=2 label=44 result=101841701 live=0
SLIME_CLOCK served task=3 label=44 result=101856629 live=0
SLIME_CLOCK served task=2 label=44 result=101874176 live=0
SLIME_CLOCK served task=3 label=44 result=101889755 live=0
SLIME_CLOCK served task=2 label=44 result=101904352 live=0
SLIME_CLOCK served task=3 label=44 result=101920614 live=0
SLIME_CLOCK served task=2 label=44 result=101935123 live=0
SLIME_CLOCK served task=3 label=44 result=101950529 live=0
SLIME_CLOCK served task=2 label=44 result=101965160 live=0
SLIME_CLOCK served task=3 label=44 result=101980888 live=0
SLIME_CLOCK served task=2 label=44 result=101997661 live=0
SLIME_CLOCK served task=3 label=44 result=102013224 live=0
SLIME_CLOCK served task=2 label=44 result=102027664 live=0
SLIME_CLOCK served task=3 label=44 result=102043235 live=0
SLIME_CLOCK served task=2 label=44 result=102057957 live=0
SLIME_CLOCK served task=3 label=44 result=102073257 live=0
SLIME_CLOCK served task=2 label=44 result=102087645 live=0
SLIME_CLOCK served task=3 label=44 result=102103460 live=0
SLIME_CLOCK served task=2 label=44 result=102120899 live=0
SLIME_CLOCK served task=3 label=44 result=102136224 live=0
SLIME_CLOCK served task=2 label=44 result=102150829 live=0
SLIME_CLOCK served task=3 label=44 result=102167524 live=0
SLIME_CLOCK served task=2 label=44 result=102182110 live=0
SLIME_CLOCK served task=3 label=44 result=102197430 live=0
SLIME_CLOCK served task=2 label=44 result=102211492 live=0
SLIME_CLOCK served task=3 label=44 result=102226998 live=0
SLIME_CLOCK served task=2 label=44 result=102241368 live=0
SLIME_CLOCK served task=3 label=44 result=102255180 live=0
SLIME_CLOCK served task=2 label=44 result=102265304 live=0
SLIME_CLOCK served task=3 label=44 result=102275976 live=0
SLIME_CLOCK served task=2 label=44 result=102286324 live=0
SLIME_CLOCK served task=3 label=44 result=102297390 live=0
SLIME_CLOCK served task=2 label=44 result=102307507 live=0
SLIME_CLOCK served task=3 label=44 result=102318197 live=0
SLIME_CLOCK served task=2 label=44 result=102328289 live=0
SLIME_CLOCK served task=3 label=44 result=102338994 live=0
SLIME_CLOCK served task=2 label=44 result=102351521 live=0
SLIME_CLOCK served task=3 label=44 result=102363732 live=0
SLIME_CLOCK served task=2 label=44 result=102374771 live=0
SLIME_CLOCK served task=3 label=44 result=102386871 live=0
SLIME_CLOCK served task=2 label=44 result=102398164 live=0
SLIME_CLOCK served task=3 label=44 result=102412441 live=0
SLIME_CLOCK served task=2 label=44 result=102423989 live=0
SLIME_CLOCK served task=3 label=44 result=102436093 live=0
SLIME_CLOCK served task=2 label=44 result=102447445 live=0
SLIME_CLOCK served task=3 label=44 result=102459087 live=0
SLIME_CLOCK served task=2 label=44 result=102470983 live=0
SLIME_CLOCK served task=3 label=44 result=102482648 live=0
SLIME_CLOCK served task=2 label=44 result=102494200 live=0
SLIME_CLOCK served task=3 label=44 result=102506119 live=0
SLIME_CLOCK served task=2 label=44 result=102517170 live=0
SLIME_CLOCK served task=3 label=44 result=102529207 live=0
SLIME_CLOCK served task=2 label=44 result=102542128 live=0
SLIME_CLOCK served task=3 label=44 result=102553839 live=0
SLIME_CLOCK served task=2 label=44 result=102564779 live=0
SLIME_CLOCK served task=3 label=44 result=102575858 live=0
SLIME_CLOCK served task=2 label=44 result=102586334 live=0
SLIME_CLOCK served task=3 label=44 result=102597953 live=0
SLIME_CLOCK served task=2 label=44 result=102608742 live=0
SLIME_CLOCK served task=3 label=44 result=102619947 live=0
SLIME_CLOCK served task=2 label=44 result=102630615 live=0
SLIME_CLOCK served task=3 label=44 result=102641788 live=0
SLIME_CLOCK served task=2 label=44 result=102652406 live=0
SLIME_CLOCK served task=3 label=44 result=102665585 live=0
SLIME_CLOCK served task=2 label=44 result=102679852 live=0
SLIME_CLOCK served task=3 label=44 result=102695009 live=0
SLIME_CLOCK served task=2 label=44 result=102704590 live=0
SLIME_CLOCK served task=3 label=44 result=102717567 live=0
SLIME_CLOCK served task=2 label=44 result=102732264 live=0
SLIME_CLOCK served task=3 label=44 result=102747726 live=0
SLIME_CLOCK served task=2 label=44 result=102762293 live=0
SLIME_CLOCK served task=3 label=44 result=102777752 live=0
SLIME_CLOCK served task=2 label=44 result=102796480 live=0
SLIME_CLOCK served task=3 label=44 result=102810691 live=0
SLIME_CLOCK served task=2 label=44 result=102821901 live=0
SLIME_CLOCK served task=3 label=44 result=102833634 live=0
SLIME_CLOCK served task=2 label=44 result=102845241 live=0
SLIME_CLOCK served task=3 label=44 result=102857090 live=0
SLIME_CLOCK served task=2 label=44 result=102868426 live=0
SLIME_CLOCK served task=3 label=44 result=102880505 live=0
SLIME_CLOCK served task=2 label=44 result=102891589 live=0
SLIME_CLOCK served task=3 label=44 result=102903556 live=0
SLIME_CLOCK served task=2 label=44 result=102915280 live=0
SLIME_CLOCK served task=3 label=44 result=102928543 live=0
SLIME_CLOCK served task=2 label=44 result=102940014 live=0
SLIME_CLOCK served task=3 label=44 result=102951617 live=0
SLIME_CLOCK served task=2 label=44 result=102963015 live=0
SLIME_CLOCK served task=3 label=44 result=102975160 live=0
SLIME_CLOCK served task=2 label=44 result=102986767 live=0
SLIME_CLOCK served task=3 label=44 result=102999010 live=0
SLIME_CLOCK served task=2 label=44 result=103010093 live=0
SLIME_CLOCK served task=3 label=44 result=103022483 live=0
SLIME_CLOCK served task=2 label=44 result=103033887 live=0
SLIME_CLOCK served task=3 label=44 result=103045747 live=0
SLIME_CLOCK served task=2 label=44 result=103057110 live=0
SLIME_CLOCK served task=3 label=44 result=103069114 live=0
SLIME_CLOCK served task=2 label=44 result=103080671 live=0
SLIME_CLOCK served task=3 label=44 result=103092208 live=0
SLIME_CLOCK served task=2 label=44 result=103103976 live=0
SLIME_CLOCK served task=3 label=44 result=103115938 live=0
SLIME_CLOCK served task=2 label=44 result=103127315 live=0
SLIME_CLOCK served task=3 label=44 result=103139370 live=0
SLIME_CLOCK served task=2 label=44 result=103150667 live=0
SLIME_CLOCK served task=3 label=44 result=103163052 live=0
SLIME_CLOCK served task=2 label=44 result=103177241 live=0
SLIME_CLOCK served task=3 label=44 result=103192182 live=0
SLIME_CLOCK served task=2 label=44 result=103206711 live=0
SLIME_CLOCK served task=3 label=44 result=103222476 live=0
SLIME_CLOCK served task=2 label=44 result=103237200 live=0
SLIME_CLOCK served task=3 label=44 result=103253015 live=0
SLIME_CLOCK served task=2 label=44 result=103267783 live=0
SLIME_CLOCK served task=3 label=44 result=103283390 live=0
SLIME_CLOCK served task=2 label=44 result=103299202 live=0
SLIME_CLOCK served task=3 label=44 result=103311022 live=0
SLIME_CLOCK served task=2 label=44 result=103321407 live=0
SLIME_CLOCK served task=3 label=44 result=103332397 live=0
SLIME_CLOCK served task=2 label=44 result=103342880 live=0
SLIME_CLOCK served task=3 label=44 result=103354192 live=0
SLIME_CLOCK served task=2 label=44 result=103364980 live=0
SLIME_CLOCK served task=3 label=44 result=103376022 live=0
SLIME_CLOCK served task=2 label=44 result=103386473 live=0
SLIME_CLOCK served task=3 label=44 result=103397512 live=0
SLIME_CLOCK served task=2 label=44 result=103408286 live=0
SLIME_CLOCK served task=3 label=44 result=103419712 live=0
SLIME_CLOCK served task=2 label=44 result=103431762 live=0
SLIME_CLOCK served task=3 label=44 result=103442773 live=0
SLIME_CLOCK served task=2 label=44 result=103453371 live=0
SLIME_CLOCK served task=3 label=44 result=103464458 live=0
SLIME_CLOCK served task=2 label=44 result=103475449 live=0
SLIME_CLOCK served task=3 label=44 result=103486813 live=0
SLIME_CLOCK served task=2 label=44 result=103497309 live=0
SLIME_CLOCK served task=3 label=44 result=103508340 live=0
SLIME_CLOCK served task=2 label=44 result=103518679 live=0
SLIME_CLOCK served task=3 label=44 result=103529742 live=0
SLIME_CLOCK served task=2 label=44 result=103540311 live=0
SLIME_CLOCK served task=3 label=44 result=103552536 live=0
SLIME_CLOCK served task=2 label=44 result=103562913 live=0
SLIME_CLOCK served task=3 label=44 result=103574278 live=0
SLIME_CLOCK served task=2 label=44 result=103584975 live=0
SLIME_CLOCK served task=3 label=44 result=103596324 live=0
SLIME_CLOCK served task=2 label=44 result=103606850 live=0
SLIME_CLOCK served task=3 label=44 result=103618005 live=0
SLIME_CLOCK served task=2 label=44 result=103628631 live=0
SLIME_CLOCK served task=3 label=44 result=103639732 live=0
SLIME_CLOCK served task=2 label=44 result=103650065 live=0
SLIME_CLOCK served task=3 label=44 result=103661295 live=0
SLIME_CLOCK served task=2 label=44 result=103671722 live=0
SLIME_CLOCK served task=3 label=44 result=103683914 live=0
SLIME_CLOCK served task=2 label=44 result=103697106 live=0
SLIME_CLOCK served task=3 label=44 result=103712373 live=0
SLIME_CLOCK served task=2 label=44 result=103726863 live=0
SLIME_CLOCK served task=3 label=44 result=103740640 live=0
SLIME_CLOCK served task=2 label=44 result=103755132 live=0
SLIME_CLOCK served task=3 label=44 result=103770459 live=0
SLIME_CLOCK served task=2 label=44 result=103785048 live=0
SLIME_CLOCK served task=3 label=44 result=103800716 live=0
SLIME_CLOCK served task=2 label=44 result=103820282 live=0
SLIME_CLOCK served task=3 label=44 result=103837336 live=0
SLIME_CLOCK served task=2 label=44 result=103853565 live=0
SLIME_CLOCK served task=3 label=44 result=103864784 live=0
SLIME_CLOCK served task=2 label=44 result=103875476 live=0
SLIME_CLOCK served task=3 label=44 result=103886617 live=0
SLIME_CLOCK served task=2 label=44 result=103897289 live=0
SLIME_CLOCK served task=3 label=44 result=103908865 live=0
SLIME_CLOCK served task=2 label=44 result=103919561 live=0
SLIME_CLOCK served task=3 label=44 result=103931729 live=0
SLIME_CLOCK served task=2 label=44 result=103942440 live=0
SLIME_CLOCK served task=3 label=44 result=103953587 live=0
SLIME_CLOCK served task=2 label=44 result=103964307 live=0
SLIME_CLOCK served task=3 label=44 result=103975884 live=0
SLIME_CLOCK served task=2 label=44 result=103986512 live=0
SLIME_CLOCK served task=3 label=44 result=103997638 live=0
SLIME_CLOCK served task=2 label=44 result=104008202 live=0
SLIME_CLOCK served task=3 label=44 result=104019468 live=0
SLIME_CLOCK served task=2 label=44 result=104030311 live=0
SLIME_CLOCK served task=3 label=44 result=104041927 live=0
SLIME_CLOCK served task=2 label=44 result=104052818 live=0
SLIME_CLOCK served task=3 label=44 result=104065191 live=0
SLIME_CLOCK served task=2 label=44 result=104075667 live=0
SLIME_CLOCK served task=3 label=44 result=104086779 live=0
SLIME_CLOCK served task=2 label=44 result=104097580 live=0
SLIME_CLOCK served task=3 label=44 result=104108998 live=0
SLIME_CLOCK served task=2 label=44 result=104119899 live=0
SLIME_CLOCK served task=3 label=44 result=104130974 live=0
SLIME_CLOCK served task=2 label=44 result=104141519 live=0
SLIME_CLOCK served task=3 label=44 result=104152742 live=0
SLIME_CLOCK served task=2 label=44 result=104163908 live=0
SLIME_CLOCK served task=3 label=44 result=104175039 live=0
SLIME_CLOCK served task=2 label=44 result=104187052 live=0
SLIME_CLOCK served task=3 label=44 result=104199750 live=0
SLIME_CLOCK served task=2 label=44 result=104213914 live=0
SLIME_CLOCK served task=3 label=44 result=104230110 live=0
SLIME_CLOCK served task=2 label=44 result=104244992 live=0
SLIME_CLOCK served task=3 label=44 result=104260652 live=0
SLIME_CLOCK served task=2 label=44 result=104275330 live=0
SLIME_CLOCK served task=3 label=44 result=104289919 live=0
SLIME_CLOCK served task=2 label=44 result=104300170 live=0
SLIME_CLOCK served task=3 label=44 result=104312460 live=0
SLIME_CLOCK served task=2 label=44 result=104329181 live=0
SLIME_CLOCK served task=3 label=44 result=104346925 live=0
SLIME_CLOCK served task=2 label=44 result=104364538 live=0
SLIME_CLOCK served task=3 label=44 result=104382064 live=0
SLIME_CLOCK served task=2 label=44 result=104399077 live=0
SLIME_CLOCK served task=3 label=44 result=104417110 live=0
SLIME_CLOCK served task=2 label=44 result=104434304 live=0
SLIME_CLOCK served task=3 label=44 result=104453181 live=0
SLIME_CLOCK served task=2 label=44 result=104470749 live=0
SLIME_CLOCK served task=3 label=44 result=104488571 live=0
SLIME_CLOCK served task=2 label=44 result=104505857 live=0
SLIME_CLOCK served task=3 label=44 result=104523643 live=0
SLIME_CLOCK served task=2 label=44 result=104540965 live=0
SLIME_CLOCK served task=3 label=44 result=104558263 live=0
SLIME_CLOCK served task=2 label=44 result=104576501 live=0
SLIME_CLOCK served task=3 label=44 result=104593510 live=0
SLIME_CLOCK served task=2 label=44 result=104610737 live=0
SLIME_CLOCK served task=3 label=44 result=104628496 live=0
SLIME_CLOCK served task=2 label=44 result=104645663 live=0
SLIME_CLOCK served task=3 label=44 result=104663621 live=0
SLIME_CLOCK served task=2 label=44 result=104680401 live=0
SLIME_CLOCK served task=3 label=44 result=104699577 live=0
SLIME_CLOCK served task=2 label=44 result=104716690 live=0
SLIME_CLOCK served task=3 label=44 result=104729431 live=0
SLIME_CLOCK served task=2 label=44 result=104739770 live=0
SLIME_CLOCK served task=3 label=44 result=104750676 live=0
SLIME_CLOCK served task=2 label=44 result=104760969 live=0
SLIME_CLOCK served task=3 label=44 result=104772102 live=0
SLIME_CLOCK served task=2 label=44 result=104782556 live=0
SLIME_CLOCK served task=3 label=44 result=104793852 live=0
SLIME_CLOCK served task=2 label=44 result=104804175 live=0
SLIME_CLOCK served task=3 label=44 result=104816139 live=0
SLIME_CLOCK served task=2 label=44 result=104828517 live=0
SLIME_CLOCK served task=3 label=44 result=104842979 live=0
SLIME_CLOCK served task=2 label=44 result=104858448 live=0
SLIME_CLOCK served task=3 label=44 result=104874497 live=0
SLIME_CLOCK served task=2 label=44 result=104889546 live=0
SLIME_CLOCK served task=3 label=44 result=104905507 live=0
SLIME_CLOCK served task=2 label=44 result=104916909 live=0
SLIME_CLOCK served task=3 label=44 result=104927431 live=0
SLIME_CLOCK served task=2 label=44 result=104937112 live=0
SLIME_CLOCK served task=3 label=44 result=104950528 live=0
SLIME_CLOCK served task=2 label=44 result=104961550 live=0
SLIME_CLOCK served task=3 label=44 result=104972987 live=0
SLIME_CLOCK served task=2 label=44 result=104983640 live=0
SLIME_CLOCK served task=3 label=44 result=104999105 live=0
SLIME_CLOCK served task=2 label=44 result=105009831 live=0
SLIME_CLOCK served task=3 label=44 result=105021119 live=0
SLIME_CLOCK served task=2 label=44 result=105031688 live=0
SLIME_CLOCK served task=3 label=44 result=105043376 live=0
SLIME_CLOCK served task=2 label=44 result=105053989 live=0
SLIME_CLOCK served task=3 label=44 result=105067905 live=0
SLIME_CLOCK served task=2 label=44 result=105083841 live=0
SLIME_CLOCK served task=3 label=44 result=105098758 live=0
SLIME_CLOCK served task=2 label=44 result=105113144 live=0
SLIME_CLOCK served task=3 label=44 result=105127790 live=0
SLIME_CLOCK served task=2 label=44 result=105142151 live=0
SLIME_CLOCK served task=3 label=44 result=105157179 live=0
SLIME_CLOCK served task=2 label=44 result=105172180 live=0
SLIME_CLOCK served task=3 label=44 result=105187572 live=0
SLIME_CLOCK served task=2 label=44 result=105202874 live=0
SLIME_CLOCK served task=3 label=44 result=105217793 live=0
SLIME_CLOCK served task=2 label=44 result=105232117 live=0
SLIME_CLOCK served task=3 label=44 result=105246967 live=0
SLIME_CLOCK served task=2 label=44 result=105261315 live=0
SLIME_CLOCK served task=3 label=44 result=105276413 live=0
SLIME_CLOCK served task=2 label=44 result=105290691 live=0
SLIME_CLOCK served task=3 label=44 result=105305112 live=0
SLIME_CLOCK served task=2 label=44 result=105317891 live=0
SLIME_CLOCK served task=3 label=44 result=105337243 live=0
SLIME_CLOCK served task=2 label=44 result=105355041 live=0
SLIME_CLOCK served task=3 label=44 result=105369986 live=0
SLIME_CLOCK served task=2 label=44 result=105384864 live=0
SLIME_CLOCK served task=3 label=44 result=105400804 live=0
SLIME_CLOCK served task=2 label=44 result=105416210 live=0
SLIME_CLOCK served task=3 label=44 result=105432503 live=0
SLIME_CLOCK served task=2 label=44 result=105447479 live=0
SLIME_CLOCK served task=3 label=44 result=105465069 live=0
SLIME_CLOCK served task=2 label=44 result=105480578 live=0
SLIME_CLOCK served task=3 label=44 result=105496599 live=0
SLIME_CLOCK served task=2 label=44 result=105511228 live=0
SLIME_CLOCK served task=3 label=44 result=105527070 live=0
SLIME_CLOCK served task=2 label=44 result=105542340 live=0
SLIME_CLOCK served task=3 label=44 result=105558290 live=0
SLIME_CLOCK served task=2 label=44 result=105573168 live=0
SLIME_CLOCK served task=3 label=44 result=105590179 live=0
SLIME_CLOCK served task=2 label=44 result=105605615 live=0
SLIME_CLOCK served task=3 label=44 result=105621357 live=0
SLIME_CLOCK served task=2 label=44 result=105636135 live=0
SLIME_CLOCK served task=3 label=44 result=105652050 live=0
SLIME_CLOCK served task=2 label=44 result=105667330 live=0
SLIME_CLOCK served task=3 label=44 result=105683278 live=0
SLIME_CLOCK served task=2 label=44 result=105698114 live=0
SLIME_CLOCK served task=3 label=44 result=105715067 live=0
SLIME_CLOCK served task=2 label=44 result=105729950 live=0
SLIME_CLOCK served task=3 label=44 result=105745658 live=0
SLIME_CLOCK served task=2 label=44 result=105760491 live=0
SLIME_CLOCK served task=3 label=44 result=105775891 live=0
SLIME_CLOCK served task=2 label=44 result=105790811 live=0
SLIME_CLOCK served task=3 label=44 result=105806227 live=0
SLIME_CLOCK served task=2 label=44 result=105821072 live=0
SLIME_CLOCK served task=3 label=44 result=105840261 live=0
SLIME_CLOCK served task=2 label=44 result=105857003 live=0
SLIME_CLOCK served task=3 label=44 result=105874229 live=0
SLIME_CLOCK served task=2 label=44 result=105890578 live=0
SLIME_CLOCK served task=3 label=44 result=105908843 live=0
SLIME_CLOCK served task=2 label=44 result=105919722 live=0
SLIME_CLOCK served task=3 label=44 result=105931382 live=0
SLIME_CLOCK served task=2 label=44 result=105944616 live=0
SLIME_CLOCK served task=3 label=44 result=105962927 live=0
SLIME_CLOCK served task=2 label=44 result=105979953 live=0
SLIME_CLOCK served task=3 label=44 result=105995542 live=0
SLIME_CLOCK served task=2 label=44 result=106010049 live=0
SLIME_CLOCK served task=3 label=44 result=106025459 live=0
SLIME_CLOCK served task=2 label=44 result=106037592 live=0
SLIME_CLOCK served task=3 label=44 result=106051603 live=0
SLIME_CLOCK served task=2 label=44 result=106062572 live=0
SLIME_CLOCK served task=3 label=44 result=106075657 live=0
SLIME_CLOCK served task=2 label=44 result=106090499 live=0
SLIME_CLOCK served task=3 label=44 result=106105838 live=0
SLIME_CLOCK served task=2 label=44 result=106119467 live=0
SLIME_CLOCK served task=3 label=44 result=106133966 live=0
SLIME_CLOCK served task=2 label=44 result=106147571 live=0
SLIME_CLOCK served task=3 label=44 result=106162330 live=0
SLIME_CLOCK served task=2 label=44 result=106175975 live=0
SLIME_CLOCK served task=3 label=44 result=106190356 live=0
SLIME_CLOCK served task=2 label=44 result=106204170 live=0
SLIME_CLOCK served task=3 label=44 result=106220317 live=0
SLIME_CLOCK served task=2 label=44 result=106234276 live=0
SLIME_CLOCK served task=3 label=44 result=106248744 live=0
SLIME_CLOCK served task=2 label=44 result=106262779 live=0
SLIME_CLOCK served task=3 label=44 result=106277944 live=0
SLIME_CLOCK served task=2 label=44 result=106292173 live=0
SLIME_CLOCK served task=3 label=44 result=106307415 live=0
SLIME_CLOCK served task=2 label=44 result=106321034 live=0
SLIME_CLOCK served task=3 label=44 result=106333909 live=0
SLIME_CLOCK served task=2 label=44 result=106347124 live=0
SLIME_CLOCK served task=3 label=44 result=106359344 live=0
SLIME_CLOCK served task=2 label=44 result=106370832 live=0
SLIME_CLOCK served task=3 label=44 result=106382973 live=0
SLIME_CLOCK served task=2 label=44 result=106394385 live=0
SLIME_CLOCK served task=3 label=44 result=106408716 live=0
SLIME_CLOCK served task=2 label=44 result=106422102 live=0
SLIME_CLOCK served task=3 label=44 result=106438172 live=0
SLIME_CLOCK served task=2 label=44 result=106453177 live=0
SLIME_CLOCK served task=3 label=44 result=106468732 live=0
SLIME_CLOCK served task=2 label=44 result=106483723 live=0
SLIME_CLOCK served task=3 label=44 result=106499558 live=0
SLIME_CLOCK served task=2 label=44 result=106514476 live=0
SLIME_CLOCK served task=3 label=44 result=106530426 live=0
SLIME_CLOCK served task=2 label=44 result=106549018 live=0
SLIME_CLOCK served task=3 label=44 result=106563689 live=0
SLIME_CLOCK served task=2 label=44 result=106575208 live=0
SLIME_CLOCK served task=3 label=44 result=106586195 live=0
SLIME_CLOCK served task=2 label=44 result=106598358 live=0
SLIME_CLOCK served task=3 label=44 result=106609657 live=0
SLIME_CLOCK served task=2 label=44 result=106620332 live=0
SLIME_CLOCK served task=3 label=44 result=106631586 live=0
SLIME_CLOCK served task=2 label=44 result=106642319 live=0
SLIME_CLOCK served task=3 label=44 result=106653781 live=0
SLIME_CLOCK served task=2 label=44 result=106664793 live=0
SLIME_CLOCK served task=3 label=44 result=106675801 live=0
SLIME_CLOCK served task=2 label=44 result=106686549 live=0
SLIME_CLOCK served task=3 label=44 result=106697909 live=0
SLIME_CLOCK served task=2 label=44 result=106708570 live=0
SLIME_CLOCK served task=3 label=44 result=106719658 live=0
SLIME_CLOCK served task=2 label=44 result=106732313 live=0
SLIME_CLOCK served task=3 label=44 result=106743585 live=0
SLIME_CLOCK served task=2 label=44 result=106753970 live=0
SLIME_CLOCK served task=3 label=44 result=106765434 live=0
SLIME_CLOCK served task=2 label=44 result=106775957 live=0
SLIME_CLOCK served task=3 label=44 result=106787491 live=0
SLIME_CLOCK served task=2 label=44 result=106798318 live=0
SLIME_CLOCK served task=3 label=44 result=106810039 live=0
SLIME_CLOCK served task=2 label=44 result=106820644 live=0
SLIME_CLOCK served task=3 label=44 result=106831661 live=0
SLIME_CLOCK served task=2 label=44 result=106842294 live=0
SLIME_CLOCK served task=3 label=44 result=106855281 live=0
SLIME_CLOCK served task=2 label=44 result=106865714 live=0
SLIME_CLOCK served task=3 label=44 result=106876913 live=0
SLIME_CLOCK served task=2 label=44 result=106887456 live=0
SLIME_CLOCK served task=3 label=44 result=106898726 live=0
SLIME_CLOCK served task=2 label=44 result=106909506 live=0
SLIME_CLOCK served task=3 label=44 result=106923314 live=0
SLIME_CLOCK served task=2 label=44 result=106938881 live=0
SLIME_CLOCK served task=3 label=44 result=106954261 live=0
SLIME_CLOCK served task=2 label=44 result=106968143 live=0
SLIME_CLOCK served task=3 label=44 result=107002852 live=0
SLIME_CLOCK served task=2 label=44 result=107027575 live=0
SLIME_CLOCK served task=3 label=44 result=107045521 live=0
SLIME_CLOCK served task=2 label=44 result=107062086 live=0
SLIME_CLOCK served task=3 label=44 result=107078222 live=0
SLIME_CLOCK served task=2 label=44 result=107089140 live=0
SLIME_CLOCK served task=3 label=44 result=107100716 live=0
SLIME_CLOCK served task=2 label=44 result=107112936 live=0
SLIME_CLOCK served task=3 label=44 result=107124400 live=0
SLIME_CLOCK served task=2 label=44 result=107135179 live=0
SLIME_CLOCK served task=3 label=44 result=107146510 live=0
SLIME_CLOCK served task=2 label=44 result=107157499 live=0
SLIME_CLOCK served task=3 label=44 result=107169154 live=0
SLIME_CLOCK served task=2 label=44 result=107180130 live=0
SLIME_CLOCK served task=3 label=44 result=107191754 live=0
SLIME_CLOCK served task=2 label=44 result=107202550 live=0
SLIME_CLOCK served task=3 label=44 result=107213911 live=0
SLIME_CLOCK served task=2 label=44 result=107225168 live=0
SLIME_CLOCK served task=3 label=44 result=107237830 live=0
SLIME_CLOCK served task=2 label=44 result=107248934 live=0
SLIME_CLOCK served task=3 label=44 result=107260366 live=0
SLIME_CLOCK served task=2 label=44 result=107271522 live=0
SLIME_CLOCK served task=3 label=44 result=107283413 live=0
SLIME_CLOCK served task=2 label=44 result=107294299 live=0
SLIME_CLOCK served task=3 label=44 result=107305548 live=0
SLIME_CLOCK served task=2 label=44 result=107316538 live=0
SLIME_CLOCK served task=3 label=44 result=107327485 live=0
SLIME_CLOCK served task=2 label=44 result=107338280 live=0
SLIME_CLOCK served task=3 label=44 result=107349759 live=0
SLIME_CLOCK served task=2 label=44 result=107361513 live=0
SLIME_CLOCK served task=3 label=44 result=107373163 live=0
SLIME_CLOCK served task=2 label=44 result=107384146 live=0
SLIME_CLOCK served task=3 label=44 result=107395629 live=0
SLIME_CLOCK served task=2 label=44 result=107406327 live=0
SLIME_CLOCK served task=3 label=44 result=107418397 live=0
SLIME_CLOCK served task=2 label=44 result=107430990 live=0
SLIME_CLOCK served task=3 label=44 result=107446958 live=0
SLIME_CLOCK served task=2 label=44 result=107461959 live=0
SLIME_CLOCK served task=3 label=44 result=107477344 live=0
SLIME_CLOCK served task=2 label=44 result=107515270 live=0
SLIME_CLOCK served task=3 label=44 result=107533076 live=0
SLIME_CLOCK served task=2 label=44 result=107548917 live=0
SLIME_CLOCK served task=3 label=44 result=107565353 live=0
SLIME_CLOCK served task=2 label=44 result=107577599 live=0
SLIME_CLOCK served task=3 label=44 result=107593279 live=0
SLIME_CLOCK served task=2 label=44 result=107608399 live=0
SLIME_CLOCK served task=3 label=44 result=107625698 live=0
SLIME_CLOCK served task=2 label=44 result=107640347 live=0
SLIME_CLOCK served task=3 label=44 result=107655900 live=0
SLIME_CLOCK served task=2 label=44 result=107671112 live=0
SLIME_CLOCK served task=3 label=44 result=107686876 live=0
SLIME_CLOCK served task=2 label=44 result=107701389 live=0
SLIME_CLOCK served task=3 label=44 result=107716909 live=0
SLIME_CLOCK served task=2 label=44 result=107731766 live=0
SLIME_CLOCK served task=3 label=44 result=107748828 live=0
SLIME_CLOCK served task=2 label=44 result=107763734 live=0
SLIME_CLOCK served task=3 label=44 result=107779483 live=0
SLIME_CLOCK served task=2 label=44 result=107794494 live=0
SLIME_CLOCK served task=3 label=44 result=107810011 live=0
SLIME_CLOCK served task=2 label=44 result=107824621 live=0
SLIME_CLOCK served task=3 label=44 result=107840089 live=0
SLIME_CLOCK served task=2 label=44 result=107855148 live=0
SLIME_CLOCK served task=3 label=44 result=107872087 live=0
SLIME_CLOCK served task=2 label=44 result=107886780 live=0
SLIME_CLOCK served task=3 label=44 result=107902433 live=0
SLIME_CLOCK served task=2 label=44 result=107917362 live=0
SLIME_CLOCK served task=3 label=44 result=107932937 live=0
SLIME_CLOCK served task=2 label=44 result=107948950 live=0
SLIME_CLOCK served task=3 label=44 result=107965845 live=0
SLIME_CLOCK served task=2 label=44 result=107980486 live=0
SLIME_CLOCK served task=3 label=44 result=108000651 live=0
SLIME_CLOCK served task=2 label=44 result=108016996 live=0
SLIME_CLOCK served task=3 label=44 result=108033517 live=0
SLIME_CLOCK served task=2 label=44 result=108048375 live=0
SLIME_CLOCK served task=3 label=44 result=108064498 live=0
SLIME_CLOCK served task=2 label=44 result=108077776 live=0
SLIME_CLOCK served task=3 label=44 result=108090011 live=0
SLIME_CLOCK served task=2 label=44 result=108100402 live=0
SLIME_CLOCK served task=3 label=44 result=108110620 live=0
SLIME_CLOCK served task=2 label=44 result=108122814 live=0
SLIME_CLOCK served task=3 label=44 result=108134580 live=0
SLIME_CLOCK served task=2 label=44 result=108145269 live=0
SLIME_CLOCK served task=3 label=44 result=108156432 live=0
SLIME_CLOCK served task=2 label=44 result=108167582 live=0
SLIME_CLOCK served task=3 label=44 result=108178895 live=0
SLIME_CLOCK served task=2 label=44 result=108189629 live=0
SLIME_CLOCK served task=3 label=44 result=108200840 live=0
SLIME_CLOCK served task=2 label=44 result=108211959 live=0
SLIME_CLOCK served task=3 label=44 result=108223414 live=0
SLIME_CLOCK served task=2 label=44 result=108234055 live=0
SLIME_CLOCK served task=3 label=44 result=108245263 live=0
SLIME_CLOCK served task=2 label=44 result=108256836 live=0
SLIME_CLOCK served task=3 label=44 result=108270007 live=0
SLIME_CLOCK served task=2 label=44 result=108282484 live=0
SLIME_CLOCK served task=3 label=44 result=108295619 live=0
SLIME_CLOCK served task=2 label=44 result=108308039 live=0
SLIME_CLOCK served task=3 label=44 result=108320897 live=0
SLIME_CLOCK served task=2 label=44 result=108333112 live=0
SLIME_CLOCK served task=3 label=44 result=108345402 live=0
SLIME_CLOCK served task=2 label=44 result=108356060 live=0
SLIME_CLOCK served task=3 label=44 result=108367512 live=0
SLIME_CLOCK served task=2 label=44 result=108379473 live=0
SLIME_CLOCK served task=3 label=44 result=108390850 live=0
SLIME_CLOCK served task=2 label=44 result=108401467 live=0
SLIME_CLOCK served task=3 label=44 result=108413000 live=0
SLIME_CLOCK served task=2 label=44 result=108423672 live=0
SLIME_CLOCK served task=3 label=44 result=108434891 live=0
SLIME_CLOCK served task=2 label=44 result=108447095 live=0
SLIME_CLOCK served task=3 label=44 result=108462741 live=0
SLIME_CLOCK served task=2 label=44 result=108477527 live=0
SLIME_CLOCK served task=3 label=44 result=108492628 live=0
SLIME_CLOCK served task=2 label=44 result=108527581 live=0
SLIME_CLOCK served task=3 label=44 result=108543962 live=0
SLIME_CLOCK served task=2 label=44 result=108558612 live=0
SLIME_CLOCK served task=3 label=44 result=108570540 live=0
SLIME_CLOCK served task=2 label=44 result=108580403 live=0
SLIME_CLOCK served task=3 label=44 result=108593359 live=0
SLIME_CLOCK served task=2 label=44 result=108603853 live=0
SLIME_CLOCK served task=3 label=44 result=108614028 live=0
SLIME_CLOCK served task=2 label=44 result=108623605 live=0
SLIME_CLOCK served task=3 label=44 result=108636442 live=0
SLIME_CLOCK served task=2 label=44 result=108647192 live=0
SLIME_CLOCK served task=3 label=44 result=108658635 live=0
SLIME_CLOCK served task=2 label=44 result=108669329 live=0
SLIME_CLOCK served task=3 label=44 result=108680741 live=0
SLIME_CLOCK served task=2 label=44 result=108691307 live=0
SLIME_CLOCK served task=3 label=44 result=108702555 live=0
SLIME_CLOCK served task=2 label=44 result=108713511 live=0
SLIME_CLOCK served task=3 label=44 result=108725117 live=0
SLIME_CLOCK served task=2 label=44 result=108735735 live=0
SLIME_CLOCK served task=3 label=44 result=108750351 live=0
SLIME_CLOCK served task=2 label=44 result=108762292 live=0
SLIME_CLOCK served task=3 label=44 result=108773745 live=0
SLIME_CLOCK served task=2 label=44 result=108784724 live=0
SLIME_CLOCK served task=3 label=44 result=108796617 live=0
SLIME_CLOCK served task=2 label=44 result=108807321 live=0
SLIME_CLOCK served task=3 label=44 result=108818659 live=0
SLIME_CLOCK served task=2 label=44 result=108829227 live=0
SLIME_CLOCK served task=3 label=44 result=108840751 live=0
SLIME_CLOCK served task=2 label=44 result=108851951 live=0
SLIME_CLOCK served task=3 label=44 result=108863281 live=0
SLIME_CLOCK served task=2 label=44 result=108873914 live=0
SLIME_CLOCK served task=3 label=44 result=108886244 live=0
SLIME_CLOCK served task=2 label=44 result=108897017 live=0
SLIME_CLOCK served task=3 label=44 result=108908550 live=0
SLIME_CLOCK served task=2 label=44 result=108919611 live=0
SLIME_CLOCK served task=3 label=44 result=108931090 live=0
SLIME_CLOCK served task=2 label=44 result=108941884 live=0
SLIME_CLOCK served task=3 label=44 result=108953746 live=0
SLIME_CLOCK served task=2 label=44 result=108966933 live=0
SLIME_CLOCK served task=3 label=44 result=108978149 live=0
SLIME_CLOCK served task=2 label=44 result=108988238 live=0
SLIME_CLOCK served task=3 label=44 result=109002460 live=0
SLIME_CLOCK served task=2 label=44 result=109043210 live=0
SLIME_CLOCK served task=3 label=44 result=109061674 live=0
SLIME_CLOCK served task=2 label=44 result=109078392 live=0
SLIME_CLOCK served task=3 label=44 result=109095357 live=0
SLIME_CLOCK served task=2 label=44 result=109106219 live=0
SLIME_CLOCK served task=3 label=44 result=109117391 live=0
SLIME_CLOCK served task=2 label=44 result=109128439 live=0
SLIME_CLOCK served task=3 label=44 result=109140720 live=0
SLIME_CLOCK served task=2 label=44 result=109151321 live=0
SLIME_CLOCK served task=3 label=44 result=109162971 live=0
SLIME_CLOCK served task=2 label=44 result=109173679 live=0
SLIME_CLOCK served task=3 label=44 result=109185100 live=0
SLIME_CLOCK served task=2 label=44 result=109196090 live=0
SLIME_CLOCK served task=3 label=44 result=109207357 live=0
SLIME_CLOCK served task=2 label=44 result=109217809 live=0
SLIME_CLOCK served task=3 label=44 result=109229449 live=0
SLIME_CLOCK served task=2 label=44 result=109240023 live=0
SLIME_CLOCK served task=3 label=44 result=109251503 live=0
SLIME_CLOCK served task=2 label=44 result=109263657 live=0
SLIME_CLOCK served task=3 label=44 result=109275006 live=0
SLIME_CLOCK served task=2 label=44 result=109285849 live=0
SLIME_CLOCK served task=3 label=44 result=109297253 live=0
SLIME_CLOCK served task=2 label=44 result=109307896 live=0
SLIME_CLOCK served task=3 label=44 result=109319162 live=0
SLIME_CLOCK served task=2 label=44 result=109330155 live=0
SLIME_CLOCK served task=3 label=44 result=109341544 live=0
SLIME_CLOCK served task=2 label=44 result=109352422 live=0
SLIME_CLOCK served task=3 label=44 result=109363683 live=0
SLIME_CLOCK served task=2 label=44 result=109374354 live=0
SLIME_CLOCK served task=3 label=44 result=109386332 live=0
SLIME_CLOCK served task=3 label=44 result=109398684 live=0
SLIME_CLOCK served task=2 label=44 result=109409523 live=0
SLIME_CLOCK served task=3 label=44 result=109420796 live=0
SLIME_CLOCK served task=2 label=44 result=109431407 live=0
SLIME_CLOCK served task=3 label=44 result=109442782 live=0
SLIME_CLOCK served task=2 label=44 result=109453330 live=0
SLIME_CLOCK served task=3 label=44 result=109468182 live=0
SLIME_CLOCK served task=2 label=44 result=109483935 live=0
SLIME_CLOCK served task=3 label=44 result=109501927 live=0
SLIME_CLOCK served task=2 label=44 result=109533242 live=0
SLIME_CLOCK served task=3 label=44 result=109554451 live=0
SLIME_CLOCK served task=2 label=44 result=109567554 live=0
SLIME_CLOCK served task=3 label=44 result=109578893 live=0
SLIME_CLOCK served task=2 label=44 result=109589918 live=0
SLIME_CLOCK served task=3 label=44 result=109601398 live=0
SLIME_CLOCK served task=2 label=44 result=109612015 live=0
SLIME_CLOCK served task=3 label=44 result=109623523 live=0
SLIME_CLOCK served task=2 label=44 result=109634571 live=0
SLIME_CLOCK served task=3 label=44 result=109648947 live=0
SLIME_CLOCK served task=2 label=44 result=109661032 live=0
SLIME_CLOCK served task=3 label=44 result=109673436 live=0
SLIME_CLOCK served task=2 label=44 result=109684886 live=0
SLIME_CLOCK served task=3 label=44 result=109697080 live=0
SLIME_CLOCK served task=2 label=44 result=109708296 live=0
SLIME_CLOCK served task=3 label=44 result=109721003 live=0
SLIME_CLOCK served task=2 label=44 result=109732460 live=0
SLIME_CLOCK served task=3 label=44 result=109744879 live=0
SLIME_CLOCK served task=2 label=44 result=109756304 live=0
SLIME_CLOCK served task=3 label=44 result=109769425 live=0
SLIME_CLOCK served task=2 label=44 result=109780915 live=0
SLIME_CLOCK served task=3 label=44 result=109793404 live=0
SLIME_CLOCK served task=2 label=44 result=109804724 live=0
SLIME_CLOCK served task=3 label=44 result=109816966 live=0
SLIME_CLOCK served task=2 label=44 result=109828277 live=0
SLIME_CLOCK served task=3 label=44 result=109840305 live=0
SLIME_CLOCK served task=2 label=44 result=109852127 live=0
SLIME_CLOCK served task=3 label=44 result=109864298 live=0
SLIME_CLOCK served task=2 label=44 result=109875574 live=0
SLIME_CLOCK served task=3 label=44 result=109887542 live=0
SLIME_CLOCK served task=2 label=44 result=109899882 live=0
SLIME_CLOCK served task=3 label=44 result=109912505 live=0
SLIME_CLOCK served task=2 label=44 result=109923692 live=0
SLIME_CLOCK served task=3 label=44 result=109935610 live=0
SLIME_CLOCK served task=2 label=44 result=109946991 live=0
SLIME_CLOCK served task=3 label=44 result=109958790 live=0
SLIME_CLOCK served task=2 label=44 result=109970740 live=0
SLIME_CLOCK served task=3 label=44 result=109985712 live=0
SLIME_CLOCK served task=2 label=44 result=110000168 live=0
SLIME_CLOCK served task=3 label=44 result=110015343 live=0
SLIME_CLOCK served task=2 label=44 result=110054985 live=0
SLIME_CLOCK served task=3 label=44 result=110077826 live=0
SLIME_CLOCK served task=2 label=44 result=110096035 live=0
SLIME_CLOCK served task=3 label=44 result=110113280 live=0
SLIME_CLOCK served task=2 label=44 result=110125462 live=0
SLIME_CLOCK served task=3 label=44 result=110137084 live=0
SLIME_CLOCK served task=2 label=44 result=110148914 live=0
SLIME_CLOCK served task=3 label=44 result=110160696 live=0
SLIME_CLOCK served task=2 label=44 result=110171672 live=0
SLIME_CLOCK served task=3 label=44 result=110182827 live=0
SLIME_CLOCK served task=2 label=44 result=110193257 live=0
SLIME_CLOCK served task=3 label=44 result=110204412 live=0
SLIME_CLOCK served task=2 label=44 result=110215234 live=0
SLIME_CLOCK served task=3 label=44 result=110226836 live=0
SLIME_CLOCK served task=2 label=44 result=110237751 live=0
SLIME_CLOCK served task=3 label=44 result=110248920 live=0
SLIME_CLOCK served task=2 label=44 result=110259687 live=0
SLIME_CLOCK served task=3 label=44 result=110271041 live=0
SLIME_CLOCK served task=2 label=44 result=110284005 live=0
SLIME_CLOCK served task=3 label=44 result=110295449 live=0
SLIME_CLOCK served task=2 label=44 result=110306422 live=0
SLIME_CLOCK served task=3 label=44 result=110317679 live=0
SLIME_CLOCK served task=2 label=44 result=110328435 live=0
SLIME_CLOCK served task=3 label=44 result=110339792 live=0
SLIME_CLOCK served task=2 label=44 result=110350776 live=0
SLIME_CLOCK served task=3 label=44 result=110361957 live=0
SLIME_CLOCK served task=2 label=44 result=110372470 live=0
SLIME_CLOCK served task=3 label=44 result=110383647 live=0
SLIME_CLOCK served task=2 label=44 result=110394302 live=0
SLIME_CLOCK served task=3 label=44 result=110406520 live=0
SLIME_CLOCK served task=2 label=44 result=110417322 live=0
SLIME_CLOCK served task=3 label=44 result=110428589 live=0
SLIME_CLOCK served task=2 label=44 result=110439600 live=0
SLIME_CLOCK served task=3 label=44 result=110450818 live=0
SLIME_CLOCK served task=2 label=44 result=110461610 live=0
SLIME_CLOCK served task=3 label=44 result=110473153 live=0
SLIME_CLOCK served task=2 label=44 result=110483655 live=0
SLIME_CLOCK served task=3 label=44 result=110498876 live=0
SLIME_CLOCK served task=2 label=44 result=110513362 live=0
SLIME_CLOCK served task=3 label=44 result=110530645 live=0
SLIME_CLOCK served task=2 label=44 result=110572635 live=0
SLIME_CLOCK served task=3 label=44 result=110590130 live=0
SLIME_CLOCK served task=2 label=44 result=110607208 live=0
SLIME_CLOCK served task=3 label=44 result=110625203 live=0
SLIME_CLOCK served task=2 label=44 result=110638715 live=0
SLIME_CLOCK served task=3 label=44 result=110650191 live=0
SLIME_CLOCK served task=2 label=44 result=110662476 live=0
SLIME_CLOCK served task=3 label=44 result=110673848 live=0
SLIME_CLOCK served task=2 label=44 result=110684880 live=0
SLIME_CLOCK served task=3 label=44 result=110696054 live=0
SLIME_CLOCK served task=2 label=44 result=110707035 live=0
SLIME_CLOCK served task=3 label=44 result=110718375 live=0
SLIME_CLOCK served task=2 label=44 result=110729415 live=0
SLIME_CLOCK served task=3 label=44 result=110740667 live=0
SLIME_CLOCK served task=2 label=44 result=110751423 live=0
SLIME_CLOCK served task=3 label=44 result=110763045 live=0
SLIME_CLOCK served task=2 label=44 result=110774056 live=0
SLIME_CLOCK served task=3 label=44 result=110786520 live=0
SLIME_CLOCK served task=2 label=44 result=110797190 live=0
SLIME_CLOCK served task=3 label=44 result=110808656 live=0
SLIME_CLOCK served task=2 label=44 result=110819396 live=0
SLIME_CLOCK served task=3 label=44 result=110830852 live=0
SLIME_CLOCK served task=2 label=44 result=110841594 live=0
SLIME_CLOCK served task=3 label=44 result=110852927 live=0
SLIME_CLOCK served task=2 label=44 result=110863572 live=0
SLIME_CLOCK served task=3 label=44 result=110874797 live=0
SLIME_CLOCK served task=2 label=44 result=110885317 live=0
SLIME_CLOCK served task=3 label=44 result=110896505 live=0
SLIME_CLOCK served task=2 label=44 result=110907732 live=0
SLIME_CLOCK served task=3 label=44 result=110919497 live=0
SLIME_CLOCK served task=2 label=44 result=110930167 live=0
SLIME_CLOCK served task=3 label=44 result=110941525 live=0
SLIME_CLOCK served task=2 label=44 result=110952191 live=0
SLIME_CLOCK served task=3 label=44 result=110963565 live=0
SLIME_CLOCK served task=2 label=44 result=110974401 live=0
SLIME_CLOCK served task=3 label=44 result=110986828 live=0
SLIME_CLOCK served task=2 label=44 result=111001762 live=0
SLIME_CLOCK served task=3 label=44 result=111017568 live=0
SLIME_CLOCK served task=2 label=44 result=111032646 live=0
SLIME_CLOCK served task=3 label=44 result=111052750 live=0
SLIME_CLOCK served task=2 label=44 result=111069378 live=0
SLIME_CLOCK served task=3 label=44 result=111081986 live=0
SLIME_CLOCK served task=2 label=44 result=111093868 live=0
SLIME_CLOCK served task=3 label=44 result=111106424 live=0
SLIME_CLOCK served task=2 label=44 result=111118089 live=0
SLIME_CLOCK served task=3 label=44 result=111134339 live=0
SLIME_CLOCK served task=2 label=44 result=111149374 live=0
SLIME_CLOCK served task=3 label=44 result=111171487 live=0
SLIME_CLOCK served task=2 label=44 result=111191995 live=0
SLIME_CLOCK served task=3 label=44 result=111202375 live=0
SLIME_CLOCK served task=2 label=44 result=111212013 live=0
SLIME_CLOCK served task=3 label=44 result=111222415 live=0
SLIME_CLOCK served task=2 label=44 result=111232009 live=0
SLIME_CLOCK served task=3 label=44 result=111242492 live=0
SLIME_CLOCK served task=2 label=44 result=111252182 live=0
SLIME_CLOCK served task=3 label=44 result=111262413 live=0
SLIME_CLOCK served task=2 label=44 result=111272062 live=0
SLIME_CLOCK served task=3 label=44 result=111282521 live=0
SLIME_CLOCK served task=2 label=44 result=111296739 live=0
SLIME_CLOCK served task=3 label=44 result=111314455 live=0
SLIME_CLOCK served task=2 label=44 result=111331573 live=0
SLIME_CLOCK served task=3 label=44 result=111349203 live=0
SLIME_CLOCK served task=2 label=44 result=111365936 live=0
SLIME_CLOCK served task=3 label=44 result=111383514 live=0
SLIME_CLOCK served task=2 label=44 result=111400295 live=0
SLIME_CLOCK served task=3 label=44 result=111419252 live=0
SLIME_CLOCK served task=2 label=44 result=111436329 live=0
SLIME_CLOCK served task=3 label=44 result=111453743 live=0
SLIME_CLOCK served task=2 label=44 result=111471061 live=0
SLIME_CLOCK served task=3 label=44 result=111488371 live=0
SLIME_CLOCK served task=2 label=44 result=111505106 live=0
SLIME_CLOCK served task=3 label=44 result=111522264 live=0
SLIME_CLOCK served task=2 label=44 result=111539288 live=0
SLIME_CLOCK served task=3 label=44 result=111558124 live=0
SLIME_CLOCK served task=2 label=44 result=111575001 live=0
SLIME_CLOCK served task=3 label=44 result=111592342 live=0
SLIME_CLOCK served task=2 label=44 result=111609337 live=0
SLIME_CLOCK served task=3 label=44 result=111626854 live=0
SLIME_CLOCK served task=2 label=44 result=111643538 live=0
SLIME_CLOCK served task=3 label=44 result=111661137 live=0
SLIME_CLOCK served task=2 label=44 result=111677764 live=0
SLIME_CLOCK served task=3 label=44 result=111695166 live=0
SLIME_CLOCK served task=2 label=44 result=111711939 live=0
SLIME_CLOCK served task=3 label=44 result=111725161 live=0
SLIME_CLOCK served task=2 label=44 result=111735880 live=0
SLIME_CLOCK served task=3 label=44 result=111749257 live=0
SLIME_CLOCK served task=2 label=44 result=111761113 live=0
SLIME_CLOCK served task=3 label=44 result=111773683 live=0
SLIME_CLOCK served task=2 label=44 result=111785186 live=0
SLIME_CLOCK served task=3 label=44 result=111797305 live=0
SLIME_CLOCK served task=2 label=44 result=111808287 live=0
SLIME_CLOCK served task=3 label=44 result=111820465 live=0
SLIME_CLOCK served task=2 label=44 result=111831775 live=0
SLIME_CLOCK served task=3 label=44 result=111843598 live=0
SLIME_CLOCK served task=2 label=44 result=111855434 live=0
SLIME_CLOCK served task=3 label=44 result=111867270 live=0
SLIME_CLOCK served task=2 label=44 result=111880116 live=0
SLIME_CLOCK served task=3 label=44 result=111891800 live=0
SLIME_CLOCK served task=2 label=44 result=111903184 live=0
SLIME_CLOCK served task=3 label=44 result=111918522 live=0
SLIME_CLOCK served task=2 label=44 result=111935262 live=0
SLIME_CLOCK served task=3 label=44 result=111952412 live=0
SLIME_CLOCK served task=2 label=44 result=111968883 live=0
SLIME_CLOCK served task=3 label=44 result=111986377 live=0
SLIME_CLOCK served task=2 label=44 result=112004494 live=0
SLIME_CLOCK served task=3 label=44 result=112021789 live=0
SLIME_CLOCK served task=2 label=44 result=112038461 live=0
SLIME_CLOCK served task=3 label=44 result=112055722 live=0
SLIME_CLOCK served task=2 label=44 result=112072246 live=0
SLIME_CLOCK served task=3 label=44 result=112089414 live=0
SLIME_CLOCK served task=2 label=44 result=112106185 live=0
SLIME_CLOCK served task=3 label=44 result=112120997 live=0
SLIME_CLOCK served task=2 label=44 result=112135314 live=0
SLIME_CLOCK served task=3 label=44 result=112152621 live=0
SLIME_CLOCK served task=2 label=44 result=112169566 live=0
SLIME_CLOCK served task=3 label=44 result=112186829 live=0
SLIME_CLOCK served task=2 label=44 result=112203254 live=0
SLIME_CLOCK served task=3 label=44 result=112220799 live=0
SLIME_CLOCK served task=2 label=44 result=112235764 live=0
SLIME_CLOCK served task=3 label=44 result=112247611 live=0
SLIME_CLOCK served task=2 label=44 result=112274485 live=0
SLIME_CLOCK served task=3 label=44 result=112295238 live=0
SLIME_CLOCK served task=2 label=44 result=112305597 live=0
SLIME_CLOCK served task=3 label=44 result=112316380 live=0
SLIME_CLOCK served task=2 label=44 result=112326500 live=0
SLIME_CLOCK served task=3 label=44 result=112337232 live=0
SLIME_CLOCK served task=2 label=44 result=112347586 live=0
SLIME_CLOCK served task=3 label=44 result=112358334 live=0
SLIME_CLOCK served task=2 label=44 result=112368434 live=0
SLIME_CLOCK served task=3 label=44 result=112379602 live=0
SLIME_CLOCK served task=2 label=44 result=112396620 live=0
SLIME_CLOCK served task=3 label=44 result=112414239 live=0
SLIME_CLOCK served task=2 label=44 result=112430988 live=0
SLIME_CLOCK served task=3 label=44 result=112448309 live=0
SLIME_CLOCK served task=2 label=44 result=112465143 live=0
SLIME_CLOCK served task=3 label=44 result=112482544 live=0
SLIME_CLOCK served task=2 label=44 result=112499314 live=0
SLIME_CLOCK served task=3 label=44 result=112516803 live=0
SLIME_CLOCK served task=2 label=44 result=112533435 live=0
SLIME_CLOCK served task=3 label=44 result=112550668 live=0
SLIME_CLOCK served task=2 label=44 result=112567249 live=0
SLIME_CLOCK served task=3 label=44 result=112584548 live=0
SLIME_CLOCK served task=2 label=44 result=112601857 live=0
SLIME_CLOCK served task=3 label=44 result=112618544 live=0
SLIME_CLOCK served task=2 label=44 result=112635531 live=0
SLIME_CLOCK served task=3 label=44 result=112652405 live=0
SLIME_CLOCK served task=2 label=44 result=112670598 live=0
SLIME_CLOCK served task=3 label=44 result=112687798 live=0
SLIME_CLOCK served task=2 label=44 result=112704373 live=0
SLIME_CLOCK served task=3 label=44 result=112721988 live=0
SLIME_CLOCK served task=2 label=44 result=112733916 live=0
SLIME_CLOCK served task=3 label=44 result=112748379 live=0
SLIME_CLOCK served task=2 label=44 result=112763663 live=0
SLIME_CLOCK served task=3 label=44 result=112779652 live=0
SLIME_CLOCK served task=2 label=44 result=112799758 live=0
SLIME_CLOCK served task=3 label=44 result=112815065 live=0
SLIME_CLOCK served task=2 label=44 result=112825960 live=0
SLIME_CLOCK served task=3 label=44 result=112837352 live=0
SLIME_CLOCK served task=2 label=44 result=112850604 live=0
SLIME_CLOCK served task=3 label=44 result=112863389 live=0
SLIME_CLOCK served task=2 label=44 result=112874046 live=0
SLIME_CLOCK served task=3 label=44 result=112885336 live=0
SLIME_CLOCK served task=2 label=44 result=112896003 live=0
SLIME_CLOCK served task=3 label=44 result=112907207 live=0
SLIME_CLOCK served task=2 label=44 result=112919063 live=0
SLIME_CLOCK served task=3 label=44 result=112930430 live=0
SLIME_CLOCK served task=2 label=44 result=112941316 live=0
SLIME_CLOCK served task=3 label=44 result=112952969 live=0
SLIME_CLOCK served task=2 label=44 result=112963838 live=0
SLIME_CLOCK served task=3 label=44 result=112975599 live=0
SLIME_CLOCK served task=2 label=44 result=112986310 live=0
SLIME_CLOCK served task=3 label=44 result=112997744 live=0
SLIME_CLOCK served task=2 label=44 result=113008643 live=0
SLIME_CLOCK served task=3 label=44 result=113019928 live=0
SLIME_CLOCK served task=2 label=44 result=113030481 live=0
SLIME_CLOCK served task=3 label=44 result=113043310 live=0
SLIME_CLOCK served task=2 label=44 result=113054223 live=0
SLIME_CLOCK served task=3 label=44 result=113065566 live=0
SLIME_CLOCK served task=2 label=44 result=113076227 live=0
SLIME_CLOCK served task=3 label=44 result=113087764 live=0
SLIME_CLOCK served task=2 label=44 result=113099117 live=0
SLIME_CLOCK served task=3 label=44 result=113110569 live=0
SLIME_CLOCK served task=2 label=44 result=113121215 live=0
SLIME_CLOCK served task=3 label=44 result=113132545 live=0
SLIME_CLOCK served task=2 label=44 result=113143182 live=0
SLIME_CLOCK served task=3 label=44 result=113154439 live=0
SLIME_CLOCK served task=2 label=44 result=113165454 live=0
SLIME_CLOCK served task=3 label=44 result=113178241 live=0
SLIME_CLOCK served task=2 label=44 result=113188824 live=0
SLIME_CLOCK served task=3 label=44 result=113200217 live=0
SLIME_CLOCK served task=2 label=44 result=113214368 live=0
SLIME_CLOCK served task=3 label=44 result=113232075 live=0
SLIME_CLOCK served task=2 label=44 result=113249014 live=0
SLIME_CLOCK served task=3 label=44 result=113268096 live=0
SLIME_CLOCK served task=2 label=44 result=113283474 live=0
SLIME_CLOCK served task=3 label=44 result=113304482 live=0
SLIME_CLOCK served task=2 label=44 result=113318805 live=0
SLIME_CLOCK served task=3 label=44 result=113329083 live=0
SLIME_CLOCK served task=2 label=44 result=113338735 live=0
SLIME_CLOCK served task=3 label=44 result=113351305 live=0
SLIME_CLOCK served task=2 label=44 result=113368381 live=0
SLIME_CLOCK served task=3 label=44 result=113385601 live=0
SLIME_CLOCK served task=2 label=44 result=113402085 live=0
SLIME_CLOCK served task=3 label=44 result=113419829 live=0
SLIME_CLOCK served task=2 label=44 result=113437703 live=0
SLIME_CLOCK served task=3 label=44 result=113454903 live=0
SLIME_CLOCK served task=2 label=44 result=113472566 live=0
SLIME_CLOCK served task=3 label=44 result=113490306 live=0
SLIME_CLOCK served task=2 label=44 result=113507079 live=0
SLIME_CLOCK served task=3 label=44 result=113524397 live=0
SLIME_CLOCK served task=2 label=44 result=113541520 live=0
SLIME_CLOCK served task=3 label=44 result=113560283 live=0
SLIME_CLOCK served task=2 label=44 result=113577192 live=0
SLIME_CLOCK served task=3 label=44 result=113594471 live=0
SLIME_CLOCK served task=2 label=44 result=113611531 live=0
SLIME_CLOCK served task=3 label=44 result=113629139 live=0
SLIME_CLOCK served task=2 label=44 result=113645975 live=0
SLIME_CLOCK served task=3 label=44 result=113662615 live=0
SLIME_CLOCK served task=2 label=44 result=113680906 live=0
SLIME_CLOCK served task=3 label=44 result=113704193 live=0
SLIME_CLOCK served task=3 label=44 result=113727063 live=0
SLIME_CLOCK served task=2 label=44 result=113743106 live=0
SLIME_IO payload dma pages=1 frames=1 writable=true direction=DeviceWrite
SLIME_IO payload frame index=0 slot=2120 paddr=Some(1615405056)
SLIME_IO payload dma pages=1 frames=1 writable=true direction=DeviceRead
SLIME_IO payload frame index=0 slot=2124 paddr=Some(1615421440)
SLIME_CLOCK served task=3 label=44 result=113856158 live=0
SLIME_CLOCK served task=3 label=44 result=113872879 live=0
SLIME_CLOCK served task=2 label=44 result=113888846 live=0
SLIME_CLOCK served task=3 label=44 result=113906128 live=0
SLIME_CLOCK served task=2 label=44 result=113922129 live=0
SLIME_CLOCK served task=3 label=44 result=113942706 live=0
SLIME_CLOCK served task=2 label=44 result=113959312 live=0
SLIME_CLOCK served task=3 label=44 result=113976554 live=0
SLIME_CLOCK served task=2 label=44 result=113992412 live=0
SLIME_CLOCK served task=3 label=44 result=114008993 live=0
SLIME_CLOCK served task=2 label=44 result=114024838 live=0
SLIME_CLOCK served task=3 label=44 result=114041950 live=0
SLIME_CLOCK served task=2 label=44 result=114059810 live=0
SLIME_CLOCK served task=3 label=44 result=114077040 live=0
SLIME_CLOCK served task=2 label=44 result=114093013 live=0
SLIME_CLOCK served task=3 label=44 result=114109995 live=0
SLIME_CLOCK served task=2 label=44 result=114126071 live=0
SLIME_CLOCK served task=3 label=44 result=114143026 live=0
SLIME_CLOCK served task=2 label=44 result=114159245 live=0
SLIME_CLOCK served task=3 label=44 result=114176092 live=0
SLIME_CLOCK served task=2 label=44 result=114193484 live=0
SLIME_CLOCK served task=3 label=44 result=114210020 live=0
SLIME_CLOCK served task=2 label=44 result=114227064 live=0
SLIME_CLOCK served task=3 label=44 result=114246664 live=0
SLIME_CLOCK served task=2 label=44 result=114264772 live=0
SLIME_CLOCK served task=3 label=44 result=114281702 live=0
SLIME_CLOCK served task=2 label=44 result=114297565 live=0
SLIME_CLOCK served task=3 label=44 result=114325551 live=0
SLIME_CLOCK served task=2 label=44 result=114346269 live=0
SLIME_CLOCK served task=3 label=44 result=114362724 live=0
SLIME_CLOCK served task=2 label=44 result=114377923 live=0
SLIME_CLOCK served task=3 label=44 result=114393954 live=0
SLIME_CLOCK served task=2 label=44 result=114409191 live=0
SLIME_CLOCK served task=3 label=44 result=114420269 live=0
SLIME_CLOCK served task=2 label=44 result=114430034 live=0
SLIME_CLOCK served task=3 label=44 result=114443054 live=0
SLIME_CLOCK served task=2 label=44 result=114454139 live=0
SLIME_CLOCK served task=3 label=44 result=114465922 live=0
SLIME_CLOCK served task=2 label=44 result=114477345 live=0
SLIME_CLOCK served task=3 label=44 result=114489553 live=0
SLIME_CLOCK served task=2 label=44 result=114500894 live=0
SLIME_CLOCK served task=3 label=44 result=114513087 live=0
SLIME_CLOCK served task=2 label=44 result=114524411 live=0
SLIME_CLOCK served task=3 label=44 result=114536639 live=0
SLIME_CLOCK served task=2 label=44 result=114547933 live=0
SLIME_CLOCK served task=3 label=44 result=114560065 live=0
SLIME_CLOCK served task=2 label=44 result=114572912 live=0
SLIME_CLOCK served task=3 label=44 result=114584781 live=0
SLIME_CLOCK served task=2 label=44 result=114596347 live=0
SLIME_CLOCK served task=3 label=44 result=114608064 live=0
SLIME_CLOCK served task=2 label=44 result=114619472 live=0
SLIME_CLOCK served task=3 label=44 result=114631606 live=0
SLIME_CLOCK served task=2 label=44 result=114642751 live=0
SLIME_CLOCK served task=3 label=44 result=114654613 live=0
SLIME_CLOCK served task=2 label=44 result=114666229 live=0
SLIME_CLOCK served task=3 label=44 result=114678111 live=0
SLIME_CLOCK served task=2 label=44 result=114689484 live=0
SLIME_CLOCK served task=3 label=44 result=114703030 live=0
SLIME_CLOCK served task=2 label=44 result=114714387 live=0
SLIME_CLOCK served task=3 label=44 result=114726656 live=0
SLIME_CLOCK served task=2 label=44 result=114737791 live=0
SLIME_CLOCK served task=3 label=44 result=114749937 live=0
SLIME_CLOCK served task=2 label=44 result=114761493 live=0
SLIME_CLOCK served task=3 label=44 result=114773362 live=0
SLIME_CLOCK served task=2 label=44 result=114784811 live=0
SLIME_CLOCK served task=3 label=44 result=114797824 live=0
SLIME_CLOCK served task=2 label=44 result=114813323 live=0
SLIME_CLOCK served task=3 label=44 result=114832832 live=0
SLIME_CLOCK served task=2 label=44 result=114850562 live=0
SLIME_CLOCK served task=3 label=44 result=114865989 live=0
SLIME_CLOCK served task=2 label=44 result=114881287 live=0
SLIME_CLOCK served task=3 label=44 result=114897255 live=0
SLIME_CLOCK served task=2 label=44 result=114912526 live=0
SLIME_CLOCK served task=3 label=44 result=114926757 live=0
SLIME_CLOCK served task=2 label=44 result=114936464 live=0
SLIME_CLOCK served task=3 label=44 result=114949473 live=0
SLIME_CLOCK served task=2 label=44 result=114960287 live=0
SLIME_CLOCK served task=3 label=44 result=114972210 live=0
SLIME_CLOCK served task=2 label=44 result=114983061 live=0
SLIME_CLOCK served task=3 label=44 result=114994420 live=0
SLIME_CLOCK served task=2 label=44 result=115005165 live=0
SLIME_CLOCK served task=3 label=44 result=115016538 live=0
SLIME_CLOCK served task=2 label=44 result=115027181 live=0
SLIME_CLOCK served task=3 label=44 result=115039014 live=0
SLIME_CLOCK served task=2 label=44 result=115049741 live=0
SLIME_CLOCK served task=3 label=44 result=115061274 live=0
SLIME_CLOCK served task=2 label=44 result=115073685 live=0
SLIME_CLOCK served task=3 label=44 result=115085007 live=0
SLIME_CLOCK served task=2 label=44 result=115095784 live=0
SLIME_CLOCK served task=3 label=44 result=115107315 live=0
SLIME_CLOCK served task=2 label=44 result=115117956 live=0
SLIME_CLOCK served task=3 label=44 result=115129395 live=0
SLIME_CLOCK served task=2 label=44 result=115140165 live=0
SLIME_CLOCK served task=3 label=44 result=115151640 live=0
SLIME_CLOCK served task=2 label=44 result=115162540 live=0
SLIME_CLOCK served task=3 label=44 result=115174043 live=0
SLIME_CLOCK served task=2 label=44 result=115184732 live=0
SLIME_CLOCK served task=3 label=44 result=115196226 live=0
SLIME_CLOCK served task=2 label=44 result=115207699 live=0
SLIME_CLOCK served task=3 label=44 result=115219290 live=0
SLIME_CLOCK served task=2 label=44 result=115230563 live=0
SLIME_CLOCK served task=3 label=44 result=115242310 live=0
SLIME_CLOCK served task=2 label=44 result=115253195 live=0
SLIME_CLOCK served task=3 label=44 result=115264850 live=0
SLIME_CLOCK served task=2 label=44 result=115275422 live=0
SLIME_CLOCK served task=3 label=44 result=115289256 live=0
SLIME_CLOCK served task=2 label=44 result=115301225 live=0
SLIME_CLOCK served task=3 label=44 result=115312857 live=0
SLIME_CLOCK served task=2 label=44 result=115325404 live=0
SLIME_CLOCK served task=3 label=44 result=115342768 live=0
SLIME_CLOCK served task=2 label=44 result=115360522 live=0
SLIME_CLOCK served task=3 label=44 result=115377597 live=0
SLIME_CLOCK served task=2 label=44 result=115393922 live=0
SLIME_CLOCK served task=3 label=44 result=115409540 live=0
SLIME_CLOCK served task=2 label=44 result=115424949 live=0
SLIME_CLOCK served task=3 label=44 result=115441203 live=0
SLIME_CLOCK served task=2 label=44 result=115460183 live=0
SLIME_CLOCK served task=3 label=44 result=115478589 live=0
SLIME_CLOCK served task=2 label=44 result=115495216 live=0
SLIME_CLOCK served task=3 label=44 result=115512239 live=0
SLIME_CLOCK served task=2 label=44 result=115528318 live=0
SLIME_CLOCK served task=3 label=44 result=115545515 live=0
SLIME_CLOCK served task=2 label=44 result=115561404 live=0
SLIME_CLOCK served task=3 label=44 result=115581423 live=0
SLIME_CLOCK served task=2 label=44 result=115597916 live=0
SLIME_CLOCK served task=3 label=44 result=115614811 live=0
SLIME_CLOCK served task=2 label=44 result=115630621 live=0
SLIME_CLOCK served task=3 label=44 result=115647525 live=0
SLIME_CLOCK served task=2 label=44 result=115663468 live=0
SLIME_CLOCK served task=3 label=44 result=115680126 live=0
SLIME_CLOCK served task=2 label=44 result=115695936 live=0
SLIME_CLOCK served task=3 label=44 result=115714315 live=0
SLIME_CLOCK served task=2 label=44 result=115730664 live=0
SLIME_CLOCK served task=3 label=44 result=115747433 live=0
SLIME_CLOCK served task=2 label=44 result=115763484 live=0
SLIME_CLOCK served task=3 label=44 result=115780286 live=0
SLIME_CLOCK served task=2 label=44 result=115796393 live=0
SLIME_CLOCK served task=3 label=44 result=115813231 live=0
SLIME_CLOCK served task=2 label=44 result=115830013 live=0
SLIME_CLOCK served task=3 label=44 result=115847390 live=0
SLIME_CLOCK served task=2 label=44 result=115864530 live=0
SLIME_CLOCK served task=3 label=44 result=115882727 live=0
SLIME_CLOCK served task=2 label=44 result=115899086 live=0
SLIME_CLOCK served task=3 label=44 result=115917458 live=0
SLIME_CLOCK served task=2 label=44 result=115932956 live=0
SLIME_CLOCK served task=3 label=44 result=115948967 live=0
SLIME_CLOCK served task=2 label=44 result=115970020 live=0
SLIME_CLOCK served task=3 label=44 result=115987298 live=0
SLIME_CLOCK served task=2 label=44 result=115998395 live=0
SLIME_CLOCK served task=3 label=44 result=116008707 live=0
SLIME_CLOCK served task=2 label=44 result=116018375 live=0
SLIME_CLOCK served task=3 label=44 result=116028639 live=0
SLIME_CLOCK served task=2 label=44 result=116038510 live=0
SLIME_CLOCK served task=3 label=44 result=116048775 live=0
SLIME_CLOCK served task=2 label=44 result=116058380 live=0
SLIME_CLOCK served task=3 label=44 result=116068614 live=0
SLIME_CLOCK served task=2 label=44 result=116078243 live=0
SLIME_CLOCK served task=3 label=44 result=116091769 live=0
SLIME_CLOCK served task=2 label=44 result=116103969 live=0
SLIME_CLOCK served task=3 label=44 result=116115878 live=0
SLIME_CLOCK served task=2 label=44 result=116128070 live=0
SLIME_CLOCK served task=3 label=44 result=116140633 live=0
SLIME_CLOCK served task=2 label=44 result=116152819 live=0
SLIME_CLOCK served task=3 label=44 result=116165622 live=0
SLIME_CLOCK served task=2 label=44 result=116177829 live=0
SLIME_CLOCK served task=3 label=44 result=116190631 live=0
SLIME_CLOCK served task=2 label=44 result=116202853 live=0
SLIME_CLOCK served task=3 label=44 result=116217049 live=0
SLIME_CLOCK served task=2 label=44 result=116229308 live=0
SLIME_CLOCK served task=3 label=44 result=116242073 live=0
SLIME_CLOCK served task=2 label=44 result=116256475 live=0
SLIME_CLOCK served task=3 label=44 result=116269959 live=0
SLIME_CLOCK served task=2 label=44 result=116282209 live=0
SLIME_CLOCK served task=3 label=44 result=116294952 live=0
SLIME_CLOCK served task=2 label=44 result=116307323 live=0
SLIME_CLOCK served task=3 label=44 result=116320120 live=0
SLIME_CLOCK served task=2 label=44 result=116332218 live=0
SLIME_CLOCK served task=3 label=44 result=116346060 live=0
SLIME_CLOCK served task=2 label=44 result=116358184 live=0
SLIME_CLOCK served task=3 label=44 result=116370975 live=0
SLIME_CLOCK served task=2 label=44 result=116382781 live=0
SLIME_CLOCK served task=3 label=44 result=116395640 live=0
SLIME_CLOCK served task=2 label=44 result=116410036 live=0
SLIME_CLOCK served task=3 label=44 result=116425863 live=0
SLIME_CLOCK served task=2 label=44 result=116440970 live=0
SLIME_CLOCK served task=3 label=44 result=116456826 live=0
SLIME_CLOCK served task=2 label=44 result=116484268 live=0
SLIME_CLOCK served task=3 label=44 result=116496553 live=0
SLIME_CLOCK served task=2 label=44 result=116508098 live=0
SLIME_CLOCK served task=3 label=44 result=116519330 live=0
SLIME_CLOCK served task=2 label=44 result=116530952 live=0
SLIME_CLOCK served task=3 label=44 result=116543489 live=0
SLIME_CLOCK served task=2 label=44 result=116554703 live=0
SLIME_CLOCK served task=3 label=44 result=116566882 live=0
SLIME_CLOCK served task=2 label=44 result=116578891 live=0
SLIME_CLOCK served task=3 label=44 result=116590861 live=0
SLIME_CLOCK served task=2 label=44 result=116604557 live=0
SLIME_CLOCK served task=3 label=44 result=116616915 live=0
SLIME_CLOCK served task=2 label=44 result=116628358 live=0
SLIME_CLOCK served task=3 label=44 result=116640684 live=0
SLIME_CLOCK served task=2 label=44 result=116651992 live=0
SLIME_CLOCK served task=3 label=44 result=116664645 live=0
SLIME_CLOCK served task=2 label=44 result=116676231 live=0
SLIME_CLOCK served task=3 label=44 result=116688773 live=0
SLIME_CLOCK served task=2 label=44 result=116700225 live=0
SLIME_CLOCK served task=3 label=44 result=116712459 live=0
SLIME_CLOCK served task=2 label=44 result=116725410 live=0
SLIME_CLOCK served task=3 label=44 result=116737426 live=0
SLIME_CLOCK served task=2 label=44 result=116748835 live=0
SLIME_CLOCK served task=3 label=44 result=116760647 live=0
SLIME_CLOCK served task=2 label=44 result=116772154 live=0
SLIME_CLOCK served task=3 label=44 result=116784429 live=0
SLIME_CLOCK served task=2 label=44 result=116795977 live=0
SLIME_CLOCK served task=3 label=44 result=116808227 live=0
SLIME_CLOCK served task=2 label=44 result=116819763 live=0
SLIME_CLOCK served task=3 label=44 result=116831877 live=0
SLIME_CLOCK served task=2 label=44 result=116843335 live=0
SLIME_CLOCK served task=3 label=44 result=116856939 live=0
SLIME_CLOCK served task=2 label=44 result=116868359 live=0
SLIME_CLOCK served task=3 label=44 result=116880613 live=0
SLIME_CLOCK served task=2 label=44 result=116891887 live=0
SLIME_CLOCK served task=3 label=44 result=116904081 live=0
SLIME_CLOCK served task=2 label=44 result=116916165 live=0
SLIME_CLOCK served task=3 label=44 result=116932602 live=0
SLIME_CLOCK served task=2 label=44 result=116948528 live=0
SLIME_CLOCK served task=3 label=44 result=116961809 live=0
SLIME_CLOCK served task=2 label=44 result=116983491 live=0
SLIME_CLOCK served task=3 label=44 result=117003236 live=0
SLIME_CLOCK served task=2 label=44 result=117018456 live=0
SLIME_CLOCK served task=3 label=44 result=117034566 live=0
SLIME_CLOCK served task=2 label=44 result=117045480 live=0
SLIME_CLOCK served task=3 label=44 result=117055737 live=0
SLIME_CLOCK served task=2 label=44 result=117066271 live=0
SLIME_CLOCK served task=3 label=44 result=117078835 live=0
SLIME_CLOCK served task=2 label=44 result=117088452 live=0
SLIME_CLOCK served task=3 label=44 result=117101468 live=0
SLIME_CLOCK served task=2 label=44 result=117112401 live=0
SLIME_CLOCK served task=3 label=44 result=117123843 live=0
SLIME_CLOCK served task=2 label=44 result=117134650 live=0
SLIME_CLOCK served task=3 label=44 result=117145993 live=0
SLIME_CLOCK served task=2 label=44 result=117156668 live=0
SLIME_CLOCK served task=3 label=44 result=117168467 live=0
SLIME_CLOCK served task=2 label=44 result=117179538 live=0
SLIME_CLOCK served task=3 label=44 result=117191098 live=0
SLIME_CLOCK served task=2 label=44 result=117202217 live=0
SLIME_CLOCK served task=3 label=44 result=117213318 live=0
SLIME_CLOCK served task=2 label=44 result=117225375 live=0
SLIME_CLOCK served task=3 label=44 result=117237021 live=0
SLIME_CLOCK served task=2 label=44 result=117247953 live=0
SLIME_CLOCK served task=3 label=44 result=117259323 live=0
SLIME_CLOCK served task=2 label=44 result=117270175 live=0
SLIME_CLOCK served task=3 label=44 result=117281704 live=0
SLIME_CLOCK served task=2 label=44 result=117292427 live=0
SLIME_CLOCK served task=3 label=44 result=117303921 live=0
SLIME_CLOCK served task=2 label=44 result=117314662 live=0
SLIME_CLOCK served task=3 label=44 result=117325746 live=0
SLIME_CLOCK served task=2 label=44 result=117336764 live=0
SLIME_CLOCK served task=3 label=44 result=117348553 live=0
SLIME_CLOCK served task=2 label=44 result=117360431 live=0
SLIME_CLOCK served task=3 label=44 result=117371613 live=0
SLIME_CLOCK served task=2 label=44 result=117382450 live=0
SLIME_CLOCK served task=3 label=44 result=117393756 live=0
SLIME_CLOCK served task=2 label=44 result=117404402 live=0
SLIME_CLOCK served task=3 label=44 result=117415973 live=0
SLIME_CLOCK served task=2 label=44 result=117426827 live=0
SLIME_CLOCK served task=3 label=44 result=117444449 live=0
SLIME_CLOCK served task=2 label=44 result=117462136 live=0
SLIME_CLOCK served task=3 label=44 result=117482397 live=0
SLIME_CLOCK served task=2 label=44 result=117500360 live=0
SLIME_CLOCK served task=3 label=44 result=117519643 live=0
SLIME_CLOCK served task=2 label=44 result=117537612 live=0
SLIME_CLOCK served task=3 label=44 result=117558311 live=0
SLIME_CLOCK served task=2 label=44 result=117579950 live=0
SLIME_CLOCK served task=3 label=44 result=117599408 live=0
SLIME_CLOCK served task=2 label=44 result=117620051 live=0
SLIME_CLOCK served task=3 label=44 result=117636866 live=0
SLIME_CLOCK served task=2 label=44 result=117651858 live=0
SLIME_CLOCK served task=3 label=44 result=117665640 live=0
SLIME_CLOCK served task=2 label=44 result=117675295 live=0
SLIME_CLOCK served task=3 label=44 result=117687213 live=0
SLIME_CLOCK served task=2 label=44 result=117699262 live=0
SLIME_CLOCK served task=3 label=44 result=117712040 live=0
SLIME_CLOCK served task=2 label=44 result=117724344 live=0
SLIME_CLOCK served task=3 label=44 result=117740902 live=0
SLIME_CLOCK served task=2 label=44 result=117755365 live=0
SLIME_CLOCK served task=3 label=44 result=117770777 live=0
SLIME_CLOCK served task=2 label=44 result=117785374 live=0
SLIME_CLOCK served task=3 label=44 result=117800758 live=0
SLIME_CLOCK served task=2 label=44 result=117815352 live=0
SLIME_CLOCK served task=3 label=44 result=117830508 live=0
SLIME_CLOCK served task=2 label=44 result=117845229 live=0
SLIME_CLOCK served task=3 label=44 result=117860599 live=0
SLIME_CLOCK served task=2 label=44 result=117873857 live=0
SLIME_CLOCK served task=3 label=44 result=117887813 live=0
SLIME_CLOCK served task=2 label=44 result=117900937 live=0
SLIME_CLOCK served task=3 label=44 result=117915259 live=0
SLIME_CLOCK served task=2 label=44 result=117928665 live=0
SLIME_CLOCK served task=3 label=44 result=117941352 live=0
SLIME_CLOCK served task=2 label=44 result=117951968 live=0
SLIME_CLOCK served task=3 label=44 result=117963520 live=0
SLIME_CLOCK served task=2 label=44 result=117974962 live=0
SLIME_CLOCK served task=3 label=44 result=117987148 live=0
SLIME_CLOCK served task=2 label=44 result=117997935 live=0
SLIME_CLOCK served task=3 label=44 result=118009259 live=0
SLIME_CLOCK served task=2 label=44 result=118020089 live=0
SLIME_CLOCK served task=3 label=44 result=118031597 live=0
SLIME_CLOCK served task=2 label=44 result=118042730 live=0
SLIME_CLOCK served task=3 label=44 result=118054193 live=0
SLIME_CLOCK served task=2 label=44 result=118066253 live=0
SLIME_CLOCK served task=3 label=44 result=118084740 live=0
SLIME_CLOCK served task=2 label=44 result=118102191 live=0
SLIME_CLOCK served task=3 label=44 result=118140100 live=0
SLIME_CLOCK served task=2 label=44 result=118160278 live=0
SLIME_CLOCK served task=3 label=44 result=118177081 live=0
SLIME_CLOCK served task=2 label=44 result=118191873 live=0
SLIME_CLOCK served task=3 label=44 result=118207375 live=0
SLIME_CLOCK served task=2 label=44 result=118222180 live=0
SLIME_CLOCK served task=3 label=44 result=118237565 live=0
SLIME_CLOCK served task=2 label=44 result=118256830 live=0
SLIME_CLOCK served task=3 label=44 result=118273817 live=0
SLIME_CLOCK served task=2 label=44 result=118289339 live=0
SLIME_CLOCK served task=3 label=44 result=118308278 live=0
SLIME_CLOCK served task=2 label=44 result=118324196 live=0
SLIME_CLOCK served task=3 label=44 result=118341078 live=0
SLIME_CLOCK served task=2 label=44 result=118357111 live=0
SLIME_CLOCK served task=3 label=44 result=118375303 live=0
SLIME_CLOCK served task=2 label=44 result=118391190 live=0
SLIME_CLOCK served task=3 label=44 result=118407789 live=0
SLIME_CLOCK served task=2 label=44 result=118423726 live=0
SLIME_CLOCK served task=3 label=44 result=118442009 live=0
SLIME_CLOCK served task=2 label=44 result=118458200 live=0
SLIME_CLOCK served task=3 label=44 result=118475349 live=0
SLIME_CLOCK served task=2 label=44 result=118491033 live=0
SLIME_CLOCK served task=3 label=44 result=118509862 live=0
SLIME_CLOCK served task=2 label=44 result=118525980 live=0
SLIME_CLOCK served task=3 label=44 result=118542850 live=0
SLIME_CLOCK served task=2 label=44 result=118558404 live=0
SLIME_CLOCK served task=3 label=44 result=118575187 live=0
SLIME_CLOCK served task=2 label=44 result=118592994 live=0
SLIME_CLOCK served task=3 label=44 result=118614130 live=0
SLIME_CLOCK served task=2 label=44 result=118636470 live=0
SLIME_CLOCK served task=3 label=44 result=118658045 live=0
SLIME_CLOCK served task=2 label=44 result=118677159 live=0
SLIME_CLOCK served task=3 label=44 result=118700248 live=0
SLIME_CLOCK served task=2 label=44 result=118721660 live=0
SLIME_CLOCK served task=3 label=44 result=118740757 live=0
SLIME_CLOCK served task=2 label=44 result=118764920 live=0
SLIME_CLOCK served task=3 label=44 result=118784298 live=0
SLIME_CLOCK served task=2 label=44 result=118802131 live=0
SLIME_CLOCK served task=3 label=44 result=118821042 live=0
SLIME_CLOCK served task=2 label=44 result=118838764 live=0
SLIME_CLOCK served task=3 label=44 result=118858086 live=0
SLIME_CLOCK served task=2 label=44 result=118875595 live=0
SLIME_CLOCK served task=3 label=44 result=118900533 live=0
SLIME_CLOCK served task=2 label=44 result=118918646 live=0
SLIME_CLOCK served task=3 label=44 result=118936943 live=0
SLIME_CLOCK served task=2 label=44 result=118953146 live=0
SLIME_CLOCK served task=3 label=44 result=118970004 live=0
SLIME_CLOCK served task=2 label=44 result=118985911 live=0
SLIME_CLOCK served task=3 label=44 result=119002492 live=0
SLIME_CLOCK served task=2 label=44 result=119020768 live=0
SLIME_CLOCK served task=3 label=44 result=119038828 live=0
SLIME_CLOCK served task=2 label=44 result=119054520 live=0
SLIME_CLOCK served task=3 label=44 result=119071361 live=0
SLIME_CLOCK served task=2 label=44 result=119087442 live=0
SLIME_CLOCK served task=3 label=44 result=119104115 live=0
SLIME_CLOCK served task=2 label=44 result=119120065 live=0
SLIME_CLOCK served task=3 label=44 result=119138511 live=0
SLIME_CLOCK served task=2 label=44 result=119154055 live=0
SLIME_CLOCK served task=3 label=44 result=119173210 live=0
SLIME_CLOCK served task=2 label=44 result=119192652 live=0
SLIME_CLOCK served task=3 label=44 result=119211424 live=0
SLIME_CLOCK served task=2 label=44 result=119227844 live=0
SLIME_CLOCK served task=3 label=44 result=119243693 live=0
SLIME_CLOCK served task=2 label=44 result=119258307 live=0
SLIME_CLOCK served task=3 label=44 result=119278282 live=0
SLIME_CLOCK served task=2 label=44 result=119293359 live=0
SLIME_CLOCK served task=3 label=44 result=119309106 live=0
SLIME_CLOCK served task=2 label=44 result=119324070 live=0
SLIME_CLOCK served task=3 label=44 result=119336507 live=0
SLIME_CLOCK served task=2 label=44 result=119346399 live=0
SLIME_CLOCK served task=3 label=44 result=119356640 live=0
SLIME_CLOCK served task=2 label=44 result=119366263 live=0
SLIME_CLOCK served task=3 label=44 result=119376447 live=0
SLIME_CLOCK served task=2 label=44 result=119386025 live=0
SLIME_CLOCK served task=3 label=44 result=119399835 live=0
SLIME_CLOCK served task=2 label=44 result=119410759 live=0
SLIME_CLOCK served task=3 label=44 result=119421974 live=0
SLIME_CLOCK served task=2 label=44 result=119432677 live=0
SLIME_CLOCK served task=3 label=44 result=119444358 live=0
SLIME_CLOCK served task=2 label=44 result=119455212 live=0
SLIME_CLOCK served task=3 label=44 result=119466665 live=0
SLIME_CLOCK served task=2 label=44 result=119477441 live=0
SLIME_CLOCK served task=3 label=44 result=119488611 live=0
SLIME_CLOCK served task=2 label=44 result=119499369 live=0
SLIME_CLOCK served task=3 label=44 result=119510520 live=0
SLIME_CLOCK served task=2 label=44 result=119522509 live=0
SLIME_CLOCK served task=3 label=44 result=119534070 live=0
SLIME_CLOCK served task=2 label=44 result=119544660 live=0
SLIME_CLOCK served task=3 label=44 result=119555980 live=0
SLIME_CLOCK served task=2 label=44 result=119566705 live=0
SLIME_CLOCK served task=3 label=44 result=119577946 live=0
SLIME_CLOCK served task=2 label=44 result=119588814 live=0
SLIME_CLOCK served task=3 label=44 result=119600307 live=0
SLIME_CLOCK served task=2 label=44 result=119610930 live=0
SLIME_CLOCK served task=3 label=44 result=119622258 live=0
SLIME_CLOCK served task=2 label=44 result=119633059 live=0
SLIME_CLOCK served task=3 label=44 result=119645366 live=0
SLIME_CLOCK served task=2 label=44 result=119656107 live=0
SLIME_CLOCK served task=3 label=44 result=119667843 live=0
SLIME_CLOCK served task=2 label=44 result=119678591 live=0
SLIME_CLOCK served task=3 label=44 result=119689883 live=0
SLIME_CLOCK served task=2 label=44 result=119702622 live=0
SLIME_CLOCK served task=3 label=44 result=119716307 live=0
SLIME_CLOCK served task=2 label=44 result=119733137 live=0
SLIME_CLOCK served task=3 label=44 result=119748837 live=0
SLIME_CLOCK served task=2 label=44 result=119763587 live=0
SLIME_CLOCK served task=3 label=44 result=119802486 live=0
SLIME_CLOCK served task=2 label=44 result=119819206 live=0
SLIME_CLOCK served task=3 label=44 result=119837855 live=0
SLIME_CLOCK served task=2 label=44 result=119854549 live=0
SLIME_CLOCK served task=3 label=44 result=119871513 live=0
SLIME_CLOCK served task=2 label=44 result=119887144 live=0
SLIME_CLOCK served task=3 label=44 result=119905493 live=0
SLIME_CLOCK served task=2 label=44 result=119923957 live=0
SLIME_CLOCK served task=3 label=44 result=119940720 live=0
SLIME_CLOCK served task=2 label=44 result=119956295 live=0
SLIME_CLOCK served task=3 label=44 result=119973250 live=0
SLIME_CLOCK served task=2 label=44 result=119989011 live=0
SLIME_CLOCK served task=3 label=44 result=120005628 live=0
SLIME_CLOCK served task=2 label=44 result=120020517 live=0
SLIME_CLOCK served task=3 label=44 result=120040391 live=0
SLIME_CLOCK served task=2 label=44 result=120056467 live=0
SLIME_CLOCK served task=3 label=44 result=120073013 live=0
SLIME_CLOCK served task=2 label=44 result=120088860 live=0
SLIME_CLOCK served task=3 label=44 result=120106130 live=0
SLIME_CLOCK served task=2 label=44 result=120122262 live=0
SLIME_CLOCK served task=3 label=44 result=120139033 live=0
SLIME_CLOCK served task=2 label=44 result=120155939 live=0
SLIME_CLOCK served task=3 label=44 result=120172743 live=0
SLIME_CLOCK served task=2 label=44 result=120188433 live=0
SLIME_CLOCK served task=3 label=44 result=120206478 live=0
SLIME_CLOCK served task=2 label=44 result=120224646 live=0
SLIME_CLOCK served task=3 label=44 result=120242272 live=0
SLIME_CLOCK served task=2 label=44 result=120257868 live=0
SLIME_CLOCK served task=3 label=44 result=120273800 live=0
SLIME_CLOCK served task=2 label=44 result=120293494 live=0
SLIME_CLOCK served task=3 label=44 result=120309760 live=0
SLIME_CLOCK served task=2 label=44 result=120320038 live=0
SLIME_CLOCK served task=3 label=44 result=120330835 live=0
SLIME_CLOCK served task=2 label=44 result=120340987 live=0
SLIME_CLOCK served task=3 label=44 result=120352189 live=0
SLIME_CLOCK served task=2 label=44 result=120362282 live=0
SLIME_CLOCK served task=3 label=44 result=120372506 live=0
SLIME_CLOCK served task=2 label=44 result=120382343 live=0
SLIME_CLOCK served task=3 label=44 result=120397789 live=0
SLIME_CLOCK served task=2 label=44 result=120416509 live=0
SLIME_CLOCK served task=3 label=44 result=120432531 live=0
SLIME_CLOCK served task=2 label=44 result=120447492 live=0
SLIME_CLOCK served task=3 label=44 result=120460217 live=0
SLIME_CLOCK served task=2 label=44 result=120470226 live=0
SLIME_CLOCK served task=3 label=44 result=120480549 live=0
SLIME_CLOCK served task=2 label=44 result=120490242 live=0
SLIME_CLOCK served task=3 label=44 result=120500520 live=0
SLIME_CLOCK served task=2 label=44 result=120510181 live=0
SLIME_CLOCK served task=3 label=44 result=120520453 live=0
SLIME_CLOCK served task=2 label=44 result=120530109 live=0
SLIME_CLOCK served task=3 label=44 result=120543833 live=0
SLIME_CLOCK served task=2 label=44 result=120554549 live=0
SLIME_CLOCK served task=3 label=44 result=120565978 live=0
SLIME_CLOCK served task=2 label=44 result=120576947 live=0
SLIME_CLOCK served task=3 label=44 result=120588267 live=0
SLIME_CLOCK served task=2 label=44 result=120599671 live=0
SLIME_CLOCK served task=3 label=44 result=120610999 live=0
SLIME_CLOCK served task=2 label=44 result=120621858 live=0
SLIME_CLOCK served task=3 label=44 result=120633065 live=0
SLIME_CLOCK served task=2 label=44 result=120643835 live=0
SLIME_CLOCK served task=3 label=44 result=120655078 live=0
SLIME_CLOCK served task=2 label=44 result=120667355 live=0
SLIME_CLOCK served task=3 label=44 result=120678819 live=0
SLIME_CLOCK served task=2 label=44 result=120689822 live=0
SLIME_CLOCK served task=3 label=44 result=120701023 live=0
SLIME_CLOCK served task=2 label=44 result=120715105 live=0
SLIME_CLOCK served task=3 label=44 result=120732482 live=0
SLIME_CLOCK served task=2 label=44 result=120747346 live=0
SLIME_CLOCK served task=3 label=44 result=120763460 live=0
SLIME_CLOCK served task=2 label=44 result=120779264 live=0
SLIME_CLOCK served task=3 label=44 result=120800991 live=0
SLIME_CLOCK served task=2 label=44 result=120816812 live=0
SLIME_CLOCK served task=3 label=44 result=120833494 live=0
SLIME_CLOCK served task=2 label=44 result=120848513 live=0
SLIME_CLOCK served task=3 label=44 result=120863956 live=0
SLIME_CLOCK served task=2 label=44 result=120878410 live=0
SLIME_CLOCK served task=3 label=44 result=120893772 live=0
SLIME_CLOCK served task=2 label=44 result=120908385 live=0
SLIME_CLOCK served task=3 label=44 result=120928231 live=0
SLIME_CLOCK served task=2 label=44 result=120946426 live=0
SLIME_CLOCK served task=3 label=44 result=120963711 live=0
SLIME_CLOCK served task=2 label=44 result=120980105 live=0
SLIME_CLOCK served task=3 label=44 result=120997049 live=0
SLIME_CLOCK served task=2 label=44 result=121012777 live=0
SLIME_CLOCK served task=3 label=44 result=121029197 live=0
SLIME_CLOCK served task=2 label=44 result=121047161 live=0
SLIME_CLOCK served task=3 label=44 result=121064135 live=0
SLIME_CLOCK served task=2 label=44 result=121080288 live=0
SLIME_CLOCK served task=3 label=44 result=121097305 live=0
SLIME_CLOCK served task=2 label=44 result=121113390 live=0
SLIME_CLOCK served task=3 label=44 result=121129981 live=0
SLIME_CLOCK served task=2 label=44 result=121145697 live=0
SLIME_CLOCK served task=3 label=44 result=121162529 live=0
SLIME_CLOCK served task=2 label=44 result=121179917 live=0
SLIME_CLOCK served task=3 label=44 result=121196591 live=0
SLIME_CLOCK served task=2 label=44 result=121212953 live=0
SLIME_CLOCK served task=3 label=44 result=121231105 live=0
SLIME_CLOCK served task=2 label=44 result=121249903 live=0
SLIME_CLOCK served task=3 label=44 result=121267710 live=0
SLIME_CLOCK served task=2 label=44 result=121284179 live=0
SLIME_CLOCK served task=3 label=44 result=121309067 live=0
SLIME_CLOCK served task=2 label=44 result=121325761 live=0
SLIME_CLOCK served task=3 label=44 result=121339521 live=0
SLIME_CLOCK served task=2 label=44 result=121351128 live=0
SLIME_CLOCK served task=3 label=44 result=121362793 live=0
SLIME_CLOCK served task=2 label=44 result=121375868 live=0
SLIME_CLOCK served task=3 label=44 result=121389016 live=0
SLIME_CLOCK served task=2 label=44 result=121400209 live=0
SLIME_CLOCK served task=3 label=44 result=121412008 live=0
SLIME_CLOCK served task=2 label=44 result=121423639 live=0
SLIME_CLOCK served task=3 label=44 result=121435078 live=0
SLIME_CLOCK served task=2 label=44 result=121445908 live=0
SLIME_CLOCK served task=3 label=44 result=121457122 live=0
SLIME_CLOCK served task=2 label=44 result=121467864 live=0
SLIME_CLOCK served task=3 label=44 result=121479485 live=0
SLIME_CLOCK served task=2 label=44 result=121490337 live=0
SLIME_CLOCK served task=3 label=44 result=121501670 live=0
SLIME_CLOCK served task=2 label=44 result=121512371 live=0
SLIME_CLOCK served task=3 label=44 result=121523834 live=0
SLIME_CLOCK served task=2 label=44 result=121534739 live=0
SLIME_CLOCK served task=3 label=44 result=121546185 live=0
SLIME_CLOCK served task=2 label=44 result=121558207 live=0
SLIME_CLOCK served task=3 label=44 result=121569608 live=0
SLIME_CLOCK served task=2 label=44 result=121580601 live=0
SLIME_CLOCK served task=3 label=44 result=121592292 live=0
SLIME_CLOCK served task=2 label=44 result=121603195 live=0
SLIME_CLOCK served task=3 label=44 result=121614714 live=0
SLIME_CLOCK served task=2 label=44 result=121625593 live=0
SLIME_CLOCK served task=3 label=44 result=121637160 live=0
SLIME_CLOCK served task=2 label=44 result=121647885 live=0
SLIME_CLOCK served task=3 label=44 result=121659448 live=0
SLIME_CLOCK served task=2 label=44 result=121670169 live=0
SLIME_CLOCK served task=3 label=44 result=121682648 live=0
SLIME_CLOCK served task=2 label=44 result=121693583 live=0
SLIME_CLOCK served task=3 label=44 result=121704786 live=0
SLIME_CLOCK served task=2 label=44 result=121715559 live=0
SLIME_CLOCK served task=3 label=44 result=121727143 live=0
SLIME_CLOCK served task=2 label=44 result=121738374 live=0
SLIME_CLOCK served task=3 label=44 result=121754896 live=0
SLIME_CLOCK served task=2 label=44 result=121764602 live=0
SLIME_CLOCK served task=3 label=44 result=121774848 live=0
SLIME_CLOCK served task=2 label=44 result=121787508 live=0
SLIME_CLOCK served task=3 label=44 result=121805829 live=0
SLIME_CLOCK served task=2 label=44 result=121833248 live=0
SLIME_CLOCK served task=3 label=44 result=121850898 live=0
SLIME_CLOCK served task=2 label=44 result=121866990 live=0
SLIME_CLOCK served task=3 label=44 result=121884296 live=0
SLIME_CLOCK served task=2 label=44 result=121898511 live=0
SLIME_CLOCK served task=3 label=44 result=121911630 live=0
SLIME_CLOCK served task=2 label=44 result=121923698 live=0
SLIME_CLOCK served task=3 label=44 result=121937788 live=0
SLIME_CLOCK served task=2 label=44 result=121950013 live=0
SLIME_CLOCK served task=3 label=44 result=121962851 live=0
SLIME_CLOCK served task=2 label=44 result=121975696 live=0
SLIME_CLOCK served task=3 label=44 result=121988707 live=0
SLIME_CLOCK served task=2 label=44 result=122000896 live=0
SLIME_CLOCK served task=3 label=44 result=122013686 live=0
SLIME_CLOCK served task=2 label=44 result=122025632 live=0
SLIME_CLOCK served task=3 label=44 result=122038434 live=0
SLIME_CLOCK served task=2 label=44 result=122050564 live=0
SLIME_CLOCK served task=3 label=44 result=122064409 live=0
SLIME_CLOCK served task=2 label=44 result=122076711 live=0
SLIME_CLOCK served task=3 label=44 result=122089562 live=0
SLIME_CLOCK served task=2 label=44 result=122101845 live=0
SLIME_CLOCK served task=3 label=44 result=122114734 live=0
SLIME_CLOCK served task=2 label=44 result=122127010 live=0
SLIME_CLOCK served task=3 label=44 result=122139895 live=0
SLIME_CLOCK served task=2 label=44 result=122152219 live=0
SLIME_CLOCK served task=3 label=44 result=122165307 live=0
SLIME_CLOCK served task=2 label=44 result=122177515 live=0
SLIME_CLOCK served task=3 label=44 result=122191597 live=0
SLIME_CLOCK served task=2 label=44 result=122203832 live=0
SLIME_CLOCK served task=3 label=44 result=122216984 live=0
SLIME_CLOCK served task=2 label=44 result=122229024 live=0
SLIME_CLOCK served task=3 label=44 result=122241816 live=0
SLIME_CLOCK served task=2 label=44 result=122253892 live=0
SLIME_CLOCK served task=3 label=44 result=122270303 live=0
SLIME_CLOCK served task=2 label=44 result=122286904 live=0
SLIME_CLOCK served task=3 label=44 result=122303064 live=0
SLIME_CLOCK served task=2 label=44 result=122342244 live=0
SLIME_CLOCK served task=3 label=44 result=122364214 live=0
SLIME_CLOCK served task=2 label=44 result=122378332 live=0
SLIME_CLOCK served task=3 label=44 result=122388597 live=0
SLIME_CLOCK served task=2 label=44 result=122402324 live=0
SLIME_CLOCK served task=3 label=44 result=122417962 live=0
SLIME_CLOCK served task=2 label=44 result=122433481 live=0
SLIME_CLOCK served task=3 label=44 result=122451195 live=0
SLIME_CLOCK served task=2 label=44 result=122466572 live=0
SLIME_CLOCK served task=3 label=44 result=122483104 live=0
SLIME_CLOCK served task=2 label=44 result=122498602 live=0
SLIME_CLOCK served task=3 label=44 result=122514933 live=0
SLIME_CLOCK served task=2 label=44 result=122530454 live=0
SLIME_CLOCK served task=3 label=44 result=122547051 live=0
SLIME_CLOCK served task=2 label=44 result=122563586 live=0
SLIME_CLOCK served task=3 label=44 result=122580010 live=0
SLIME_CLOCK served task=2 label=44 result=122595776 live=0
SLIME_CLOCK served task=3 label=44 result=122612315 live=0
SLIME_CLOCK served task=2 label=44 result=122627762 live=0
SLIME_CLOCK served task=3 label=44 result=122644010 live=0
SLIME_CLOCK served task=2 label=44 result=122659902 live=0
SLIME_CLOCK served task=3 label=44 result=122676298 live=0
SLIME_CLOCK served task=2 label=44 result=122692873 live=0
SLIME_CLOCK served task=3 label=44 result=122709265 live=0
SLIME_CLOCK served task=2 label=44 result=122724816 live=0
SLIME_CLOCK served task=3 label=44 result=122741039 live=0
SLIME_CLOCK served task=2 label=44 result=122756543 live=0
SLIME_CLOCK served task=3 label=44 result=122771475 live=0
SLIME_CLOCK served task=2 label=44 result=122781155 live=0
SLIME_CLOCK served task=3 label=44 result=122791597 live=0
SLIME_CLOCK served task=2 label=44 result=122804910 live=0
SLIME_CLOCK served task=3 label=44 result=122830003 live=0
SLIME_CLOCK served task=2 label=44 result=122864197 live=0
SLIME_CLOCK served task=3 label=44 result=122881845 live=0
SLIME_CLOCK served task=2 label=44 result=122898228 live=0
SLIME_CLOCK served task=3 label=44 result=122916379 live=0
SLIME_CLOCK served task=2 label=44 result=122928605 live=0
SLIME_CLOCK served task=3 label=44 result=122939903 live=0
SLIME_CLOCK served task=2 label=44 result=122952055 live=0
SLIME_CLOCK served task=3 label=44 result=122963741 live=0
SLIME_CLOCK served task=2 label=44 result=122975272 live=0
SLIME_CLOCK served task=3 label=44 result=122990628 live=0
SLIME_CLOCK served task=2 label=44 result=123005423 live=0
SLIME_CLOCK served task=3 label=44 result=123021166 live=0
SLIME_CLOCK served task=2 label=44 result=123034172 live=0
SLIME_CLOCK served task=3 label=44 result=123044639 live=0
SLIME_CLOCK served task=2 label=44 result=123054523 live=0
SLIME_CLOCK served task=3 label=44 result=123065010 live=0
SLIME_CLOCK served task=2 label=44 result=123077514 live=0
SLIME_CLOCK served task=3 label=44 result=123089183 live=0
SLIME_CLOCK served task=2 label=44 result=123100677 live=0
SLIME_CLOCK served task=3 label=44 result=123112138 live=0
SLIME_CLOCK served task=2 label=44 result=123123069 live=0
SLIME_CLOCK served task=3 label=44 result=123134499 live=0
SLIME_CLOCK served task=2 label=44 result=123145348 live=0
SLIME_CLOCK served task=3 label=44 result=123157080 live=0
SLIME_CLOCK served task=2 label=44 result=123168153 live=0
SLIME_CLOCK served task=3 label=44 result=123179526 live=0
SLIME_CLOCK served task=2 label=44 result=123190527 live=0
SLIME_CLOCK served task=3 label=44 result=123202959 live=0
SLIME_CLOCK served task=2 label=44 result=123214015 live=0
SLIME_CLOCK served task=3 label=44 result=123225622 live=0
SLIME_CLOCK served task=2 label=44 result=123236660 live=0
SLIME_CLOCK served task=3 label=44 result=123247837 live=0
SLIME_CLOCK served task=2 label=44 result=123258608 live=0
SLIME_CLOCK served task=3 label=44 result=123274096 live=0
SLIME_CLOCK served task=2 label=44 result=123289267 live=0
SLIME_CLOCK served task=3 label=44 result=123305449 live=0
SLIME_CLOCK served task=2 label=44 result=123320275 live=0
SLIME_CLOCK served task=3 label=44 result=123353677 live=0
SLIME_CLOCK served task=2 label=44 result=123365306 live=0
SLIME_CLOCK served task=3 label=44 result=123378121 live=0
SLIME_CLOCK served task=2 label=44 result=123389566 live=0
SLIME_CLOCK served task=3 label=44 result=123401727 live=0
SLIME_CLOCK served task=2 label=44 result=123413071 live=0
SLIME_CLOCK served task=3 label=44 result=123424633 live=0
SLIME_CLOCK served task=2 label=44 result=123435145 live=0
SLIME_CLOCK served task=3 label=44 result=123446551 live=0
SLIME_CLOCK served task=2 label=44 result=123458498 live=0
SLIME_CLOCK served task=3 label=44 result=123469722 live=0
SLIME_CLOCK served task=2 label=44 result=123480495 live=0
SLIME_CLOCK served task=3 label=44 result=123491733 live=0
SLIME_CLOCK served task=2 label=44 result=123502701 live=0
SLIME_CLOCK served task=3 label=44 result=123513998 live=0
SLIME_CLOCK served task=2 label=44 result=123524810 live=0
SLIME_CLOCK served task=3 label=44 result=123536184 live=0
SLIME_CLOCK served task=2 label=44 result=123546742 live=0
SLIME_CLOCK served task=3 label=44 result=123557891 live=0
SLIME_CLOCK served task=2 label=44 result=123568381 live=0
SLIME_CLOCK served task=3 label=44 result=123580452 live=0
SLIME_CLOCK served task=2 label=44 result=123591092 live=0
SLIME_CLOCK served task=3 label=44 result=123602646 live=0
SLIME_CLOCK served task=2 label=44 result=123613340 live=0
SLIME_CLOCK served task=3 label=44 result=123624362 live=0
SLIME_CLOCK served task=2 label=44 result=123634851 live=0
SLIME_CLOCK served task=3 label=44 result=123646215 live=0
SLIME_CLOCK served task=2 label=44 result=123656750 live=0
SLIME_CLOCK served task=3 label=44 result=123668011 live=0
SLIME_CLOCK served task=2 label=44 result=123678632 live=0
SLIME_CLOCK served task=3 label=44 result=123689966 live=0
SLIME_CLOCK served task=2 label=44 result=123700664 live=0
SLIME_CLOCK served task=3 label=44 result=123713053 live=0
SLIME_CLOCK served task=2 label=44 result=123723909 live=0
SLIME_CLOCK served task=3 label=44 result=123735299 live=0
SLIME_CLOCK served task=2 label=44 result=123745850 live=0
SLIME_CLOCK served task=3 label=44 result=123757269 live=0
SLIME_CLOCK served task=2 label=44 result=123772423 live=0
SLIME_CLOCK served task=3 label=44 result=123786746 live=0
SLIME_CLOCK served task=2 label=44 result=123796722 live=0
SLIME_CLOCK served task=3 label=44 result=123807288 live=0
SLIME_CLOCK served task=2 label=44 result=123817265 live=0
SLIME_CLOCK served task=3 label=44 result=123827797 live=0
SLIME_CLOCK served task=2 label=44 result=123839718 live=0
SLIME_CLOCK served task=3 label=44 result=123850610 live=0
SLIME_CLOCK served task=2 label=44 result=123860575 live=0
SLIME_CLOCK served task=3 label=44 result=123873406 live=0
SLIME_CLOCK served task=2 label=44 result=123885700 live=0
SLIME_CLOCK served task=3 label=44 result=123898566 live=0
SLIME_CLOCK served task=2 label=44 result=123913597 live=0
SLIME_CLOCK served task=3 label=44 result=123928210 live=0
SLIME_CLOCK served task=2 label=44 result=123942718 live=0
SLIME_CLOCK served task=3 label=44 result=123960527 live=0
SLIME_CLOCK served task=2 label=44 result=123976001 live=0
SLIME_CLOCK served task=3 label=44 result=123987656 live=0
SLIME_CLOCK served task=2 label=44 result=123998300 live=0
SLIME_CLOCK served task=3 label=44 result=124009426 live=0
SLIME_CLOCK served task=2 label=44 result=124022871 live=0
SLIME_CLOCK served task=3 label=44 result=124037655 live=0
SLIME_CLOCK served task=2 label=44 result=124051033 live=0
SLIME_CLOCK served task=3 label=44 result=124065187 live=0
SLIME_CLOCK served task=2 label=44 result=124078563 live=0
SLIME_CLOCK served task=3 label=44 result=124094162 live=0
SLIME_CLOCK served task=2 label=44 result=124107735 live=0
SLIME_CLOCK served task=3 label=44 result=124121975 live=0
SLIME_CLOCK served task=2 label=44 result=124135494 live=0
SLIME_CLOCK served task=3 label=44 result=124149796 live=0
SLIME_CLOCK served task=2 label=44 result=124163605 live=0
SLIME_CLOCK served task=3 label=44 result=124177852 live=0
SLIME_CLOCK served task=2 label=44 result=124191113 live=0
SLIME_CLOCK served task=3 label=44 result=124205211 live=0
SLIME_CLOCK served task=2 label=44 result=124220032 live=0
SLIME_CLOCK served task=3 label=44 result=124234547 live=0
SLIME_CLOCK served task=2 label=44 result=124247948 live=0
SLIME_CLOCK served task=3 label=44 result=124262055 live=0
SLIME_CLOCK served task=2 label=44 result=124274604 live=0
SLIME_CLOCK served task=3 label=44 result=124287082 live=0
SLIME_CLOCK served task=2 label=44 result=124299337 live=0
SLIME_CLOCK served task=3 label=44 result=124312017 live=0
SLIME_CLOCK served task=2 label=44 result=124324116 live=0
SLIME_CLOCK served task=3 label=44 result=124338053 live=0
SLIME_CLOCK served task=2 label=44 result=124350423 live=0
SLIME_CLOCK served task=3 label=44 result=124362941 live=0
SLIME_CLOCK served task=2 label=44 result=124378973 live=0
SLIME_CLOCK served task=3 label=44 result=124396376 live=0
SLIME_CLOCK served task=2 label=44 result=124410379 live=0
SLIME_CLOCK served task=3 label=44 result=124425506 live=0
SLIME_CLOCK served task=2 label=44 result=124440163 live=0
SLIME_CLOCK served task=3 label=44 result=124455984 live=0
SLIME_CLOCK served task=2 label=44 result=124475306 live=0
SLIME_CLOCK served task=3 label=44 result=124493208 live=0
SLIME_CLOCK served task=2 label=44 result=124509675 live=0
SLIME_CLOCK served task=3 label=44 result=124521168 live=0
SLIME_CLOCK served task=2 label=44 result=124532096 live=0
SLIME_CLOCK served task=3 label=44 result=124543887 live=0
SLIME_CLOCK served task=2 label=44 result=124554775 live=0
SLIME_CLOCK served task=3 label=44 result=124566023 live=0
SLIME_CLOCK served task=2 label=44 result=124576572 live=0
SLIME_CLOCK served task=3 label=44 result=124587854 live=0
SLIME_CLOCK served task=2 label=44 result=124599644 live=0
SLIME_CLOCK served task=3 label=44 result=124610857 live=0
SLIME_CLOCK served task=2 label=44 result=124621608 live=0
SLIME_CLOCK served task=3 label=44 result=124632874 live=0
SLIME_CLOCK served task=2 label=44 result=124643406 live=0
SLIME_CLOCK served task=3 label=44 result=124654969 live=0
SLIME_CLOCK served task=2 label=44 result=124666018 live=0
SLIME_CLOCK served task=3 label=44 result=124677253 live=0
SLIME_CLOCK served task=2 label=44 result=124687939 live=0
SLIME_CLOCK served task=3 label=44 result=124699325 live=0
SLIME_CLOCK served task=2 label=44 result=124710104 live=0
SLIME_CLOCK served task=3 label=44 result=124722551 live=0
SLIME_CLOCK served task=2 label=44 result=124733395 live=0
SLIME_CLOCK served task=3 label=44 result=124744802 live=0
SLIME_CLOCK served task=2 label=44 result=124755432 live=0
SLIME_CLOCK served task=3 label=44 result=124766823 live=0
SLIME_CLOCK served task=2 label=44 result=124777480 live=0
SLIME_CLOCK served task=3 label=44 result=124788915 live=0
SLIME_CLOCK served task=2 label=44 result=124799578 live=0
SLIME_CLOCK served task=3 label=44 result=124811078 live=0
SLIME_CLOCK served task=2 label=44 result=124821838 live=0
SLIME_CLOCK served task=3 label=44 result=124833386 live=0
SLIME_CLOCK served task=2 label=44 result=124845102 live=0
SLIME_CLOCK served task=3 label=44 result=124856537 live=0
SLIME_CLOCK served task=2 label=44 result=124867211 live=0
SLIME_CLOCK served task=3 label=44 result=124878441 live=0
SLIME_CLOCK served task=2 label=44 result=124890770 live=0
SLIME_CLOCK served task=3 label=44 result=124905893 live=0
SLIME_CLOCK served task=2 label=44 result=124920949 live=0
SLIME_CLOCK served task=3 label=44 result=124936902 live=0
SLIME_CLOCK served task=2 label=44 result=124951853 live=0
SLIME_CLOCK served task=3 label=44 result=124970536 live=0
SLIME_CLOCK served task=2 label=44 result=124982505 live=0
SLIME_CLOCK served task=3 label=44 result=124994176 live=0
SLIME_CLOCK served task=2 label=44 result=125005148 live=0
SLIME_CLOCK served task=3 label=44 result=125016458 live=0
SLIME_CLOCK served task=2 label=44 result=125027062 live=0
SLIME_CLOCK served task=3 label=44 result=125041464 live=0
SLIME_CLOCK served task=2 label=44 result=125061595 live=0
SLIME_CLOCK served task=3 label=44 result=125079139 live=0
SLIME_CLOCK served task=2 label=44 result=125094041 live=0
SLIME_CLOCK served task=3 label=44 result=125112533 live=0
SLIME_CLOCK served task=2 label=44 result=125123439 live=0
SLIME_CLOCK served task=3 label=44 result=125134722 live=0
SLIME_CLOCK served task=2 label=44 result=125146331 live=0
SLIME_CLOCK served task=3 label=44 result=125158129 live=0
SLIME_CLOCK served task=2 label=44 result=125168946 live=0
SLIME_CLOCK served task=3 label=44 result=125180240 live=0
SLIME_CLOCK served task=2 label=44 result=125190960 live=0
SLIME_CLOCK served task=3 label=44 result=125202503 live=0
SLIME_CLOCK served task=2 label=44 result=125213086 live=0
SLIME_CLOCK served task=3 label=44 result=125225812 live=0
SLIME_CLOCK served task=2 label=44 result=125237072 live=0
SLIME_CLOCK served task=3 label=44 result=125248460 live=0
SLIME_CLOCK served task=2 label=44 result=125260091 live=0
SLIME_CLOCK served task=3 label=44 result=125272402 live=0
SLIME_CLOCK served task=2 label=44 result=125284510 live=0
SLIME_CLOCK served task=3 label=44 result=125296802 live=0
SLIME_CLOCK served task=2 label=44 result=125308557 live=0
SLIME_CLOCK served task=3 label=44 result=125320622 live=0
SLIME_CLOCK served task=2 label=44 result=125332040 live=0
SLIME_CLOCK served task=3 label=44 result=125344328 live=0
SLIME_CLOCK served task=2 label=44 result=125357285 live=0
SLIME_CLOCK served task=3 label=44 result=125369048 live=0
SLIME_CLOCK served task=2 label=44 result=125380262 live=0
SLIME_CLOCK served task=3 label=44 result=125392088 live=0
SLIME_CLOCK served task=2 label=44 result=125403298 live=0
SLIME_CLOCK served task=3 label=44 result=125415287 live=0
SLIME_CLOCK served task=2 label=44 result=125426520 live=0
SLIME_CLOCK served task=3 label=44 result=125438277 live=0
SLIME_CLOCK served task=2 label=44 result=125449784 live=0
SLIME_CLOCK served task=3 label=44 result=125461666 live=0
SLIME_CLOCK served task=2 label=44 result=125472975 live=0
SLIME_CLOCK served task=3 label=44 result=125485902 live=0
SLIME_CLOCK served task=2 label=44 result=125497114 live=0
SLIME_CLOCK served task=3 label=44 result=125509939 live=0
SLIME_CLOCK served task=2 label=44 result=125524681 live=0
SLIME_CLOCK served task=3 label=44 result=125540799 live=0
SLIME_CLOCK served task=2 label=44 result=125555886 live=0
SLIME_CLOCK served task=3 label=44 result=125570981 live=0
SLIME_CLOCK served task=2 label=44 result=125585751 live=0
SLIME_CLOCK served task=3 label=44 result=125601494 live=0
SLIME_CLOCK served task=2 label=44 result=125620629 live=0
SLIME_CLOCK served task=3 label=44 result=125634433 live=0
SLIME_CLOCK served task=2 label=44 result=125645267 live=0
SLIME_CLOCK served task=3 label=44 result=125660097 live=0
SLIME_CLOCK served task=2 label=44 result=125670977 live=0
SLIME_CLOCK served task=3 label=44 result=125682565 live=0
SLIME_CLOCK served task=2 label=44 result=125693256 live=0
SLIME_CLOCK served task=3 label=44 result=125704937 live=0
SLIME_CLOCK served task=2 label=44 result=125715611 live=0
SLIME_CLOCK served task=3 label=44 result=125727469 live=0
SLIME_CLOCK served task=2 label=44 result=125739395 live=0
SLIME_CLOCK served task=3 label=44 result=125750669 live=0
SLIME_CLOCK served task=2 label=44 result=125761527 live=0
SLIME_CLOCK served task=3 label=44 result=125773154 live=0
SLIME_CLOCK served task=2 label=44 result=125784539 live=0
SLIME_CLOCK served task=3 label=44 result=125795751 live=0
SLIME_CLOCK served task=2 label=44 result=125806511 live=0
SLIME_CLOCK served task=3 label=44 result=125817931 live=0
SLIME_CLOCK served task=2 label=44 result=125829009 live=0
SLIME_CLOCK served task=3 label=44 result=125840495 live=0
SLIME_CLOCK served task=2 label=44 result=125851658 live=0
SLIME_CLOCK served task=3 label=44 result=125864043 live=0
SLIME_CLOCK served task=2 label=44 result=125874703 live=0
SLIME_CLOCK served task=3 label=44 result=125885996 live=0
SLIME_CLOCK served task=2 label=44 result=125896988 live=0
SLIME_CLOCK served task=3 label=44 result=125908557 live=0
SLIME_CLOCK served task=2 label=44 result=125919258 live=0
SLIME_CLOCK served task=3 label=44 result=125930424 live=0
SLIME_CLOCK served task=2 label=44 result=125941238 live=0
SLIME_CLOCK served task=3 label=44 result=125952526 live=0
SLIME_CLOCK served task=2 label=44 result=125963373 live=0
SLIME_CLOCK served task=3 label=44 result=125974943 live=0
SLIME_CLOCK served task=2 label=44 result=125986708 live=0
SLIME_CLOCK served task=3 label=44 result=125997927 live=0
SLIME_CLOCK served task=2 label=44 result=126008522 live=0
SLIME_CLOCK served task=3 label=44 result=126020334 live=0
SLIME_CLOCK served task=2 label=44 result=126036861 live=0
SLIME_CLOCK served task=3 label=44 result=126050525 live=0
SLIME_CLOCK served task=2 label=44 result=126060235 live=0
SLIME_CLOCK served task=3 label=44 result=126074487 live=0
SLIME_CLOCK served task=2 label=44 result=126089148 live=0
SLIME_CLOCK served task=3 label=44 result=126105176 live=0
SLIME_CLOCK served task=2 label=44 result=126126852 live=0
SLIME_CLOCK served task=3 label=44 result=126144755 live=0
SLIME_CLOCK served task=2 label=44 result=126157172 live=0
SLIME_CLOCK served task=3 label=44 result=126169737 live=0
SLIME_CLOCK served task=2 label=44 result=126180911 live=0
SLIME_CLOCK served task=3 label=44 result=126192402 live=0
SLIME_CLOCK served task=2 label=44 result=126203097 live=0
SLIME_CLOCK served task=3 label=44 result=126214610 live=0
SLIME_CLOCK served task=2 label=44 result=126225774 live=0
SLIME_CLOCK served task=3 label=44 result=126238209 live=0
SLIME_CLOCK served task=2 label=44 result=126249251 live=0
SLIME_CLOCK served task=3 label=44 result=126260541 live=0
SLIME_CLOCK served task=2 label=44 result=126271508 live=0
SLIME_CLOCK served task=3 label=44 result=126283680 live=0
SLIME_CLOCK served task=2 label=44 result=126294555 live=0
SLIME_CLOCK served task=3 label=44 result=126305940 live=0
SLIME_CLOCK served task=2 label=44 result=126317419 live=0
SLIME_CLOCK served task=3 label=44 result=126328963 live=0
SLIME_CLOCK served task=2 label=44 result=126339877 live=0
SLIME_CLOCK served task=3 label=44 result=126351519 live=0
SLIME_CLOCK served task=2 label=44 result=126362708 live=0
SLIME_CLOCK served task=3 label=44 result=126374790 live=0
SLIME_CLOCK served task=2 label=44 result=126385606 live=0
SLIME_CLOCK served task=3 label=44 result=126396892 live=0
SLIME_CLOCK served task=2 label=44 result=126408341 live=0
SLIME_CLOCK served task=3 label=44 result=126419852 live=0
SLIME_CLOCK served task=2 label=44 result=126430854 live=0
SLIME_CLOCK served task=3 label=44 result=126442794 live=0
SLIME_CLOCK served task=2 label=44 result=126454132 live=0
SLIME_CLOCK served task=3 label=44 result=126465810 live=0
SLIME_CLOCK served task=2 label=44 result=126477029 live=0
SLIME_CLOCK served task=3 label=44 result=126489244 live=0
SLIME_CLOCK served task=2 label=44 result=126500400 live=0
SLIME_CLOCK served task=3 label=44 result=126512138 live=0
SLIME_CLOCK served task=2 label=44 result=126522908 live=0
SLIME_CLOCK served task=3 label=44 result=126535054 live=0
SLIME_CLOCK served task=2 label=44 result=126549170 live=0
SLIME_CLOCK served task=3 label=44 result=126565015 live=0
SLIME_CLOCK served task=2 label=44 result=126579841 live=0
SLIME_CLOCK served task=3 label=44 result=126596379 live=0
SLIME_CLOCK served task=2 label=44 result=126611355 live=0
SLIME_CLOCK served task=3 label=44 result=126644285 live=0
SLIME_CLOCK served task=2 label=44 result=126661736 live=0
SLIME_CLOCK served task=3 label=44 result=126679310 live=0
SLIME_CLOCK served task=2 label=44 result=126696170 live=0
SLIME_CLOCK served task=3 label=44 result=126713754 live=0
SLIME_CLOCK served task=2 label=44 result=126731660 live=0
SLIME_CLOCK served task=3 label=44 result=126746070 live=0
SLIME_CLOCK served task=3 label=44 result=126764506 live=0
SLIME_CLOCK served task=2 label=44 result=126781337 live=0
SLIME_CLOCK served task=3 label=44 result=126799192 live=0
SLIME_CLOCK served task=2 label=44 result=126816182 live=0
SLIME_CLOCK served task=3 label=44 result=126833785 live=0
SLIME_CLOCK served task=2 label=44 result=126851064 live=0
SLIME_CLOCK served task=3 label=44 result=126868277 live=0
SLIME_CLOCK served task=2 label=44 result=126886367 live=0
SLIME_CLOCK served task=3 label=44 result=126903808 live=0
SLIME_CLOCK served task=2 label=44 result=126920794 live=0
SLIME_CLOCK served task=3 label=44 result=126937959 live=0
SLIME_CLOCK served task=2 label=44 result=126954855 live=0
SLIME_CLOCK served task=3 label=44 result=126972330 live=0
SLIME_CLOCK served task=2 label=44 result=126988942 live=0
SLIME_CLOCK served task=3 label=44 result=127007715 live=0
SLIME_CLOCK served task=2 label=44 result=127024595 live=0
SLIME_CLOCK served task=3 label=44 result=127042176 live=0
SLIME_CLOCK served task=2 label=44 result=127059251 live=0
SLIME_CLOCK served task=3 label=44 result=127077063 live=0
SLIME_CLOCK served task=2 label=44 result=127093189 live=0
SLIME_CLOCK served task=3 label=44 result=127109046 live=0
SLIME_CLOCK served task=2 label=44 result=127125645 live=0
SLIME_CLOCK served task=3 label=44 result=127143322 live=0
SLIME_CLOCK served task=2 label=44 result=127160329 live=0
SLIME_CLOCK served task=3 label=44 result=127178012 live=0
SLIME_CLOCK served task=2 label=44 result=127191100 live=0
SLIME_CLOCK served task=3 label=44 result=127203391 live=0
SLIME_CLOCK served task=2 label=44 result=127214631 live=0
SLIME_CLOCK served task=3 label=44 result=127226415 live=0
SLIME_CLOCK served task=2 label=44 result=127237098 live=0
SLIME_CLOCK served task=3 label=44 result=127248403 live=0
SLIME_CLOCK served task=2 label=44 result=127260355 live=0
SLIME_CLOCK served task=3 label=44 result=127271726 live=0
SLIME_CLOCK served task=2 label=44 result=127283182 live=0
SLIME_CLOCK served task=3 label=44 result=127294716 live=0
SLIME_CLOCK served task=2 label=44 result=127305246 live=0
SLIME_CLOCK served task=3 label=44 result=127316604 live=0
SLIME_CLOCK served task=2 label=44 result=127327368 live=0
SLIME_CLOCK served task=3 label=44 result=127338712 live=0
SLIME_CLOCK served task=2 label=44 result=127350187 live=0
SLIME_CLOCK served task=3 label=44 result=127361515 live=0
SLIME_CLOCK served task=2 label=44 result=127372172 live=0
SLIME_CLOCK served task=3 label=44 result=127384709 live=0
SLIME_CLOCK served task=2 label=44 result=127395386 live=0
SLIME_CLOCK served task=3 label=44 result=127407184 live=0
SLIME_CLOCK served task=2 label=44 result=127418231 live=0
SLIME_CLOCK served task=3 label=44 result=127429601 live=0
SLIME_CLOCK served task=2 label=44 result=127440296 live=0
SLIME_CLOCK served task=3 label=44 result=127451671 live=0
SLIME_CLOCK served task=2 label=44 result=127462436 live=0
SLIME_CLOCK served task=3 label=44 result=127474230 live=0
SLIME_CLOCK served task=2 label=44 result=127485050 live=0
SLIME_CLOCK served task=3 label=44 result=127496334 live=0
SLIME_CLOCK served task=2 label=44 result=127507874 live=0
SLIME_CLOCK served task=3 label=44 result=127521249 live=0
SLIME_CLOCK served task=2 label=44 result=127531923 live=0
SLIME_CLOCK served task=3 label=44 result=127542688 live=0
SLIME_CLOCK served task=2 label=44 result=127552300 live=0
SLIME_CLOCK served task=3 label=44 result=127564674 live=0
SLIME_CLOCK served task=2 label=44 result=127578602 live=0
SLIME_CLOCK served task=3 label=44 result=127594467 live=0
SLIME_CLOCK served task=2 label=44 result=127609690 live=0
SLIME_CLOCK served task=3 label=44 result=127625645 live=0
SLIME_CLOCK served task=2 label=44 result=127642978 live=0
SLIME_CLOCK served task=3 label=44 result=127653639 live=0
SLIME_CLOCK served task=2 label=44 result=127663622 live=0
SLIME_CLOCK served task=3 label=44 result=127674206 live=0
SLIME_CLOCK served task=2 label=44 result=127683812 live=0
SLIME_CLOCK served task=3 label=44 result=127694018 live=0
SLIME_CLOCK served task=2 label=44 result=127706258 live=0
SLIME_CLOCK served task=3 label=44 result=127720986 live=0
SLIME_CLOCK served task=2 label=44 result=127734597 live=0
SLIME_CLOCK served task=3 label=44 result=127749057 live=0
SLIME_CLOCK served task=2 label=44 result=127765988 live=0
SLIME_CLOCK served task=3 label=44 result=127781688 live=0
SLIME_CLOCK served task=2 label=44 result=127796360 live=0
SLIME_CLOCK served task=3 label=44 result=127811603 live=0
SLIME_CLOCK served task=2 label=44 result=127826002 live=0
SLIME_CLOCK served task=3 label=44 result=127841700 live=0
SLIME_CLOCK served task=2 label=44 result=127856463 live=0
SLIME_CLOCK served task=3 label=44 result=127871874 live=0
SLIME_CLOCK served task=2 label=44 result=127887830 live=0
SLIME_CLOCK served task=3 label=44 result=127903392 live=0
SLIME_CLOCK served task=2 label=44 result=127918333 live=0
SLIME_CLOCK served task=3 label=44 result=127933706 live=0
SLIME_CLOCK served task=2 label=44 result=127948367 live=0
SLIME_CLOCK served task=3 label=44 result=127963782 live=0
SLIME_CLOCK served task=2 label=44 result=127978693 live=0
SLIME_CLOCK served task=3 label=44 result=127994391 live=0
SLIME_CLOCK served task=2 label=44 result=128011804 live=0
SLIME_CLOCK served task=3 label=44 result=128028780 live=0
SLIME_CLOCK served task=2 label=44 result=128045275 live=0
SLIME_CLOCK served task=3 label=44 result=128061910 live=0
SLIME_CLOCK served task=2 label=44 result=128078049 live=0
SLIME_CLOCK served task=3 label=44 result=128093355 live=0
SLIME_CLOCK served task=2 label=44 result=128107922 live=0
SLIME_CLOCK served task=3 label=44 result=128122754 live=0
SLIME_CLOCK served task=2 label=44 result=128139163 live=0
SLIME_CLOCK served task=3 label=44 result=128156863 live=0
SLIME_CLOCK served task=2 label=44 result=128171600 live=0
SLIME_CLOCK served task=3 label=44 result=128187154 live=0
SLIME_CLOCK served task=2 label=44 result=128202051 live=0
SLIME_CLOCK served task=3 label=44 result=128215393 live=0
SLIME_CLOCK served task=2 label=44 result=128229618 live=0
SLIME_CLOCK served task=3 label=44 result=128242951 live=0
SLIME_CLOCK served task=2 label=44 result=128253728 live=0
SLIME_CLOCK served task=3 label=44 result=128264855 live=0
SLIME_CLOCK served task=2 label=44 result=128274513 live=0
SLIME_CLOCK served task=3 label=44 result=128285093 live=0
SLIME_CLOCK served task=2 label=44 result=128294674 live=0
SLIME_CLOCK served task=3 label=44 result=128304897 live=0
SLIME_CLOCK served task=2 label=44 result=128314455 live=0
SLIME_CLOCK served task=3 label=44 result=128324628 live=0
SLIME_CLOCK served task=2 label=44 result=128334863 live=0
SLIME_CLOCK served task=3 label=44 result=128346797 live=0
SLIME_CLOCK served task=2 label=44 result=128359132 live=0
SLIME_CLOCK served task=3 label=44 result=128371933 live=0
SLIME_CLOCK served task=2 label=44 result=128384439 live=0
SLIME_CLOCK served task=3 label=44 result=128398374 live=0
SLIME_CLOCK served task=2 label=44 result=128410464 live=0
SLIME_CLOCK served task=3 label=44 result=128421560 live=0
SLIME_CLOCK served task=2 label=44 result=128432319 live=0
SLIME_CLOCK served task=3 label=44 result=128443630 live=0
SLIME_CLOCK served task=2 label=44 result=128454097 live=0
SLIME_CLOCK served task=3 label=44 result=128465268 live=0
SLIME_CLOCK served task=2 label=44 result=128476691 live=0
SLIME_CLOCK served task=3 label=44 result=128487916 live=0
SLIME_CLOCK served task=2 label=44 result=128498680 live=0
SLIME_CLOCK served task=3 label=44 result=128509863 live=0
SLIME_CLOCK served task=2 label=44 result=128521398 live=0
SLIME_CLOCK served task=3 label=44 result=128532593 live=0
SLIME_CLOCK served task=2 label=44 result=128543374 live=0
SLIME_CLOCK served task=3 label=44 result=128554659 live=0
SLIME_CLOCK served task=2 label=44 result=128565211 live=0
SLIME_CLOCK served task=3 label=44 result=128576926 live=0
SLIME_CLOCK served task=2 label=44 result=128589941 live=0
SLIME_CLOCK served task=3 label=44 result=128604998 live=0
SLIME_CLOCK served task=2 label=44 result=128619404 live=0
SLIME_CLOCK served task=3 label=44 result=128634408 live=0
SLIME_CLOCK served task=2 label=44 result=128670908 live=0
SLIME_CLOCK served task=3 label=44 result=128704866 live=0
SLIME_CLOCK served task=2 label=44 result=128718012 live=0
SLIME_CLOCK served task=3 label=44 result=128729749 live=0
SLIME_CLOCK served task=2 label=44 result=128743452 live=0
SLIME_CLOCK served task=3 label=44 result=128754959 live=0
SLIME_CLOCK served task=2 label=44 result=128765532 live=0
SLIME_CLOCK served task=3 label=44 result=128778141 live=0
SLIME_CLOCK served task=2 label=44 result=128789068 live=0
SLIME_CLOCK served task=3 label=44 result=128800331 live=0
SLIME_CLOCK served task=2 label=44 result=128810777 live=0
SLIME_CLOCK served task=3 label=44 result=128822014 live=0
SLIME_CLOCK served task=2 label=44 result=128832626 live=0
SLIME_CLOCK served task=3 label=44 result=128843817 live=0
SLIME_CLOCK served task=2 label=44 result=128854873 live=0
SLIME_CLOCK served task=3 label=44 result=128866097 live=0
SLIME_CLOCK served task=2 label=44 result=128876619 live=0
SLIME_CLOCK served task=3 label=44 result=128887874 live=0
SLIME_CLOCK served task=2 label=44 result=128899712 live=0
SLIME_CLOCK served task=3 label=44 result=128911216 live=0
SLIME_CLOCK served task=2 label=44 result=128921964 live=0
SLIME_CLOCK served task=3 label=44 result=128933295 live=0
SLIME_CLOCK served task=2 label=44 result=128944290 live=0
SLIME_CLOCK served task=3 label=44 result=128955515 live=0
SLIME_CLOCK served task=2 label=44 result=128966150 live=0
SLIME_CLOCK served task=3 label=44 result=128977666 live=0
SLIME_CLOCK served task=2 label=44 result=128988338 live=0
SLIME_CLOCK served task=3 label=44 result=128999527 live=0
SLIME_CLOCK served task=2 label=44 result=129010029 live=0
SLIME_CLOCK served task=3 label=44 result=129021996 live=0
SLIME_CLOCK served task=2 label=44 result=129032757 live=0
SLIME_CLOCK served task=3 label=44 result=129044467 live=0
SLIME_CLOCK served task=2 label=44 result=129055125 live=0
SLIME_CLOCK served task=3 label=44 result=129066256 live=0
SLIME_CLOCK served task=2 label=44 result=129076911 live=0
SLIME_CLOCK served task=3 label=44 result=129088162 live=0
SLIME_CLOCK served task=2 label=44 result=129100181 live=0
SLIME_CLOCK served task=3 label=44 result=129115125 live=0
SLIME_CLOCK served task=2 label=44 result=129125360 live=0
SLIME_CLOCK served task=3 label=44 result=129135604 live=0
SLIME_CLOCK served task=2 label=44 result=129147367 live=0
SLIME_CLOCK served task=3 label=44 result=129200223 live=0
SLIME_CLOCK served task=2 label=44 result=129216819 live=0
SLIME_CLOCK served task=3 label=44 result=129234093 live=0
SLIME_CLOCK served task=2 label=44 result=129250224 live=0
SLIME_CLOCK served task=3 label=44 result=129267483 live=0
SLIME_CLOCK served task=2 label=44 result=129285920 live=0
SLIME_CLOCK served task=3 label=44 result=129304026 live=0
SLIME_CLOCK served task=2 label=44 result=129317856 live=0
SLIME_CLOCK served task=3 label=44 result=129329177 live=0
SLIME_CLOCK served task=2 label=44 result=129339861 live=0
SLIME_CLOCK served task=3 label=44 result=129352002 live=0
SLIME_CLOCK served task=2 label=44 result=129362848 live=0
SLIME_CLOCK served task=3 label=44 result=129374117 live=0
SLIME_CLOCK served task=2 label=44 result=129384870 live=0
SLIME_CLOCK served task=3 label=44 result=129395837 live=0
SLIME_CLOCK served task=2 label=44 result=129407610 live=0
SLIME_CLOCK served task=3 label=44 result=129419185 live=0
SLIME_CLOCK served task=2 label=44 result=129429788 live=0
SLIME_CLOCK served task=3 label=44 result=129440941 live=0
SLIME_CLOCK served task=2 label=44 result=129451569 live=0
SLIME_CLOCK served task=3 label=44 result=129463066 live=0
SLIME_CLOCK served task=2 label=44 result=129474052 live=0
SLIME_CLOCK served task=3 label=44 result=129485139 live=0
SLIME_CLOCK served task=2 label=44 result=129495720 live=0
SLIME_CLOCK served task=3 label=44 result=129506756 live=0
SLIME_CLOCK served task=2 label=44 result=129517283 live=0
SLIME_CLOCK served task=3 label=44 result=129529428 live=0
SLIME_CLOCK served task=2 label=44 result=129540150 live=0
SLIME_CLOCK served task=3 label=44 result=129551272 live=0
SLIME_CLOCK served task=2 label=44 result=129562026 live=0
SLIME_CLOCK served task=3 label=44 result=129573275 live=0
SLIME_CLOCK served task=2 label=44 result=129583657 live=0
SLIME_CLOCK served task=3 label=44 result=129595163 live=0
SLIME_CLOCK served task=2 label=44 result=129605736 live=0
SLIME_CLOCK served task=3 label=44 result=129620125 live=0
SLIME_CLOCK served task=2 label=44 result=129634376 live=0
SLIME_CLOCK served task=3 label=44 result=129650084 live=0
SLIME_CLOCK served task=2 label=44 result=129692866 live=0
SLIME_CLOCK served task=3 label=44 result=129729043 live=0
SLIME_CLOCK served task=2 label=44 result=129745909 live=0
SLIME_CLOCK served task=3 label=44 result=129763568 live=0
SLIME_CLOCK served task=2 label=44 result=129778406 live=0
SLIME_CLOCK served task=3 label=44 result=129792959 live=0
SLIME_CLOCK served task=2 label=44 result=129803952 live=0
SLIME_CLOCK served task=3 label=44 result=129815300 live=0
SLIME_CLOCK served task=2 label=44 result=129826023 live=0
SLIME_CLOCK served task=3 label=44 result=129837373 live=0
SLIME_CLOCK served task=2 label=44 result=129848247 live=0
SLIME_CLOCK served task=3 label=44 result=129859589 live=0
SLIME_CLOCK served task=2 label=44 result=129870181 live=0
SLIME_CLOCK served task=3 label=44 result=129881580 live=0
SLIME_CLOCK served task=2 label=44 result=129892154 live=0
SLIME_CLOCK served task=3 label=44 result=129903370 live=0
SLIME_CLOCK served task=2 label=44 result=129915197 live=0
SLIME_CLOCK served task=3 label=44 result=129926358 live=0
SLIME_CLOCK served task=2 label=44 result=129937047 live=0
SLIME_CLOCK served task=3 label=44 result=129948204 live=0
SLIME_CLOCK served task=2 label=44 result=129958820 live=0
SLIME_CLOCK served task=3 label=44 result=129970062 live=0
SLIME_CLOCK served task=2 label=44 result=129982221 live=0
SLIME_CLOCK served task=3 label=44 result=129994549 live=0
SLIME_CLOCK served task=2 label=44 result=130006548 live=0
SLIME_CLOCK served task=3 label=44 result=130018985 live=0
SLIME_CLOCK served task=2 label=44 result=130030887 live=0
SLIME_CLOCK served task=3 label=44 result=130044961 live=0
SLIME_CLOCK served task=2 label=44 result=130056683 live=0
SLIME_CLOCK served task=3 label=44 result=130069179 live=0
SLIME_CLOCK served task=2 label=44 result=130080945 live=0
SLIME_CLOCK served task=3 label=44 result=130093315 live=0
SLIME_CLOCK served task=2 label=44 result=130104363 live=0
SLIME_CLOCK served task=3 label=44 result=130115768 live=0
SLIME_CLOCK served task=2 label=44 result=130128743 live=0
SLIME_CLOCK served task=3 label=44 result=130143709 live=0
SLIME_CLOCK served task=2 label=44 result=130158820 live=0
SLIME_CLOCK served task=3 label=44 result=130181507 live=0
SLIME_CLOCK served task=2 label=44 result=130198275 live=0
SLIME_CLOCK served task=3 label=44 result=130211454 live=0
SLIME_CLOCK served task=2 label=44 result=130223289 live=0
SLIME_CLOCK served task=3 label=44 result=130234517 live=0
SLIME_CLOCK served task=2 label=44 result=130245061 live=0
SLIME_CLOCK served task=3 label=44 result=130256176 live=0
SLIME_CLOCK served task=2 label=44 result=130270065 live=0
SLIME_CLOCK served task=3 label=44 result=130286341 live=0
SLIME_CLOCK served task=2 label=44 result=130318262 live=0
SLIME_CLOCK served task=3 label=44 result=130332733 live=0
SLIME_CLOCK served task=2 label=44 result=130342242 live=0
SLIME_CLOCK served task=3 label=44 result=130352774 live=0
SLIME_CLOCK served task=2 label=44 result=130362177 live=0
SLIME_CLOCK served task=3 label=44 result=130372153 live=0
SLIME_CLOCK served task=2 label=44 result=130381550 live=0
SLIME_CLOCK served task=3 label=44 result=130391504 live=0
SLIME_CLOCK served task=2 label=44 result=130400923 live=0
SLIME_CLOCK served task=3 label=44 result=130411651 live=0
SLIME_CLOCK served task=2 label=44 result=130424873 live=0
SLIME_CLOCK served task=3 label=44 result=130437228 live=0
SLIME_CLOCK served task=2 label=44 result=130448645 live=0
SLIME_CLOCK served task=3 label=44 result=130460560 live=0
SLIME_CLOCK served task=2 label=44 result=130471885 live=0
SLIME_CLOCK served task=3 label=44 result=130483219 live=0
SLIME_CLOCK served task=2 label=44 result=130497498 live=0
SLIME_CLOCK served task=3 label=44 result=130509821 live=0
SLIME_CLOCK served task=2 label=44 result=130521110 live=0
SLIME_CLOCK served task=3 label=44 result=130533272 live=0
SLIME_CLOCK served task=2 label=44 result=130545656 live=0
SLIME_CLOCK served task=2 label=44 result=130557718 live=0
SLIME_CLOCK served task=3 label=44 result=130569488 live=0
SLIME_CLOCK served task=2 label=44 result=130580143 live=0
SLIME_CLOCK served task=3 label=44 result=130591526 live=0
SLIME_CLOCK served task=2 label=44 result=130602468 live=0
SLIME_CLOCK served task=3 label=44 result=130613560 live=0
SLIME_CLOCK served task=2 label=44 result=130624140 live=0
SLIME_CLOCK served task=3 label=44 result=130635521 live=0
SLIME_CLOCK served task=2 label=44 result=130646172 live=0
SLIME_CLOCK served task=3 label=44 result=130657561 live=0
SLIME_CLOCK served task=2 label=44 result=130668281 live=0
SLIME_CLOCK served task=3 label=44 result=130681662 live=0
SLIME_CLOCK served task=2 label=44 result=130692818 live=0
SLIME_CLOCK served task=3 label=44 result=130704860 live=0
SLIME_CLOCK served task=2 label=44 result=130715947 live=0
SLIME_CLOCK served task=3 label=44 result=130731476 live=0
SLIME_CLOCK served task=2 label=44 result=130746089 live=0
SLIME_CLOCK served task=3 label=44 result=130761824 live=0
SLIME_CLOCK served task=2 label=44 result=130776826 live=0
SLIME_CLOCK served task=3 label=44 result=130793129 live=0
SLIME_CLOCK served task=2 label=44 result=130807764 live=0
SLIME_CLOCK served task=3 label=44 result=130821595 live=0
SLIME_CLOCK served task=2 label=44 result=130831141 live=0
SLIME_CLOCK served task=3 label=44 result=130841218 live=0
SLIME_CLOCK served task=2 label=44 result=130851207 live=0
SLIME_CLOCK served task=3 label=44 result=130861228 live=0
SLIME_CLOCK served task=2 label=44 result=130870676 live=0
SLIME_CLOCK served task=3 label=44 result=130880684 live=0
SLIME_CLOCK served task=2 label=44 result=130890120 live=0
SLIME_CLOCK served task=3 label=44 result=130900132 live=0
SLIME_CLOCK served task=2 label=44 result=130913178 live=0
SLIME_CLOCK served task=3 label=44 result=130924539 live=0
SLIME_CLOCK served task=2 label=44 result=130935231 live=0
SLIME_CLOCK served task=3 label=44 result=130946469 live=0
SLIME_CLOCK served task=2 label=44 result=130957138 live=0
SLIME_CLOCK served task=3 label=44 result=130968548 live=0
SLIME_CLOCK served task=2 label=44 result=130980026 live=0
SLIME_CLOCK served task=3 label=44 result=130992751 live=0
SLIME_CLOCK served task=2 label=44 result=131004682 live=0
SLIME_CLOCK served task=3 label=44 result=131017021 live=0
SLIME_CLOCK served task=2 label=44 result=131028649 live=0
SLIME_CLOCK served task=3 label=44 result=131041903 live=0
SLIME_CLOCK served task=2 label=44 result=131052685 live=0
SLIME_CLOCK served task=3 label=44 result=131064050 live=0
SLIME_CLOCK served task=2 label=44 result=131074625 live=0
SLIME_CLOCK served task=3 label=44 result=131086011 live=0
SLIME_CLOCK served task=2 label=44 result=131096991 live=0
SLIME_CLOCK served task=3 label=44 result=131108147 live=0
SLIME_CLOCK served task=2 label=44 result=131118656 live=0
SLIME_CLOCK served task=3 label=44 result=131129911 live=0
SLIME_CLOCK served task=2 label=44 result=131140552 live=0
SLIME_CLOCK served task=3 label=44 result=131151707 live=0
SLIME_CLOCK served task=2 label=44 result=131163337 live=0
SLIME_CLOCK served task=3 label=44 result=131174710 live=0
SLIME_CLOCK served task=2 label=44 result=131185469 live=0
SLIME_CLOCK served task=3 label=44 result=131196780 live=0
SLIME_CLOCK served task=2 label=44 result=131207530 live=0
SLIME_CLOCK served task=3 label=44 result=131218680 live=0
SLIME_CLOCK served task=2 label=44 result=131230028 live=0
SLIME_CLOCK served task=3 label=44 result=131245107 live=0
SLIME_CLOCK served task=2 label=44 result=131259369 live=0
SLIME_CLOCK served task=3 label=44 result=131274906 live=0
SLIME_CLOCK served task=2 label=44 result=131291839 live=0
SLIME_CLOCK served task=3 label=44 result=131309601 live=0
SLIME_CLOCK served task=2 label=44 result=131325991 live=0
SLIME_CLOCK served task=3 label=44 result=131336870 live=0
SLIME_CLOCK served task=2 label=44 result=131347271 live=0
SLIME_CLOCK served task=3 label=44 result=131357924 live=0
SLIME_CLOCK served task=2 label=44 result=131367991 live=0
SLIME_CLOCK served task=3 label=44 result=131378523 live=0
SLIME_CLOCK served task=2 label=44 result=131392157 live=0
SLIME_CLOCK served task=3 label=44 result=131407709 live=0
SLIME_CLOCK served task=2 label=44 result=131431220 live=0
SLIME_CLOCK served task=3 label=44 result=131447071 live=0
SLIME_CLOCK served task=2 label=44 result=131461910 live=0
SLIME_CLOCK served task=3 label=44 result=131473502 live=0
SLIME_CLOCK served task=2 label=44 result=131485874 live=0
SLIME_CLOCK served task=3 label=44 result=131498584 live=0
SLIME_CLOCK served task=2 label=44 result=131512157 live=0
SLIME_CLOCK served task=3 label=44 result=131527062 live=0
SLIME_CLOCK served task=2 label=44 result=131541457 live=0
SLIME_CLOCK served task=3 label=44 result=131557608 live=0
SLIME_CLOCK served task=2 label=44 result=131571568 live=0
SLIME_CLOCK served task=3 label=44 result=131586578 live=0
SLIME_CLOCK served task=2 label=44 result=131601296 live=0
SLIME_CLOCK served task=3 label=44 result=131615841 live=0
SLIME_CLOCK served task=2 label=44 result=131630034 live=0
SLIME_CLOCK served task=3 label=44 result=131644892 live=0
SLIME_CLOCK served task=2 label=44 result=131658600 live=0
SLIME_CLOCK served task=3 label=44 result=131674603 live=0
SLIME_CLOCK served task=2 label=44 result=131688075 live=0
SLIME_CLOCK served task=3 label=44 result=131702343 live=0
SLIME_CLOCK served task=2 label=44 result=131715689 live=0
SLIME_CLOCK served task=3 label=44 result=131730599 live=0
SLIME_CLOCK served task=2 label=44 result=131745114 live=0
SLIME_CLOCK served task=3 label=44 result=131759370 live=0
SLIME_CLOCK served task=2 label=44 result=131770190 live=0
SLIME_CLOCK served task=3 label=44 result=131781349 live=0
SLIME_CLOCK served task=2 label=44 result=131792611 live=0
SLIME_CLOCK served task=3 label=44 result=131805187 live=0
SLIME_CLOCK served task=2 label=44 result=131815822 live=0
SLIME_CLOCK served task=3 label=44 result=131826868 live=0
SLIME_CLOCK served task=2 label=44 result=131837672 live=0
SLIME_CLOCK served task=3 label=44 result=131849284 live=0
SLIME_CLOCK served task=2 label=44 result=131864580 live=0
SLIME_CLOCK served task=3 label=44 result=131879908 live=0
SLIME_CLOCK served task=2 label=44 result=131894781 live=0
SLIME_CLOCK served task=3 label=44 result=131910640 live=0
SLIME_CLOCK served task=2 label=44 result=131927508 live=0
SLIME_CLOCK served task=3 label=44 result=131948000 live=0
SLIME_CLOCK served task=2 label=44 result=131958805 live=0
SLIME_CLOCK served task=3 label=44 result=131970649 live=0
SLIME_CLOCK served task=2 label=44 result=131981857 live=0
SLIME_CLOCK served task=3 label=44 result=131996492 live=0
SLIME_CLOCK served task=2 label=44 result=132013020 live=0
SLIME_CLOCK served task=3 label=44 result=132030359 live=0
SLIME_CLOCK served task=2 label=44 result=132046724 live=0
SLIME_CLOCK served task=3 label=44 result=132064790 live=0
SLIME_CLOCK served task=2 label=44 result=132080996 live=0
SLIME_CLOCK served task=3 label=44 result=132094554 live=0
SLIME_CLOCK served task=2 label=44 result=132105786 live=0
SLIME_CLOCK served task=3 label=44 result=132116998 live=0
SLIME_CLOCK served task=2 label=44 result=132127839 live=0
SLIME_CLOCK served task=3 label=44 result=132139189 live=0
SLIME_CLOCK served task=2 label=44 result=132149951 live=0
SLIME_CLOCK served task=3 label=44 result=132161707 live=0
SLIME_CLOCK served task=2 label=44 result=132174201 live=0
SLIME_CLOCK served task=3 label=44 result=132187574 live=0
SLIME_CLOCK served task=2 label=44 result=132198409 live=0
SLIME_CLOCK served task=3 label=44 result=132209626 live=0
SLIME_CLOCK served task=2 label=44 result=132220769 live=0
SLIME_CLOCK served task=3 label=44 result=132232091 live=0
SLIME_CLOCK served task=2 label=44 result=132243032 live=0
SLIME_CLOCK served task=3 label=44 result=132256423 live=0
SLIME_CLOCK served task=2 label=44 result=132267229 live=0
SLIME_CLOCK served task=3 label=44 result=132278582 live=0
SLIME_CLOCK served task=2 label=44 result=132289860 live=0
SLIME_CLOCK served task=3 label=44 result=132301378 live=0
SLIME_CLOCK served task=2 label=44 result=132313464 live=0
SLIME_CLOCK served task=3 label=44 result=132324656 live=0
SLIME_CLOCK served task=2 label=44 result=132335542 live=0
SLIME_CLOCK served task=3 label=44 result=132347051 live=0
SLIME_CLOCK served task=2 label=44 result=132357804 live=0
SLIME_CLOCK served task=3 label=44 result=132372454 live=0
SLIME_CLOCK served task=2 label=44 result=132382682 live=0
SLIME_CLOCK served task=3 label=44 result=132392844 live=0
SLIME_CLOCK served task=2 label=44 result=132402391 live=0
SLIME_CLOCK served task=3 label=44 result=132417716 live=0
SLIME_CLOCK served task=2 label=44 result=132435506 live=0
SLIME_CLOCK served task=3 label=44 result=132469434 live=0
SLIME_CLOCK served task=2 label=44 result=132482491 live=0
SLIME_CLOCK served task=3 label=44 result=132492760 live=0
SLIME_CLOCK served task=2 label=44 result=132502355 live=0
SLIME_CLOCK served task=3 label=44 result=132512532 live=0
SLIME_CLOCK served task=2 label=44 result=132522096 live=0
SLIME_CLOCK served task=3 label=44 result=132532208 live=0
SLIME_CLOCK served task=2 label=44 result=132542052 live=0
SLIME_CLOCK served task=3 label=44 result=132552202 live=0
SLIME_CLOCK served task=2 label=44 result=132564628 live=0
SLIME_CLOCK served task=3 label=44 result=132576217 live=0
SLIME_CLOCK served task=2 label=44 result=132586923 live=0
SLIME_CLOCK served task=3 label=44 result=132598392 live=0
SLIME_CLOCK served task=2 label=44 result=132609186 live=0
SLIME_CLOCK served task=3 label=44 result=132620320 live=0
SLIME_CLOCK served task=2 label=44 result=132631187 live=0
SLIME_CLOCK served task=3 label=44 result=132643129 live=0
SLIME_CLOCK served task=2 label=44 result=132653821 live=0
SLIME_CLOCK served task=3 label=44 result=132665571 live=0
SLIME_CLOCK served task=2 label=44 result=132676229 live=0
SLIME_CLOCK served task=3 label=44 result=132688320 live=0
SLIME_CLOCK served task=2 label=44 result=132698870 live=0
SLIME_CLOCK served task=3 label=44 result=132710167 live=0
SLIME_CLOCK served task=2 label=44 result=132721358 live=0
SLIME_CLOCK served task=3 label=44 result=132732523 live=0
SLIME_CLOCK served task=2 label=44 result=132742945 live=0
SLIME_CLOCK served task=3 label=44 result=132754187 live=0
SLIME_CLOCK served task=2 label=44 result=132764959 live=0
SLIME_CLOCK served task=3 label=44 result=132776161 live=0
SLIME_CLOCK served task=2 label=44 result=132786876 live=0
SLIME_CLOCK served task=3 label=44 result=132798050 live=0
SLIME_CLOCK served task=2 label=44 result=132808526 live=0
SLIME_CLOCK served task=3 label=44 result=132820682 live=0
SLIME_CLOCK served task=2 label=44 result=132831246 live=0
SLIME_CLOCK served task=3 label=44 result=132842501 live=0
SLIME_CLOCK served task=2 label=44 result=132853610 live=0
SLIME_CLOCK served task=3 label=44 result=132864881 live=0
SLIME_CLOCK served task=2 label=44 result=132875089 live=0
SLIME_CLOCK served task=3 label=44 result=132891538 live=0
SLIME_CLOCK served task=2 label=44 result=132909062 live=0
SLIME_CLOCK served task=3 label=44 result=132925328 live=0
SLIME_CLOCK served task=2 label=44 result=132943618 live=0
SLIME_CLOCK served task=3 label=44 result=132993032 live=0
SLIME_CLOCK served task=2 label=44 result=133007884 live=0
SLIME_CLOCK served task=3 label=44 result=133019259 live=0
SLIME_CLOCK served task=2 label=44 result=133034013 live=0
SLIME_CLOCK served task=3 label=44 result=133045726 live=0
SLIME_CLOCK served task=2 label=44 result=133056407 live=0
SLIME_CLOCK served task=3 label=44 result=133068883 live=0
SLIME_CLOCK served task=2 label=44 result=133079546 live=0
SLIME_CLOCK served task=3 label=44 result=133090957 live=0
SLIME_CLOCK served task=2 label=44 result=133101905 live=0
SLIME_CLOCK served task=3 label=44 result=133115156 live=0
SLIME_CLOCK served task=2 label=44 result=133127552 live=0
SLIME_CLOCK served task=3 label=44 result=133140374 live=0
SLIME_CLOCK served task=2 label=44 result=133152648 live=0
SLIME_CLOCK served task=3 label=44 result=133165770 live=0
SLIME_CLOCK served task=2 label=44 result=133176376 live=0
SLIME_CLOCK served task=3 label=44 result=133187466 live=0
SLIME_CLOCK served task=2 label=44 result=133199140 live=0
SLIME_CLOCK served task=3 label=44 result=133210419 live=0
SLIME_CLOCK served task=2 label=44 result=133221144 live=0
SLIME_CLOCK served task=3 label=44 result=133232387 live=0
SLIME_CLOCK served task=2 label=44 result=133243015 live=0
SLIME_CLOCK served task=3 label=44 result=133254284 live=0
SLIME_CLOCK served task=2 label=44 result=133264839 live=0
SLIME_CLOCK served task=3 label=44 result=133275938 live=0
SLIME_CLOCK served task=2 label=44 result=133287282 live=0
SLIME_CLOCK served task=3 label=44 result=133298915 live=0
SLIME_CLOCK served task=2 label=44 result=133309650 live=0
SLIME_CLOCK served task=3 label=44 result=133322228 live=0
SLIME_CLOCK served task=2 label=44 result=133332983 live=0
SLIME_CLOCK served task=3 label=44 result=133344270 live=0
SLIME_CLOCK served task=2 label=44 result=133355648 live=0
SLIME_CLOCK served task=3 label=44 result=133366728 live=0
SLIME_CLOCK served task=2 label=44 result=133377415 live=0
SLIME_CLOCK served task=3 label=44 result=133391504 live=0
SLIME_CLOCK served task=2 label=44 result=133405236 live=0
SLIME_CLOCK served task=3 label=44 result=133421232 live=0
SLIME_CLOCK served task=2 label=44 result=133435662 live=0
SLIME_CLOCK served task=3 label=44 result=133462316 live=0
SLIME_CLOCK served task=2 label=44 result=133495155 live=0
SLIME_CLOCK served task=3 label=44 result=133511264 live=0
SLIME_CLOCK served task=2 label=44 result=133524554 live=0
SLIME_CLOCK served task=3 label=44 result=133535154 live=0
SLIME_CLOCK served task=2 label=44 result=133544967 live=0
SLIME_CLOCK served task=3 label=44 result=133555112 live=0
SLIME_CLOCK served task=2 label=44 result=133564635 live=0
SLIME_CLOCK served task=3 label=44 result=133577160 live=0
SLIME_CLOCK served task=2 label=44 result=133587897 live=0
SLIME_CLOCK served task=3 label=44 result=133599323 live=0
SLIME_CLOCK served task=2 label=44 result=133610161 live=0
SLIME_CLOCK served task=3 label=44 result=133621519 live=0
SLIME_CLOCK served task=2 label=44 result=133632268 live=0
SLIME_CLOCK served task=3 label=44 result=133643464 live=0
SLIME_CLOCK served task=2 label=44 result=133654226 live=0
SLIME_CLOCK served task=3 label=44 result=133665673 live=0
SLIME_CLOCK served task=2 label=44 result=133676387 live=0
SLIME_CLOCK served task=3 label=44 result=133687741 live=0
SLIME_CLOCK served task=2 label=44 result=133699112 live=0
SLIME_CLOCK served task=3 label=44 result=133710259 live=0
SLIME_CLOCK served task=2 label=44 result=133721179 live=0
SLIME_CLOCK served task=3 label=44 result=133732573 live=0
SLIME_CLOCK served task=2 label=44 result=133743237 live=0
SLIME_CLOCK served task=3 label=44 result=133754468 live=0
SLIME_CLOCK served task=2 label=44 result=133764962 live=0
SLIME_CLOCK served task=3 label=44 result=133776288 live=0
SLIME_CLOCK served task=2 label=44 result=133787103 live=0
SLIME_CLOCK served task=3 label=44 result=133798222 live=0
SLIME_CLOCK served task=2 label=44 result=133808967 live=0
SLIME_CLOCK served task=3 label=44 result=133820410 live=0
SLIME_CLOCK served task=2 label=44 result=133832693 live=0
SLIME_CLOCK served task=3 label=44 result=133843923 live=0
SLIME_CLOCK served task=2 label=44 result=133855060 live=0
SLIME_CLOCK served task=3 label=44 result=133866496 live=0
SLIME_CLOCK served task=2 label=44 result=133877279 live=0
SLIME_CLOCK served task=3 label=44 result=133888725 live=0
SLIME_CLOCK served task=2 label=44 result=133899429 live=0
SLIME_CLOCK served task=3 label=44 result=133914906 live=0
SLIME_CLOCK served task=2 label=44 result=133927662 live=0
SLIME_CLOCK served task=3 label=44 result=133942189 live=0
SLIME_CLOCK served task=2 label=44 result=133957026 live=0
SLIME_CLOCK served task=3 label=44 result=133973220 live=0
SLIME_CLOCK served task=2 label=44 result=133990190 live=0
SLIME_CLOCK served task=3 label=44 result=134015758 live=0
SLIME_CLOCK served task=2 label=44 result=134026594 live=0
SLIME_CLOCK served task=3 label=44 result=134038120 live=0
SLIME_CLOCK served task=2 label=44 result=134050715 live=0
SLIME_CLOCK served task=3 label=44 result=134063452 live=0
SLIME_CLOCK served task=2 label=44 result=134074229 live=0
SLIME_CLOCK served task=3 label=44 result=134085603 live=0
SLIME_CLOCK served task=2 label=44 result=134096600 live=0
SLIME_CLOCK served task=3 label=44 result=134108181 live=0
SLIME_CLOCK served task=2 label=44 result=134120177 live=0
SLIME_CLOCK served task=3 label=44 result=134131587 live=0
SLIME_CLOCK served task=2 label=44 result=134142408 live=0
SLIME_CLOCK served task=3 label=44 result=134153780 live=0
SLIME_CLOCK served task=2 label=44 result=134164620 live=0
SLIME_CLOCK served task=3 label=44 result=134175782 live=0
SLIME_CLOCK served task=2 label=44 result=134186307 live=0
SLIME_CLOCK served task=3 label=44 result=134199778 live=0
SLIME_CLOCK served task=2 label=44 result=134211901 live=0
SLIME_CLOCK served task=3 label=44 result=134223684 live=0
SLIME_CLOCK served task=2 label=44 result=134234402 live=0
SLIME_CLOCK served task=3 label=44 result=134249961 live=0
SLIME_CLOCK served task=2 label=44 result=134260710 live=0
SLIME_CLOCK served task=3 label=44 result=134272214 live=0
SLIME_CLOCK served task=2 label=44 result=134283407 live=0
SLIME_CLOCK served task=3 label=44 result=134294812 live=0
SLIME_CLOCK served task=2 label=44 result=134305659 live=0
SLIME_CLOCK served task=3 label=44 result=134317110 live=0
SLIME_CLOCK served task=2 label=44 result=134327800 live=0
SLIME_CLOCK served task=3 label=44 result=134339185 live=0
SLIME_CLOCK served task=2 label=44 result=134350303 live=0
SLIME_CLOCK served task=3 label=44 result=134361557 live=0
SLIME_CLOCK served task=2 label=44 result=134373699 live=0
SLIME_CLOCK served task=3 label=44 result=134384974 live=0
SLIME_CLOCK served task=2 label=44 result=134395684 live=0
SLIME_CLOCK served task=3 label=44 result=134412034 live=0
SLIME_CLOCK served task=2 label=44 result=134428784 live=0
SLIME_CLOCK served task=3 label=44 result=134444728 live=0
SLIME_CLOCK served task=2 label=44 result=134459263 live=0
SLIME_CLOCK served task=3 label=44 result=134475596 live=0
SLIME_CLOCK served task=2 label=44 result=134490127 live=0
SLIME_CLOCK served task=3 label=44 result=134510484 live=0
SLIME_CLOCK served task=2 label=44 result=134522185 live=0
SLIME_CLOCK served task=3 label=44 result=134532483 live=0
SLIME_CLOCK served task=2 label=44 result=134542465 live=0
SLIME_CLOCK served task=3 label=44 result=134553162 live=0
SLIME_CLOCK served task=2 label=44 result=134563261 live=0
SLIME_CLOCK served task=3 label=44 result=134574079 live=0
SLIME_CLOCK served task=2 label=44 result=134584091 live=0
SLIME_CLOCK served task=3 label=44 result=134595163 live=0
SLIME_CLOCK served task=2 label=44 result=134605666 live=0
SLIME_CLOCK served task=3 label=44 result=134616548 live=0
SLIME_CLOCK served task=2 label=44 result=134627803 live=0
SLIME_CLOCK served task=3 label=44 result=134640055 live=0
SLIME_CLOCK served task=2 label=44 result=134652369 live=0
SLIME_CLOCK served task=3 label=44 result=134665818 live=0
SLIME_CLOCK served task=2 label=44 result=134678610 live=0
SLIME_CLOCK served task=3 label=44 result=134691662 live=0
SLIME_CLOCK served task=2 label=44 result=134704545 live=0
SLIME_CLOCK served task=3 label=44 result=134717685 live=0
SLIME_CLOCK served task=2 label=44 result=134730204 live=0
SLIME_CLOCK served task=3 label=44 result=134743364 live=0
SLIME_CLOCK served task=2 label=44 result=134756970 live=0
SLIME_CLOCK served task=3 label=44 result=134770267 live=0
SLIME_CLOCK served task=2 label=44 result=134783475 live=0
SLIME_CLOCK served task=3 label=44 result=134796862 live=0
SLIME_CLOCK served task=2 label=44 result=134809320 live=0
SLIME_CLOCK served task=3 label=44 result=134822145 live=0
SLIME_CLOCK served task=2 label=44 result=134833628 live=0
SLIME_CLOCK served task=3 label=44 result=134846178 live=0
SLIME_CLOCK served task=2 label=44 result=134857417 live=0
SLIME_CLOCK served task=3 label=44 result=134869655 live=0
SLIME_CLOCK served task=2 label=44 result=134882935 live=0
SLIME_CLOCK served task=3 label=44 result=134894951 live=0
SLIME_CLOCK served task=2 label=44 result=134906852 live=0
SLIME_CLOCK served task=3 label=44 result=134919303 live=0
SLIME_CLOCK served task=2 label=44 result=134932647 live=0
SLIME_CLOCK served task=3 label=44 result=134948364 live=0
SLIME_CLOCK served task=2 label=44 result=134962899 live=0
SLIME_CLOCK served task=3 label=44 result=134979665 live=0
SLIME_CLOCK served task=2 label=44 result=134993736 live=0
SLIME_CLOCK served task=3 label=44 result=135014775 live=0
SLIME_CLOCK served task=2 label=44 result=135031796 live=0
SLIME_CLOCK served task=3 label=44 result=135049866 live=0
SLIME_CLOCK served task=2 label=44 result=135066255 live=0
SLIME_CLOCK served task=3 label=44 result=135079668 live=0
SLIME_CLOCK served task=2 label=44 result=135090305 live=0
SLIME_CLOCK served task=3 label=44 result=135102125 live=0
SLIME_CLOCK served task=2 label=44 result=135112890 live=0
SLIME_CLOCK served task=3 label=44 result=135124137 live=0
SLIME_CLOCK served task=2 label=44 result=135136145 live=0
SLIME_CLOCK served task=3 label=44 result=135147501 live=0
SLIME_CLOCK served task=2 label=44 result=135158317 live=0
SLIME_CLOCK served task=3 label=44 result=135170606 live=0
SLIME_CLOCK served task=2 label=44 result=135181747 live=0
SLIME_CLOCK served task=3 label=44 result=135193768 live=0
SLIME_CLOCK served task=2 label=44 result=135205022 live=0
SLIME_CLOCK served task=3 label=44 result=135216719 live=0
SLIME_CLOCK served task=2 label=44 result=135228714 live=0
SLIME_CLOCK served task=3 label=44 result=135240609 live=0
SLIME_CLOCK served task=2 label=44 result=135252042 live=0
SLIME_CLOCK served task=3 label=44 result=135265306 live=0
SLIME_CLOCK served task=2 label=44 result=135276547 live=0
SLIME_CLOCK served task=3 label=44 result=135288717 live=0
SLIME_CLOCK served task=2 label=44 result=135300311 live=0
SLIME_CLOCK served task=3 label=44 result=135312053 live=0
SLIME_CLOCK served task=2 label=44 result=135323444 live=0
SLIME_CLOCK served task=3 label=44 result=135335630 live=0
SLIME_CLOCK served task=2 label=44 result=135347165 live=0
SLIME_CLOCK served task=3 label=44 result=135359318 live=0
SLIME_CLOCK served task=2 label=44 result=135370447 live=0
SLIME_CLOCK served task=2 label=44 result=135383435 live=0
SLIME_CLOCK served task=3 label=44 result=135395073 live=0
SLIME_CLOCK served task=2 label=44 result=135406243 live=0
SLIME_CLOCK served task=3 label=44 result=135418856 live=0
SLIME_CLOCK served task=2 label=44 result=135430850 live=0
SLIME_CLOCK served task=3 label=44 result=135447385 live=0
SLIME_CLOCK served task=2 label=44 result=135464154 live=0
SLIME_CLOCK served task=3 label=44 result=135481657 live=0
SLIME_CLOCK served task=2 label=44 result=135497124 live=0
SLIME_CLOCK served task=3 label=44 result=135518829 live=0
SLIME_CLOCK served task=2 label=44 result=135541777 live=0
SLIME_CLOCK served task=3 label=44 result=135554135 live=0
SLIME_CLOCK served task=2 label=44 result=135564872 live=0
SLIME_CLOCK served task=3 label=44 result=135576394 live=0
SLIME_CLOCK served task=2 label=44 result=135587926 live=0
SLIME_CLOCK served task=3 label=44 result=135599418 live=0
SLIME_CLOCK served task=2 label=44 result=135609967 live=0
SLIME_CLOCK served task=3 label=44 result=135621314 live=0
SLIME_CLOCK served task=2 label=44 result=135632075 live=0
SLIME_CLOCK served task=3 label=44 result=135645647 live=0
SLIME_CLOCK served task=2 label=44 result=135656551 live=0
SLIME_CLOCK served task=3 label=44 result=135668841 live=0
SLIME_CLOCK served task=2 label=44 result=135679522 live=0
SLIME_CLOCK served task=3 label=44 result=135690670 live=0
SLIME_CLOCK served task=2 label=44 result=135701581 live=0
SLIME_CLOCK served task=3 label=44 result=135713077 live=0
SLIME_CLOCK served task=2 label=44 result=135724210 live=0
SLIME_CLOCK served task=3 label=44 result=135735786 live=0
SLIME_CLOCK served task=2 label=44 result=135746572 live=0
SLIME_CLOCK served task=3 label=44 result=135757884 live=0
SLIME_CLOCK served task=2 label=44 result=135770397 live=0
SLIME_CLOCK served task=3 label=44 result=135781941 live=0
SLIME_CLOCK served task=2 label=44 result=135793003 live=0
SLIME_CLOCK served task=3 label=44 result=135804289 live=0
SLIME_CLOCK served task=2 label=44 result=135815146 live=0
SLIME_CLOCK served task=3 label=44 result=135826635 live=0
SLIME_CLOCK served task=2 label=44 result=135837182 live=0
SLIME_CLOCK served task=3 label=44 result=135848711 live=0
SLIME_CLOCK served task=2 label=44 result=135859228 live=0
SLIME_CLOCK served task=3 label=44 result=135870423 live=0
SLIME_CLOCK served task=2 label=44 result=135881018 live=0
SLIME_CLOCK served task=3 label=44 result=135893402 live=0
SLIME_CLOCK served task=2 label=44 result=135904138 live=0
SLIME_CLOCK served task=3 label=44 result=135916517 live=0
SLIME_CLOCK served task=2 label=44 result=135927272 live=0
SLIME_CLOCK served task=3 label=44 result=135938328 live=0
SLIME_CLOCK served task=2 label=44 result=135951041 live=0
SLIME_CLOCK served task=3 label=44 result=135967827 live=0
SLIME_CLOCK served task=2 label=44 result=135978852 live=0
SLIME_CLOCK served task=3 label=44 result=135989130 live=0
SLIME_CLOCK served task=2 label=44 result=136002867 live=0
SLIME_CLOCK served task=3 label=44 result=136021299 live=0
SLIME_CLOCK served task=2 label=44 result=136045408 live=0
SLIME_CLOCK served task=3 label=44 result=136063675 live=0
SLIME_CLOCK served task=2 label=44 result=136074746 live=0
SLIME_CLOCK served task=3 label=44 result=136086228 live=0
SLIME_CLOCK served task=2 label=44 result=136097031 live=0
SLIME_CLOCK served task=3 label=44 result=136108378 live=0
SLIME_CLOCK served task=2 label=44 result=136119077 live=0
SLIME_CLOCK served task=3 label=44 result=136130589 live=0
SLIME_CLOCK served task=2 label=44 result=136141122 live=0
SLIME_CLOCK served task=3 label=44 result=136153982 live=0
SLIME_CLOCK served task=2 label=44 result=136164963 live=0
SLIME_CLOCK served task=3 label=44 result=136176272 live=0
SLIME_CLOCK served task=2 label=44 result=136186900 live=0
SLIME_CLOCK served task=3 label=44 result=136198239 live=0
SLIME_CLOCK served task=2 label=44 result=136208797 live=0
SLIME_CLOCK served task=3 label=44 result=136220090 live=0
SLIME_CLOCK served task=2 label=44 result=136230820 live=0
SLIME_CLOCK served task=3 label=44 result=136242275 live=0
SLIME_CLOCK served task=2 label=44 result=136252968 live=0
SLIME_CLOCK served task=3 label=44 result=136264215 live=0
SLIME_CLOCK served task=2 label=44 result=136275865 live=0
SLIME_CLOCK served task=3 label=44 result=136287447 live=0
SLIME_CLOCK served task=2 label=44 result=136297996 live=0
SLIME_CLOCK served task=3 label=44 result=136309416 live=0
SLIME_CLOCK served task=2 label=44 result=136320056 live=0
SLIME_CLOCK served task=3 label=44 result=136331215 live=0
SLIME_CLOCK served task=2 label=44 result=136341709 live=0
SLIME_CLOCK served task=3 label=44 result=136353379 live=0
SLIME_CLOCK served task=2 label=44 result=136364148 live=0
SLIME_CLOCK served task=3 label=44 result=136375619 live=0
SLIME_CLOCK served task=2 label=44 result=136387242 live=0
SLIME_CLOCK served task=3 label=44 result=136399338 live=0
SLIME_CLOCK served task=2 label=44 result=136410476 live=0
SLIME_CLOCK served task=3 label=44 result=136421957 live=0
SLIME_CLOCK served task=2 label=44 result=136432583 live=0
SLIME_CLOCK served task=3 label=44 result=136444041 live=0
SLIME_CLOCK served task=2 label=44 result=136454871 live=0
SLIME_CLOCK served task=3 label=44 result=136466368 live=0
SLIME_CLOCK served task=2 label=44 result=136481444 live=0
SLIME_CLOCK served task=3 label=44 result=136498375 live=0
SLIME_CLOCK served task=2 label=44 result=136514867 live=0
SLIME_CLOCK served task=3 label=44 result=136535781 live=0
SLIME_CLOCK served task=2 label=44 result=136552587 live=0
SLIME_CLOCK served task=3 label=44 result=136567784 live=0
SLIME_CLOCK served task=2 label=44 result=136579125 live=0
SLIME_CLOCK served task=3 label=44 result=136590447 live=0
SLIME_CLOCK served task=2 label=44 result=136601372 live=0
SLIME_CLOCK served task=3 label=44 result=136615721 live=0
SLIME_CLOCK served task=2 label=44 result=136630713 live=0
SLIME_CLOCK served task=3 label=44 result=136646555 live=0
SLIME_CLOCK served task=2 label=44 result=136682694 live=0
SLIME_CLOCK served task=3 label=44 result=136694474 live=0
SLIME_CLOCK served task=2 label=44 result=136705288 live=0
SLIME_CLOCK served task=3 label=44 result=136719046 live=0
SLIME_CLOCK served task=2 label=44 result=136730015 live=0
SLIME_CLOCK served task=3 label=44 result=136741165 live=0
SLIME_CLOCK served task=2 label=44 result=136751740 live=0
SLIME_CLOCK served task=3 label=44 result=136762983 live=0
SLIME_CLOCK served task=2 label=44 result=136773861 live=0
SLIME_CLOCK served task=3 label=44 result=136786970 live=0
SLIME_CLOCK served task=2 label=44 result=136797510 live=0
SLIME_CLOCK served task=3 label=44 result=136808607 live=0
SLIME_CLOCK served task=2 label=44 result=136819259 live=0
SLIME_CLOCK served task=3 label=44 result=136831896 live=0
SLIME_CLOCK served task=2 label=44 result=136844009 live=0
SLIME_CLOCK served task=3 label=44 result=136858356 live=0
SLIME_CLOCK served task=2 label=44 result=136871117 live=0
SLIME_CLOCK served task=3 label=44 result=136884733 live=0
SLIME_CLOCK served task=2 label=44 result=136897383 live=0
SLIME_CLOCK served task=3 label=44 result=136912489 live=0
SLIME_CLOCK served task=2 label=44 result=136924663 live=0
SLIME_CLOCK served task=3 label=44 result=136938057 live=0
SLIME_CLOCK served task=2 label=44 result=136950968 live=0
SLIME_CLOCK served task=3 label=44 result=136964601 live=0
SLIME_CLOCK served task=2 label=44 result=136977876 live=0
SLIME_CLOCK served task=3 label=44 result=136991380 live=0
SLIME_CLOCK served task=2 label=44 result=137004111 live=0
SLIME_CLOCK served task=3 label=44 result=137018114 live=0
SLIME_CLOCK served task=2 label=44 result=137030909 live=0
SLIME_CLOCK served task=3 label=44 result=137045830 live=0
SLIME_CLOCK served task=2 label=44 result=137058493 live=0
SLIME_CLOCK served task=3 label=44 result=137070731 live=0
SLIME_CLOCK served task=2 label=44 result=137084283 live=0
SLIME_CLOCK served task=3 label=44 result=137099891 live=0
SLIME_CLOCK served task=2 label=44 result=137113505 live=0
SLIME_CLOCK served task=3 label=44 result=137127441 live=0
SLIME_CLOCK served task=2 label=44 result=137142334 live=0
SLIME_CLOCK served task=3 label=44 result=137158313 live=0
SLIME_CLOCK served task=2 label=44 result=137187764 live=0
SLIME_CLOCK served task=3 label=44 result=137201074 live=0
SLIME_CLOCK served task=2 label=44 result=137211603 live=0
SLIME_CLOCK served task=3 label=44 result=137224521 live=0
SLIME_CLOCK served task=2 label=44 result=137237475 live=0
SLIME_CLOCK served task=3 label=44 result=137248939 live=0
SLIME_CLOCK served task=2 label=44 result=137259626 live=0
SLIME_CLOCK served task=3 label=44 result=137270696 live=0
SLIME_CLOCK served task=2 label=44 result=137281293 live=0
SLIME_CLOCK served task=3 label=44 result=137294244 live=0
SLIME_CLOCK served task=2 label=44 result=137304833 live=0
SLIME_CLOCK served task=3 label=44 result=137316129 live=0
SLIME_CLOCK served task=2 label=44 result=137326660 live=0
SLIME_CLOCK served task=3 label=44 result=137337903 live=0
SLIME_CLOCK served task=2 label=44 result=137348739 live=0
SLIME_CLOCK served task=3 label=44 result=137359975 live=0
SLIME_CLOCK served task=2 label=44 result=137370409 live=0
SLIME_CLOCK served task=3 label=44 result=137381376 live=0
SLIME_CLOCK served task=2 label=44 result=137391868 live=0
SLIME_CLOCK served task=3 label=44 result=137403148 live=0
SLIME_CLOCK served task=2 label=44 result=137413959 live=0
SLIME_CLOCK served task=3 label=44 result=137426687 live=0
SLIME_CLOCK served task=2 label=44 result=137437469 live=0
SLIME_CLOCK served task=3 label=44 result=137448835 live=0
SLIME_CLOCK served task=2 label=44 result=137459446 live=0
SLIME_CLOCK served task=3 label=44 result=137470992 live=0
SLIME_CLOCK served task=2 label=44 result=137481731 live=0
SLIME_CLOCK served task=3 label=44 result=137493048 live=0
SLIME_CLOCK served task=2 label=44 result=137503413 live=0
SLIME_CLOCK served task=3 label=44 result=137515045 live=0
SLIME_CLOCK served task=2 label=44 result=137525623 live=0
SLIME_CLOCK served task=3 label=44 result=137537265 live=0
SLIME_CLOCK served task=2 label=44 result=137549074 live=0
SLIME_CLOCK served task=3 label=44 result=137560425 live=0
SLIME_CLOCK served task=2 label=44 result=137570780 live=0
SLIME_CLOCK served task=3 label=44 result=137581795 live=0
SLIME_CLOCK served task=2 label=44 result=137592491 live=0
SLIME_CLOCK served task=3 label=44 result=137607760 live=0
SLIME_CLOCK served task=2 label=44 result=137624168 live=0
SLIME_CLOCK served task=3 label=44 result=137641499 live=0
SLIME_CLOCK served task=2 label=44 result=137658359 live=0
SLIME_CLOCK served task=3 label=44 result=137682399 live=0
SLIME_CLOCK served task=2 label=44 result=137698602 live=0
SLIME_CLOCK served task=3 label=44 result=137712950 live=0
SLIME_CLOCK served task=2 label=44 result=137726464 live=0
SLIME_CLOCK served task=3 label=44 result=137739570 live=0
SLIME_CLOCK served task=2 label=44 result=137750205 live=0
SLIME_CLOCK served task=3 label=44 result=137761290 live=0
SLIME_CLOCK served task=2 label=44 result=137771852 live=0
SLIME_CLOCK served task=3 label=44 result=137783209 live=0
SLIME_CLOCK served task=2 label=44 result=137795026 live=0
SLIME_CLOCK served task=3 label=44 result=137806528 live=0
SLIME_CLOCK served task=2 label=44 result=137817249 live=0
SLIME_CLOCK served task=3 label=44 result=137828296 live=0
SLIME_CLOCK served task=2 label=44 result=137838798 live=0
SLIME_CLOCK served task=3 label=44 result=137854377 live=0
SLIME_CLOCK served task=2 label=44 result=137869597 live=0
SLIME_CLOCK served task=3 label=44 result=137885335 live=0
SLIME_CLOCK served task=2 label=44 result=137897430 live=0
SLIME_CLOCK served task=3 label=44 result=137910478 live=0
SLIME_CLOCK served task=2 label=44 result=137925479 live=0
SLIME_CLOCK served task=3 label=44 result=137940638 live=0
SLIME_CLOCK served task=2 label=44 result=137954441 live=0
SLIME_CLOCK served task=3 label=44 result=137969260 live=0
SLIME_CLOCK served task=2 label=44 result=137985482 live=0
SLIME_CLOCK served task=3 label=44 result=138000422 live=0
SLIME_CLOCK served task=2 label=44 result=138014015 live=0
SLIME_CLOCK served task=3 label=44 result=138028398 live=0
SLIME_CLOCK served task=2 label=44 result=138042749 live=0
SLIME_CLOCK served task=3 label=44 result=138059047 live=0
SLIME_CLOCK served task=2 label=44 result=138073615 live=0
SLIME_CLOCK served task=3 label=44 result=138088019 live=0
SLIME_CLOCK served task=2 label=44 result=138102564 live=0
SLIME_CLOCK served task=3 label=44 result=138116795 live=0
SLIME_CLOCK served task=2 label=44 result=138130712 live=0
SLIME_CLOCK served task=3 label=44 result=138144698 live=0
SLIME_CLOCK served task=2 label=44 result=138155907 live=0
SLIME_CLOCK served task=3 label=44 result=138167963 live=0
SLIME_CLOCK served task=2 label=44 result=138180174 live=0
SLIME_CLOCK served task=3 label=44 result=138191318 live=0
SLIME_CLOCK served task=2 label=44 result=138202078 live=0
SLIME_CLOCK served task=3 label=44 result=138213540 live=0
SLIME_CLOCK served task=2 label=44 result=138224415 live=0
SLIME_CLOCK served task=3 label=44 result=138235631 live=0
SLIME_CLOCK served task=2 label=44 result=138246116 live=0
SLIME_CLOCK served task=3 label=44 result=138257395 live=0
SLIME_CLOCK served task=2 label=44 result=138268098 live=0
SLIME_CLOCK served task=3 label=44 result=138279277 live=0
SLIME_CLOCK served task=2 label=44 result=138290182 live=0
SLIME_CLOCK served task=3 label=44 result=138302461 live=0
SLIME_CLOCK served task=2 label=44 result=138313345 live=0
SLIME_CLOCK served task=3 label=44 result=138329515 live=0
SLIME_CLOCK served task=2 label=44 result=138344070 live=0
SLIME_CLOCK served task=3 label=44 result=138359818 live=0
SLIME_CLOCK served task=2 label=44 result=138374178 live=0
SLIME_CLOCK served task=3 label=44 result=138389591 live=0
SLIME_CLOCK served task=2 label=44 result=138404066 live=0
SLIME_CLOCK served task=3 label=44 result=138419986 live=0
SLIME_CLOCK served task=2 label=44 result=138438917 live=0
SLIME_CLOCK served task=3 label=44 result=138456017 live=0
SLIME_CLOCK served task=2 label=44 result=138469568 live=0
SLIME_CLOCK served task=3 label=44 result=138479992 live=0
SLIME_CLOCK served task=2 label=44 result=138489544 live=0
SLIME_CLOCK served task=3 label=44 result=138499667 live=0
SLIME_CLOCK served task=2 label=44 result=138509199 live=0
SLIME_CLOCK served task=3 label=44 result=138519291 live=0
SLIME_CLOCK served task=2 label=44 result=138528833 live=0
SLIME_CLOCK served task=3 label=44 result=138539189 live=0
SLIME_CLOCK served task=2 label=44 result=138548727 live=0
SLIME_CLOCK served task=3 label=44 result=138561530 live=0
SLIME_CLOCK served task=2 label=44 result=138572338 live=0
SLIME_CLOCK served task=3 label=44 result=138583537 live=0
SLIME_CLOCK served task=2 label=44 result=138594238 live=0
SLIME_CLOCK served task=3 label=44 result=138605795 live=0
SLIME_CLOCK served task=2 label=44 result=138616939 live=0
SLIME_CLOCK served task=3 label=44 result=138629956 live=0
SLIME_CLOCK served task=2 label=44 result=138642060 live=0
SLIME_CLOCK served task=3 label=44 result=138654971 live=0
SLIME_CLOCK served task=2 label=44 result=138667541 live=0
SLIME_CLOCK served task=3 label=44 result=138679910 live=0
SLIME_CLOCK served task=2 label=44 result=138691825 live=0
SLIME_CLOCK served task=3 label=44 result=138703020 live=0
SLIME_CLOCK served task=2 label=44 result=138713680 live=0
SLIME_CLOCK served task=3 label=44 result=138725234 live=0
SLIME_CLOCK served task=2 label=44 result=138735919 live=0
SLIME_CLOCK served task=3 label=44 result=138747159 live=0
SLIME_CLOCK served task=2 label=44 result=138757695 live=0
SLIME_CLOCK served task=3 label=44 result=138768963 live=0
SLIME_CLOCK served task=2 label=44 result=138780366 live=0
SLIME_CLOCK served task=3 label=44 result=138794669 live=0
SLIME_CLOCK served task=2 label=44 result=138808035 live=0
SLIME_CLOCK served task=3 label=44 result=138820900 live=0
SLIME_CLOCK served task=2 label=44 result=138832836 live=0
SLIME_CLOCK served task=3 label=44 result=138846143 live=0
SLIME_CLOCK served task=2 label=44 result=138855720 live=0
SLIME_CLOCK served task=3 label=44 result=138865812 live=0
SLIME_CLOCK served task=2 label=44 result=138878651 live=0
SLIME_CLOCK served task=3 label=44 result=138894057 live=0
SLIME_CLOCK served task=2 label=44 result=138908773 live=0
SLIME_CLOCK served task=3 label=44 result=138924208 live=0
SLIME_CLOCK served task=2 label=44 result=138942445 live=0
SLIME_CLOCK served task=3 label=44 result=138960569 live=0
SLIME_CLOCK served task=2 label=44 result=138977003 live=0
SLIME_CLOCK served task=3 label=44 result=138991302 live=0
SLIME_CLOCK served task=2 label=44 result=139002526 live=0
SLIME_CLOCK served task=3 label=44 result=139014174 live=0
SLIME_CLOCK served task=2 label=44 result=139025238 live=0
SLIME_CLOCK served task=3 label=44 result=139037367 live=0
SLIME_CLOCK served task=2 label=44 result=139048549 live=0
SLIME_CLOCK served task=3 label=44 result=139061601 live=0
SLIME_CLOCK served task=2 label=44 result=139072709 live=0
SLIME_CLOCK served task=3 label=44 result=139084429 live=0
SLIME_CLOCK served task=2 label=44 result=139095777 live=0
SLIME_CLOCK served task=3 label=44 result=139107607 live=0
SLIME_CLOCK served task=2 label=44 result=139118588 live=0
SLIME_CLOCK served task=3 label=44 result=139130129 live=0
SLIME_CLOCK served task=2 label=44 result=139141197 live=0
SLIME_CLOCK served task=3 label=44 result=139152990 live=0
SLIME_CLOCK served task=2 label=44 result=139163906 live=0
SLIME_CLOCK served task=3 label=44 result=139175119 live=0
SLIME_CLOCK served task=2 label=44 result=139185790 live=0
SLIME_CLOCK served task=3 label=44 result=139198158 live=0
SLIME_CLOCK served task=2 label=44 result=139208798 live=0
SLIME_CLOCK served task=3 label=44 result=139220299 live=0
SLIME_CLOCK served task=2 label=44 result=139230791 live=0
SLIME_CLOCK served task=3 label=44 result=139241961 live=0
SLIME_CLOCK served task=2 label=44 result=139252643 live=0
SLIME_CLOCK served task=3 label=44 result=139264500 live=0
SLIME_CLOCK served task=2 label=44 result=139275238 live=0
SLIME_CLOCK served task=3 label=44 result=139286734 live=0
SLIME_CLOCK served task=2 label=44 result=139297223 live=0
SLIME_CLOCK served task=3 label=44 result=139308520 live=0
SLIME_CLOCK served task=2 label=44 result=139320082 live=0
SLIME_CLOCK served task=3 label=44 result=139331187 live=0
SLIME_CLOCK served task=2 label=44 result=139341703 live=0
SLIME_CLOCK served task=3 label=44 result=139355942 live=0
SLIME_CLOCK served task=2 label=44 result=139370377 live=0
SLIME_CLOCK served task=3 label=44 result=139385936 live=0
SLIME_CLOCK served task=2 label=44 result=139400219 live=0
SLIME_CLOCK served task=3 label=44 result=139415797 live=0
SLIME_CLOCK served task=2 label=44 result=139430337 live=0
SLIME_CLOCK served task=3 label=44 result=139452109 live=0
SLIME_CLOCK served task=2 label=44 result=139471775 live=0
SLIME_CLOCK served task=3 label=44 result=139493289 live=0
SLIME_CLOCK served task=2 label=44 result=139510616 live=0
SLIME_CLOCK served task=3 label=44 result=139521902 live=0
SLIME_CLOCK served task=2 label=44 result=139532551 live=0
SLIME_CLOCK served task=3 label=44 result=139544033 live=0
SLIME_CLOCK served task=2 label=44 result=139554913 live=0
SLIME_CLOCK served task=3 label=44 result=139565989 live=0
SLIME_CLOCK served task=2 label=44 result=139577693 live=0
SLIME_CLOCK served task=3 label=44 result=139588729 live=0
SLIME_CLOCK served task=2 label=44 result=139599433 live=0
SLIME_CLOCK served task=3 label=44 result=139610622 live=0
SLIME_CLOCK served task=2 label=44 result=139621489 live=0
SLIME_CLOCK served task=3 label=44 result=139632623 live=0
SLIME_CLOCK served task=2 label=44 result=139643435 live=0
SLIME_CLOCK served task=3 label=44 result=139654579 live=0
SLIME_CLOCK served task=2 label=44 result=139665525 live=0
SLIME_CLOCK served task=3 label=44 result=139676711 live=0
SLIME_CLOCK served task=2 label=44 result=139687652 live=0
SLIME_CLOCK served task=3 label=44 result=139699939 live=0
SLIME_CLOCK served task=2 label=44 result=139710502 live=0
SLIME_CLOCK served task=3 label=44 result=139721859 live=0
SLIME_CLOCK served task=2 label=44 result=139732374 live=0
SLIME_CLOCK served task=3 label=44 result=139743791 live=0
SLIME_CLOCK served task=2 label=44 result=139754477 live=0
SLIME_CLOCK served task=3 label=44 result=139765828 live=0
SLIME_CLOCK served task=2 label=44 result=139776397 live=0
SLIME_CLOCK served task=3 label=44 result=139787749 live=0
SLIME_CLOCK served task=2 label=44 result=139798225 live=0
SLIME_CLOCK served task=3 label=44 result=139809446 live=0
SLIME_CLOCK served task=2 label=44 result=139821058 live=0
SLIME_CLOCK served task=3 label=44 result=139832360 live=0
SLIME_CLOCK served task=2 label=44 result=139843190 live=0
SLIME_CLOCK served task=3 label=44 result=139856291 live=0
SLIME_CLOCK served task=2 label=44 result=139871331 live=0
SLIME_CLOCK served task=3 label=44 result=139888388 live=0
SLIME_CLOCK served task=2 label=44 result=139903997 live=0
SLIME_CLOCK served task=3 label=44 result=139919564 live=0
SLIME_CLOCK served task=2 label=44 result=139934438 live=0
SLIME_CLOCK served task=3 label=44 result=139957489 live=0
SLIME_CLOCK served task=2 label=44 result=139973854 live=0
SLIME_CLOCK served task=3 label=44 result=139987761 live=0
SLIME_CLOCK served task=2 label=44 result=139997447 live=0
SLIME_CLOCK served task=3 label=44 result=140010455 live=0
SLIME_CLOCK served task=2 label=44 result=140020253 live=0
SLIME_CLOCK served task=3 label=44 result=140030288 live=0
SLIME_CLOCK served task=2 label=44 result=140044059 live=0
SLIME_CLOCK served task=3 label=44 result=140061378 live=0
SLIME_CLOCK served task=2 label=44 result=140079388 live=0
SLIME_CLOCK served task=3 label=44 result=140096816 live=0
SLIME_CLOCK served task=2 label=44 result=140113685 live=0
SLIME_CLOCK served task=3 label=44 result=140130470 live=0
SLIME_CLOCK served task=2 label=44 result=140146829 live=0
SLIME_CLOCK served task=3 label=44 result=140164204 live=0
SLIME_CLOCK served task=2 label=44 result=140180675 live=0
SLIME_CLOCK served task=3 label=44 result=140197953 live=0
SLIME_CLOCK served task=2 label=44 result=140215819 live=0
SLIME_CLOCK served task=3 label=44 result=140233220 live=0
SLIME_CLOCK served task=2 label=44 result=140249517 live=0
SLIME_CLOCK served task=3 label=44 result=140266605 live=0
SLIME_CLOCK served task=2 label=44 result=140283273 live=0
SLIME_CLOCK served task=3 label=44 result=140300409 live=0
SLIME_CLOCK served task=2 label=44 result=140317092 live=0
SLIME_CLOCK served task=3 label=44 result=140335501 live=0
SLIME_CLOCK served task=2 label=44 result=140352438 live=0
SLIME_CLOCK served task=3 label=44 result=140369841 live=0
SLIME_CLOCK served task=2 label=44 result=140388200 live=0
SLIME_CLOCK served task=3 label=44 result=140404289 live=0
SLIME_CLOCK served task=2 label=44 result=140419624 live=0
SLIME_CLOCK served task=3 label=44 result=140436305 live=0
SLIME_CLOCK served task=2 label=44 result=140451899 live=0
SLIME_CLOCK served task=3 label=44 result=140482732 live=0
SLIME_CLOCK served task=2 label=44 result=140498411 live=0
SLIME_CLOCK served task=3 label=44 result=140513825 live=0
SLIME_CLOCK served task=2 label=44 result=140528249 live=0
SLIME_CLOCK served task=3 label=44 result=140543840 live=0
SLIME_CLOCK served task=2 label=44 result=140558521 live=0
SLIME_CLOCK served task=3 label=44 result=140573916 live=0
SLIME_CLOCK served task=2 label=44 result=140592230 live=0
SLIME_CLOCK served task=3 label=44 result=140611522 live=0
SLIME_CLOCK served task=2 label=44 result=140628713 live=0
SLIME_CLOCK served task=3 label=44 result=140646344 live=0
SLIME_CLOCK served task=2 label=44 result=140666636 live=0
SLIME_CLOCK served task=3 label=44 result=140683180 live=0
SLIME_CLOCK served task=2 label=44 result=140695727 live=0
SLIME_CLOCK served task=3 label=44 result=140708296 live=0
SLIME_CLOCK served task=2 label=44 result=140721951 live=0
SLIME_CLOCK served task=3 label=44 result=140734740 live=0
SLIME_CLOCK served task=2 label=44 result=140747227 live=0
SLIME_CLOCK served task=3 label=44 result=140759997 live=0
SLIME_CLOCK served task=2 label=44 result=140772081 live=0
SLIME_CLOCK served task=3 label=44 result=140785097 live=0
SLIME_CLOCK served task=2 label=44 result=140797372 live=0
SLIME_CLOCK served task=3 label=44 result=140809995 live=0
SLIME_CLOCK served task=2 label=44 result=140822358 live=0
SLIME_CLOCK served task=3 label=44 result=140834932 live=0
SLIME_CLOCK served task=2 label=44 result=140850700 live=0
SLIME_CLOCK served task=3 label=44 result=140863943 live=0
SLIME_CLOCK served task=2 label=44 result=140877848 live=0
SLIME_CLOCK served task=3 label=44 result=140895497 live=0
SLIME_CLOCK served task=2 label=44 result=140914182 live=0
SLIME_CLOCK served task=3 label=44 result=140933536 live=0
SLIME_CLOCK served task=2 label=44 result=140947655 live=0
SLIME_CLOCK served task=3 label=44 result=140962194 live=0
SLIME_CLOCK served task=2 label=44 result=140977273 live=0
SLIME_CLOCK served task=3 label=44 result=140992488 live=0
SLIME_CLOCK served task=2 label=44 result=141006690 live=0
SLIME_CLOCK served task=3 label=44 result=141018692 live=0
SLIME_CLOCK served task=2 label=44 result=141028157 live=0
SLIME_CLOCK served task=3 label=44 result=141046639 live=0
SLIME_CLOCK served task=2 label=44 result=141063929 live=0
SLIME_CLOCK served task=3 label=44 result=141081660 live=0
SLIME_CLOCK served task=2 label=44 result=141099206 live=0
SLIME_CLOCK served task=3 label=44 result=141116930 live=0
SLIME_CLOCK served task=2 label=44 result=141133798 live=0
SLIME_CLOCK served task=3 label=44 result=141151084 live=0
SLIME_CLOCK served task=2 label=44 result=141169236 live=0
SLIME_CLOCK served task=3 label=44 result=141186554 live=0
SLIME_CLOCK served task=2 label=44 result=141203267 live=0
SLIME_CLOCK served task=3 label=44 result=141221060 live=0
SLIME_CLOCK served task=2 label=44 result=141237976 live=0
SLIME_CLOCK served task=3 label=44 result=141255483 live=0
SLIME_CLOCK served task=2 label=44 result=141272112 live=0
SLIME_CLOCK served task=3 label=44 result=141289930 live=0
SLIME_CLOCK served task=2 label=44 result=141308322 live=0
SLIME_CLOCK served task=3 label=44 result=141326018 live=0
SLIME_CLOCK served task=2 label=44 result=141342625 live=0
SLIME_CLOCK served task=3 label=44 result=141360395 live=0
SLIME_CLOCK served task=2 label=44 result=141377228 live=0
SLIME_CLOCK served task=3 label=44 result=141394577 live=0
SLIME_CLOCK served task=2 label=44 result=141411709 live=0
SLIME_CLOCK served task=3 label=44 result=141430246 live=0
SLIME_CLOCK served task=2 label=44 result=141445783 live=0
SLIME_CLOCK served task=3 label=44 result=141461695 live=0
SLIME_CLOCK served task=2 label=44 result=141476818 live=0
SLIME_CLOCK served task=3 label=44 result=141492695 live=0
SLIME_CLOCK served task=2 label=44 result=141507523 live=0
SLIME_CLOCK served task=3 label=44 result=141517839 live=0
SLIME_CLOCK served task=2 label=44 result=141527354 live=0
SLIME_CLOCK served task=3 label=44 result=141537919 live=0
SLIME_CLOCK served task=2 label=44 result=141552056 live=0
SLIME_CLOCK served task=3 label=44 result=141569092 live=0
SLIME_CLOCK served task=2 label=44 result=141586000 live=0
SLIME_CLOCK served task=3 label=44 result=141603547 live=0
SLIME_CLOCK served task=2 label=44 result=141620178 live=0
SLIME_CLOCK served task=3 label=44 result=141637607 live=0
SLIME_CLOCK served task=2 label=44 result=141654232 live=0
SLIME_CLOCK served task=3 label=44 result=141676079 live=0
SLIME_CLOCK served task=2 label=44 result=141690637 live=0
SLIME_CLOCK served task=3 label=44 result=141704729 live=0
SLIME_CLOCK served task=2 label=44 result=141717988 live=0
SLIME_CLOCK served task=3 label=44 result=141732190 live=0
SLIME_CLOCK served task=2 label=44 result=141745488 live=0
SLIME_CLOCK served task=3 label=44 result=141764107 live=0
SLIME_CLOCK served task=2 label=44 result=141777826 live=0
SLIME_CLOCK served task=3 label=44 result=141792708 live=0
SLIME_CLOCK served task=2 label=44 result=141807657 live=0
SLIME_CLOCK served task=3 label=44 result=141819259 live=0
SLIME_CLOCK served task=2 label=44 result=141829965 live=0
SLIME_CLOCK served task=3 label=44 result=141841310 live=0
SLIME_CLOCK served task=2 label=44 result=141852775 live=0
SLIME_CLOCK served task=3 label=44 result=141864091 live=0
SLIME_CLOCK served task=2 label=44 result=141875779 live=0
SLIME_CLOCK served task=3 label=44 result=141890539 live=0
SLIME_CLOCK served task=2 label=44 result=141902612 live=0
SLIME_CLOCK served task=3 label=44 result=141917236 live=0
SLIME_CLOCK served task=2 label=44 result=141935440 live=0
SLIME_CLOCK served task=3 label=44 result=141951396 live=0
SLIME_CLOCK served task=2 label=44 result=141965802 live=0
SLIME_CLOCK served task=3 label=44 result=141981782 live=0
SLIME_CLOCK served task=2 label=44 result=141996593 live=0
SLIME_CLOCK served task=3 label=44 result=142012375 live=0
SLIME_CLOCK served task=2 label=44 result=142027150 live=0
SLIME_CLOCK served task=3 label=44 result=142041066 live=0
SLIME_CLOCK served task=2 label=44 result=142054961 live=0
SLIME_CLOCK served task=3 label=44 result=142068033 live=0
SLIME_CLOCK served task=2 label=44 result=142079196 live=0
SLIME_CLOCK served task=3 label=44 result=142090502 live=0
SLIME_CLOCK served task=2 label=44 result=142101559 live=0
SLIME_CLOCK served task=3 label=44 result=142112922 live=0
SLIME_CLOCK served task=2 label=44 result=142124069 live=0
SLIME_CLOCK served task=3 label=44 result=142135325 live=0
SLIME_CLOCK served task=2 label=44 result=142146204 live=0
SLIME_CLOCK served task=3 label=44 result=142157849 live=0
SLIME_CLOCK served task=2 label=44 result=142169137 live=0
SLIME_CLOCK served task=3 label=44 result=142181228 live=0
SLIME_CLOCK served task=2 label=44 result=142192217 live=0
SLIME_CLOCK served task=3 label=44 result=142203818 live=0
SLIME_CLOCK served task=2 label=44 result=142214710 live=0
SLIME_CLOCK served task=3 label=44 result=142226341 live=0
SLIME_CLOCK served task=2 label=44 result=142237309 live=0
SLIME_CLOCK served task=3 label=44 result=142248859 live=0
SLIME_CLOCK served task=2 label=44 result=142259754 live=0
SLIME_CLOCK served task=3 label=44 result=142271384 live=0
SLIME_CLOCK served task=2 label=44 result=142282383 live=0
SLIME_CLOCK served task=3 label=44 result=142293996 live=0
SLIME_CLOCK served task=2 label=44 result=142305533 live=0
SLIME_CLOCK served task=3 label=44 result=142317462 live=0
SLIME_CLOCK served task=2 label=44 result=142328294 live=0
SLIME_CLOCK served task=3 label=44 result=142339739 live=0
SLIME_CLOCK served task=2 label=44 result=142350902 live=0
SLIME_CLOCK served task=3 label=44 result=142362424 live=0
SLIME_CLOCK served task=2 label=44 result=142373400 live=0
SLIME_CLOCK served task=3 label=44 result=142384701 live=0
SLIME_CLOCK served task=2 label=44 result=142395453 live=0
SLIME_CLOCK served task=3 label=44 result=142406965 live=0
SLIME_CLOCK served task=2 label=44 result=142418427 live=0
SLIME_CLOCK served task=3 label=44 result=142438383 live=0
SLIME_CLOCK served task=2 label=44 result=142454934 live=0
SLIME_CLOCK served task=3 label=44 result=142473386 live=0
SLIME_CLOCK served task=2 label=44 result=142488834 live=0
SLIME_CLOCK served task=3 label=44 result=142504370 live=0
SLIME_CLOCK served task=2 label=44 result=142519297 live=0
SLIME_CLOCK served task=3 label=44 result=142535290 live=0
SLIME_CLOCK served task=2 label=44 result=142550125 live=0
SLIME_CLOCK served task=3 label=44 result=142568230 live=0
SLIME_CLOCK served task=2 label=44 result=142579015 live=0
SLIME_CLOCK served task=3 label=44 result=142591168 live=0
SLIME_CLOCK served task=2 label=44 result=142603310 live=0
SLIME_CLOCK served task=3 label=44 result=142616006 live=0
SLIME_CLOCK served task=2 label=44 result=142628588 live=0
SLIME_CLOCK served task=3 label=44 result=142641334 live=0
SLIME_CLOCK served task=2 label=44 result=142653714 live=0
SLIME_CLOCK served task=3 label=44 result=142666993 live=0
SLIME_CLOCK served task=2 label=44 result=142679445 live=0
SLIME_CLOCK served task=3 label=44 result=142692952 live=0
SLIME_CLOCK served task=2 label=44 result=142705129 live=0
SLIME_CLOCK served task=3 label=44 result=142717829 live=0
SLIME_CLOCK served task=2 label=44 result=142730115 live=0
SLIME_CLOCK served task=3 label=44 result=142743796 live=0
SLIME_CLOCK served task=2 label=44 result=142756222 live=0
SLIME_CLOCK served task=3 label=44 result=142769787 live=0
SLIME_CLOCK served task=2 label=44 result=142782180 live=0
SLIME_CLOCK served task=3 label=44 result=142795190 live=0
SLIME_CLOCK served task=2 label=44 result=142807443 live=0
SLIME_CLOCK served task=3 label=44 result=142821452 live=0
SLIME_CLOCK served task=2 label=44 result=142833826 live=0
SLIME_CLOCK served task=3 label=44 result=142846789 live=0
SLIME_CLOCK served task=2 label=44 result=142859064 live=0
SLIME_CLOCK served task=3 label=44 result=142871972 live=0
SLIME_CLOCK served task=2 label=44 result=142884257 live=0
SLIME_CLOCK served task=3 label=44 result=142897195 live=0
SLIME_CLOCK served task=2 label=44 result=142909736 live=0
SLIME_CLOCK served task=3 label=44 result=142922694 live=0
SLIME_CLOCK served task=2 label=44 result=142935116 live=0
SLIME_CLOCK served task=3 label=44 result=142950585 live=0
SLIME_CLOCK served task=2 label=44 result=142965227 live=0
SLIME_CLOCK served task=3 label=44 result=142981272 live=0
SLIME_CLOCK served task=2 label=44 result=142996207 live=0
SLIME_CLOCK served task=3 label=44 result=143012112 live=0
SLIME_CLOCK served task=2 label=44 result=143025991 live=0
SLIME_CLOCK served task=3 label=44 result=143036388 live=0
SLIME_CLOCK served task=2 label=44 result=143045949 live=0
SLIME_CLOCK served task=3 label=44 result=143056094 live=0
SLIME_CLOCK served task=2 label=44 result=143068033 live=0
SLIME_CLOCK served task=3 label=44 result=143079693 live=0
SLIME_CLOCK served task=2 label=44 result=143090644 live=0
SLIME_CLOCK served task=3 label=44 result=143103687 live=0
SLIME_CLOCK served task=2 label=44 result=143118644 live=0
SLIME_CLOCK served task=3 label=44 result=143134371 live=0
SLIME_CLOCK served task=2 label=44 result=143148861 live=0
SLIME_CLOCK served task=3 label=44 result=143164817 live=0
SLIME_CLOCK served task=2 label=44 result=143177244 live=0
SLIME_CLOCK served task=3 label=44 result=143189057 live=0
SLIME_CLOCK served task=2 label=44 result=143204787 live=0
SLIME_CLOCK served task=3 label=44 result=143217923 live=0
SLIME_CLOCK served task=2 label=44 result=143230235 live=0
SLIME_CLOCK served task=3 label=44 result=143243044 live=0
SLIME_CLOCK served task=2 label=44 result=143255101 live=0
SLIME_CLOCK served task=3 label=44 result=143267905 live=0
SLIME_CLOCK served task=2 label=44 result=143279931 live=0
SLIME_CLOCK served task=3 label=44 result=143293075 live=0
SLIME_CLOCK served task=2 label=44 result=143305142 live=0
SLIME_CLOCK served task=3 label=44 result=143317945 live=0
SLIME_CLOCK served task=2 label=44 result=143334881 live=0
SLIME_CLOCK served task=3 label=44 result=143350069 live=0
SLIME_CLOCK served task=2 label=44 result=143364154 live=0
SLIME_CLOCK served task=3 label=44 result=143379339 live=0
SLIME_CLOCK served task=2 label=44 result=143393756 live=0
SLIME_CLOCK served task=3 label=44 result=143408373 live=0
SLIME_CLOCK served task=2 label=44 result=143422437 live=0
SLIME_CLOCK served task=3 label=44 result=143437684 live=0
SLIME_CLOCK served task=2 label=44 result=143450551 live=0
SLIME_CLOCK served task=3 label=44 result=143461752 live=0
SLIME_CLOCK served task=2 label=44 result=143472705 live=0
SLIME_CLOCK served task=3 label=44 result=143484082 live=0
SLIME_CLOCK served task=2 label=44 result=143494792 live=0
SLIME_CLOCK served task=3 label=44 result=143506266 live=0
SLIME_CLOCK served task=2 label=44 result=143517079 live=0
SLIME_CLOCK served task=3 label=44 result=143528479 live=0
SLIME_CLOCK served task=2 label=44 result=143539506 live=0
SLIME_CLOCK served task=3 label=44 result=143550819 live=0
SLIME_CLOCK served task=2 label=44 result=143561753 live=0
SLIME_CLOCK served task=3 label=44 result=143573938 live=0
SLIME_CLOCK served task=2 label=44 result=143587784 live=0
SLIME_CLOCK served task=3 label=44 result=143605636 live=0
SLIME_CLOCK served task=2 label=44 result=143622003 live=0
SLIME_CLOCK served task=3 label=44 result=143636971 live=0
SLIME_CLOCK served task=2 label=44 result=143651517 live=0
SLIME_CLOCK served task=3 label=44 result=143667279 live=0
SLIME_CLOCK served task=2 label=44 result=143681672 live=0
SLIME_CLOCK served task=3 label=44 result=143697538 live=0
SLIME_CLOCK served task=2 label=44 result=143716450 live=0
SLIME_CLOCK served task=3 label=44 result=143734407 live=0
SLIME_CLOCK served task=2 label=44 result=143748202 live=0
SLIME_CLOCK served task=3 label=44 result=143759500 live=0
SLIME_CLOCK served task=2 label=44 result=143770196 live=0
SLIME_CLOCK served task=3 label=44 result=143781475 live=0
SLIME_CLOCK served task=2 label=44 result=143792808 live=0
SLIME_CLOCK served task=3 label=44 result=143804190 live=0
SLIME_CLOCK served task=2 label=44 result=143815465 live=0
SLIME_CLOCK served task=3 label=44 result=143827825 live=0
SLIME_CLOCK served task=2 label=44 result=143838689 live=0
SLIME_CLOCK served task=3 label=44 result=143850274 live=0
SLIME_CLOCK served task=2 label=44 result=143861073 live=0
SLIME_CLOCK served task=3 label=44 result=143872343 live=0
SLIME_CLOCK served task=2 label=44 result=143883194 live=0
SLIME_CLOCK served task=3 label=44 result=143894581 live=0
SLIME_CLOCK served task=2 label=44 result=143905387 live=0
SLIME_CLOCK served task=3 label=44 result=143917380 live=0
SLIME_CLOCK served task=2 label=44 result=143928380 live=0
SLIME_CLOCK served task=3 label=44 result=143939987 live=0
SLIME_CLOCK served task=2 label=44 result=143950970 live=0
SLIME_CLOCK served task=3 label=44 result=143964291 live=0
SLIME_CLOCK served task=2 label=44 result=143975488 live=0
SLIME_CLOCK served task=3 label=44 result=143986807 live=0
SLIME_CLOCK served task=2 label=44 result=143997956 live=0
SLIME_CLOCK served task=3 label=44 result=144009505 live=0
SLIME_CLOCK served task=2 label=44 result=144020231 live=0
SLIME_CLOCK served task=3 label=44 result=144031883 live=0
SLIME_CLOCK served task=2 label=44 result=144043082 live=0
SLIME_CLOCK served task=3 label=44 result=144054672 live=0
SLIME_CLOCK served task=2 label=44 result=144065683 live=0
SLIME_CLOCK served task=3 label=44 result=144077370 live=0
SLIME_CLOCK served task=2 label=44 result=144089454 live=0
SLIME_CLOCK served task=3 label=44 result=144105834 live=0
SLIME_CLOCK served task=2 label=44 result=144120802 live=0
SLIME_CLOCK served task=3 label=44 result=144137010 live=0
SLIME_CLOCK served task=2 label=44 result=144152000 live=0
SLIME_CLOCK served task=3 label=44 result=144168274 live=0
SLIME_CLOCK served task=2 label=44 result=144181863 live=0
SLIME_CLOCK served task=3 label=44 result=144192306 live=0
SLIME_CLOCK served task=2 label=44 result=144201982 live=0
SLIME_CLOCK served task=3 label=44 result=144215386 live=0
SLIME_CLOCK served task=2 label=44 result=144226397 live=0
SLIME_CLOCK served task=3 label=44 result=144240310 live=0
SLIME_CLOCK served task=2 label=44 result=144255306 live=0
SLIME_CLOCK served task=3 label=44 result=144271099 live=0
SLIME_CLOCK served task=2 label=44 result=144286842 live=0
SLIME_CLOCK served task=3 label=44 result=144302979 live=0
SLIME_CLOCK served task=2 label=44 result=144317648 live=0
SLIME_CLOCK served task=3 label=44 result=144328458 live=0
SLIME_CLOCK served task=2 label=44 result=144344300 live=0
SLIME_CLOCK served task=3 label=44 result=144356300 live=0
SLIME_CLOCK served task=2 label=44 result=144367298 live=0
SLIME_CLOCK served task=3 label=44 result=144378820 live=0
SLIME_CLOCK served task=2 label=44 result=144389441 live=0
SLIME_CLOCK served task=3 label=44 result=144400231 live=0
SLIME_CLOCK served task=2 label=44 result=144411478 live=0
SLIME_CLOCK served task=3 label=44 result=144422805 live=0
SLIME_CLOCK served task=2 label=44 result=144433684 live=0
SLIME_CLOCK served task=3 label=44 result=144448487 live=0
SLIME_CLOCK served task=2 label=44 result=144463872 live=0
SLIME_CLOCK served task=3 label=44 result=144479136 live=0
SLIME_CLOCK served task=2 label=44 result=144493288 live=0
SLIME_CLOCK served task=3 label=44 result=144508572 live=0
SLIME_CLOCK served task=2 label=44 result=144522727 live=0
SLIME_CLOCK served task=3 label=44 result=144537363 live=0
SLIME_CLOCK served task=2 label=44 result=144551466 live=0
SLIME_CLOCK served task=3 label=44 result=144566799 live=0
SLIME_CLOCK served task=2 label=44 result=144580904 live=0
SLIME_CLOCK served task=3 label=44 result=144597823 live=0
SLIME_CLOCK served task=2 label=44 result=144612247 live=0
SLIME_CLOCK served task=3 label=44 result=144627848 live=0
SLIME_CLOCK served task=2 label=44 result=144642067 live=0
SLIME_CLOCK served task=3 label=44 result=144657314 live=0
SLIME_CLOCK served task=2 label=44 result=144671656 live=0
SLIME_CLOCK served task=3 label=44 result=144686626 live=0
SLIME_CLOCK served task=2 label=44 result=144701021 live=0
SLIME_CLOCK served task=3 label=44 result=144718948 live=0
SLIME_CLOCK served task=2 label=44 result=144736374 live=0
SLIME_CLOCK served task=3 label=44 result=144753786 live=0
SLIME_CLOCK served task=2 label=44 result=144769858 live=0
SLIME_CLOCK served task=3 label=44 result=144785040 live=0
SLIME_CLOCK served task=2 label=44 result=144800481 live=0
SLIME_CLOCK served task=3 label=44 result=144816666 live=0
SLIME_CLOCK served task=2 label=44 result=144829064 live=0
SLIME_CLOCK served task=3 label=44 result=144841077 live=0
SLIME_CLOCK served task=2 label=44 result=144852591 live=0
SLIME_CLOCK served task=3 label=44 result=144864208 live=0
SLIME_CLOCK served task=2 label=44 result=144875106 live=0
SLIME_CLOCK served task=3 label=44 result=144886663 live=0
SLIME_CLOCK served task=2 label=44 result=144897622 live=0
SLIME_CLOCK served task=3 label=44 result=144909378 live=0
SLIME_CLOCK served task=2 label=44 result=144920389 live=0
SLIME_CLOCK served task=3 label=44 result=144931850 live=0
SLIME_CLOCK served task=2 label=44 result=144942472 live=0
SLIME_CLOCK served task=3 label=44 result=144953971 live=0
SLIME_CLOCK served task=2 label=44 result=144964900 live=0
SLIME_CLOCK served task=3 label=44 result=144978271 live=0
SLIME_CLOCK served task=2 label=44 result=144989229 live=0
SLIME_CLOCK served task=3 label=44 result=145000796 live=0
SLIME_CLOCK served task=2 label=44 result=145011496 live=0
SLIME_CLOCK served task=3 label=44 result=145022914 live=0
SLIME_CLOCK served task=2 label=44 result=145034066 live=0
SLIME_CLOCK served task=3 label=44 result=145045369 live=0
SLIME_CLOCK served task=2 label=44 result=145056240 live=0
SLIME_CLOCK served task=3 label=44 result=145067867 live=0
SLIME_CLOCK served task=2 label=44 result=145078757 live=0
SLIME_CLOCK served task=3 label=44 result=145090364 live=0
SLIME_CLOCK served task=2 label=44 result=145102525 live=0
SLIME_CLOCK served task=3 label=44 result=145114073 live=0
SLIME_CLOCK served task=2 label=44 result=145124860 live=0
SLIME_CLOCK served task=3 label=44 result=145136418 live=0
SLIME_CLOCK served task=2 label=44 result=145147313 live=0
SLIME_CLOCK served task=3 label=44 result=145159219 live=0
SLIME_CLOCK served task=2 label=44 result=145169893 live=0
SLIME_CLOCK served task=3 label=44 result=145181581 live=0
SLIME_CLOCK served task=2 label=44 result=145192595 live=0
SLIME_CLOCK served task=3 label=44 result=145204010 live=0
SLIME_CLOCK served task=2 label=44 result=145214733 live=0
SLIME_CLOCK served task=3 label=44 result=145228170 live=0
SLIME_CLOCK served task=2 label=44 result=145239293 live=0
SLIME_CLOCK served task=3 label=44 result=145250870 live=0
SLIME_CLOCK served task=2 label=44 result=145264787 live=0
SLIME_CLOCK served task=3 label=44 result=145280045 live=0
SLIME_CLOCK served task=2 label=44 result=145295195 live=0
SLIME_CLOCK served task=3 label=44 result=145310554 live=0
SLIME_CLOCK served task=2 label=44 result=145325168 live=0
SLIME_CLOCK served task=3 label=44 result=145340941 live=0
SLIME_CLOCK served task=2 label=44 result=145378386 live=0
SLIME_CLOCK served task=3 label=44 result=145395353 live=0
SLIME_CLOCK served task=2 label=44 result=145405753 live=0
SLIME_CLOCK served task=3 label=44 result=145416316 live=0
SLIME_CLOCK served task=2 label=44 result=145425913 live=0
SLIME_CLOCK served task=3 label=44 result=145436061 live=0
SLIME_CLOCK served task=2 label=44 result=145445597 live=0
SLIME_CLOCK served task=3 label=44 result=145455716 live=0
SLIME_CLOCK served task=2 label=44 result=145465249 live=0
SLIME_CLOCK served task=3 label=44 result=145475885 live=0
SLIME_CLOCK served task=2 label=44 result=145485472 live=0
SLIME_CLOCK served task=3 label=44 result=145500325 live=0
SLIME_CLOCK served task=2 label=44 result=145514424 live=0
SLIME_CLOCK served task=3 label=44 result=145529941 live=0
SLIME_CLOCK served task=2 label=44 result=145543849 live=0
SLIME_CLOCK served task=3 label=44 result=145554086 live=0
SLIME_CLOCK served task=2 label=44 result=145563695 live=0
SLIME_CLOCK served task=3 label=44 result=145573902 live=0
SLIME_CLOCK served task=2 label=44 result=145583554 live=0
SLIME_CLOCK served task=3 label=44 result=145593742 live=0
SLIME_CLOCK served task=2 label=44 result=145603600 live=0
SLIME_CLOCK served task=3 label=44 result=145613803 live=0
SLIME_CLOCK served task=2 label=44 result=145627173 live=0
SLIME_CLOCK served task=3 label=44 result=145638994 live=0
SLIME_CLOCK served task=2 label=44 result=145650266 live=0
SLIME_CLOCK served task=3 label=44 result=145662719 live=0
SLIME_CLOCK served task=2 label=44 result=145673953 live=0
SLIME_CLOCK served task=3 label=44 result=145685847 live=0
SLIME_CLOCK served task=2 label=44 result=145697879 live=0
SLIME_CLOCK served task=3 label=44 result=145709513 live=0
SLIME_CLOCK served task=2 label=44 result=145721124 live=0
SLIME_CLOCK served task=3 label=44 result=145734991 live=0
SLIME_CLOCK served task=2 label=44 result=145748153 live=0
SLIME_CLOCK served task=3 label=44 result=145760041 live=0
SLIME_CLOCK served task=2 label=44 result=145770572 live=0
SLIME_CLOCK served task=3 label=44 result=145782841 live=0
SLIME_CLOCK served task=2 label=44 result=145798914 live=0
SLIME_CLOCK served task=3 label=44 result=145815165 live=0
SLIME_CLOCK served task=2 label=44 result=145830201 live=0
SLIME_CLOCK served task=3 label=44 result=145846430 live=0
SLIME_CLOCK served task=2 label=44 result=145859884 live=0
SLIME_CLOCK served task=3 label=44 result=145873560 live=0
SLIME_CLOCK served task=2 label=44 result=145886275 live=0
SLIME_CLOCK served task=3 label=44 result=145898175 live=0
SLIME_CLOCK served task=2 label=44 result=145909722 live=0
SLIME_CLOCK served task=3 label=44 result=145922031 live=0
SLIME_CLOCK served task=2 label=44 result=145935491 live=0
SLIME_CLOCK served task=3 label=44 result=145946748 live=0
SLIME_CLOCK served task=2 label=44 result=145957543 live=0
SLIME_CLOCK served task=3 label=44 result=145968740 live=0
SLIME_CLOCK served task=2 label=44 result=145979728 live=0
SLIME_CLOCK served task=3 label=44 result=145991015 live=0
SLIME_CLOCK served task=2 label=44 result=146003891 live=0
SLIME_CLOCK served task=3 label=44 result=146015058 live=0
SLIME_CLOCK served task=2 label=44 result=146025759 live=0
SLIME_CLOCK served task=3 label=44 result=146037392 live=0
SLIME_CLOCK served task=2 label=44 result=146049093 live=0
SLIME_CLOCK served task=3 label=44 result=146061690 live=0
SLIME_CLOCK served task=2 label=44 result=146073845 live=0
SLIME_CLOCK served task=3 label=44 result=146086731 live=0
SLIME_CLOCK served task=2 label=44 result=146099224 live=0
SLIME_CLOCK served task=3 label=44 result=146112203 live=0
SLIME_CLOCK served task=2 label=44 result=146125958 live=0
SLIME_CLOCK served task=3 label=44 result=146137768 live=0
SLIME_CLOCK served task=2 label=44 result=146148613 live=0
SLIME_CLOCK served task=3 label=44 result=146160169 live=0
SLIME_CLOCK served task=2 label=44 result=146170926 live=0
SLIME_CLOCK served task=3 label=44 result=146182261 live=0
SLIME_CLOCK served task=2 label=44 result=146192960 live=0
SLIME_CLOCK served task=3 label=44 result=146204297 live=0
SLIME_CLOCK served task=2 label=44 result=146215163 live=0
SLIME_CLOCK served task=3 label=44 result=146226535 live=0
SLIME_CLOCK served task=2 label=44 result=146237009 live=0
SLIME_CLOCK served task=3 label=44 result=146249446 live=0
SLIME_CLOCK served task=2 label=44 result=146260314 live=0
SLIME_CLOCK served task=3 label=44 result=146271739 live=0
SLIME_CLOCK served task=2 label=44 result=146282789 live=0
SLIME_CLOCK served task=3 label=44 result=146298018 live=0
SLIME_CLOCK served task=2 label=44 result=146312398 live=0
SLIME_CLOCK served task=3 label=44 result=146326578 live=0
SLIME_CLOCK served task=2 label=44 result=146337545 live=0
SLIME_CLOCK served task=3 label=44 result=146352851 live=0
SLIME_CLOCK served task=2 label=44 result=146367443 live=0
SLIME_CLOCK served task=3 label=44 result=146389396 live=0
SLIME_CLOCK served task=2 label=44 result=146406336 live=0
SLIME_CLOCK served task=3 label=44 result=146424849 live=0
SLIME_CLOCK served task=2 label=44 result=146436791 live=0
SLIME_CLOCK served task=3 label=44 result=146451067 live=0
SLIME_CLOCK served task=2 label=44 result=146463350 live=0
SLIME_CLOCK served task=3 label=44 result=146475817 live=0
SLIME_CLOCK served task=2 label=44 result=146487170 live=0
SLIME_CLOCK served task=3 label=44 result=146499815 live=0
SLIME_CLOCK served task=2 label=44 result=146513864 live=0
SLIME_CLOCK served task=3 label=44 result=146525696 live=0
SLIME_CLOCK served task=2 label=44 result=146537538 live=0
SLIME_CLOCK served task=3 label=44 result=146550050 live=0
SLIME_CLOCK served task=2 label=44 result=146562124 live=0
SLIME_CLOCK served task=3 label=44 result=146574838 live=0
SLIME_CLOCK served task=2 label=44 result=146586866 live=0
SLIME_CLOCK served task=3 label=44 result=146599701 live=0
SLIME_CLOCK served task=2 label=44 result=146612026 live=0
SLIME_CLOCK served task=3 label=44 result=146624625 live=0
SLIME_CLOCK served task=2 label=44 result=146639988 live=0
SLIME_CLOCK served task=3 label=44 result=146652422 live=0
SLIME_CLOCK served task=2 label=44 result=146664273 live=0
SLIME_CLOCK served task=3 label=44 result=146676856 live=0
SLIME_CLOCK served task=2 label=44 result=146688701 live=0
SLIME_CLOCK served task=3 label=44 result=146701279 live=0
SLIME_CLOCK served task=2 label=44 result=146713204 live=0
SLIME_CLOCK served task=3 label=44 result=146725896 live=0
SLIME_CLOCK served task=2 label=44 result=146737548 live=0
SLIME_CLOCK served task=3 label=44 result=146750128 live=0
SLIME_CLOCK served task=2 label=44 result=146766034 live=0
SLIME_CLOCK served task=3 label=44 result=146778499 live=0
SLIME_CLOCK served task=2 label=44 result=146790667 live=0
SLIME_CLOCK served task=3 label=44 result=146804025 live=0
SLIME_CLOCK served task=2 label=44 result=146818370 live=0
SLIME_CLOCK served task=3 label=44 result=146835777 live=0
SLIME_CLOCK served task=2 label=44 result=146853213 live=0
SLIME_CLOCK served task=3 label=44 result=146868563 live=0
SLIME_CLOCK served task=2 label=44 result=146883301 live=0
SLIME_CLOCK served task=3 label=44 result=146920268 live=0
SLIME_CLOCK served task=2 label=44 result=146932451 live=0
SLIME_CLOCK served task=3 label=44 result=146944730 live=0
SLIME_CLOCK served task=2 label=44 result=146956362 live=0
SLIME_CLOCK served task=3 label=44 result=146972034 live=0
SLIME_CLOCK served task=2 label=44 result=146983633 live=0
SLIME_CLOCK served task=3 label=44 result=146995963 live=0
SLIME_CLOCK served task=2 label=44 result=147007814 live=0
SLIME_CLOCK served task=3 label=44 result=147021211 live=0
SLIME_CLOCK served task=2 label=44 result=147033351 live=0
SLIME_CLOCK served task=3 label=44 result=147045578 live=0
SLIME_CLOCK served task=2 label=44 result=147057414 live=0
SLIME_CLOCK served task=3 label=44 result=147069870 live=0
SLIME_CLOCK served task=2 label=44 result=147081853 live=0
SLIME_CLOCK served task=3 label=44 result=147094656 live=0
SLIME_CLOCK served task=2 label=44 result=147106542 live=0
SLIME_CLOCK served task=3 label=44 result=147119244 live=0
SLIME_CLOCK served task=2 label=44 result=147130967 live=0
SLIME_CLOCK served task=3 label=44 result=147144528 live=0
SLIME_CLOCK served task=2 label=44 result=147156365 live=0
SLIME_CLOCK served task=3 label=44 result=147168804 live=0
SLIME_CLOCK served task=2 label=44 result=147180669 live=0
SLIME_CLOCK served task=3 label=44 result=147193481 live=0
SLIME_CLOCK served task=2 label=44 result=147205348 live=0
SLIME_CLOCK served task=3 label=44 result=147218108 live=0
SLIME_CLOCK served task=2 label=44 result=147230304 live=0
SLIME_CLOCK served task=3 label=44 result=147243394 live=0
SLIME_CLOCK served task=2 label=44 result=147258324 live=0
SLIME_CLOCK served task=3 label=44 result=147278878 live=0
SLIME_CLOCK served task=2 label=44 result=147295686 live=0
SLIME_CLOCK served task=3 label=44 result=147312161 live=0
SLIME_CLOCK served task=2 label=44 result=147328355 live=0
SLIME_CLOCK served task=3 label=44 result=147348126 live=0
SLIME_CLOCK served task=2 label=44 result=147364181 live=0
SLIME_CLOCK served task=3 label=44 result=147379757 live=0
SLIME_CLOCK served task=2 label=44 result=147394833 live=0
SLIME_CLOCK served task=3 label=44 result=147425748 live=0
SLIME_CLOCK served task=2 label=44 result=147441305 live=0
SLIME_CLOCK served task=3 label=44 result=147453979 live=0
SLIME_CLOCK served task=2 label=44 result=147464111 live=0
SLIME_CLOCK served task=3 label=44 result=147475515 live=0
SLIME_CLOCK served task=2 label=44 result=147485513 live=0
SLIME_CLOCK served task=3 label=44 result=147496131 live=0
SLIME_CLOCK served task=2 label=44 result=147506147 live=0
SLIME_CLOCK served task=3 label=44 result=147516718 live=0
SLIME_CLOCK served task=2 label=44 result=147528484 live=0
SLIME_CLOCK served task=3 label=44 result=147541204 live=0
SLIME_CLOCK served task=2 label=44 result=147552369 live=0
SLIME_CLOCK served task=3 label=44 result=147564426 live=0
SLIME_CLOCK served task=2 label=44 result=147577125 live=0
SLIME_CLOCK served task=3 label=44 result=147590366 live=0
SLIME_CLOCK served task=2 label=44 result=147603666 live=0
SLIME_CLOCK served task=3 label=44 result=147617175 live=0
SLIME_CLOCK served task=2 label=44 result=147629946 live=0
SLIME_CLOCK served task=3 label=44 result=147641776 live=0
SLIME_CLOCK served task=2 label=44 result=147652898 live=0
SLIME_CLOCK served task=3 label=44 result=147666330 live=0
SLIME_CLOCK served task=2 label=44 result=147677530 live=0
SLIME_CLOCK served task=3 label=44 result=147689611 live=0
SLIME_CLOCK served task=2 label=44 result=147700882 live=0
SLIME_CLOCK served task=3 label=44 result=147712813 live=0
SLIME_CLOCK served task=2 label=44 result=147724395 live=0
SLIME_CLOCK served task=3 label=44 result=147737511 live=0
SLIME_CLOCK served task=2 label=44 result=147750216 live=0
SLIME_CLOCK served task=3 label=44 result=147763563 live=0
SLIME_CLOCK served task=2 label=44 result=147774618 live=0
SLIME_CLOCK served task=3 label=44 result=147788188 live=0
SLIME_CLOCK served task=2 label=44 result=147799635 live=0
SLIME_CLOCK served task=3 label=44 result=147811498 live=0
SLIME_CLOCK served task=2 label=44 result=147822556 live=0
SLIME_CLOCK served task=3 label=44 result=147834595 live=0
SLIME_CLOCK served task=2 label=44 result=147846024 live=0
SLIME_CLOCK served task=3 label=44 result=147857867 live=0
SLIME_CLOCK served task=2 label=44 result=147870056 live=0
SLIME_CLOCK served task=3 label=44 result=147883274 live=0
SLIME_CLOCK served task=2 label=44 result=147893041 live=0
SLIME_CLOCK served task=3 label=44 result=147903661 live=0
SLIME_CLOCK served task=2 label=44 result=147922394 live=0
SLIME_CLOCK served task=3 label=44 result=147938637 live=0
SLIME_CLOCK served task=2 label=44 result=147952830 live=0
SLIME_CLOCK served task=3 label=44 result=147963033 live=0
SLIME_CLOCK served task=2 label=44 result=147973980 live=0
SLIME_CLOCK served task=3 label=44 result=147988445 live=0
SLIME_CLOCK served task=2 label=44 result=147998861 live=0
SLIME_CLOCK served task=3 label=44 result=148010734 live=0
SLIME_CLOCK served task=2 label=44 result=148024747 live=0
SLIME_CLOCK served task=3 label=44 result=148038597 live=0
SLIME_CLOCK served task=2 label=44 result=148051125 live=0
SLIME_CLOCK served task=3 label=44 result=148064057 live=0
SLIME_CLOCK served task=2 label=44 result=148075599 live=0
SLIME_CLOCK served task=3 label=44 result=148086684 live=0
SLIME_CLOCK served task=2 label=44 result=148097715 live=0
SLIME_CLOCK served task=3 label=44 result=148108768 live=0
SLIME_CLOCK served task=2 label=44 result=148119172 live=0
SLIME_CLOCK served task=3 label=44 result=148130168 live=0
SLIME_CLOCK served task=2 label=44 result=148140900 live=0
SLIME_CLOCK served task=3 label=44 result=148152247 live=0
SLIME_CLOCK served task=2 label=44 result=148164569 live=0
SLIME_CLOCK served task=3 label=44 result=148175644 live=0
SLIME_CLOCK served task=2 label=44 result=148186275 live=0
SLIME_CLOCK served task=3 label=44 result=148197666 live=0
SLIME_CLOCK served task=2 label=44 result=148208230 live=0
SLIME_CLOCK served task=3 label=44 result=148219446 live=0
SLIME_CLOCK served task=2 label=44 result=148230444 live=0
SLIME_CLOCK served task=3 label=44 result=148241658 live=0
SLIME_CLOCK served task=2 label=44 result=148256168 live=0
SLIME_CLOCK served task=3 label=44 result=148272353 live=0
SLIME_CLOCK served task=2 label=44 result=148283847 live=0
SLIME_CLOCK served task=3 label=44 result=148296342 live=0
SLIME_CLOCK served task=2 label=44 result=148306956 live=0
SLIME_CLOCK served task=3 label=44 result=148318003 live=0
SLIME_CLOCK served task=2 label=44 result=148328582 live=0
SLIME_CLOCK served task=3 label=44 result=148339731 live=0
SLIME_CLOCK served task=2 label=44 result=148350837 live=0
SLIME_CLOCK served task=3 label=44 result=148362343 live=0
SLIME_CLOCK served task=2 label=44 result=148372997 live=0
SLIME_CLOCK served task=3 label=44 result=148384077 live=0
SLIME_CLOCK served task=2 label=44 result=148394716 live=0
SLIME_CLOCK served task=3 label=44 result=148405975 live=0
SLIME_CLOCK served task=2 label=44 result=148418404 live=0
SLIME_CLOCK served task=3 label=44 result=148429812 live=0
SLIME_CLOCK served task=2 label=44 result=148441902 live=0
SLIME_CLOCK served task=3 label=44 result=148456616 live=0
SLIME_CLOCK served task=2 label=44 result=148468040 live=0
SLIME_CLOCK served task=3 label=44 result=148480161 live=0
SLIME_CLOCK served task=2 label=44 result=148494676 live=0
SLIME_CLOCK served task=3 label=44 result=148510461 live=0
SLIME_CLOCK served task=2 label=44 result=148525341 live=0
SLIME_CLOCK served task=3 label=44 result=148544285 live=0
SLIME_CLOCK served task=2 label=44 result=148563181 live=0
SLIME_CLOCK served task=3 label=44 result=148577242 live=0
SLIME_CLOCK served task=2 label=44 result=148592348 live=0
SLIME_CLOCK served task=3 label=44 result=148605373 live=0
SLIME_CLOCK served task=2 label=44 result=148616168 live=0
SLIME_CLOCK served task=3 label=44 result=148627471 live=0
SLIME_CLOCK served task=2 label=44 result=148639210 live=0
SLIME_CLOCK served task=3 label=44 result=148652531 live=0
SLIME_CLOCK served task=2 label=44 result=148663552 live=0
SLIME_CLOCK served task=3 label=44 result=148676502 live=0
SLIME_CLOCK served task=2 label=44 result=148687108 live=0
SLIME_CLOCK served task=3 label=44 result=148698529 live=0
SLIME_CLOCK served task=2 label=44 result=148709250 live=0
SLIME_CLOCK served task=3 label=44 result=148721052 live=0
SLIME_CLOCK served task=2 label=44 result=148731675 live=0
SLIME_CLOCK served task=3 label=44 result=148742775 live=0
SLIME_CLOCK served task=2 label=44 result=148753466 live=0
SLIME_CLOCK served task=3 label=44 result=148764660 live=0
SLIME_CLOCK served task=2 label=44 result=148775406 live=0
SLIME_CLOCK served task=3 label=44 result=148787073 live=0
SLIME_CLOCK served task=2 label=44 result=148798674 live=0
SLIME_CLOCK served task=3 label=44 result=148809740 live=0
SLIME_CLOCK served task=2 label=44 result=148820168 live=0
SLIME_CLOCK served task=3 label=44 result=148831411 live=0
SLIME_CLOCK served task=2 label=44 result=148842099 live=0
SLIME_CLOCK served task=3 label=44 result=148853392 live=0
SLIME_CLOCK served task=2 label=44 result=148863985 live=0
SLIME_CLOCK served task=3 label=44 result=148875443 live=0
SLIME_CLOCK served task=2 label=44 result=148886238 live=0
SLIME_CLOCK served task=3 label=44 result=148897476 live=0
SLIME_CLOCK served task=2 label=44 result=148908411 live=0
SLIME_CLOCK served task=3 label=44 result=148920132 live=0
SLIME_CLOCK served task=2 label=44 result=148930635 live=0
SLIME_CLOCK served task=3 label=44 result=148941864 live=0
SLIME_CLOCK served task=2 label=44 result=148952448 live=0
SLIME_CLOCK served task=3 label=44 result=148963479 live=0
SLIME_CLOCK served task=2 label=44 result=148974161 live=0
SLIME_CLOCK served task=3 label=44 result=148985251 live=0
SLIME_CLOCK served task=2 label=44 result=148995823 live=0
SLIME_CLOCK served task=3 label=44 result=149006980 live=0
SLIME_CLOCK served task=2 label=44 result=149021494 live=0
SLIME_CLOCK served task=3 label=44 result=149034393 live=0
SLIME_CLOCK served task=2 label=44 result=149052336 live=0
SLIME_CLOCK served task=3 label=44 result=149102371 live=0
SLIME_CLOCK served task=2 label=44 result=149119463 live=0
SLIME_CLOCK served task=3 label=44 result=149137482 live=0
SLIME_CLOCK served task=2 label=44 result=149152016 live=0
SLIME_CLOCK served task=3 label=44 result=149164246 live=0
SLIME_CLOCK served task=2 label=44 result=149176807 live=0
SLIME_CLOCK served task=3 label=44 result=149188780 live=0
SLIME_CLOCK served task=2 label=44 result=149200415 live=0
SLIME_CLOCK served task=3 label=44 result=149212273 live=0
SLIME_CLOCK served task=2 label=44 result=149223971 live=0
SLIME_CLOCK served task=3 label=44 result=149235969 live=0
SLIME_CLOCK served task=2 label=44 result=149247290 live=0
SLIME_CLOCK served task=3 label=44 result=149259191 live=0
SLIME_CLOCK served task=2 label=44 result=149272987 live=0
SLIME_CLOCK served task=3 label=44 result=149285029 live=0
SLIME_CLOCK served task=2 label=44 result=149296311 live=0
SLIME_CLOCK served task=3 label=44 result=149309048 live=0
SLIME_CLOCK served task=2 label=44 result=149320383 live=0
SLIME_CLOCK served task=3 label=44 result=149332084 live=0
SLIME_CLOCK served task=2 label=44 result=149343298 live=0
SLIME_CLOCK served task=3 label=44 result=149355428 live=0
SLIME_CLOCK served task=2 label=44 result=149366675 live=0
SLIME_CLOCK served task=3 label=44 result=149378374 live=0
SLIME_CLOCK served task=2 label=44 result=149389353 live=0
SLIME_CLOCK served task=3 label=44 result=149401363 live=0
SLIME_CLOCK served task=2 label=44 result=149412563 live=0
SLIME_CLOCK served task=3 label=44 result=149423868 live=0
SLIME_CLOCK served task=2 label=44 result=149435583 live=0
SLIME_CLOCK served task=3 label=44 result=149446800 live=0
SLIME_CLOCK served task=2 label=44 result=149457493 live=0
SLIME_CLOCK served task=3 label=44 result=149468592 live=0
SLIME_CLOCK served task=2 label=44 result=149479599 live=0
SLIME_CLOCK served task=3 label=44 result=149490944 live=0
SLIME_CLOCK served task=2 label=44 result=149501538 live=0
SLIME_CLOCK served task=3 label=44 result=149513057 live=0
SLIME_CLOCK served task=2 label=44 result=149526566 live=0
SLIME_CLOCK served task=3 label=44 result=149537555 live=0
SLIME_CLOCK served task=2 label=44 result=149547072 live=0
SLIME_CLOCK served task=3 label=44 result=149559973 live=0
SLIME_CLOCK served task=2 label=44 result=149570710 live=0
SLIME_CLOCK served task=3 label=44 result=149581942 live=0
SLIME_CLOCK served task=2 label=44 result=149592480 live=0
SLIME_CLOCK served task=3 label=44 result=149606964 live=0
SLIME_CLOCK served task=2 label=44 result=149617649 live=0
SLIME_CLOCK served task=3 label=44 result=149628840 live=0
SLIME_CLOCK served task=2 label=44 result=149639505 live=0
SLIME_CLOCK served task=3 label=44 result=149650510 live=0
SLIME_CLOCK served task=2 label=44 result=149661201 live=0
SLIME_CLOCK served task=3 label=44 result=149673687 live=0
SLIME_CLOCK served task=2 label=44 result=149711181 live=0
SLIME_CLOCK served task=3 label=44 result=149748180 live=0
SLIME_CLOCK served task=2 label=44 result=149760206 live=0
SLIME_CLOCK served task=3 label=44 result=149772712 live=0
SLIME_CLOCK served task=2 label=44 result=149785202 live=0
SLIME_CLOCK served task=3 label=44 result=149795254 live=0
SLIME_CLOCK served task=2 label=44 result=149804646 live=0
SLIME_CLOCK served task=3 label=44 result=149818957 live=0
SLIME_CLOCK served task=2 label=44 result=149830146 live=0
SLIME_CLOCK served task=3 label=44 result=149841410 live=0
SLIME_CLOCK served task=2 label=44 result=149852691 live=0
SLIME_CLOCK served task=3 label=44 result=149863820 live=0
SLIME_CLOCK served task=2 label=44 result=149874744 live=0
SLIME_CLOCK served task=3 label=44 result=149886113 live=0
SLIME_CLOCK served task=2 label=44 result=149896777 live=0
SLIME_CLOCK served task=3 label=44 result=149908511 live=0
SLIME_CLOCK served task=2 label=44 result=149924518 live=0
SLIME_CLOCK served task=3 label=44 result=149942347 live=0
SLIME_CLOCK served task=2 label=44 result=149954145 live=0
SLIME_CLOCK served task=3 label=44 result=149966035 live=0
SLIME_CLOCK served task=2 label=44 result=149977609 live=0
SLIME_CLOCK served task=3 label=44 result=149989648 live=0
SLIME_CLOCK served task=2 label=44 result=150000898 live=0
SLIME_CLOCK served task=3 label=44 result=150013164 live=0
SLIME_CLOCK served task=2 label=44 result=150024515 live=0
SLIME_CLOCK served task=3 label=44 result=150037089 live=0
SLIME_CLOCK served task=2 label=44 result=150050507 live=0
SLIME_CLOCK served task=3 label=44 result=150064516 live=0
SLIME_CLOCK served task=2 label=44 result=150076895 live=0
SLIME_CLOCK served task=3 label=44 result=150090390 live=0
SLIME_CLOCK served task=2 label=44 result=150103289 live=0
SLIME_CLOCK served task=3 label=44 result=150116521 live=0
SLIME_CLOCK served task=2 label=44 result=150128812 live=0
SLIME_CLOCK served task=3 label=44 result=150142174 live=0
SLIME_CLOCK served task=2 label=44 result=150157851 live=0
SLIME_CLOCK served task=3 label=44 result=150173276 live=0
SLIME_CLOCK served task=2 label=44 result=150189838 live=0
SLIME_CLOCK served task=3 label=44 result=150205496 live=0
SLIME_CLOCK served task=2 label=44 result=150220602 live=0
SLIME_CLOCK served task=3 label=44 result=150236018 live=0
SLIME_CLOCK served task=2 label=44 result=150250389 live=0
SLIME_CLOCK served task=3 label=44 result=150265957 live=0
SLIME_CLOCK served task=2 label=44 result=150280236 live=0
SLIME_CLOCK served task=3 label=44 result=150297159 live=0
SLIME_CLOCK served task=2 label=44 result=150309096 live=0
SLIME_CLOCK served task=3 label=44 result=150321560 live=0
SLIME_CLOCK served task=2 label=44 result=150332218 live=0
SLIME_CLOCK served task=3 label=44 result=150343684 live=0
SLIME_CLOCK served task=2 label=44 result=150354545 live=0
SLIME_CLOCK served task=3 label=44 result=150365941 live=0
SLIME_CLOCK served task=2 label=44 result=150376688 live=0
SLIME_CLOCK served task=3 label=44 result=150387737 live=0
SLIME_CLOCK served task=2 label=44 result=150398540 live=0
SLIME_CLOCK served task=3 label=44 result=150410245 live=0
SLIME_CLOCK served task=2 label=44 result=150420966 live=0
SLIME_CLOCK served task=3 label=44 result=150432009 live=0
SLIME_CLOCK served task=2 label=44 result=150444054 live=0
SLIME_CLOCK served task=3 label=44 result=150455335 live=0
SLIME_CLOCK served task=2 label=44 result=150465957 live=0
SLIME_CLOCK served task=3 label=44 result=150477420 live=0
SLIME_CLOCK served task=2 label=44 result=150487938 live=0
SLIME_CLOCK served task=3 label=44 result=150499066 live=0
SLIME_CLOCK served task=2 label=44 result=150509716 live=0
SLIME_CLOCK served task=3 label=44 result=150520811 live=0
SLIME_CLOCK served task=2 label=44 result=150531360 live=0
SLIME_CLOCK served task=3 label=44 result=150543030 live=0
SLIME_CLOCK served task=2 label=44 result=150553612 live=0
SLIME_CLOCK served task=3 label=44 result=150564880 live=0
SLIME_CLOCK served task=2 label=44 result=150576541 live=0
SLIME_CLOCK served task=3 label=44 result=150587846 live=0
SLIME_CLOCK served task=2 label=44 result=150598840 live=0
SLIME_CLOCK served task=3 label=44 result=150610045 live=0
SLIME_CLOCK served task=2 label=44 result=150620958 live=0
SLIME_CLOCK served task=3 label=44 result=150632038 live=0
SLIME_CLOCK served task=2 label=44 result=150645390 live=0
SLIME_CLOCK served task=3 label=44 result=150656496 live=0
SLIME_CLOCK served task=2 label=44 result=150670042 live=0
SLIME_CLOCK served task=3 label=44 result=150686320 live=0
SLIME_CLOCK served task=2 label=44 result=150713910 live=0
SLIME_CLOCK served task=3 label=44 result=150731840 live=0
SLIME_CLOCK served task=2 label=44 result=150748759 live=0
SLIME_CLOCK served task=3 label=44 result=150766345 live=0
SLIME_CLOCK served task=2 label=44 result=150783569 live=0
SLIME_CLOCK served task=3 label=44 result=150800638 live=0
SLIME_CLOCK served task=2 label=44 result=150817394 live=0
SLIME_CLOCK served task=3 label=44 result=150834745 live=0
SLIME_CLOCK served task=2 label=44 result=150849413 live=0
SLIME_CLOCK served task=3 label=44 result=150864758 live=0
SLIME_CLOCK served task=2 label=44 result=150876095 live=0
SLIME_CLOCK served task=3 label=44 result=150886262 live=0
SLIME_CLOCK served task=2 label=44 result=150895809 live=0
SLIME_CLOCK served task=3 label=44 result=150905898 live=0
SLIME_CLOCK served task=2 label=44 result=150916976 live=0
SLIME_CLOCK served task=3 label=44 result=150929790 live=0
SLIME_CLOCK served task=2 label=44 result=150941734 live=0
SLIME_CLOCK served task=3 label=44 result=150958593 live=0
SLIME_CLOCK served task=2 label=44 result=150972414 live=0
SLIME_CLOCK served task=3 label=44 result=150986633 live=0
SLIME_CLOCK served task=2 label=44 result=151000175 live=0
SLIME_CLOCK served task=3 label=44 result=151014426 live=0
SLIME_CLOCK served task=2 label=44 result=151027752 live=0
SLIME_CLOCK served task=3 label=44 result=151042138 live=0
SLIME_CLOCK served task=2 label=44 result=151055655 live=0
SLIME_CLOCK served task=3 label=44 result=151069516 live=0
SLIME_CLOCK served task=2 label=44 result=151084034 live=0
SLIME_CLOCK served task=3 label=44 result=151098180 live=0
SLIME_CLOCK served task=2 label=44 result=151111406 live=0
SLIME_CLOCK served task=3 label=44 result=151125559 live=0
SLIME_CLOCK served task=2 label=44 result=151138948 live=0
SLIME_CLOCK served task=3 label=44 result=151153167 live=0
SLIME_CLOCK served task=2 label=44 result=151166598 live=0
SLIME_CLOCK served task=3 label=44 result=151178114 live=0
SLIME_CLOCK served task=2 label=44 result=151188952 live=0
SLIME_CLOCK served task=3 label=44 result=151201154 live=0
SLIME_CLOCK served task=2 label=44 result=151212083 live=0
SLIME_CLOCK served task=3 label=44 result=151223778 live=0
SLIME_CLOCK served task=2 label=44 result=151234467 live=0
SLIME_CLOCK served task=3 label=44 result=151245625 live=0
SLIME_CLOCK served task=2 label=44 result=151256448 live=0
SLIME_CLOCK served task=3 label=44 result=151267887 live=0
SLIME_CLOCK served task=2 label=44 result=151278436 live=0
SLIME_CLOCK served task=3 label=44 result=151290458 live=0
SLIME_CLOCK served task=2 label=44 result=151305411 live=0
SLIME_CLOCK served task=3 label=44 result=151320591 live=0
SLIME_CLOCK served task=2 label=44 result=151336155 live=0
SLIME_CLOCK served task=3 label=44 result=151351535 live=0
SLIME_CLOCK served task=2 label=44 result=151366320 live=0
SLIME_CLOCK served task=3 label=44 result=151382002 live=0
SLIME_CLOCK served task=2 label=44 result=151396777 live=0
SLIME_CLOCK served task=3 label=44 result=151412837 live=0
SLIME_CLOCK served task=2 label=44 result=151424909 live=0
SLIME_CLOCK served task=3 label=44 result=151435022 live=0
SLIME_CLOCK served task=2 label=44 result=151444484 live=0
SLIME_CLOCK served task=3 label=44 result=151456626 live=0
SLIME_CLOCK served task=3 label=44 result=151468466 live=0
SLIME_CLOCK served task=2 label=44 result=151479575 live=0
SLIME_CLOCK served task=3 label=44 result=151490936 live=0
SLIME_CLOCK served task=2 label=44 result=151501854 live=0
SLIME_CLOCK served task=3 label=44 result=151513335 live=0
SLIME_CLOCK served task=2 label=44 result=151524290 live=0
SLIME_CLOCK served task=3 label=44 result=151536085 live=0
SLIME_CLOCK served task=2 label=44 result=151546912 live=0
SLIME_CLOCK served task=3 label=44 result=151558178 live=0
SLIME_CLOCK served task=2 label=44 result=151568875 live=0
SLIME_CLOCK served task=3 label=44 result=151581215 live=0
SLIME_CLOCK served task=2 label=44 result=151592040 live=0
SLIME_CLOCK served task=3 label=44 result=151603843 live=0
SLIME_CLOCK served task=2 label=44 result=151614608 live=0
SLIME_CLOCK served task=3 label=44 result=151625868 live=0
SLIME_CLOCK served task=2 label=44 result=151636913 live=0
SLIME_CLOCK served task=3 label=44 result=151648332 live=0
SLIME_CLOCK served task=2 label=44 result=151659589 live=0
SLIME_CLOCK served task=3 label=44 result=151670989 live=0
SLIME_CLOCK served task=2 label=44 result=151684516 live=0
SLIME_CLOCK served task=3 label=44 result=151695970 live=0
SLIME_CLOCK served task=2 label=44 result=151707491 live=0
SLIME_CLOCK served task=3 label=44 result=151718779 live=0
SLIME_CLOCK served task=2 label=44 result=151729829 live=0
SLIME_CLOCK served task=3 label=44 result=151741206 live=0
SLIME_CLOCK served task=2 label=44 result=151752052 live=0
SLIME_CLOCK served task=3 label=44 result=151763437 live=0
SLIME_CLOCK served task=2 label=44 result=151774238 live=0
SLIME_CLOCK served task=3 label=44 result=151785660 live=0
SLIME_CLOCK served task=2 label=44 result=151796434 live=0
SLIME_CLOCK served task=3 label=44 result=151807824 live=0
SLIME_CLOCK served task=2 label=44 result=151820410 live=0
SLIME_CLOCK served task=3 label=44 result=151837505 live=0
SLIME_CLOCK served task=2 label=44 result=151854767 live=0
SLIME_CLOCK served task=3 label=44 result=151871375 live=0
SLIME_CLOCK served task=2 label=44 result=151886342 live=0
SLIME_CLOCK served task=3 label=44 result=151902872 live=0
SLIME_CLOCK served task=2 label=44 result=151924077 live=0
SLIME_CLOCK served task=3 label=44 result=151939819 live=0
SLIME_CLOCK served task=2 label=44 result=151952388 live=0
SLIME_CLOCK served task=3 label=44 result=151966975 live=0
SLIME_CLOCK served task=2 label=44 result=151979788 live=0
SLIME_CLOCK served task=3 label=44 result=151991348 live=0
SLIME_CLOCK served task=2 label=44 result=152002522 live=0
SLIME_CLOCK served task=3 label=44 result=152014391 live=0
SLIME_CLOCK served task=2 label=44 result=152025682 live=0
SLIME_CLOCK served task=3 label=44 result=152037936 live=0
SLIME_CLOCK served task=2 label=44 result=152048990 live=0
SLIME_CLOCK served task=3 label=44 result=152060378 live=0
SLIME_CLOCK served task=2 label=44 result=152071332 live=0
SLIME_CLOCK served task=3 label=44 result=152082979 live=0
SLIME_CLOCK served task=2 label=44 result=152095054 live=0
SLIME_CLOCK served task=3 label=44 result=152106902 live=0
SLIME_CLOCK served task=2 label=44 result=152117547 live=0
SLIME_CLOCK served task=3 label=44 result=152129091 live=0
SLIME_CLOCK served task=2 label=44 result=152140062 live=0
SLIME_CLOCK served task=3 label=44 result=152151390 live=0
SLIME_CLOCK served task=2 label=44 result=152162634 live=0
SLIME_CLOCK served task=3 label=44 result=152174009 live=0
SLIME_CLOCK served task=2 label=44 result=152184739 live=0
SLIME_CLOCK served task=3 label=44 result=152196191 live=0
SLIME_CLOCK served task=2 label=44 result=152207168 live=0
SLIME_CLOCK served task=3 label=44 result=152219536 live=0
SLIME_CLOCK served task=2 label=44 result=152230703 live=0
SLIME_CLOCK served task=3 label=44 result=152241954 live=0
SLIME_CLOCK served task=2 label=44 result=152252689 live=0
SLIME_CLOCK served task=3 label=44 result=152263820 live=0
SLIME_CLOCK served task=2 label=44 result=152274837 live=0
SLIME_CLOCK served task=3 label=44 result=152286703 live=0
SLIME_CLOCK served task=2 label=44 result=152297368 live=0
SLIME_CLOCK served task=3 label=44 result=152308497 live=0
SLIME_CLOCK served task=2 label=44 result=152319276 live=0
SLIME_CLOCK served task=3 label=44 result=152331927 live=0
SLIME_CLOCK served task=2 label=44 result=152351643 live=0
SLIME_CLOCK served task=3 label=44 result=152369649 live=0
SLIME_CLOCK served task=2 label=44 result=152390124 live=0
SLIME_CLOCK served task=3 label=44 result=152407887 live=0
SLIME_CLOCK served task=2 label=44 result=152423521 live=0
SLIME_CLOCK served task=3 label=44 result=152439903 live=0
SLIME_CLOCK served task=2 label=44 result=152455371 live=0
SLIME_CLOCK served task=3 label=44 result=152475523 live=0
SLIME_CLOCK served task=2 label=44 result=152491127 live=0
SLIME_CLOCK served task=3 label=44 result=152508242 live=0
SLIME_CLOCK served task=2 label=44 result=152524241 live=0
SLIME_CLOCK served task=3 label=44 result=152541853 live=0
SLIME_CLOCK served task=2 label=44 result=152560244 live=0
SLIME_CLOCK served task=3 label=44 result=152577159 live=0
SLIME_CLOCK served task=2 label=44 result=152593173 live=0
SLIME_CLOCK served task=3 label=44 result=152611763 live=0
SLIME_CLOCK served task=2 label=44 result=152627523 live=0
SLIME_CLOCK served task=3 label=44 result=152644116 live=0
SLIME_CLOCK served task=2 label=44 result=152660257 live=0
SLIME_CLOCK served task=3 label=44 result=152677773 live=0
SLIME_CLOCK served task=2 label=44 result=152693719 live=0
SLIME_CLOCK served task=3 label=44 result=152710238 live=0
SLIME_CLOCK served task=2 label=44 result=152731542 live=0
SLIME_CLOCK served task=3 label=44 result=152748400 live=0
SLIME_CLOCK served task=2 label=44 result=152763758 live=0
SLIME_CLOCK served task=3 label=44 result=152780335 live=0
SLIME_CLOCK served task=2 label=44 result=152796147 live=0
SLIME_CLOCK served task=3 label=44 result=152812756 live=0
SLIME_CLOCK served task=2 label=44 result=152829957 live=0
SLIME_CLOCK served task=3 label=44 result=152849388 live=0
SLIME_CLOCK served task=2 label=44 result=152867463 live=0
SLIME_CLOCK served task=3 label=44 result=152885226 live=0
SLIME_CLOCK served task=2 label=44 result=152900785 live=0
SLIME_CLOCK served task=3 label=44 result=152916940 live=0
SLIME_CLOCK served task=2 label=44 result=152931357 live=0
SLIME_CLOCK served task=3 label=44 result=152949556 live=0
SLIME_CLOCK served task=2 label=44 result=152966591 live=0
SLIME_CLOCK served task=3 label=44 result=152989414 live=0
SLIME_CLOCK served task=2 label=44 result=153007679 live=0
SLIME_CLOCK served task=3 label=44 result=153024100 live=0
SLIME_CLOCK served task=2 label=44 result=153038057 live=0
SLIME_CLOCK served task=3 label=44 result=153052575 live=0
SLIME_CLOCK served task=2 label=44 result=153066178 live=0
SLIME_CLOCK served task=3 label=44 result=153080869 live=0
SLIME_CLOCK served task=2 label=44 result=153094385 live=0
SLIME_CLOCK served task=3 label=44 result=153112501 live=0
SLIME_CLOCK served task=2 label=44 result=153126995 live=0
SLIME_CLOCK served task=3 label=44 result=153142537 live=0
SLIME_CLOCK served task=2 label=44 result=153156933 live=0
SLIME_CLOCK served task=3 label=44 result=153172578 live=0
SLIME_CLOCK served task=2 label=44 result=153187100 live=0
SLIME_CLOCK served task=3 label=44 result=153202430 live=0
SLIME_CLOCK served task=2 label=44 result=153218572 live=0
SLIME_CLOCK served task=3 label=44 result=153236810 live=0
SLIME_CLOCK served task=2 label=44 result=153253021 live=0
SLIME_CLOCK served task=3 label=44 result=153269835 live=0
SLIME_CLOCK served task=2 label=44 result=153284548 live=0
SLIME_CLOCK served task=3 label=44 result=153299826 live=0
SLIME_CLOCK served task=2 label=44 result=153314291 live=0
SLIME_CLOCK served task=3 label=44 result=153329550 live=0
SLIME_CLOCK served task=2 label=44 result=153343970 live=0
SLIME_CLOCK served task=3 label=44 result=153361085 live=0
SLIME_CLOCK served task=2 label=44 result=153378083 live=0
SLIME_CLOCK served task=3 label=44 result=153394077 live=0
SLIME_CLOCK served task=2 label=44 result=153409676 live=0
SLIME_CLOCK served task=3 label=44 result=153426467 live=0
SLIME_CLOCK served task=2 label=44 result=153442089 live=0
SLIME_CLOCK served task=3 label=44 result=153458692 live=0
SLIME_CLOCK served task=2 label=44 result=153474827 live=0
SLIME_CLOCK served task=3 label=44 result=153494155 live=0
SLIME_CLOCK served task=2 label=44 result=153510322 live=0
SLIME_CLOCK served task=3 label=44 result=153527572 live=0
SLIME_CLOCK served task=2 label=44 result=153543765 live=0
SLIME_CLOCK served task=3 label=44 result=153560355 live=0
SLIME_CLOCK served task=2 label=44 result=153576052 live=0
SLIME_CLOCK served task=3 label=44 result=153595001 live=0
SLIME_CLOCK served task=2 label=44 result=153612788 live=0
SLIME_CLOCK served task=3 label=44 result=153629393 live=0
SLIME_CLOCK served task=2 label=44 result=153645131 live=0
SLIME_CLOCK served task=3 label=44 result=153662087 live=0
SLIME_CLOCK served task=2 label=44 result=153677922 live=0
SLIME_CLOCK served task=3 label=44 result=153694292 live=0
SLIME_CLOCK served task=2 label=44 result=153710021 live=0
SLIME_CLOCK served task=3 label=44 result=153726889 live=0
SLIME_CLOCK served task=2 label=44 result=153744398 live=0
SLIME_CLOCK served task=3 label=44 result=153760921 live=0
SLIME_CLOCK served task=2 label=44 result=153780417 live=0
SLIME_CLOCK served task=3 label=44 result=153797536 live=0
SLIME_CLOCK served task=2 label=44 result=153814150 live=0
SLIME_CLOCK served task=3 label=44 result=153830648 live=0
SLIME_CLOCK served task=2 label=44 result=153846336 live=0
SLIME_CLOCK served task=3 label=44 result=153863887 live=0
SLIME_CLOCK served task=2 label=44 result=153882469 live=0
SLIME_CLOCK served task=3 label=44 result=153901373 live=0
SLIME_CLOCK served task=2 label=44 result=153918019 live=0
SLIME_CLOCK served task=3 label=44 result=153934560 live=0
SLIME_CLOCK served task=2 label=44 result=153949819 live=0
SLIME_CLOCK served task=3 label=44 result=153964852 live=0
SLIME_CLOCK served task=2 label=44 result=153979097 live=0
SLIME_CLOCK served task=3 label=44 result=153994156 live=0
SLIME_CLOCK served task=2 label=44 result=154011274 live=0
SLIME_CLOCK served task=3 label=44 result=154028943 live=0
SLIME_CLOCK served task=2 label=44 result=154046082 live=0
SLIME_CLOCK served task=3 label=44 result=154063319 live=0
SLIME_CLOCK served task=2 label=44 result=154080092 live=0
SLIME_CLOCK served task=3 label=44 result=154098063 live=0
SLIME_CLOCK served task=2 label=44 result=154115149 live=0
SLIME_CLOCK served task=3 label=44 result=154133854 live=0
SLIME_CLOCK served task=2 label=44 result=154150648 live=0
SLIME_CLOCK served task=3 label=44 result=154168126 live=0
SLIME_CLOCK served task=2 label=44 result=154185122 live=0
SLIME_CLOCK served task=3 label=44 result=154202657 live=0
SLIME_CLOCK served task=2 label=44 result=154219658 live=0
SLIME_CLOCK served task=3 label=44 result=154236926 live=0
SLIME_CLOCK served task=2 label=44 result=154254753 live=0
SLIME_CLOCK served task=3 label=44 result=154272064 live=0
SLIME_CLOCK served task=2 label=44 result=154289048 live=0
SLIME_CLOCK served task=3 label=44 result=154306527 live=0
SLIME_CLOCK served task=2 label=44 result=154323298 live=0
SLIME_CLOCK served task=3 label=44 result=154340520 live=0
SLIME_CLOCK served task=2 label=44 result=154357556 live=0
SLIME_CLOCK served task=3 label=44 result=154376210 live=0
SLIME_CLOCK served task=2 label=44 result=154392786 live=0
SLIME_CLOCK served task=3 label=44 result=154410341 live=0
SLIME_CLOCK served task=2 label=44 result=154421083 live=0
SLIME_CLOCK served task=3 label=44 result=154431907 live=0
SLIME_CLOCK served task=2 label=44 result=154442076 live=0
SLIME_CLOCK served task=3 label=44 result=154454756 live=0
SLIME_CLOCK served task=2 label=44 result=154469487 live=0
SLIME_CLOCK served task=3 label=44 result=154485715 live=0
SLIME_CLOCK served task=2 label=44 result=154507560 live=0
SLIME_CLOCK served task=3 label=44 result=154523948 live=0
SLIME_CLOCK served task=2 label=44 result=154533894 live=0
SLIME_CLOCK served task=3 label=44 result=154545205 live=0
SLIME_CLOCK served task=2 label=44 result=154556124 live=0
SLIME_CLOCK served task=3 label=44 result=154567400 live=0
SLIME_CLOCK served task=2 label=44 result=154577952 live=0
SLIME_CLOCK served task=3 label=44 result=154589126 live=0
SLIME_CLOCK served task=2 label=44 result=154600730 live=0
SLIME_CLOCK served task=3 label=44 result=154612271 live=0
SLIME_CLOCK served task=2 label=44 result=154623062 live=0
SLIME_CLOCK served task=3 label=44 result=154640587 live=0
SLIME_CLOCK served task=2 label=44 result=154656775 live=0
SLIME_CLOCK served task=3 label=44 result=154673502 live=0
SLIME_CLOCK served task=2 label=44 result=154689400 live=0
SLIME_CLOCK served task=3 label=44 result=154706006 live=0
SLIME_CLOCK served task=2 label=44 result=154721729 live=0
SLIME_CLOCK served task=3 label=44 result=154738139 live=0
SLIME_CLOCK served task=2 label=44 result=154753498 live=0
SLIME_CLOCK served task=3 label=44 result=154771957 live=0
SLIME_CLOCK served task=2 label=44 result=154787722 live=0
SLIME_CLOCK served task=3 label=44 result=154804305 live=0
SLIME_CLOCK served task=2 label=44 result=154819079 live=0
SLIME_CLOCK served task=3 label=44 result=154834712 live=0
SLIME_CLOCK served task=2 label=44 result=154849634 live=0
SLIME_CLOCK served task=3 label=44 result=154864938 live=0
SLIME_CLOCK served task=2 label=44 result=154879402 live=0
SLIME_CLOCK served task=3 label=44 result=154896323 live=0
SLIME_CLOCK served task=2 label=44 result=154912654 live=0
SLIME_CLOCK served task=3 label=44 result=154929675 live=0
SLIME_CLOCK served task=2 label=44 result=154942430 live=0
SLIME_CLOCK served task=3 label=44 result=154957614 live=0
SLIME_CLOCK served task=2 label=44 result=154972622 live=0
SLIME_CLOCK served task=3 label=44 result=154987941 live=0
SLIME_CLOCK served task=2 label=44 result=155002619 live=0
SLIME_CLOCK served task=3 label=44 result=155024935 live=0
SLIME_CLOCK served task=2 label=44 result=155042966 live=0
SLIME_CLOCK served task=3 label=44 result=155053518 live=0
SLIME_CLOCK served task=2 label=44 result=155065123 live=0
SLIME_CLOCK served task=3 label=44 result=155075747 live=0
SLIME_CLOCK served task=2 label=44 result=155087059 live=0
SLIME_CLOCK served task=3 label=44 result=155098432 live=0
SLIME_CLOCK served task=2 label=44 result=155109085 live=0
SLIME_CLOCK served task=3 label=44 result=155120272 live=0
SLIME_CLOCK served task=2 label=44 result=155130879 live=0
SLIME_CLOCK served task=3 label=44 result=155143680 live=0
SLIME_CLOCK served task=2 label=44 result=155154269 live=0
SLIME_CLOCK served task=3 label=44 result=155165545 live=0
SLIME_CLOCK served task=2 label=44 result=155176189 live=0
SLIME_CLOCK served task=3 label=44 result=155187241 live=0
SLIME_CLOCK served task=2 label=44 result=155197902 live=0
SLIME_CLOCK served task=3 label=44 result=155208964 live=0
SLIME_CLOCK served task=2 label=44 result=155219546 live=0
SLIME_CLOCK served task=3 label=44 result=155231250 live=0
SLIME_CLOCK served task=2 label=44 result=155241663 live=0
SLIME_CLOCK served task=3 label=44 result=155252560 live=0
SLIME_CLOCK served task=2 label=44 result=155263234 live=0
SLIME_CLOCK served task=3 label=44 result=155276377 live=0
SLIME_CLOCK served task=2 label=44 result=155287312 live=0
SLIME_CLOCK served task=3 label=44 result=155298399 live=0
SLIME_CLOCK served task=2 label=44 result=155308804 live=0
SLIME_CLOCK served task=3 label=44 result=155319922 live=0
SLIME_CLOCK served task=2 label=44 result=155330540 live=0
SLIME_CLOCK served task=3 label=44 result=155342186 live=0
SLIME_CLOCK served task=2 label=44 result=155353260 live=0
SLIME_CLOCK served task=3 label=44 result=155364560 live=0
SLIME_CLOCK served task=2 label=44 result=155375343 live=0
SLIME_CLOCK served task=3 label=44 result=155386529 live=0
SLIME_CLOCK served task=2 label=44 result=155398455 live=0
SLIME_CLOCK served task=3 label=44 result=155410474 live=0
SLIME_CLOCK served task=2 label=44 result=155421196 live=0
SLIME_CLOCK served task=3 label=44 result=155432280 live=0
SLIME_CLOCK served task=2 label=44 result=155445726 live=0
SLIME_CLOCK served task=3 label=44 result=155461351 live=0
SLIME_CLOCK served task=2 label=44 result=155475848 live=0
SLIME_CLOCK served task=3 label=44 result=155489352 live=0
SLIME_CLOCK served task=2 label=44 result=155503840 live=0
SLIME_CLOCK served task=3 label=44 result=155519307 live=0
SLIME_CLOCK served task=2 label=44 result=155539967 live=0
SLIME_CLOCK served task=3 label=44 result=155557575 live=0
SLIME_CLOCK served task=2 label=44 result=155573711 live=0
SLIME_CLOCK served task=3 label=44 result=155587294 live=0
SLIME_CLOCK served task=2 label=44 result=155598650 live=0
SLIME_CLOCK served task=3 label=44 result=155609653 live=0
SLIME_CLOCK served task=2 label=44 result=155620482 live=0
SLIME_CLOCK served task=3 label=44 result=155631450 live=0
SLIME_CLOCK served task=2 label=44 result=155641925 live=0
SLIME_CLOCK served task=3 label=44 result=155654496 live=0
SLIME_CLOCK served task=2 label=44 result=155665907 live=0
SLIME_CLOCK served task=3 label=44 result=155676935 live=0
SLIME_CLOCK served task=2 label=44 result=155687411 live=0
SLIME_CLOCK served task=3 label=44 result=155698433 live=0
SLIME_CLOCK served task=2 label=44 result=155709419 live=0
SLIME_CLOCK served task=3 label=44 result=155720911 live=0
SLIME_CLOCK served task=2 label=44 result=155731391 live=0
SLIME_CLOCK served task=3 label=44 result=155742436 live=0
SLIME_CLOCK served task=2 label=44 result=155752902 live=0
SLIME_CLOCK served task=3 label=44 result=155764268 live=0
SLIME_CLOCK served task=2 label=44 result=155775391 live=0
SLIME_CLOCK served task=3 label=44 result=155787111 live=0
SLIME_CLOCK served task=2 label=44 result=155797726 live=0
SLIME_CLOCK served task=3 label=44 result=155808867 live=0
SLIME_CLOCK served task=2 label=44 result=155819352 live=0
SLIME_CLOCK served task=3 label=44 result=155830667 live=0
SLIME_CLOCK served task=2 label=44 result=155841223 live=0
SLIME_CLOCK served task=3 label=44 result=155852267 live=0
SLIME_CLOCK served task=2 label=44 result=155862867 live=0
SLIME_CLOCK served task=3 label=44 result=155873991 live=0
SLIME_CLOCK served task=2 label=44 result=155884738 live=0
SLIME_CLOCK served task=3 label=44 result=155896004 live=0
SLIME_CLOCK served task=2 label=44 result=155907833 live=0
SLIME_CLOCK served task=3 label=44 result=155919679 live=0
SLIME_CLOCK served task=2 label=44 result=155930368 live=0
SLIME_CLOCK served task=3 label=44 result=155941750 live=0
SLIME_CLOCK served task=2 label=44 result=155952606 live=0
SLIME_CLOCK served task=3 label=44 result=155967513 live=0
SLIME_CLOCK served task=2 label=44 result=155978877 live=0
SLIME_CLOCK served task=3 label=44 result=155989962 live=0
SLIME_CLOCK served task=2 label=44 result=156000546 live=0
SLIME_CLOCK served task=3 label=44 result=156011823 live=0
SLIME_CLOCK served task=2 label=44 result=156022561 live=0
SLIME_CLOCK served task=3 label=44 result=156036306 live=0
SLIME_CLOCK served task=2 label=44 result=156047335 live=0
SLIME_CLOCK served task=3 label=44 result=156058502 live=0
SLIME_CLOCK served task=2 label=44 result=156068931 live=0
SLIME_CLOCK served task=3 label=44 result=156079771 live=0
SLIME_CLOCK served task=2 label=44 result=156090500 live=0
SLIME_CLOCK served task=3 label=44 result=156102173 live=0
SLIME_CLOCK served task=2 label=44 result=156115683 live=0
SLIME_CLOCK served task=3 label=44 result=156130915 live=0
SLIME_CLOCK served task=2 label=44 result=156145087 live=0
SLIME_CLOCK served task=3 label=44 result=156169247 live=0
SLIME_CLOCK served task=2 label=44 result=156185783 live=0
SLIME_CLOCK served task=3 label=44 result=156198873 live=0
SLIME_CLOCK served task=2 label=44 result=156209767 live=0
SLIME_CLOCK served task=3 label=44 result=156221254 live=0
SLIME_CLOCK served task=2 label=44 result=156231502 live=0
SLIME_CLOCK served task=3 label=44 result=156243393 live=0
SLIME_CLOCK served task=2 label=44 result=156255235 live=0
SLIME_CLOCK served task=3 label=44 result=156268025 live=0
SLIME_CLOCK served task=2 label=44 result=156280441 live=0
SLIME_CLOCK served task=3 label=44 result=156294736 live=0
SLIME_CLOCK served task=2 label=44 result=156307241 live=0
SLIME_CLOCK served task=3 label=44 result=156320172 live=0
SLIME_CLOCK served task=2 label=44 result=156332880 live=0
SLIME_CLOCK served task=3 label=44 result=156346594 live=0
SLIME_CLOCK served task=2 label=44 result=156358642 live=0
SLIME_CLOCK served task=3 label=44 result=156371794 live=0
SLIME_CLOCK served task=2 label=44 result=156384203 live=0
SLIME_CLOCK served task=3 label=44 result=156397066 live=0
SLIME_CLOCK served task=2 label=44 result=156410814 live=0
SLIME_CLOCK served task=3 label=44 result=156423532 live=0
SLIME_CLOCK served task=2 label=44 result=156435689 live=0
SLIME_CLOCK served task=3 label=44 result=156448227 live=0
SLIME_CLOCK served task=2 label=44 result=156460568 live=0
SLIME_CLOCK served task=3 label=44 result=156474150 live=0
SLIME_CLOCK served task=2 label=44 result=156486826 live=0
SLIME_CLOCK served task=3 label=44 result=156499896 live=0
SLIME_CLOCK served task=2 label=44 result=156512127 live=0
SLIME_CLOCK served task=3 label=44 result=156524924 live=0
SLIME_CLOCK served task=2 label=44 result=156538360 live=0
SLIME_CLOCK served task=3 label=44 result=156551340 live=0
SLIME_CLOCK served task=2 label=44 result=156563470 live=0
SLIME_CLOCK served task=3 label=44 result=156576352 live=0
SLIME_CLOCK served task=2 label=44 result=156590423 live=0
SLIME_CLOCK served task=3 label=44 result=156606312 live=0
SLIME_CLOCK served task=2 label=44 result=156620741 live=0
SLIME_CLOCK served task=3 label=44 result=156635926 live=0
SLIME_CLOCK served task=2 label=44 result=156650701 live=0
SLIME_CLOCK served task=3 label=44 result=156675129 live=0
SLIME_CLOCK served task=2 label=44 result=156694289 live=0
SLIME_CLOCK served task=3 label=44 result=156712386 live=0
SLIME_CLOCK served task=2 label=44 result=156729475 live=0
SLIME_CLOCK served task=3 label=44 result=156746816 live=0
SLIME_CLOCK served task=2 label=44 result=156763413 live=0
SLIME_CLOCK served task=3 label=44 result=156780912 live=0
SLIME_CLOCK served task=2 label=44 result=156798609 live=0
SLIME_CLOCK served task=3 label=44 result=156815728 live=0
SLIME_CLOCK served task=2 label=44 result=156832390 live=0
SLIME_CLOCK served task=3 label=44 result=156849996 live=0
SLIME_CLOCK served task=2 label=44 result=156866622 live=0
SLIME_CLOCK served task=3 label=44 result=156883858 live=0
SLIME_CLOCK served task=2 label=44 result=156900719 live=0
SLIME_CLOCK served task=3 label=44 result=156919596 live=0
SLIME_CLOCK served task=2 label=44 result=156936349 live=0
SLIME_CLOCK served task=3 label=44 result=156953662 live=0
SLIME_CLOCK served task=2 label=44 result=156970747 live=0
SLIME_CLOCK served task=3 label=44 result=156988165 live=0
SLIME_CLOCK served task=2 label=44 result=157004608 live=0
SLIME_CLOCK served task=3 label=44 result=157021734 live=0
SLIME_CLOCK served task=2 label=44 result=157038496 live=0
SLIME_CLOCK served task=3 label=44 result=157056786 live=0
SLIME_CLOCK served task=2 label=44 result=157073602 live=0
SLIME_CLOCK served task=3 label=44 result=157091160 live=0
SLIME_CLOCK served task=2 label=44 result=157108528 live=0
SLIME_CLOCK served task=3 label=44 result=157122103 live=0
SLIME_CLOCK served task=2 label=44 result=157133083 live=0
SLIME_CLOCK served task=3 label=44 result=157144397 live=0
SLIME_CLOCK served task=2 label=44 result=157155038 live=0
SLIME_CLOCK served task=3 label=44 result=157166305 live=0
SLIME_CLOCK served task=2 label=44 result=157178082 live=0
SLIME_CLOCK served task=3 label=44 result=157189398 live=0
SLIME_CLOCK served task=2 label=44 result=157199813 live=0
SLIME_CLOCK served task=3 label=44 result=157211275 live=0
SLIME_CLOCK served task=2 label=44 result=157223214 live=0
SLIME_CLOCK served task=3 label=44 result=157235121 live=0
SLIME_CLOCK served task=2 label=44 result=157245978 live=0
SLIME_CLOCK served task=3 label=44 result=157257206 live=0
SLIME_CLOCK served task=2 label=44 result=157269708 live=0
SLIME_CLOCK served task=3 label=44 result=157285787 live=0
SLIME_CLOCK served task=2 label=44 result=157311680 live=0
SLIME_CLOCK served task=3 label=44 result=157549304 live=0
SLIME_CLOCK served task=2 label=44 result=157566866 live=0
SLIME_CLOCK served task=3 label=44 result=157584117 live=0
SLIME_CLOCK served task=2 label=44 result=157601468 live=0
SLIME_CLOCK served task=3 label=44 result=157619474 live=0
SLIME_CLOCK served task=2 label=44 result=157636272 live=0
SLIME_CLOCK served task=3 label=44 result=157653334 live=0
SLIME_CLOCK served task=2 label=44 result=157668344 live=0
SLIME_CLOCK served task=3 label=44 result=157682294 live=0
SLIME_CLOCK served task=2 label=44 result=157695687 live=0
SLIME_CLOCK served task=3 label=44 result=157709692 live=0
SLIME_CLOCK served task=2 label=44 result=157723539 live=0
SLIME_CLOCK served task=3 label=44 result=157736406 live=0
SLIME_CLOCK served task=2 label=44 result=157748150 live=0
SLIME_CLOCK served task=3 label=44 result=157760632 live=0
SLIME_CLOCK served task=2 label=44 result=157772306 live=0
SLIME_CLOCK served task=3 label=44 result=157785380 live=0
SLIME_CLOCK served task=2 label=44 result=157818532 live=0
SLIME_CLOCK served task=3 label=44 result=157831712 live=0
SLIME_CLOCK served task=2 label=44 result=157843266 live=0
SLIME_CLOCK served task=3 label=44 result=157856054 live=0
SLIME_CLOCK served task=2 label=44 result=157871942 live=0
SLIME_CLOCK served task=3 label=44 result=157888577 live=0
SLIME_CLOCK served task=2 label=44 result=157903754 live=0
SLIME_CLOCK served task=3 label=44 result=157922643 live=0
SLIME_CLOCK served task=2 label=44 result=157937512 live=0
SLIME_CLOCK served task=3 label=44 result=157948858 live=0
SLIME_CLOCK served task=2 label=44 result=157959512 live=0
SLIME_CLOCK served task=3 label=44 result=157972433 live=0
SLIME_CLOCK served task=2 label=44 result=157983089 live=0
SLIME_CLOCK served task=3 label=44 result=157994317 live=0
SLIME_CLOCK served task=2 label=44 result=158005009 live=0
SLIME_CLOCK served task=3 label=44 result=158016252 live=0
SLIME_CLOCK served task=2 label=44 result=158026987 live=0
SLIME_CLOCK served task=3 label=44 result=158038512 live=0
SLIME_CLOCK served task=2 label=44 result=158050858 live=0
SLIME_CLOCK served task=3 label=44 result=158062044 live=0
SLIME_CLOCK served task=2 label=44 result=158072514 live=0
SLIME_CLOCK served task=3 label=44 result=158083556 live=0
SLIME_CLOCK served task=2 label=44 result=158094177 live=0
SLIME_CLOCK served task=3 label=44 result=158105717 live=0
SLIME_CLOCK served task=2 label=44 result=158116092 live=0
SLIME_CLOCK served task=3 label=44 result=158127166 live=0
SLIME_CLOCK served task=2 label=44 result=158137615 live=0
SLIME_CLOCK served task=3 label=44 result=158148553 live=0
SLIME_CLOCK served task=2 label=44 result=158159256 live=0
SLIME_CLOCK served task=3 label=44 result=158170875 live=0
SLIME_CLOCK served task=2 label=44 result=158181572 live=0
SLIME_CLOCK served task=3 label=44 result=158192803 live=0
SLIME_CLOCK served task=2 label=44 result=158203395 live=0
SLIME_CLOCK served task=3 label=44 result=158214430 live=0
SLIME_CLOCK served task=2 label=44 result=158225281 live=0
SLIME_CLOCK served task=3 label=44 result=158236439 live=0
SLIME_CLOCK served task=2 label=44 result=158247043 live=0
SLIME_CLOCK served task=3 label=44 result=158258167 live=0
SLIME_CLOCK served task=2 label=44 result=158268572 live=0
SLIME_CLOCK served task=3 label=44 result=158279550 live=0
SLIME_CLOCK served task=2 label=44 result=158290567 live=0
SLIME_CLOCK served task=3 label=44 result=158302990 live=0
SLIME_CLOCK served task=2 label=44 result=158313447 live=0
SLIME_CLOCK served task=3 label=44 result=158327735 live=0
SLIME_CLOCK served task=2 label=44 result=158342120 live=0
SLIME_CLOCK served task=3 label=44 result=158357806 live=0
SLIME_CLOCK served task=2 label=44 result=158372552 live=0
SLIME_CLOCK served task=3 label=44 result=158388317 live=0
SLIME_CLOCK served task=2 label=44 result=158401655 live=0
SLIME_CLOCK served task=3 label=44 result=158411869 live=0
SLIME_CLOCK served task=2 label=44 result=158421262 live=0
SLIME_CLOCK served task=3 label=44 result=158435312 live=0
SLIME_CLOCK served task=2 label=44 result=158447254 live=0
SLIME_CLOCK served task=3 label=44 result=158462787 live=0
SLIME_CLOCK served task=2 label=44 result=158477375 live=0
SLIME_CLOCK served task=3 label=44 result=158492800 live=0
SLIME_CLOCK served task=2 label=44 result=158507247 live=0
SLIME_CLOCK served task=3 label=44 result=158519997 live=0
SLIME_CLOCK served task=2 label=44 result=158529451 live=0
SLIME_CLOCK served task=3 label=44 result=158541534 live=0
SLIME_CLOCK served task=2 label=44 result=158557684 live=0
SLIME_CLOCK served task=3 label=44 result=158571785 live=0
SLIME_CLOCK served task=2 label=44 result=158584728 live=0
SLIME_CLOCK served task=3 label=44 result=158599208 live=0
SLIME_CLOCK served task=2 label=44 result=158612665 live=0
SLIME_CLOCK served task=3 label=44 result=158626724 live=0
SLIME_CLOCK served task=2 label=44 result=158639958 live=0
SLIME_CLOCK served task=3 label=44 result=158654229 live=0
SLIME_CLOCK served task=2 label=44 result=158667689 live=0
SLIME_CLOCK served task=3 label=44 result=158682854 live=0
SLIME_CLOCK served task=2 label=44 result=158695825 live=0
SLIME_CLOCK served task=3 label=44 result=158709468 live=0
SLIME_CLOCK served task=2 label=44 result=158722677 live=0
SLIME_CLOCK served task=3 label=44 result=158736608 live=0
SLIME_CLOCK served task=2 label=44 result=158749732 live=0
SLIME_CLOCK served task=3 label=44 result=158763595 live=0
SLIME_CLOCK served task=2 label=44 result=158776727 live=0
SLIME_CLOCK served task=3 label=44 result=158790061 live=0
SLIME_CLOCK served task=2 label=44 result=158800420 live=0
SLIME_CLOCK served task=3 label=44 result=158812960 live=0
SLIME_CLOCK served task=2 label=44 result=158823689 live=0
SLIME_CLOCK served task=3 label=44 result=158834708 live=0
SLIME_CLOCK served task=2 label=44 result=158845591 live=0
SLIME_CLOCK served task=3 label=44 result=158856568 live=0
SLIME_CLOCK served task=2 label=44 result=158866972 live=0
SLIME_CLOCK served task=3 label=44 result=158878259 live=0
SLIME_CLOCK served task=2 label=44 result=158889033 live=0
SLIME_CLOCK served task=3 label=44 result=158900226 live=0
SLIME_CLOCK served task=2 label=44 result=158911165 live=0
SLIME_CLOCK served task=3 label=44 result=158925093 live=0
SLIME_CLOCK served task=2 label=44 result=158943092 live=0
SLIME_CLOCK served task=3 label=44 result=158961029 live=0
SLIME_CLOCK served task=2 label=44 result=158979583 live=0
SLIME_CLOCK served task=3 label=44 result=158994993 live=0
SLIME_CLOCK served task=2 label=44 result=159009544 live=0
SLIME_CLOCK served task=3 label=44 result=159025050 live=0
SLIME_CLOCK served task=2 label=44 result=159040192 live=0
SLIME_CLOCK served task=3 label=44 result=159055758 live=0
SLIME_CLOCK served task=2 label=44 result=159070388 live=0
SLIME_CLOCK served task=3 label=44 result=159083206 live=0
SLIME_CLOCK served task=2 label=44 result=159095668 live=0
SLIME_CLOCK served task=3 label=44 result=159108549 live=0
SLIME_CLOCK served task=2 label=44 result=159120706 live=0
SLIME_CLOCK served task=3 label=44 result=159133159 live=0
SLIME_CLOCK served task=2 label=44 result=159145311 live=0
SLIME_CLOCK served task=3 label=44 result=159158267 live=0
SLIME_CLOCK served task=2 label=44 result=159170114 live=0
SLIME_CLOCK served task=3 label=44 result=159182647 live=0
SLIME_CLOCK served task=2 label=44 result=159195293 live=0
SLIME_CLOCK served task=3 label=44 result=159208017 live=0
SLIME_CLOCK served task=2 label=44 result=159220086 live=0
SLIME_CLOCK served task=3 label=44 result=159232708 live=0
SLIME_CLOCK served task=2 label=44 result=159244667 live=0
SLIME_CLOCK served task=3 label=44 result=159257102 live=0
SLIME_CLOCK served task=2 label=44 result=159269200 live=0
SLIME_CLOCK served task=3 label=44 result=159281897 live=0
SLIME_CLOCK served task=2 label=44 result=159293595 live=0
SLIME_CLOCK served task=3 label=44 result=159306368 live=0
SLIME_CLOCK served task=2 label=44 result=159319496 live=0
SLIME_CLOCK served task=3 label=44 result=159332253 live=0
SLIME_CLOCK served task=2 label=44 result=159344394 live=0
SLIME_CLOCK served task=3 label=44 result=159356999 live=0
SLIME_CLOCK served task=2 label=44 result=159369166 live=0
SLIME_CLOCK served task=3 label=44 result=159381479 live=0
SLIME_CLOCK served task=2 label=44 result=159393471 live=0
SLIME_CLOCK served task=3 label=44 result=159406210 live=0
SLIME_CLOCK served task=2 label=44 result=159418219 live=0
SLIME_CLOCK served task=3 label=44 result=159430956 live=0
SLIME_CLOCK served task=2 label=44 result=159445501 live=0
SLIME_CLOCK served task=3 label=44 result=159458753 live=0
SLIME_CLOCK served task=2 label=44 result=159468832 live=0
SLIME_CLOCK served task=3 label=44 result=159480142 live=0
SLIME_CLOCK served task=2 label=44 result=159494607 live=0
SLIME_CLOCK served task=3 label=44 result=159510276 live=0
SLIME_CLOCK served task=2 label=44 result=159524615 live=0
SLIME_CLOCK served task=3 label=44 result=159540464 live=0
SLIME_CLOCK served task=2 label=44 result=159554995 live=0
SLIME_CLOCK served task=3 label=44 result=159567110 live=0
SLIME_CLOCK served task=2 label=44 result=159579592 live=0
SLIME_CLOCK served task=3 label=44 result=159591503 live=0
SLIME_CLOCK served task=2 label=44 result=159602916 live=0
SLIME_CLOCK served task=3 label=44 result=159614633 live=0
SLIME_CLOCK served task=2 label=44 result=159625982 live=0
SLIME_CLOCK served task=3 label=44 result=159637851 live=0
SLIME_CLOCK served task=2 label=44 result=159648899 live=0
SLIME_CLOCK served task=3 label=44 result=159661557 live=0
SLIME_CLOCK served task=2 label=44 result=159672751 live=0
SLIME_CLOCK served task=3 label=44 result=159684427 live=0
SLIME_CLOCK served task=2 label=44 result=159697240 live=0
SLIME_CLOCK served task=3 label=44 result=159709357 live=0
SLIME_CLOCK served task=2 label=44 result=159721105 live=0
SLIME_CLOCK served task=3 label=44 result=159732855 live=0
SLIME_CLOCK served task=2 label=44 result=159744215 live=0
SLIME_CLOCK served task=3 label=44 result=159756163 live=0
SLIME_CLOCK served task=2 label=44 result=159767331 live=0
SLIME_CLOCK served task=3 label=44 result=159779335 live=0
SLIME_CLOCK served task=2 label=44 result=159790848 live=0
SLIME_CLOCK served task=3 label=44 result=159802712 live=0
SLIME_CLOCK served task=2 label=44 result=159814289 live=0
SLIME_CLOCK served task=3 label=44 result=159828085 live=0
SLIME_CLOCK served task=2 label=44 result=159839330 live=0
SLIME_CLOCK served task=3 label=44 result=159851428 live=0
SLIME_CLOCK served task=2 label=44 result=159862708 live=0
SLIME_CLOCK served task=3 label=44 result=159874583 live=0
SLIME_CLOCK served task=2 label=44 result=159885849 live=0
SLIME_CLOCK served task=3 label=44 result=159897671 live=0
SLIME_CLOCK served task=2 label=44 result=159909546 live=0
SLIME_CLOCK served task=3 label=44 result=159921432 live=0
SLIME_CLOCK served task=2 label=44 result=159932516 live=0
SLIME_CLOCK served task=3 label=44 result=159944396 live=0
SLIME_CLOCK served task=2 label=44 result=159956945 live=0
SLIME_CLOCK served task=3 label=44 result=159971454 live=0
SLIME_CLOCK served task=2 label=44 result=159982849 live=0
SLIME_CLOCK served task=3 label=44 result=159993486 live=0
SLIME_CLOCK served task=2 label=44 result=160005577 live=0
SLIME_CLOCK served task=3 label=44 result=160024555 live=0
SLIME_CLOCK served task=2 label=44 result=160039717 live=0
SLIME_CLOCK served task=3 label=44 result=160055550 live=0
SLIME_CLOCK served task=2 label=44 result=160070371 live=0
SLIME_CLOCK served task=3 label=44 result=160085605 live=0
SLIME_CLOCK served task=2 label=44 result=160098509 live=0
SLIME_CLOCK served task=3 label=44 result=160111312 live=0
SLIME_CLOCK served task=2 label=44 result=160123627 live=0
SLIME_CLOCK served task=3 label=44 result=160136732 live=0
SLIME_CLOCK served task=2 label=44 result=160148772 live=0
SLIME_CLOCK served task=3 label=44 result=160161573 live=0
SLIME_CLOCK served task=2 label=44 result=160173769 live=0
SLIME_CLOCK served task=3 label=44 result=160186846 live=0
SLIME_CLOCK served task=2 label=44 result=160198883 live=0
SLIME_CLOCK served task=3 label=44 result=160212946 live=0
SLIME_CLOCK served task=2 label=44 result=160225871 live=0
SLIME_CLOCK served task=3 label=44 result=160239034 live=0
SLIME_CLOCK served task=2 label=44 result=160251667 live=0
SLIME_CLOCK served task=3 label=44 result=160264382 live=0
SLIME_CLOCK served task=2 label=44 result=160276834 live=0
SLIME_CLOCK served task=3 label=44 result=160290028 live=0
SLIME_CLOCK served task=2 label=44 result=160302163 live=0
SLIME_CLOCK served task=3 label=44 result=160315481 live=0
SLIME_CLOCK served task=2 label=44 result=160328856 live=0
SLIME_CLOCK served task=3 label=44 result=160341566 live=0
SLIME_CLOCK served task=2 label=44 result=160353840 live=0
SLIME_CLOCK served task=3 label=44 result=160366962 live=0
SLIME_CLOCK served task=2 label=44 result=160379114 live=0
SLIME_CLOCK served task=3 label=44 result=160392154 live=0
SLIME_CLOCK served task=2 label=44 result=160404646 live=0
SLIME_CLOCK served task=3 label=44 result=160417638 live=0
SLIME_CLOCK served task=2 label=44 result=160430015 live=0
SLIME_CLOCK served task=3 label=44 result=160443166 live=0
SLIME_CLOCK served task=2 label=44 result=160456421 live=0
SLIME_CLOCK served task=3 label=44 result=160469118 live=0
SLIME_CLOCK served task=2 label=44 result=160481276 live=0
SLIME_CLOCK served task=3 label=44 result=160496813 live=0
SLIME_CLOCK served task=2 label=44 result=160513147 live=0
SLIME_CLOCK served task=3 label=44 result=160528843 live=0
SLIME_CLOCK served task=2 label=44 result=160543894 live=0
SLIME_CLOCK served task=3 label=44 result=160559607 live=0
SLIME_CLOCK served task=2 label=44 result=160573107 live=0
SLIME_CLOCK served task=3 label=44 result=160586174 live=0
SLIME_CLOCK served task=2 label=44 result=160597610 live=0
SLIME_CLOCK served task=3 label=44 result=160609335 live=0
SLIME_CLOCK served task=2 label=44 result=160620854 live=0
SLIME_CLOCK served task=3 label=44 result=160632964 live=0
SLIME_CLOCK served task=2 label=44 result=160643975 live=0
SLIME_CLOCK served task=3 label=44 result=160656221 live=0
SLIME_CLOCK served task=2 label=44 result=160667902 live=0
SLIME_CLOCK served task=3 label=44 result=160679700 live=0
SLIME_CLOCK served task=2 label=44 result=160690701 live=0
SLIME_CLOCK served task=3 label=44 result=160702625 live=0
SLIME_CLOCK served task=2 label=44 result=160715095 live=0
SLIME_CLOCK served task=3 label=44 result=160727286 live=0
SLIME_CLOCK served task=2 label=44 result=160738438 live=0
SLIME_CLOCK served task=3 label=44 result=160750017 live=0
SLIME_CLOCK served task=2 label=44 result=160761209 live=0
SLIME_CLOCK served task=3 label=44 result=160772910 live=0
SLIME_CLOCK served task=2 label=44 result=160784279 live=0
SLIME_CLOCK served task=3 label=44 result=160796241 live=0
SLIME_CLOCK served task=2 label=44 result=160807362 live=0
SLIME_CLOCK served task=3 label=44 result=160819067 live=0
SLIME_CLOCK served task=2 label=44 result=160830013 live=0
SLIME_CLOCK served task=3 label=44 result=160842568 live=0
SLIME_CLOCK served task=2 label=44 result=160854181 live=0
SLIME_CLOCK served task=3 label=44 result=160865937 live=0
SLIME_CLOCK served task=2 label=44 result=160877205 live=0
SLIME_CLOCK served task=3 label=44 result=160888842 live=0
SLIME_CLOCK served task=2 label=44 result=160899992 live=0
SLIME_CLOCK served task=3 label=44 result=160912224 live=0
SLIME_CLOCK served task=2 label=44 result=160923410 live=0
SLIME_CLOCK served task=3 label=44 result=160935349 live=0
SLIME_CLOCK served task=2 label=44 result=160946433 live=0
SLIME_CLOCK served task=3 label=44 result=160958172 live=0
SLIME_CLOCK served task=2 label=44 result=160971132 live=0
SLIME_CLOCK served task=3 label=44 result=160985973 live=0
SLIME_CLOCK served task=2 label=44 result=161000171 live=0
SLIME_CLOCK served task=3 label=44 result=161015860 live=0
SLIME_CLOCK served task=2 label=44 result=161029889 live=0
SLIME_CLOCK served task=3 label=44 result=161045681 live=0
SLIME_CLOCK served task=2 label=44 result=161063121 live=0
SLIME_CLOCK served task=3 label=44 result=161078277 live=0
SLIME_CLOCK served task=2 label=44 result=161096132 live=0
SLIME_CLOCK served task=3 label=44 result=161113265 live=0
SLIME_CLOCK served task=2 label=44 result=161129087 live=0
SLIME_CLOCK served task=3 label=44 result=161141043 live=0
SLIME_CLOCK served task=2 label=44 result=161151735 live=0
SLIME_CLOCK served task=3 label=44 result=161163903 live=0
SLIME_CLOCK served task=2 label=44 result=161174388 live=0
SLIME_CLOCK served task=3 label=44 result=161185544 live=0
SLIME_CLOCK served task=2 label=44 result=161196041 live=0
SLIME_CLOCK served task=3 label=44 result=161207260 live=0
SLIME_CLOCK served task=2 label=44 result=161219064 live=0
SLIME_CLOCK served task=3 label=44 result=161230409 live=0
SLIME_CLOCK served task=2 label=44 result=161241121 live=0
SLIME_CLOCK served task=3 label=44 result=161252316 live=0
SLIME_CLOCK served task=2 label=44 result=161262751 live=0
SLIME_CLOCK served task=3 label=44 result=161273823 live=0
SLIME_CLOCK served task=2 label=44 result=161284668 live=0
SLIME_CLOCK served task=3 label=44 result=161295743 live=0
SLIME_CLOCK served task=2 label=44 result=161306309 live=0
SLIME_CLOCK served task=3 label=44 result=161320927 live=0
SLIME_CLOCK served task=2 label=44 result=161332409 live=0
SLIME_CLOCK served task=3 label=44 result=161346120 live=0
SLIME_CLOCK served task=2 label=44 result=161356680 live=0
SLIME_CLOCK served task=3 label=44 result=161367921 live=0
SLIME_CLOCK served task=2 label=44 result=161378739 live=0
SLIME_CLOCK served task=3 label=44 result=161389818 live=0
SLIME_CLOCK served task=2 label=44 result=161400298 live=0
SLIME_CLOCK served task=3 label=44 result=161411898 live=0
SLIME_CLOCK served task=2 label=44 result=161422587 live=0
SLIME_CLOCK served task=3 label=44 result=161433774 live=0
SLIME_CLOCK served task=2 label=44 result=161444338 live=0
SLIME_CLOCK served task=3 label=44 result=161455542 live=0
SLIME_CLOCK served task=2 label=44 result=161466539 live=0
SLIME_CLOCK served task=3 label=44 result=161478166 live=0
SLIME_CLOCK served task=2 label=44 result=161489006 live=0
SLIME_CLOCK served task=3 label=44 result=161501531 live=0
SLIME_CLOCK served task=2 label=44 result=161516739 live=0
SLIME_CLOCK served task=3 label=44 result=161531871 live=0
SLIME_CLOCK served task=2 label=44 result=161542932 live=0
SLIME_CLOCK served task=3 label=44 result=161553657 live=0
SLIME_CLOCK served task=2 label=44 result=161563445 live=0
SLIME_CLOCK served task=3 label=44 result=161574129 live=0
SLIME_CLOCK served task=2 label=44 result=161583951 live=0
SLIME_CLOCK served task=3 label=44 result=161597566 live=0
SLIME_CLOCK served task=2 label=44 result=161609300 live=0
SLIME_CLOCK served task=3 label=44 result=161621384 live=0
SLIME_CLOCK served task=2 label=44 result=161635790 live=0
SLIME_CLOCK served task=3 label=44 result=161651302 live=0
SLIME_CLOCK served task=2 label=44 result=161665909 live=0
SLIME_CLOCK served task=3 label=44 result=161681322 live=0
SLIME_CLOCK served task=2 label=44 result=161695373 live=0
SLIME_CLOCK served task=3 label=44 result=161705981 live=0
SLIME_CLOCK served task=2 label=44 result=161715801 live=0
SLIME_CLOCK served task=3 label=44 result=161729959 live=0
SLIME_CLOCK served task=2 label=44 result=161743767 live=0
SLIME_CLOCK served task=3 label=44 result=161756152 live=0
SLIME_CLOCK served task=2 label=44 result=161767796 live=0
SLIME_CLOCK served task=3 label=44 result=161780132 live=0
SLIME_CLOCK served task=2 label=44 result=161791890 live=0
SLIME_CLOCK served task=3 label=44 result=161804764 live=0
SLIME_CLOCK served task=2 label=44 result=161818951 live=0
SLIME_CLOCK served task=3 label=44 result=161831535 live=0
SLIME_CLOCK served task=2 label=44 result=161842649 live=0
SLIME_CLOCK served task=3 label=44 result=161856173 live=0
SLIME_CLOCK served task=2 label=44 result=161867722 live=0
SLIME_CLOCK served task=3 label=44 result=161879614 live=0
SLIME_CLOCK served task=2 label=44 result=161891268 live=0
SLIME_CLOCK served task=3 label=44 result=161903376 live=0
SLIME_CLOCK served task=2 label=44 result=161915468 live=0
SLIME_CLOCK served task=3 label=44 result=161927502 live=0
SLIME_CLOCK served task=2 label=44 result=161939024 live=0
SLIME_CLOCK served task=3 label=44 result=161950995 live=0
SLIME_CLOCK served task=2 label=44 result=161962531 live=0
SLIME_CLOCK served task=3 label=44 result=161975563 live=0
SLIME_CLOCK served task=2 label=44 result=161987112 live=0
SLIME_CLOCK served task=3 label=44 result=161998929 live=0
SLIME_CLOCK served task=2 label=44 result=162010272 live=0
SLIME_CLOCK served task=3 label=44 result=162022466 live=0
SLIME_CLOCK served task=2 label=44 result=162033949 live=0
SLIME_CLOCK served task=3 label=44 result=162045832 live=0
SLIME_CLOCK served task=2 label=44 result=162057026 live=0
SLIME_CLOCK served task=3 label=44 result=162068771 live=0
SLIME_CLOCK served task=2 label=44 result=162080025 live=0
SLIME_CLOCK served task=3 label=44 result=162094452 live=0
SLIME_CLOCK served task=2 label=44 result=162116265 live=0
SLIME_CLOCK served task=3 label=44 result=162133853 live=0
SLIME_CLOCK served task=2 label=44 result=162148591 live=0
SLIME_CLOCK served task=3 label=44 result=162164659 live=0
SLIME_CLOCK served task=2 label=44 result=162179429 live=0
SLIME_CLOCK served task=3 label=44 result=162195066 live=0
SLIME_CLOCK served task=2 label=44 result=162208316 live=0
SLIME_CLOCK served task=3 label=44 result=162218413 live=0
SLIME_CLOCK served task=2 label=44 result=162230027 live=0
SLIME_CLOCK served task=3 label=44 result=162242011 live=0
SLIME_CLOCK served task=2 label=44 result=162252815 live=0
SLIME_CLOCK served task=3 label=44 result=162264170 live=0
SLIME_CLOCK served task=2 label=44 result=162274935 live=0
SLIME_CLOCK served task=3 label=44 result=162286576 live=0
SLIME_CLOCK served task=2 label=44 result=162297156 live=0
SLIME_CLOCK served task=3 label=44 result=162308319 live=0
SLIME_CLOCK served task=2 label=44 result=162319171 live=0
SLIME_CLOCK served task=3 label=44 result=162330453 live=0
SLIME_CLOCK served task=2 label=44 result=162341168 live=0
SLIME_CLOCK served task=3 label=44 result=162352732 live=0
SLIME_CLOCK served task=2 label=44 result=162364667 live=0
SLIME_CLOCK served task=3 label=44 result=162375987 live=0
SLIME_CLOCK served task=2 label=44 result=162386628 live=0
SLIME_CLOCK served task=3 label=44 result=162397848 live=0
SLIME_CLOCK served task=2 label=44 result=162408636 live=0
SLIME_CLOCK served task=3 label=44 result=162420099 live=0
SLIME_CLOCK served task=2 label=44 result=162430772 live=0
SLIME_CLOCK served task=3 label=44 result=162442049 live=0
SLIME_CLOCK served task=2 label=44 result=162452793 live=0
SLIME_CLOCK served task=3 label=44 result=162464231 live=0
SLIME_CLOCK served task=2 label=44 result=162475308 live=0
SLIME_CLOCK served task=3 label=44 result=162487875 live=0
SLIME_CLOCK served task=2 label=44 result=162498483 live=0
SLIME_CLOCK served task=3 label=44 result=162509647 live=0
SLIME_CLOCK served task=2 label=44 result=162520549 live=0
SLIME_CLOCK served task=3 label=44 result=162531785 live=0
SLIME_CLOCK served task=2 label=44 result=162542927 live=0
SLIME_CLOCK served task=3 label=44 result=162555398 live=0
SLIME_CLOCK served task=2 label=44 result=162566137 live=0
SLIME_CLOCK served task=3 label=44 result=162577491 live=0
SLIME_CLOCK served task=2 label=44 result=162588279 live=0
SLIME_CLOCK served task=3 label=44 result=162599771 live=0
SLIME_CLOCK served task=2 label=44 result=162612015 live=0
SLIME_CLOCK served task=3 label=44 result=162626788 live=0
SLIME_CLOCK served task=2 label=44 result=162641337 live=0
SLIME_CLOCK served task=3 label=44 result=162656550 live=0
SLIME_CLOCK served task=2 label=44 result=162671203 live=0
SLIME_CLOCK served task=3 label=44 result=162686672 live=0
SLIME_CLOCK served task=2 label=44 result=162700917 live=0
SLIME_CLOCK served task=3 label=44 result=162713827 live=0
SLIME_CLOCK served task=2 label=44 result=162723903 live=0
SLIME_CLOCK served task=3 label=44 result=162734169 live=0
SLIME_CLOCK served task=2 label=44 result=162747442 live=0
SLIME_CLOCK served task=3 label=44 result=162758759 live=0
SLIME_CLOCK served task=2 label=44 result=162769778 live=0
SLIME_CLOCK served task=3 label=44 result=162781249 live=0
SLIME_CLOCK served task=2 label=44 result=162792480 live=0
SLIME_CLOCK served task=3 label=44 result=162803550 live=0
SLIME_CLOCK served task=2 label=44 result=162814006 live=0
SLIME_CLOCK served task=3 label=44 result=162825326 live=0
SLIME_CLOCK served task=2 label=44 result=162835840 live=0
SLIME_CLOCK served task=3 label=44 result=162847213 live=0
SLIME_CLOCK served task=2 label=44 result=162857722 live=0
SLIME_CLOCK served task=3 label=44 result=162870512 live=0
SLIME_CLOCK served task=2 label=44 result=162881334 live=0
SLIME_CLOCK served task=3 label=44 result=162892713 live=0
SLIME_CLOCK served task=2 label=44 result=162903298 live=0
SLIME_CLOCK served task=3 label=44 result=162914831 live=0
SLIME_CLOCK served task=2 label=44 result=162925377 live=0
SLIME_CLOCK served task=3 label=44 result=162936643 live=0
SLIME_CLOCK served task=2 label=44 result=162947044 live=0
SLIME_CLOCK served task=3 label=44 result=162958332 live=0
SLIME_CLOCK served task=2 label=44 result=162968800 live=0
SLIME_CLOCK served task=3 label=44 result=162980343 live=0
SLIME_CLOCK served task=2 label=44 result=162992121 live=0
SLIME_CLOCK served task=3 label=44 result=163003139 live=0
SLIME_CLOCK served task=2 label=44 result=163013737 live=0
SLIME_CLOCK served task=3 label=44 result=163025087 live=0
SLIME_CLOCK served task=2 label=44 result=163035966 live=0
SLIME_CLOCK served task=3 label=44 result=163047215 live=0
SLIME_CLOCK served task=2 label=44 result=163057941 live=0
SLIME_CLOCK served task=3 label=44 result=163069129 live=0
SLIME_CLOCK served task=2 label=44 result=163079749 live=0
SLIME_CLOCK served task=3 label=44 result=163091094 live=0
SLIME_CLOCK served task=2 label=44 result=163101916 live=0
SLIME_CLOCK served task=3 label=44 result=163113269 live=0
SLIME_CLOCK served task=2 label=44 result=163125648 live=0
SLIME_CLOCK served task=3 label=44 result=163144264 live=0
SLIME_CLOCK served task=2 label=44 result=163160394 live=0
SLIME_CLOCK served task=3 label=44 result=163175649 live=0
SLIME_CLOCK served task=2 label=44 result=163190145 live=0
SLIME_CLOCK served task=3 label=44 result=163205608 live=0
SLIME_CLOCK served task=2 label=44 result=163220578 live=0
SLIME_CLOCK served task=3 label=44 result=163236287 live=0
SLIME_CLOCK served task=2 label=44 result=163254725 live=0
SLIME_CLOCK served task=3 label=44 result=163272179 live=0
SLIME_CLOCK served task=2 label=44 result=163284981 live=0
SLIME_CLOCK served task=3 label=44 result=163296324 live=0
SLIME_CLOCK served task=2 label=44 result=163307295 live=0
SLIME_CLOCK served task=3 label=44 result=163318686 live=0
SLIME_CLOCK served task=2 label=44 result=163329393 live=0
SLIME_CLOCK served task=3 label=44 result=163340770 live=0
SLIME_CLOCK served task=2 label=44 result=163352283 live=0
SLIME_CLOCK served task=3 label=44 result=163363650 live=0
SLIME_CLOCK served task=2 label=44 result=163375644 live=0
SLIME_CLOCK served task=3 label=44 result=163387158 live=0
SLIME_CLOCK served task=2 label=44 result=163398022 live=0
SLIME_CLOCK served task=3 label=44 result=163409663 live=0
SLIME_CLOCK served task=2 label=44 result=163420556 live=0
SLIME_CLOCK served task=3 label=44 result=163431864 live=0
SLIME_CLOCK served task=2 label=44 result=163442617 live=0
SLIME_CLOCK served task=3 label=44 result=163454019 live=0
SLIME_CLOCK served task=2 label=44 result=163464554 live=0
SLIME_CLOCK served task=3 label=44 result=163476046 live=0
SLIME_CLOCK served task=2 label=44 result=163486924 live=0
SLIME_CLOCK served task=3 label=44 result=163499079 live=0
SLIME_CLOCK served task=2 label=44 result=163509904 live=0
SLIME_CLOCK served task=3 label=44 result=163521045 live=0
SLIME_CLOCK served task=2 label=44 result=163531632 live=0
SLIME_CLOCK served task=3 label=44 result=163543149 live=0
SLIME_CLOCK served task=2 label=44 result=163553772 live=0
SLIME_CLOCK served task=3 label=44 result=163565319 live=0
SLIME_CLOCK served task=2 label=44 result=163576230 live=0
SLIME_CLOCK served task=3 label=44 result=163587670 live=0
SLIME_CLOCK served task=2 label=44 result=163598883 live=0
SLIME_CLOCK served task=3 label=44 result=163610143 live=0
SLIME_CLOCK served task=2 label=44 result=163621014 live=0
SLIME_CLOCK served task=3 label=44 result=163633300 live=0
SLIME_CLOCK served task=2 label=44 result=163645911 live=0
SLIME_CLOCK served task=3 label=44 result=163662084 live=0
SLIME_CLOCK served task=2 label=44 result=163676836 live=0
SLIME_CLOCK served task=3 label=44 result=163691688 live=0
SLIME_CLOCK served task=2 label=44 result=163706138 live=0
SLIME_CLOCK served task=3 label=44 result=163722027 live=0
SLIME_CLOCK served task=2 label=44 result=163736443 live=0
SLIME_CLOCK served task=3 label=44 result=163754485 live=0
SLIME_CLOCK served task=2 label=44 result=163767901 live=0
SLIME_CLOCK served task=3 label=44 result=163780568 live=0
SLIME_CLOCK served task=2 label=44 result=163793290 live=0
SLIME_CLOCK served task=3 label=44 result=163806257 live=0
SLIME_CLOCK served task=2 label=44 result=163818218 live=0
SLIME_CLOCK served task=3 label=44 result=163830981 live=0
SLIME_CLOCK served task=2 label=44 result=163843176 live=0
SLIME_CLOCK served task=3 label=44 result=163855051 live=0
SLIME_CLOCK served task=2 label=44 result=163865488 live=0
SLIME_CLOCK served task=3 label=44 result=163877461 live=0
SLIME_CLOCK served task=2 label=44 result=163887900 live=0
SLIME_CLOCK served task=3 label=44 result=163899250 live=0
SLIME_CLOCK served task=2 label=44 result=163910185 live=0
SLIME_CLOCK served task=3 label=44 result=163921384 live=0
SLIME_CLOCK served task=2 label=44 result=163931912 live=0
SLIME_CLOCK served task=3 label=44 result=163942995 live=0
SLIME_CLOCK served task=2 label=44 result=163953653 live=0
SLIME_CLOCK served task=3 label=44 result=163964826 live=0
SLIME_CLOCK served task=2 label=44 result=163976323 live=0
SLIME_CLOCK served task=3 label=44 result=163987363 live=0
SLIME_CLOCK served task=2 label=44 result=163998467 live=0
SLIME_CLOCK served task=3 label=44 result=164011444 live=0
SLIME_CLOCK served task=2 label=44 result=164021999 live=0
SLIME_CLOCK served task=3 label=44 result=164033452 live=0
SLIME_CLOCK served task=2 label=44 result=164044325 live=0
SLIME_CLOCK served task=3 label=44 result=164055678 live=0
SLIME_CLOCK served task=2 label=44 result=164066889 live=0
SLIME_CLOCK served task=3 label=44 result=164078076 live=0
SLIME_CLOCK served task=2 label=44 result=164088508 live=0
SLIME_CLOCK served task=3 label=44 result=164099952 live=0
SLIME_CLOCK served task=2 label=44 result=164110691 live=0
SLIME_CLOCK served task=3 label=44 result=164122084 live=0
SLIME_CLOCK served task=2 label=44 result=164134114 live=0
SLIME_CLOCK served task=3 label=44 result=164145555 live=0
SLIME_CLOCK served task=2 label=44 result=164156845 live=0
SLIME_CLOCK served task=3 label=44 result=164170658 live=0
SLIME_CLOCK served task=2 label=44 result=164180757 live=0
SLIME_CLOCK served task=3 label=44 result=164195737 live=0
SLIME_CLOCK served task=2 label=44 result=164210006 live=0
SLIME_CLOCK served task=3 label=44 result=164225664 live=0
SLIME_CLOCK served task=2 label=44 result=164240331 live=0
SLIME_CLOCK served task=2 label=44 result=164258512 live=0
SLIME_CLOCK served task=3 label=44 result=164276216 live=0
SLIME_CLOCK served task=2 label=44 result=164290918 live=0
SLIME_CLOCK served task=3 label=44 result=164301025 live=0
SLIME_CLOCK served task=2 label=44 result=164310490 live=0
SLIME_CLOCK served task=3 label=44 result=164320515 live=0
SLIME_CLOCK served task=2 label=44 result=164329989 live=0
SLIME_CLOCK served task=3 label=44 result=164340035 live=0
SLIME_CLOCK served task=2 label=44 result=164350039 live=0
SLIME_CLOCK served task=3 label=44 result=164360124 live=0
SLIME_CLOCK served task=2 label=44 result=164369653 live=0
SLIME_CLOCK served task=3 label=44 result=164379735 live=0
SLIME_CLOCK served task=2 label=44 result=164392571 live=0
SLIME_CLOCK served task=3 label=44 result=164403818 live=0
SLIME_CLOCK served task=2 label=44 result=164415437 live=0
SLIME_CLOCK served task=3 label=44 result=164428361 live=0
SLIME_CLOCK served task=2 label=44 result=164440658 live=0
SLIME_CLOCK served task=3 label=44 result=164453496 live=0
SLIME_CLOCK served task=2 label=44 result=164465783 live=0
SLIME_CLOCK served task=3 label=44 result=164478111 live=0
SLIME_CLOCK served task=2 label=44 result=164488791 live=0
SLIME_CLOCK served task=3 label=44 result=164499900 live=0
SLIME_CLOCK served task=2 label=44 result=164511158 live=0
SLIME_CLOCK served task=3 label=44 result=164522307 live=0
SLIME_CLOCK served task=2 label=44 result=164533139 live=0
SLIME_CLOCK served task=3 label=44 result=164544635 live=0
SLIME_CLOCK served task=2 label=44 result=164555214 live=0
SLIME_CLOCK served task=3 label=44 result=164566279 live=0
SLIME_CLOCK served task=2 label=44 result=164576789 live=0
SLIME_CLOCK served task=3 label=44 result=164587972 live=0
SLIME_CLOCK served task=2 label=44 result=164598719 live=0
SLIME_CLOCK served task=3 label=44 result=164610233 live=0
SLIME_CLOCK served task=2 label=44 result=164620862 live=0
SLIME_CLOCK served task=3 label=44 result=164632042 live=0
SLIME_CLOCK served task=2 label=44 result=164643696 live=0
SLIME_CLOCK served task=3 label=44 result=164655033 live=0
SLIME_CLOCK served task=2 label=44 result=164666674 live=0
SLIME_CLOCK served task=3 label=44 result=164680590 live=0
SLIME_CLOCK served task=2 label=44 result=164695016 live=0
SLIME_CLOCK served task=3 label=44 result=164710339 live=0
SLIME_CLOCK served task=2 label=44 result=164725091 live=0
SLIME_CLOCK served task=3 label=44 result=164740506 live=0
SLIME_CLOCK served task=2 label=44 result=164755230 live=0
SLIME_CLOCK served task=3 label=44 result=164771664 live=0
SLIME_CLOCK served task=2 label=44 result=164782395 live=0
SLIME_CLOCK served task=3 label=44 result=164794402 live=0
SLIME_CLOCK served task=2 label=44 result=164808093 live=0
SLIME_CLOCK served task=3 label=44 result=164823757 live=0
SLIME_CLOCK served task=2 label=44 result=164838318 live=0
SLIME_CLOCK served task=3 label=44 result=164853965 live=0
SLIME_CLOCK served task=2 label=44 result=164868412 live=0
SLIME_CLOCK served task=3 label=44 result=164883720 live=0
SLIME_CLOCK served task=2 label=44 result=164897779 live=0
SLIME_CLOCK served task=3 label=44 result=164911498 live=0
SLIME_CLOCK served task=2 label=44 result=164923214 live=0
SLIME_CLOCK served task=3 label=44 result=164934349 live=0
SLIME_CLOCK served task=2 label=44 result=164945056 live=0
SLIME_CLOCK served task=3 label=44 result=164956339 live=0
SLIME_CLOCK served task=2 label=44 result=164966785 live=0
SLIME_CLOCK served task=3 label=44 result=164978463 live=0
SLIME_CLOCK served task=2 label=44 result=164989230 live=0
SLIME_CLOCK served task=3 label=44 result=165000634 live=0
SLIME_CLOCK served task=2 label=44 result=165011224 live=0
SLIME_CLOCK served task=3 label=44 result=165023493 live=0
SLIME_CLOCK served task=2 label=44 result=165034144 live=0
SLIME_CLOCK served task=3 label=44 result=165045438 live=0
SLIME_CLOCK served task=2 label=44 result=165056145 live=0
SLIME_CLOCK served task=3 label=44 result=165069781 live=0
SLIME_CLOCK served task=2 label=44 result=165081718 live=0
SLIME_CLOCK served task=3 label=44 result=165094347 live=0
SLIME_CLOCK served task=2 label=44 result=165106353 live=0
SLIME_CLOCK served task=3 label=44 result=165118974 live=0
SLIME_CLOCK served task=2 label=44 result=165130816 live=0
SLIME_CLOCK served task=3 label=44 result=165145698 live=0
SLIME_CLOCK served task=2 label=44 result=165159391 live=0
SLIME_CLOCK served task=3 label=44 result=165173605 live=0
SLIME_CLOCK served task=2 label=44 result=165186758 live=0
SLIME_CLOCK served task=3 label=44 result=165200604 live=0
SLIME_CLOCK served task=2 label=44 result=165213613 live=0
SLIME_CLOCK served task=3 label=44 result=165230963 live=0
SLIME_CLOCK served task=2 label=44 result=165244043 live=0
SLIME_CLOCK served task=3 label=44 result=165257826 live=0
SLIME_CLOCK served task=2 label=44 result=165271588 live=0
SLIME_CLOCK served task=3 label=44 result=165285961 live=0
SLIME_CLOCK served task=2 label=44 result=165302031 live=0
SLIME_CLOCK served task=3 label=44 result=165318028 live=0
SLIME_CLOCK served task=2 label=44 result=165333216 live=0
SLIME_CLOCK served task=3 label=44 result=165350196 live=0
SLIME_CLOCK served task=2 label=44 result=165365722 live=0
SLIME_CLOCK served task=3 label=44 result=165382075 live=0
SLIME_CLOCK served task=3 label=44 result=165402244 live=0
SLIME_CLOCK served task=2 label=44 result=165418853 live=0
SLIME_CLOCK served task=3 label=44 result=165434868 live=0
SLIME_CLOCK served task=2 label=44 result=165449421 live=0
SLIME_CLOCK served task=3 label=44 result=165464843 live=0
SLIME_CLOCK served task=2 label=44 result=165478393 live=0
SLIME_CLOCK served task=3 label=44 result=165491200 live=0
SLIME_CLOCK served task=2 label=44 result=165504246 live=0
SLIME_CLOCK served task=3 label=44 result=165520913 live=0
SLIME_CLOCK served task=2 label=44 result=165540722 live=0
SLIME_CLOCK served task=3 label=44 result=165557526 live=0
SLIME_CLOCK served task=2 label=44 result=165573163 live=0
SLIME_CLOCK served task=3 label=44 result=165589526 live=0
SLIME_CLOCK served task=2 label=44 result=165605782 live=0
SLIME_CLOCK served task=3 label=44 result=165623120 live=0
SLIME_CLOCK served task=2 label=44 result=165639672 live=0
SLIME_CLOCK served task=3 label=44 result=165659069 live=0
SLIME_CLOCK served task=2 label=44 result=165675798 live=0
SLIME_CLOCK served task=3 label=44 result=165692241 live=0
SLIME_CLOCK served task=2 label=44 result=165707737 live=0
SLIME_CLOCK served task=3 label=44 result=165724543 live=0
SLIME_CLOCK served task=2 label=44 result=165740485 live=0
SLIME_CLOCK served task=3 label=44 result=165756957 live=0
SLIME_CLOCK served task=2 label=44 result=165772982 live=0
SLIME_CLOCK served task=3 label=44 result=165793949 live=0
SLIME_CLOCK served task=2 label=44 result=165811671 live=0
SLIME_CLOCK served task=3 label=44 result=165829599 live=0
SLIME_CLOCK served task=2 label=44 result=165845681 live=0
SLIME_CLOCK served task=3 label=44 result=165862090 live=0
SLIME_CLOCK served task=2 label=44 result=165877314 live=0
SLIME_CLOCK served task=3 label=44 result=165892893 live=0
SLIME_CLOCK served task=2 label=44 result=165903745 live=0
SLIME_CLOCK served task=3 label=44 result=165919202 live=0
SLIME_CLOCK served task=2 label=44 result=165930828 live=0
SLIME_CLOCK served task=3 label=44 result=165942938 live=0
SLIME_CLOCK served task=2 label=44 result=165955165 live=0
SLIME_CLOCK served task=3 label=44 result=165968297 live=0
SLIME_CLOCK served task=2 label=44 result=165980797 live=0
SLIME_CLOCK served task=3 label=44 result=165993663 live=0
SLIME_CLOCK served task=2 label=44 result=166006342 live=0
SLIME_CLOCK served task=3 label=44 result=166019266 live=0
SLIME_CLOCK served task=2 label=44 result=166031429 live=0
SLIME_CLOCK served task=3 label=44 result=166045834 live=0
SLIME_CLOCK served task=2 label=44 result=166058459 live=0
SLIME_CLOCK served task=3 label=44 result=166071685 live=0
SLIME_CLOCK served task=2 label=44 result=166083664 live=0
SLIME_CLOCK served task=3 label=44 result=166097040 live=0
SLIME_CLOCK served task=2 label=44 result=166109178 live=0
SLIME_CLOCK served task=3 label=44 result=166121957 live=0
SLIME_CLOCK served task=2 label=44 result=166134387 live=0
SLIME_CLOCK served task=3 label=44 result=166147601 live=0
SLIME_CLOCK served task=2 label=44 result=166161195 live=0
SLIME_CLOCK served task=3 label=44 result=166174023 live=0
SLIME_CLOCK served task=2 label=44 result=166186798 live=0
SLIME_CLOCK served task=3 label=44 result=166200009 live=0
SLIME_CLOCK served task=2 label=44 result=166212253 live=0
SLIME_CLOCK served task=3 label=44 result=166225738 live=0
SLIME_CLOCK served task=2 label=44 result=166238460 live=0
SLIME_CLOCK served task=3 label=44 result=166251857 live=0
SLIME_CLOCK served task=2 label=44 result=166263942 live=0
SLIME_CLOCK served task=3 label=44 result=166279909 live=0
SLIME_CLOCK served task=2 label=44 result=166293793 live=0
SLIME_CLOCK served task=3 label=44 result=166308301 live=0
SLIME_CLOCK served task=2 label=44 result=166320174 live=0
SLIME_CLOCK served task=3 label=44 result=166330831 live=0
SLIME_CLOCK served task=2 label=44 result=166341955 live=0
SLIME_CLOCK served task=3 label=44 result=166357877 live=0
SLIME_CLOCK served task=2 label=44 result=166372336 live=0
SLIME_CLOCK served task=3 label=44 result=166387673 live=0
SLIME_CLOCK served task=2 label=44 result=166402198 live=0
SLIME_CLOCK served task=3 label=44 result=166421796 live=0
SLIME_CLOCK served task=2 label=44 result=166438095 live=0
SLIME_CLOCK served task=3 label=44 result=166455348 live=0
SLIME_CLOCK served task=2 label=44 result=166468194 live=0
SLIME_CLOCK served task=3 label=44 result=166479713 live=0
SLIME_CLOCK served task=2 label=44 result=166490128 live=0
SLIME_CLOCK served task=3 label=44 result=166501357 live=0
SLIME_CLOCK served task=2 label=44 result=166511976 live=0
SLIME_CLOCK served task=3 label=44 result=166523211 live=0
SLIME_CLOCK served task=2 label=44 result=166534225 live=0
SLIME_CLOCK served task=3 label=44 result=166547232 live=0
SLIME_CLOCK served task=2 label=44 result=166559012 live=0
SLIME_CLOCK served task=3 label=44 result=166571170 live=0
SLIME_CLOCK served task=2 label=44 result=166582212 live=0
SLIME_CLOCK served task=3 label=44 result=166593940 live=0
SLIME_CLOCK served task=2 label=44 result=166605333 live=0
SLIME_CLOCK served task=3 label=44 result=166616669 live=0
SLIME_CLOCK served task=2 label=44 result=166627282 live=0
SLIME_CLOCK served task=3 label=44 result=166638662 live=0
SLIME_CLOCK served task=2 label=44 result=166649371 live=0
SLIME_CLOCK served task=3 label=44 result=166661311 live=0
SLIME_CLOCK served task=2 label=44 result=166673439 live=0
SLIME_CLOCK served task=3 label=44 result=166685123 live=0
SLIME_CLOCK served task=2 label=44 result=166695644 live=0
SLIME_CLOCK served task=3 label=44 result=166706815 live=0
SLIME_CLOCK served task=2 label=44 result=166717501 live=0
SLIME_CLOCK served task=3 label=44 result=166728907 live=0
SLIME_CLOCK served task=2 label=44 result=166739554 live=0
SLIME_CLOCK served task=3 label=44 result=166750795 live=0
SLIME_CLOCK served task=2 label=44 result=166761409 live=0
SLIME_CLOCK served task=3 label=44 result=166772777 live=0
SLIME_CLOCK served task=2 label=44 result=166783659 live=0
SLIME_CLOCK served task=3 label=44 result=166796240 live=0
SLIME_CLOCK served task=2 label=44 result=166807117 live=0
SLIME_CLOCK served task=3 label=44 result=166822562 live=0
SLIME_CLOCK served task=2 label=44 result=166838901 live=0
SLIME_CLOCK served task=3 label=44 result=166856796 live=0
SLIME_CLOCK served task=2 label=44 result=166872139 live=0
SLIME_CLOCK served task=3 label=44 result=166887995 live=0
SLIME_CLOCK served task=2 label=44 result=166897688 live=0
SLIME_CLOCK served task=3 label=44 result=166908170 live=0
SLIME_CLOCK served task=2 label=44 result=166919272 live=0
SLIME_CLOCK served task=3 label=44 result=166931000 live=0
SLIME_CLOCK served task=2 label=44 result=166942078 live=0
SLIME_CLOCK served task=3 label=44 result=166957240 live=0
SLIME_CLOCK served task=2 label=44 result=166973293 live=0
SLIME_CLOCK served task=3 label=44 result=166990702 live=0
SLIME_CLOCK served task=2 label=44 result=167005498 live=0
SLIME_CLOCK served task=3 label=44 result=167020543 live=0
SLIME_CLOCK served task=2 label=44 result=167035213 live=0
SLIME_CLOCK served task=3 label=44 result=167053409 live=0
SLIME_CLOCK served task=2 label=44 result=167065798 live=0
SLIME_CLOCK served task=3 label=44 result=167077161 live=0
SLIME_CLOCK served task=2 label=44 result=167092221 live=0
SLIME_CLOCK served task=3 label=44 result=167108564 live=0
SLIME_CLOCK served task=2 label=44 result=167122436 live=0
SLIME_CLOCK served task=3 label=44 result=167139648 live=0
SLIME_CLOCK served task=2 label=44 result=167155347 live=0
SLIME_CLOCK served task=3 label=44 result=167173427 live=0
SLIME_CLOCK served task=2 label=44 result=167189406 live=0
SLIME_CLOCK served task=3 label=44 result=167206406 live=0
SLIME_CLOCK served task=2 label=44 result=167222305 live=0
SLIME_CLOCK served task=3 label=44 result=167238898 live=0
SLIME_CLOCK served task=2 label=44 result=167254973 live=0
SLIME_CLOCK served task=3 label=44 result=167271624 live=0
SLIME_CLOCK served task=2 label=44 result=167288042 live=0
SLIME_CLOCK served task=3 label=44 result=167305914 live=0
SLIME_CLOCK served task=2 label=44 result=167325004 live=0
SLIME_CLOCK served task=3 label=44 result=167341422 live=0
SLIME_CLOCK served task=2 label=44 result=167357866 live=0
SLIME_CLOCK served task=3 label=44 result=167374302 live=0
SLIME_CLOCK served task=2 label=44 result=167389964 live=0
SLIME_CLOCK served task=3 label=44 result=167407119 live=0
SLIME_CLOCK served task=2 label=44 result=167423107 live=0
SLIME_CLOCK served task=3 label=44 result=167441621 live=0
SLIME_CLOCK served task=2 label=44 result=167457352 live=0
SLIME_CLOCK served task=3 label=44 result=167474485 live=0
SLIME_CLOCK served task=2 label=44 result=167490807 live=0
SLIME_CLOCK served task=3 label=44 result=167507651 live=0
SLIME_CLOCK served task=2 label=44 result=167522836 live=0
SLIME_CLOCK served task=3 label=44 result=167539738 live=0
SLIME_CLOCK served task=2 label=44 result=167556649 live=0
SLIME_CLOCK served task=3 label=44 result=167573955 live=0
SLIME_CLOCK served task=2 label=44 result=167590334 live=0
SLIME_CLOCK served task=3 label=44 result=167608084 live=0
SLIME_CLOCK served task=2 label=44 result=167624519 live=0
SLIME_CLOCK served task=3 label=44 result=167641773 live=0
SLIME_CLOCK served task=2 label=44 result=167658573 live=0
SLIME_CLOCK served task=3 label=44 result=167676167 live=0
SLIME_CLOCK served task=2 label=44 result=167693874 live=0
SLIME_CLOCK served task=3 label=44 result=167711125 live=0
SLIME_CLOCK served task=2 label=44 result=167727811 live=0
SLIME_CLOCK served task=3 label=44 result=167744868 live=0
SLIME_CLOCK served task=2 label=44 result=167760538 live=0
SLIME_CLOCK served task=3 label=44 result=167777495 live=0
SLIME_CLOCK served task=2 label=44 result=167793526 live=0
SLIME_CLOCK served task=3 label=44 result=167811607 live=0
SLIME_CLOCK served task=2 label=44 result=167827267 live=0
SLIME_CLOCK served task=3 label=44 result=167843965 live=0
SLIME_CLOCK served task=2 label=44 result=167860295 live=0
SLIME_CLOCK served task=3 label=44 result=167877072 live=0
SLIME_CLOCK served task=2 label=44 result=167891354 live=0
SLIME_CLOCK served task=3 label=44 result=167906720 live=0
SLIME_CLOCK served task=2 label=44 result=167921352 live=0
SLIME_CLOCK served task=3 label=44 result=167946673 live=0
SLIME_CLOCK served task=2 label=44 result=167961851 live=0
SLIME_CLOCK served task=3 label=44 result=167977480 live=0
SLIME_CLOCK served task=2 label=44 result=167992027 live=0
SLIME_CLOCK served task=3 label=44 result=168007273 live=0
SLIME_CLOCK served task=2 label=44 result=168021705 live=0
SLIME_CLOCK served task=3 label=44 result=168037176 live=0
SLIME_CLOCK served task=2 label=44 result=168051979 live=0
SLIME_CLOCK served task=3 label=44 result=168071371 live=0
SLIME_CLOCK served task=2 label=44 result=168087632 live=0
SLIME_CLOCK served task=3 label=44 result=168103530 live=0
SLIME_CLOCK served task=2 label=44 result=168117431 live=0
SLIME_CLOCK served task=3 label=44 result=168132989 live=0
SLIME_CLOCK served task=2 label=44 result=168146896 live=0
SLIME_CLOCK served task=3 label=44 result=168159752 live=0
SLIME_CLOCK served task=2 label=44 result=168169309 live=0
SLIME_CLOCK served task=3 label=44 result=168179342 live=0
SLIME_CLOCK served task=2 label=44 result=168193544 live=0
SLIME_CLOCK served task=3 label=44 result=168210441 live=0
SLIME_CLOCK served task=2 label=44 result=168226761 live=0
SLIME_CLOCK served task=3 label=44 result=168243638 live=0
SLIME_CLOCK served task=2 label=44 result=168259310 live=0
SLIME_CLOCK served task=3 label=44 result=168276056 live=0
SLIME_CLOCK served task=2 label=44 result=168292022 live=0
SLIME_CLOCK served task=3 label=44 result=168307944 live=0
SLIME_CLOCK served task=2 label=44 result=168321038 live=0
SLIME_CLOCK served task=3 label=44 result=168333747 live=0
SLIME_CLOCK served task=2 label=44 result=168344658 live=0
SLIME_CLOCK served task=3 label=44 result=168359891 live=0
SLIME_CLOCK served task=2 label=44 result=168371465 live=0
SLIME_CLOCK served task=3 label=44 result=168382901 live=0
SLIME_CLOCK served task=2 label=44 result=168394098 live=0
SLIME_CLOCK served task=3 label=44 result=168405264 live=0
SLIME_CLOCK served task=2 label=44 result=168416881 live=0
SLIME_CLOCK served task=3 label=44 result=168429405 live=0
SLIME_CLOCK served task=2 label=44 result=168440971 live=0
SLIME_CLOCK served task=3 label=44 result=168453140 live=0
SLIME_CLOCK served task=2 label=44 result=168463850 live=0
SLIME_CLOCK served task=3 label=44 result=168476826 live=0
SLIME_CLOCK served task=2 label=44 result=168488316 live=0
SLIME_CLOCK served task=3 label=44 result=168499519 live=0
SLIME_CLOCK served task=2 label=44 result=168510850 live=0
SLIME_CLOCK served task=3 label=44 result=168522366 live=0
SLIME_CLOCK served task=2 label=44 result=168536546 live=0
SLIME_CLOCK served task=3 label=44 result=168553982 live=0
SLIME_CLOCK served task=2 label=44 result=168572039 live=0
SLIME_CLOCK served task=3 label=44 result=168589363 live=0
SLIME_CLOCK served task=2 label=44 result=168606162 live=0
SLIME_CLOCK served task=3 label=44 result=168623269 live=0
SLIME_CLOCK served task=2 label=44 result=168639848 live=0
SLIME_CLOCK served task=3 label=44 result=168657126 live=0
SLIME_CLOCK served task=2 label=44 result=168671237 live=0
SLIME_CLOCK served task=3 label=44 result=168682413 live=0
SLIME_CLOCK served task=2 label=44 result=168697861 live=0
SLIME_CLOCK served task=3 label=44 result=168738972 live=0
SLIME_CLOCK served task=2 label=44 result=168751124 live=0
SLIME_CLOCK served task=3 label=44 result=168765897 live=0
SLIME_CLOCK served task=2 label=44 result=168780481 live=0
SLIME_CLOCK served task=3 label=44 result=168796663 live=0
SLIME_CLOCK served task=2 label=44 result=168811111 live=0
SLIME_CLOCK served task=3 label=44 result=168826915 live=0
SLIME_CLOCK served task=2 label=44 result=168841540 live=0
SLIME_CLOCK served task=3 label=44 result=168859211 live=0
SLIME_CLOCK served task=2 label=44 result=168874216 live=0
SLIME_CLOCK served task=3 label=44 result=168890039 live=0
SLIME_CLOCK served task=2 label=44 result=168905471 live=0
SLIME_CLOCK served task=3 label=44 result=168922148 live=0
SLIME_CLOCK served task=2 label=44 result=168938294 live=0
SLIME_CLOCK served task=3 label=44 result=168954270 live=0
SLIME_CLOCK served task=2 label=44 result=168968621 live=0
SLIME_CLOCK served task=3 label=44 result=168986583 live=0
SLIME_CLOCK served task=2 label=44 result=169001264 live=0
SLIME_CLOCK served task=3 label=44 result=169018025 live=0
SLIME_CLOCK served task=2 label=44 result=169033984 live=0
SLIME_CLOCK served task=3 label=44 result=169050089 live=0
SLIME_CLOCK served task=2 label=44 result=169065248 live=0
SLIME_CLOCK served task=3 label=44 result=169081244 live=0
SLIME_CLOCK served task=2 label=44 result=169096897 live=0
SLIME_CLOCK served task=3 label=44 result=169114518 live=0
SLIME_CLOCK served task=2 label=44 result=169125663 live=0
SLIME_CLOCK served task=3 label=44 result=169135764 live=0
SLIME_CLOCK served task=2 label=44 result=169145948 live=0
SLIME_CLOCK served task=3 label=44 result=169156077 live=0
SLIME_CLOCK served task=2 label=44 result=169166988 live=0
SLIME_CLOCK served task=3 label=44 result=169177146 live=0
SLIME_CLOCK served task=2 label=44 result=169187586 live=0
SLIME_CLOCK served task=3 label=44 result=169197736 live=0
SLIME_CLOCK served task=2 label=44 result=169208189 live=0
SLIME_CLOCK served task=3 label=44 result=169219215 live=0
SLIME_CLOCK served task=2 label=44 result=169231842 live=0
SLIME_CLOCK served task=3 label=44 result=169244506 live=0
SLIME_CLOCK served task=2 label=44 result=169256929 live=0
SLIME_CLOCK served task=3 label=44 result=169269194 live=0
SLIME_CLOCK served task=2 label=44 result=169281783 live=0
SLIME_CLOCK served task=3 label=44 result=169296942 live=0
SLIME_CLOCK served task=2 label=44 result=169311732 live=0
SLIME_CLOCK served task=3 label=44 result=169327325 live=0
SLIME_CLOCK served task=2 label=44 result=169342036 live=0
SLIME_CLOCK served task=3 label=44 result=169369453 live=0
SLIME_CLOCK served task=2 label=44 result=169385950 live=0
SLIME_CLOCK served task=3 label=44 result=169406633 live=0
SLIME_CLOCK served task=2 label=44 result=169423923 live=0
SLIME_CLOCK served task=3 label=44 result=169440407 live=0
SLIME_CLOCK served task=2 label=44 result=169455430 live=0
SLIME_CLOCK served task=3 label=44 result=169471602 live=0
SLIME_CLOCK served task=2 label=44 result=169491806 live=0
SLIME_CLOCK served task=3 label=44 result=169514905 live=0
SLIME_CLOCK served task=2 label=44 result=169531744 live=0
SLIME_CLOCK served task=3 label=44 result=169549084 live=0
SLIME_CLOCK served task=2 label=44 result=169565519 live=0
SLIME_CLOCK served task=3 label=44 result=169582700 live=0
SLIME_CLOCK served task=2 label=44 result=169599221 live=0
SLIME_CLOCK served task=3 label=44 result=169618028 live=0
SLIME_CLOCK served task=2 label=44 result=169634733 live=0
SLIME_CLOCK served task=3 label=44 result=169651412 live=0
SLIME_CLOCK served task=2 label=44 result=169668354 live=0
SLIME_CLOCK served task=3 label=44 result=169685536 live=0
SLIME_CLOCK served task=2 label=44 result=169702344 live=0
SLIME_CLOCK served task=3 label=44 result=169719411 live=0
SLIME_CLOCK served task=2 label=44 result=169736529 live=0
SLIME_CLOCK served task=3 label=44 result=169754679 live=0
SLIME_CLOCK served task=2 label=44 result=169771399 live=0
SLIME_CLOCK served task=3 label=44 result=169789000 live=0
SLIME_CLOCK served task=2 label=44 result=169805776 live=0
SLIME_CLOCK served task=3 label=44 result=169822948 live=0
SLIME_CLOCK served task=2 label=44 result=169839627 live=0
SLIME_CLOCK served task=3 label=44 result=169857260 live=0
SLIME_CLOCK served task=2 label=44 result=169875131 live=0
SLIME_CLOCK served task=3 label=44 result=169892953 live=0
SLIME_CLOCK served task=2 label=44 result=169907860 live=0
SLIME_CLOCK served task=3 label=44 result=169923599 live=0
SLIME_CLOCK served task=2 label=44 result=169938343 live=0
SLIME_CLOCK served task=3 label=44 result=169954085 live=0
SLIME_CLOCK served task=2 label=44 result=169968883 live=0
SLIME_CLOCK served task=3 label=44 result=169981263 live=0
SLIME_CLOCK served task=2 label=44 result=169993322 live=0
SLIME_CLOCK served task=3 label=44 result=170004916 live=0
SLIME_CLOCK served task=2 label=44 result=170015860 live=0
SLIME_CLOCK served task=3 label=44 result=170027340 live=0
SLIME_CLOCK served task=2 label=44 result=170038339 live=0
SLIME_CLOCK served task=3 label=44 result=170049733 live=0
SLIME_CLOCK served task=2 label=44 result=170060595 live=0
SLIME_CLOCK served task=3 label=44 result=170073827 live=0
SLIME_CLOCK served task=2 label=44 result=170089111 live=0
SLIME_CLOCK served task=3 label=44 result=170101482 live=0
SLIME_CLOCK served task=2 label=44 result=170114112 live=0
SLIME_CLOCK served task=3 label=44 result=170136263 live=0
SLIME_CLOCK served task=2 label=44 result=170146559 live=0
SLIME_CLOCK served task=3 label=44 result=170157502 live=0
SLIME_CLOCK served task=2 label=44 result=170167515 live=0
SLIME_CLOCK served task=3 label=44 result=170178353 live=0
SLIME_CLOCK served task=2 label=44 result=170190845 live=0
SLIME_CLOCK served task=3 label=44 result=170201850 live=0
SLIME_CLOCK served task=2 label=44 result=170211877 live=0
SLIME_CLOCK served task=3 label=44 result=170222923 live=0
SLIME_CLOCK served task=2 label=44 result=170232959 live=0
SLIME_CLOCK served task=3 label=44 result=170247532 live=0
SLIME_CLOCK served task=2 label=44 result=170261634 live=0
SLIME_CLOCK served task=3 label=44 result=170276463 live=0
SLIME_CLOCK served task=2 label=44 result=170290850 live=0
SLIME_CLOCK served task=3 label=44 result=170305428 live=0
SLIME_CLOCK served task=2 label=44 result=170319341 live=0
SLIME_CLOCK served task=3 label=44 result=170334008 live=0
SLIME_CLOCK served task=2 label=44 result=170348160 live=0
SLIME_CLOCK served task=3 label=44 result=170362617 live=0
SLIME_CLOCK served task=2 label=44 result=170385581 live=0
SLIME_CLOCK served task=3 label=44 result=170400292 live=0
SLIME_CLOCK served task=2 label=44 result=170414665 live=0
SLIME_CLOCK served task=3 label=44 result=170429156 live=0
SLIME_CLOCK served task=2 label=44 result=170446080 live=0
SLIME_CLOCK served task=3 label=44 result=170460613 live=0
SLIME_CLOCK served task=2 label=44 result=170474959 live=0
SLIME_CLOCK served task=3 label=44 result=170489296 live=0
SLIME_CLOCK served task=2 label=44 result=170501578 live=0
SLIME_CLOCK served task=3 label=44 result=170513186 live=0
SLIME_CLOCK served task=2 label=44 result=170524185 live=0
SLIME_CLOCK served task=3 label=44 result=170535779 live=0
SLIME_CLOCK served task=2 label=44 result=170548909 live=0
SLIME_CLOCK served task=3 label=44 result=170562418 live=0
SLIME_CLOCK served task=2 label=44 result=170577011 live=0
SLIME_CLOCK served task=3 label=44 result=170592808 live=0
SLIME_CLOCK served task=2 label=44 result=170607943 live=0
SLIME_CLOCK served task=3 label=44 result=170623742 live=0
SLIME_CLOCK served task=2 label=44 result=170645596 live=0
SLIME_CLOCK served task=3 label=44 result=170663620 live=0
SLIME_CLOCK served task=2 label=44 result=170680533 live=0
SLIME_CLOCK served task=3 label=44 result=170697977 live=0
SLIME_CLOCK served task=2 label=44 result=170714907 live=0
SLIME_CLOCK served task=3 label=44 result=170733437 live=0
SLIME_CLOCK served task=2 label=44 result=170750169 live=0
SLIME_CLOCK served task=3 label=44 result=170769005 live=0
SLIME_CLOCK served task=2 label=44 result=170785520 live=0
SLIME_CLOCK served task=3 label=44 result=170802628 live=0
SLIME_CLOCK served task=2 label=44 result=170819285 live=0
SLIME_CLOCK served task=3 label=44 result=170836343 live=0
SLIME_CLOCK served task=2 label=44 result=170853403 live=0
SLIME_CLOCK served task=3 label=44 result=170870411 live=0
SLIME_CLOCK served task=2 label=44 result=170888233 live=0
SLIME_CLOCK served task=3 label=44 result=170905356 live=0
SLIME_CLOCK served task=2 label=44 result=170922125 live=0
SLIME_CLOCK served task=3 label=44 result=170939382 live=0
SLIME_CLOCK served task=2 label=44 result=170956042 live=0
SLIME_CLOCK served task=3 label=44 result=170973730 live=0
SLIME_CLOCK served task=2 label=44 result=170990461 live=0
SLIME_CLOCK served task=3 label=44 result=171008452 live=0
SLIME_CLOCK served task=2 label=44 result=171024674 live=0
SLIME_CLOCK served task=3 label=44 result=171042405 live=0
SLIME_CLOCK served task=2 label=44 result=171059365 live=0
SLIME_CLOCK served task=3 label=44 result=171077028 live=0
SLIME_CLOCK served task=2 label=44 result=171093133 live=0
SLIME_CLOCK served task=3 label=44 result=171109126 live=0
SLIME_CLOCK served task=2 label=44 result=171124178 live=0
SLIME_CLOCK served task=3 label=44 result=171147879 live=0
SLIME_CLOCK served task=2 label=44 result=171161448 live=0
SLIME_CLOCK served task=3 label=44 result=171171901 live=0
SLIME_CLOCK served task=2 label=44 result=171181663 live=0
SLIME_CLOCK served task=3 label=44 result=171191721 live=0
SLIME_CLOCK served task=2 label=44 result=171201186 live=0
SLIME_CLOCK served task=3 label=44 result=171211199 live=0
SLIME_CLOCK served task=2 label=44 result=171221879 live=0
SLIME_CLOCK served task=3 label=44 result=171233909 live=0
SLIME_CLOCK served task=2 label=44 result=171245391 live=0
SLIME_CLOCK served task=3 label=44 result=171257003 live=0
SLIME_CLOCK served task=2 label=44 result=171269981 live=0
SLIME_CLOCK served task=3 label=44 result=171281604 live=0
SLIME_CLOCK served task=2 label=44 result=171293271 live=0
SLIME_CLOCK served task=3 label=44 result=171305130 live=0
SLIME_CLOCK served task=2 label=44 result=171316316 live=0
SLIME_CLOCK served task=3 label=44 result=171328029 live=0
SLIME_CLOCK served task=2 label=44 result=171339201 live=0
SLIME_CLOCK served task=3 label=44 result=171351253 live=0
SLIME_CLOCK served task=2 label=44 result=171362300 live=0
SLIME_CLOCK served task=3 label=44 result=171374152 live=0
SLIME_CLOCK served task=2 label=44 result=171385855 live=0
SLIME_CLOCK served task=3 label=44 result=171398172 live=0
SLIME_CLOCK served task=2 label=44 result=171409724 live=0
SLIME_CLOCK served task=3 label=44 result=171421417 live=0
SLIME_CLOCK served task=2 label=44 result=171432490 live=0
SLIME_CLOCK served task=3 label=44 result=171444085 live=0
SLIME_CLOCK served task=2 label=44 result=171455152 live=0
SLIME_CLOCK served task=3 label=44 result=171467295 live=0
SLIME_CLOCK served task=2 label=44 result=171482038 live=0
SLIME_CLOCK served task=3 label=44 result=171493614 live=0
SLIME_CLOCK served task=2 label=44 result=171505079 live=0
SLIME_CLOCK served task=3 label=44 result=171517694 live=0
SLIME_CLOCK served task=2 label=44 result=171529098 live=0
SLIME_CLOCK served task=3 label=44 result=171541016 live=0
SLIME_CLOCK served task=2 label=44 result=171551641 live=0
SLIME_CLOCK served task=3 label=44 result=171562861 live=0
SLIME_CLOCK served task=2 label=44 result=171573593 live=0
SLIME_CLOCK served task=3 label=44 result=171585345 live=0
SLIME_CLOCK served task=2 label=44 result=171599525 live=0
SLIME_CLOCK served task=3 label=44 result=171610207 live=0
SLIME_CLOCK served task=2 label=44 result=171620276 live=0
SLIME_CLOCK served task=3 label=44 result=171632698 live=0
SLIME_CLOCK served task=2 label=44 result=171670270 live=0
SLIME_CLOCK served task=3 label=44 result=171707547 live=0
SLIME_CLOCK served task=2 label=44 result=171718284 live=0
SLIME_CLOCK served task=3 label=44 result=171730156 live=0
SLIME_CLOCK served task=2 label=44 result=171741279 live=0
SLIME_CLOCK served task=3 label=44 result=171752457 live=0
SLIME_CLOCK served task=2 label=44 result=171763197 live=0
SLIME_CLOCK served task=3 label=44 result=171776274 live=0
SLIME_CLOCK served task=2 label=44 result=171787500 live=0
SLIME_CLOCK served task=3 label=44 result=171801292 live=0
SLIME_CLOCK served task=2 label=44 result=171810936 live=0
SLIME_CLOCK served task=3 label=44 result=171821113 live=0
SLIME_CLOCK served task=2 label=44 result=171830725 live=0
SLIME_CLOCK served task=3 label=44 result=171841096 live=0
SLIME_CLOCK served task=2 label=44 result=171850904 live=0
SLIME_CLOCK served task=3 label=44 result=171861075 live=0
SLIME_CLOCK served task=2 label=44 result=171870618 live=0
SLIME_CLOCK served task=3 label=44 result=171880740 live=0
SLIME_CLOCK served task=2 label=44 result=171890233 live=0
SLIME_CLOCK served task=3 label=44 result=171903657 live=0
SLIME_CLOCK served task=2 label=44 result=171917385 live=0
SLIME_CLOCK served task=3 label=44 result=171928751 live=0
SLIME_CLOCK served task=2 label=44 result=171939401 live=0
SLIME_CLOCK served task=3 label=44 result=171950693 live=0
SLIME_CLOCK served task=2 label=44 result=171961454 live=0
SLIME_CLOCK served task=3 label=44 result=171973361 live=0
SLIME_CLOCK served task=2 label=44 result=171983874 live=0
SLIME_CLOCK served task=3 label=44 result=171995830 live=0
SLIME_CLOCK served task=2 label=44 result=172007903 live=0
SLIME_CLOCK served task=2 label=44 result=172021160 live=0
SLIME_CLOCK served task=3 label=44 result=172034203 live=0
SLIME_CLOCK served task=2 label=44 result=172046013 live=0
SLIME_CLOCK served task=3 label=44 result=172058034 live=0
SLIME_CLOCK served task=2 label=44 result=172068964 live=0
SLIME_CLOCK served task=3 label=44 result=172080194 live=0
SLIME_CLOCK served task=2 label=44 result=172090836 live=0
SLIME_CLOCK served task=3 label=44 result=172103224 live=0
SLIME_CLOCK served task=2 label=44 result=172118388 live=0
SLIME_CLOCK served task=3 label=44 result=172129837 live=0
SLIME_CLOCK served task=2 label=44 result=172139978 live=0
SLIME_CLOCK served task=3 label=44 result=172154615 live=0
SLIME_CLOCK served task=2 label=44 result=172169674 live=0
SLIME_CLOCK served task=3 label=44 result=172185502 live=0
SLIME_CLOCK served task=2 label=44 result=172200389 live=0
SLIME_CLOCK served task=3 label=44 result=172216279 live=0
SLIME_CLOCK served task=2 label=44 result=172229714 live=0
SLIME_CLOCK served task=3 label=44 result=172239903 live=0
SLIME_CLOCK served task=2 label=44 result=172249485 live=0
SLIME_CLOCK served task=3 label=44 result=172259649 live=0
SLIME_CLOCK served task=2 label=44 result=172269222 live=0
SLIME_CLOCK served task=3 label=44 result=172282177 live=0
SLIME_CLOCK served task=2 label=44 result=172294827 live=0
SLIME_CLOCK served task=3 label=44 result=172307237 live=0
SLIME_CLOCK served task=2 label=44 result=172318782 live=0
SLIME_CLOCK served task=3 label=44 result=172330120 live=0
SLIME_CLOCK served task=2 label=44 result=172340661 live=0
SLIME_CLOCK served task=3 label=44 result=172352240 live=0
SLIME_CLOCK served task=2 label=44 result=172363225 live=0
SLIME_CLOCK served task=3 label=44 result=172374644 live=0
SLIME_CLOCK served task=2 label=44 result=172385210 live=0
SLIME_CLOCK served task=3 label=44 result=172396365 live=0
SLIME_CLOCK served task=2 label=44 result=172408311 live=0
SLIME_CLOCK served task=3 label=44 result=172419609 live=0
SLIME_CLOCK served task=2 label=44 result=172430731 live=0
SLIME_CLOCK served task=3 label=44 result=172441962 live=0
SLIME_CLOCK served task=2 label=44 result=172452568 live=0
SLIME_CLOCK served task=3 label=44 result=172463692 live=0
SLIME_CLOCK served task=2 label=44 result=172474798 live=0
SLIME_CLOCK served task=3 label=44 result=172486118 live=0
SLIME_CLOCK served task=2 label=44 result=172497187 live=0
SLIME_CLOCK served task=3 label=44 result=172508450 live=0
SLIME_CLOCK served task=2 label=44 result=172522056 live=0
SLIME_CLOCK served task=3 label=44 result=172534588 live=0
SLIME_CLOCK served task=2 label=44 result=172545094 live=0
SLIME_CLOCK served task=3 label=44 result=172556461 live=0
SLIME_CLOCK served task=2 label=44 result=172566950 live=0
SLIME_CLOCK served task=3 label=44 result=172581037 live=0
SLIME_CLOCK served task=2 label=44 result=172592823 live=0
SLIME_CLOCK served task=3 label=44 result=172604877 live=0
SLIME_CLOCK served task=2 label=44 result=172616155 live=0
SLIME_CLOCK served task=3 label=44 result=172628905 live=0
SLIME_CLOCK served task=2 label=44 result=172645593 live=0
SLIME_CLOCK served task=3 label=44 result=172679030 live=0
SLIME_CLOCK served task=2 label=44 result=172716159 live=0
SLIME_CLOCK served task=3 label=44 result=172733620 live=0
SLIME_CLOCK served task=2 label=44 result=172748800 live=0
SLIME_CLOCK served task=3 label=44 result=172764168 live=0
SLIME_CLOCK served task=2 label=44 result=172778467 live=0
SLIME_CLOCK served task=3 label=44 result=172798007 live=0
SLIME_CLOCK served task=2 label=44 result=172814546 live=0
SLIME_CLOCK served task=3 label=44 result=172831008 live=0
SLIME_CLOCK served task=2 label=44 result=172848670 live=0
SLIME_CLOCK served task=3 label=44 result=172866160 live=0
SLIME_CLOCK served task=2 label=44 result=172881840 live=0
SLIME_CLOCK served task=3 label=44 result=172898489 live=0
SLIME_CLOCK served task=2 label=44 result=172915890 live=0
SLIME_CLOCK served task=3 label=44 result=172932848 live=0
SLIME_CLOCK served task=2 label=44 result=172948523 live=0
SLIME_CLOCK served task=3 label=44 result=172965231 live=0
SLIME_CLOCK served task=2 label=44 result=172981025 live=0
SLIME_CLOCK served task=3 label=44 result=172997571 live=0
SLIME_CLOCK served task=2 label=44 result=173013179 live=0
SLIME_CLOCK served task=3 label=44 result=173029576 live=0
SLIME_CLOCK served task=2 label=44 result=173046627 live=0
SLIME_CLOCK served task=3 label=44 result=173063167 live=0
SLIME_CLOCK served task=2 label=44 result=173078615 live=0
SLIME_CLOCK served task=3 label=44 result=173095486 live=0
SLIME_CLOCK served task=2 label=44 result=173111139 live=0
SLIME_CLOCK served task=3 label=44 result=173129058 live=0
SLIME_CLOCK served task=2 label=44 result=173147655 live=0
SLIME_CLOCK served task=3 label=44 result=173169906 live=0
SLIME_CLOCK served task=2 label=44 result=173186799 live=0
SLIME_CLOCK served task=3 label=44 result=173201271 live=0
SLIME_CLOCK served task=2 label=44 result=173214885 live=0
SLIME_CLOCK served task=3 label=44 result=173229534 live=0
SLIME_CLOCK served task=2 label=44 result=173242122 live=0
SLIME_CLOCK served task=3 label=44 result=173252230 live=0
SLIME_CLOCK served task=2 label=44 result=173261719 live=0
SLIME_CLOCK served task=3 label=44 result=173271813 live=0
SLIME_CLOCK served task=2 label=44 result=173281288 live=0
SLIME_CLOCK served task=3 label=44 result=173294895 live=0
SLIME_CLOCK served task=2 label=44 result=173305742 live=0
SLIME_CLOCK served task=3 label=44 result=173317110 live=0
SLIME_CLOCK served task=2 label=44 result=173327601 live=0
SLIME_CLOCK served task=3 label=44 result=173338764 live=0
SLIME_CLOCK served task=2 label=44 result=173350336 live=0
SLIME_CLOCK served task=3 label=44 result=173361595 live=0
SLIME_CLOCK served task=2 label=44 result=173372291 live=0
SLIME_CLOCK served task=3 label=44 result=173383580 live=0
SLIME_CLOCK served task=2 label=44 result=173394063 live=0
SLIME_CLOCK served task=3 label=44 result=173405313 live=0
SLIME_CLOCK served task=2 label=44 result=173417739 live=0
SLIME_CLOCK served task=3 label=44 result=173429375 live=0
SLIME_CLOCK served task=2 label=44 result=173440028 live=0
SLIME_CLOCK served task=3 label=44 result=173451221 live=0
SLIME_CLOCK served task=2 label=44 result=173461820 live=0
SLIME_CLOCK served task=3 label=44 result=173473534 live=0
SLIME_CLOCK served task=2 label=44 result=173484303 live=0
SLIME_CLOCK served task=3 label=44 result=173495592 live=0
SLIME_CLOCK served task=2 label=44 result=173506165 live=0
SLIME_CLOCK served task=3 label=44 result=173517397 live=0
SLIME_CLOCK served task=2 label=44 result=173527927 live=0
SLIME_CLOCK served task=3 label=44 result=173539346 live=0
SLIME_CLOCK served task=2 label=44 result=173551672 live=0
SLIME_CLOCK served task=3 label=44 result=173565954 live=0
SLIME_CLOCK served task=2 label=44 result=173576578 live=0
SLIME_CLOCK served task=3 label=44 result=173587722 live=0
SLIME_CLOCK served task=2 label=44 result=173598644 live=0
SLIME_CLOCK served task=3 label=44 result=173610075 live=0
SLIME_CLOCK served task=2 label=44 result=173620734 live=0
SLIME_CLOCK served task=3 label=44 result=173631892 live=0
SLIME_CLOCK served task=2 label=44 result=173642513 live=0
SLIME_CLOCK served task=3 label=44 result=173654487 live=0
SLIME_CLOCK served task=2 label=44 result=173670530 live=0
SLIME_CLOCK served task=3 label=44 result=173686640 live=0
SLIME_CLOCK served task=2 label=44 result=173700549 live=0
SLIME_CLOCK served task=3 label=44 result=173715999 live=0
SLIME_CLOCK served task=2 label=44 result=173730415 live=0
SLIME_CLOCK served task=3 label=44 result=173741411 live=0
SLIME_CLOCK served task=2 label=44 result=173751869 live=0
SLIME_CLOCK served task=3 label=44 result=173761982 live=0
SLIME_CLOCK served task=2 label=44 result=173771488 live=0
SLIME_CLOCK served task=3 label=44 result=173781515 live=0
SLIME_CLOCK served task=2 label=44 result=173791354 live=0
SLIME_CLOCK served task=3 label=44 result=173807590 live=0
SLIME_CLOCK served task=2 label=44 result=173823796 live=0
SLIME_CLOCK served task=3 label=44 result=173841256 live=0
SLIME_CLOCK served task=2 label=44 result=173858298 live=0
SLIME_CLOCK served task=3 label=44 result=173875619 live=0
SLIME_CLOCK served task=2 label=44 result=173892211 live=0
SLIME_CLOCK served task=3 label=44 result=173910681 live=0
SLIME_CLOCK served task=2 label=44 result=173928414 live=0
SLIME_CLOCK served task=3 label=44 result=173945531 live=0
SLIME_CLOCK served task=2 label=44 result=173961940 live=0
SLIME_CLOCK served task=3 label=44 result=173979190 live=0
SLIME_CLOCK served task=2 label=44 result=173995939 live=0
SLIME_CLOCK served task=3 label=44 result=174013281 live=0
SLIME_CLOCK served task=2 label=44 result=174029885 live=0
SLIME_CLOCK served task=3 label=44 result=174047367 live=0
SLIME_CLOCK served task=2 label=44 result=174065128 live=0
SLIME_CLOCK served task=3 label=44 result=174082158 live=0
SLIME_CLOCK served task=2 label=44 result=174098810 live=0
SLIME_CLOCK served task=3 label=44 result=174116119 live=0
SLIME_CLOCK served task=2 label=44 result=174132657 live=0
SLIME_CLOCK served task=3 label=44 result=174149946 live=0
SLIME_CLOCK served task=2 label=44 result=174167572 live=0
SLIME_CLOCK served task=3 label=44 result=174183303 live=0
SLIME_CLOCK served task=2 label=44 result=174195184 live=0
SLIME_CLOCK served task=3 label=44 result=174210411 live=0
SLIME_CLOCK served task=2 label=44 result=174225522 live=0
SLIME_CLOCK served task=3 label=44 result=174241317 live=0
SLIME_CLOCK served task=2 label=44 result=174256113 live=0
SLIME_CLOCK served task=3 label=44 result=174271829 live=0
SLIME_CLOCK served task=2 label=44 result=174283476 live=0
SLIME_CLOCK served task=3 label=44 result=174293667 live=0
SLIME_CLOCK served task=2 label=44 result=174306260 live=0
SLIME_CLOCK served task=3 label=44 result=174318129 live=0
SLIME_CLOCK served task=2 label=44 result=174329130 live=0
SLIME_CLOCK served task=3 label=44 result=174340227 live=0
SLIME_CLOCK served task=2 label=44 result=174350985 live=0
SLIME_CLOCK served task=3 label=44 result=174362281 live=0
SLIME_CLOCK served task=2 label=44 result=174373195 live=0
SLIME_CLOCK served task=3 label=44 result=174384478 live=0
SLIME_CLOCK served task=2 label=44 result=174395219 live=0
SLIME_CLOCK served task=3 label=44 result=174406332 live=0
SLIME_CLOCK served task=2 label=44 result=174417144 live=0
SLIME_CLOCK served task=3 label=44 result=174428731 live=0
SLIME_CLOCK served task=2 label=44 result=174440005 live=0
SLIME_CLOCK served task=3 label=44 result=174451185 live=0
SLIME_CLOCK served task=2 label=44 result=174461706 live=0
SLIME_CLOCK served task=3 label=44 result=174473070 live=0
SLIME_CLOCK served task=2 label=44 result=174483981 live=0
SLIME_CLOCK served task=3 label=44 result=174495192 live=0
SLIME_CLOCK served task=2 label=44 result=174505653 live=0
SLIME_CLOCK served task=3 label=44 result=174516850 live=0
SLIME_CLOCK served task=2 label=44 result=174527659 live=0
SLIME_CLOCK served task=3 label=44 result=174538962 live=0
SLIME_CLOCK served task=2 label=44 result=174549585 live=0
SLIME_CLOCK served task=3 label=44 result=174562000 live=0
SLIME_CLOCK served task=2 label=44 result=174572706 live=0
SLIME_CLOCK served task=3 label=44 result=174584030 live=0
SLIME_CLOCK served task=2 label=44 result=174594940 live=0
SLIME_CLOCK served task=3 label=44 result=174609039 live=0
SLIME_CLOCK served task=2 label=44 result=174619962 live=0
SLIME_CLOCK served task=3 label=44 result=174631340 live=0
SLIME_CLOCK served task=2 label=44 result=174642001 live=0
SLIME_CLOCK served task=3 label=44 result=174653375 live=0
SLIME_CLOCK served task=2 label=44 result=174664627 live=0
SLIME_CLOCK served task=3 label=44 result=174676233 live=0
SLIME_CLOCK served task=2 label=44 result=174696235 live=0
SLIME_CLOCK served task=3 label=44 result=174715048 live=0
SLIME_CLOCK served task=2 label=44 result=174730212 live=0
SLIME_CLOCK served task=3 label=44 result=174745981 live=0
SLIME_CLOCK served task=2 label=44 result=174759370 live=0
SLIME_CLOCK served task=3 label=44 result=174769522 live=0
SLIME_CLOCK served task=2 label=44 result=174779077 live=0
SLIME_CLOCK served task=3 label=44 result=174789457 live=0
SLIME_CLOCK served task=2 label=44 result=174798995 live=0
SLIME_CLOCK served task=3 label=44 result=174838782 live=0
SLIME_CLOCK served task=2 label=44 result=174852175 live=0
SLIME_CLOCK served task=3 label=44 result=174863968 live=0
SLIME_CLOCK served task=2 label=44 result=174875033 live=0
SLIME_CLOCK served task=3 label=44 result=174886314 live=0
SLIME_CLOCK served task=2 label=44 result=174896973 live=0
SLIME_CLOCK served task=3 label=44 result=174908408 live=0
SLIME_CLOCK served task=2 label=44 result=174919018 live=0
SLIME_CLOCK served task=3 label=44 result=174930033 live=0
SLIME_CLOCK served task=2 label=44 result=174940757 live=0
SLIME_CLOCK served task=3 label=44 result=174952109 live=0
SLIME_CLOCK served task=2 label=44 result=174962805 live=0
SLIME_CLOCK served task=3 label=44 result=174976215 live=0
SLIME_CLOCK served task=2 label=44 result=174986813 live=0
SLIME_CLOCK served task=3 label=44 result=174998069 live=0
SLIME_CLOCK served task=2 label=44 result=175008538 live=0
SLIME_CLOCK served task=3 label=44 result=175019850 live=0
SLIME_CLOCK served task=2 label=44 result=175030494 live=0
SLIME_CLOCK served task=3 label=44 result=175042174 live=0
SLIME_CLOCK served task=2 label=44 result=175052641 live=0
SLIME_CLOCK served task=3 label=44 result=175063935 live=0
SLIME_CLOCK served task=2 label=44 result=175074525 live=0
SLIME_CLOCK served task=3 label=44 result=175085901 live=0
SLIME_CLOCK served task=2 label=44 result=175098056 live=0
SLIME_CLOCK served task=3 label=44 result=175109230 live=0
SLIME_CLOCK served task=2 label=44 result=175119860 live=0
SLIME_CLOCK served task=3 label=44 result=175130961 live=0
SLIME_CLOCK served task=2 label=44 result=175141596 live=0
SLIME_CLOCK served task=3 label=44 result=175152704 live=0
SLIME_CLOCK served task=2 label=44 result=175163928 live=0
SLIME_CLOCK served task=3 label=44 result=175174979 live=0
SLIME_CLOCK served task=2 label=44 result=175186163 live=0
SLIME_CLOCK served task=3 label=44 result=175200776 live=0
SLIME_CLOCK served task=2 label=44 result=175210219 live=0
SLIME_CLOCK served task=3 label=44 result=175225946 live=0
SLIME_CLOCK served task=2 label=44 result=175240896 live=0
SLIME_CLOCK served task=3 label=44 result=175256380 live=0
SLIME_CLOCK served task=2 label=44 result=175271147 live=0
SLIME_CLOCK served task=3 label=44 result=175287218 live=0
SLIME_CLOCK served task=2 label=44 result=175302003 live=0
SLIME_CLOCK served task=3 label=44 result=175317665 live=0
SLIME_CLOCK served task=2 label=44 result=175330623 live=0
SLIME_CLOCK served task=3 label=44 result=175343291 live=0
SLIME_CLOCK served task=2 label=44 result=175363414 live=0
SLIME_CLOCK served task=3 label=44 result=175381231 live=0
SLIME_CLOCK served task=2 label=44 result=175398051 live=0
SLIME_CLOCK served task=3 label=44 result=175415631 live=0
SLIME_CLOCK served task=2 label=44 result=175432468 live=0
SLIME_CLOCK served task=3 label=44 result=175449943 live=0
SLIME_CLOCK served task=2 label=44 result=175466440 live=0
SLIME_CLOCK served task=3 label=44 result=175485270 live=0
SLIME_CLOCK served task=2 label=44 result=175501748 live=0
SLIME_CLOCK served task=3 label=44 result=175519047 live=0
SLIME_CLOCK served task=2 label=44 result=175535918 live=0
SLIME_CLOCK served task=3 label=44 result=175553169 live=0
SLIME_CLOCK served task=2 label=44 result=175569928 live=0
SLIME_CLOCK served task=3 label=44 result=175587115 live=0
SLIME_CLOCK served task=2 label=44 result=175605373 live=0
SLIME_CLOCK served task=3 label=44 result=175622553 live=0
SLIME_CLOCK served task=2 label=44 result=175639280 live=0
SLIME_CLOCK served task=3 label=44 result=175656459 live=0
SLIME_CLOCK served task=2 label=44 result=175673468 live=0
SLIME_CLOCK served task=3 label=44 result=175690350 live=0
SLIME_CLOCK served task=2 label=44 result=175706389 live=0
SLIME_CLOCK served task=3 label=44 result=175717578 live=0
SLIME_CLOCK served task=2 label=44 result=175729722 live=0
SLIME_CLOCK served task=3 label=44 result=175746377 live=0
SLIME_CLOCK served task=2 label=44 result=175761193 live=0
SLIME_CLOCK served task=3 label=44 result=175776942 live=0
SLIME_CLOCK served task=2 label=44 result=175791971 live=0
SLIME_CLOCK served task=3 label=44 result=175808035 live=0
SLIME_CLOCK served task=2 label=44 result=175817536 live=0
SLIME_CLOCK served task=3 label=44 result=175827539 live=0
SLIME_CLOCK served task=2 label=44 result=175837044 live=0
SLIME_CLOCK served task=3 label=44 result=175847357 live=0
SLIME_CLOCK served task=2 label=44 result=175862279 live=0
SLIME_CLOCK served task=3 label=44 result=175879502 live=0
SLIME_CLOCK served task=2 label=44 result=175896061 live=0
SLIME_CLOCK served task=3 label=44 result=175913078 live=0
SLIME_CLOCK served task=2 label=44 result=175929601 live=0
SLIME_CLOCK served task=3 label=44 result=175947172 live=0
SLIME_CLOCK served task=2 label=44 result=175963668 live=0
SLIME_CLOCK served task=3 label=44 result=175981791 live=0
SLIME_CLOCK served task=2 label=44 result=175998533 live=0
SLIME_CLOCK served task=3 label=44 result=176015891 live=0
SLIME_CLOCK served task=2 label=44 result=176032886 live=0
SLIME_CLOCK served task=3 label=44 result=176049949 live=0
SLIME_CLOCK served task=2 label=44 result=176066372 live=0
SLIME_CLOCK served task=3 label=44 result=176083687 live=0
SLIME_CLOCK served task=2 label=44 result=176100390 live=0
SLIME_CLOCK served task=3 label=44 result=176119055 live=0
SLIME_CLOCK served task=2 label=44 result=176135626 live=0
SLIME_CLOCK served task=3 label=44 result=176153001 live=0
SLIME_CLOCK served task=2 label=44 result=176169684 live=0
SLIME_CLOCK served task=3 label=44 result=176186637 live=0
SLIME_CLOCK served task=2 label=44 result=176203321 live=0
SLIME_CLOCK served task=3 label=44 result=176221169 live=0
SLIME_CLOCK served task=2 label=44 result=176238056 live=0
SLIME_CLOCK served task=3 label=44 result=176262570 live=0
SLIME_CLOCK served task=2 label=44 result=176277517 live=0
SLIME_CLOCK served task=3 label=44 result=176290718 live=0
SLIME_CLOCK served task=2 label=44 result=176300302 live=0
SLIME_CLOCK served task=3 label=44 result=176310677 live=0
SLIME_CLOCK served task=2 label=44 result=176320171 live=0
SLIME_CLOCK served task=3 label=44 result=176331940 live=0
SLIME_CLOCK served task=2 label=44 result=176342972 live=0
SLIME_CLOCK served task=3 label=44 result=176353329 live=0
SLIME_CLOCK served task=2 label=44 result=176364924 live=0
SLIME_CLOCK served task=3 label=44 result=176376684 live=0
SLIME_CLOCK served task=2 label=44 result=176388785 live=0
SLIME_CLOCK served task=3 label=44 result=176401358 live=0
SLIME_CLOCK served task=2 label=44 result=176413430 live=0
SLIME_CLOCK served task=3 label=44 result=176425656 live=0
SLIME_CLOCK served task=2 label=44 result=176437191 live=0
SLIME_CLOCK served task=3 label=44 result=176448492 live=0
SLIME_CLOCK served task=2 label=44 result=176461498 live=0
SLIME_CLOCK served task=3 label=44 result=176476232 live=0
SLIME_CLOCK served task=2 label=44 result=176492273 live=0
SLIME_CLOCK served task=3 label=44 result=176507223 live=0
SLIME_CLOCK served task=2 label=44 result=176519761 live=0
SLIME_CLOCK served task=3 label=44 result=176532443 live=0
SLIME_CLOCK served task=2 label=44 result=176544442 live=0
SLIME_CLOCK served task=3 label=44 result=176557051 live=0
SLIME_CLOCK served task=2 label=44 result=176568885 live=0
SLIME_CLOCK served task=3 label=44 result=176581491 live=0
SLIME_CLOCK served task=2 label=44 result=176593359 live=0
SLIME_CLOCK served task=3 label=44 result=176606220 live=0
SLIME_CLOCK served task=2 label=44 result=176618087 live=0
SLIME_CLOCK served task=3 label=44 result=176630932 live=0
SLIME_CLOCK served task=2 label=44 result=176642729 live=0
SLIME_CLOCK served task=3 label=44 result=176655258 live=0
SLIME_CLOCK served task=2 label=44 result=176667332 live=0
SLIME_CLOCK served task=3 label=44 result=176679906 live=0
SLIME_CLOCK served task=2 label=44 result=176691712 live=0
SLIME_CLOCK served task=3 label=44 result=176704234 live=0
SLIME_CLOCK served task=2 label=44 result=176713979 live=0
SLIME_CLOCK served task=3 label=44 result=176729167 live=0
SLIME_CLOCK served task=2 label=44 result=176746071 live=0
SLIME_CLOCK served task=3 label=44 result=176763554 live=0
SLIME_CLOCK served task=2 label=44 result=176779988 live=0
SLIME_CLOCK served task=3 label=44 result=176796969 live=0
SLIME_CLOCK served task=2 label=44 result=176813655 live=0
SLIME_CLOCK served task=3 label=44 result=176828297 live=0
SLIME_CLOCK served task=2 label=44 result=176840263 live=0
SLIME_CLOCK served task=3 label=44 result=176854546 live=0
SLIME_CLOCK served task=2 label=44 result=176866318 live=0
SLIME_CLOCK served task=3 label=44 result=176878798 live=0
SLIME_CLOCK served task=2 label=44 result=176890644 live=0
SLIME_CLOCK served task=3 label=44 result=176902816 live=0
SLIME_CLOCK served task=2 label=44 result=176914848 live=0
SLIME_CLOCK served task=3 label=44 result=176927390 live=0
SLIME_CLOCK served task=2 label=44 result=176939179 live=0
SLIME_CLOCK served task=3 label=44 result=176951096 live=0
SLIME_CLOCK served task=2 label=44 result=176962335 live=0
SLIME_CLOCK served task=3 label=44 result=176974565 live=0
SLIME_CLOCK served task=2 label=44 result=176987590 live=0
SLIME_CLOCK served task=3 label=44 result=176999132 live=0
SLIME_CLOCK served task=2 label=44 result=177010215 live=0
SLIME_CLOCK served task=3 label=44 result=177022085 live=0
SLIME_CLOCK served task=2 label=44 result=177033331 live=0
SLIME_CLOCK served task=3 label=44 result=177045097 live=0
SLIME_CLOCK served task=2 label=44 result=177056225 live=0
SLIME_CLOCK served task=3 label=44 result=177068118 live=0
SLIME_CLOCK served task=2 label=44 result=177079089 live=0
SLIME_CLOCK served task=3 label=44 result=177090758 live=0
SLIME_CLOCK served task=2 label=44 result=177102697 live=0
SLIME_CLOCK served task=3 label=44 result=177116130 live=0
SLIME_CLOCK served task=2 label=44 result=177127272 live=0
SLIME_CLOCK served task=3 label=44 result=177138998 live=0
SLIME_CLOCK served task=2 label=44 result=177150153 live=0
SLIME_CLOCK served task=3 label=44 result=177162160 live=0
SLIME_CLOCK served task=2 label=44 result=177173159 live=0
SLIME_CLOCK served task=3 label=44 result=177184718 live=0
SLIME_CLOCK served task=2 label=44 result=177195891 live=0
SLIME_CLOCK served task=3 label=44 result=177207723 live=0
SLIME_CLOCK served task=2 label=44 result=177218563 live=0
SLIME_CLOCK served task=3 label=44 result=177230880 live=0
SLIME_CLOCK served task=2 label=44 result=177247406 live=0
SLIME_CLOCK served task=3 label=44 result=177264482 live=0
SLIME_CLOCK served task=2 label=44 result=177281077 live=0
SLIME_CLOCK served task=3 label=44 result=177298445 live=0
SLIME_CLOCK served task=2 label=44 result=177314934 live=0
SLIME_CLOCK served task=3 label=44 result=177331968 live=0
SLIME_CLOCK served task=2 label=44 result=177347596 live=0
SLIME_CLOCK served task=3 label=44 result=177363437 live=0
SLIME_CLOCK served task=2 label=44 result=177377692 live=0
SLIME_CLOCK served task=3 label=44 result=177393077 live=0
SLIME_CLOCK served task=2 label=44 result=177407738 live=0
SLIME_CLOCK served task=3 label=44 result=177422786 live=0
SLIME_CLOCK served task=2 label=44 result=177436813 live=0
SLIME_CLOCK served task=3 label=44 result=177451891 live=0
SLIME_CLOCK served task=2 label=44 result=177464707 live=0
SLIME_CLOCK served task=3 label=44 result=177480384 live=0
SLIME_CLOCK served task=2 label=44 result=177496180 live=0
SLIME_CLOCK served task=3 label=44 result=177508241 live=0
SLIME_CLOCK served task=2 label=44 result=177524550 live=0
SLIME_CLOCK served task=3 label=44 result=177541215 live=0
SLIME_CLOCK served task=2 label=44 result=177553546 live=0
SLIME_CLOCK served task=3 label=44 result=177566516 live=0
SLIME_CLOCK served task=2 label=44 result=177578811 live=0
SLIME_CLOCK served task=3 label=44 result=177591938 live=0
SLIME_CLOCK served task=2 label=44 result=177607110 live=0
SLIME_CLOCK served task=3 label=44 result=177620592 live=0
SLIME_CLOCK served task=2 label=44 result=177632713 live=0
SLIME_CLOCK served task=3 label=44 result=177645778 live=0
SLIME_CLOCK served task=2 label=44 result=177658490 live=0
SLIME_CLOCK served task=3 label=44 result=177671275 live=0
SLIME_CLOCK served task=2 label=44 result=177683867 live=0
SLIME_CLOCK served task=3 label=44 result=177697168 live=0
SLIME_CLOCK served task=2 label=44 result=177709714 live=0
SLIME_CLOCK served task=3 label=44 result=177722881 live=0
SLIME_CLOCK served task=2 label=44 result=177736237 live=0
SLIME_CLOCK served task=3 label=44 result=177748262 live=0
SLIME_CLOCK served task=2 label=44 result=177759574 live=0
SLIME_CLOCK served task=3 label=44 result=177771328 live=0
SLIME_CLOCK served task=2 label=44 result=177782822 live=0
SLIME_CLOCK served task=3 label=44 result=177795788 live=0
SLIME_CLOCK served task=2 label=44 result=177808192 live=0
SLIME_CLOCK served task=3 label=44 result=177821272 live=0
SLIME_CLOCK served task=2 label=44 result=177833436 live=0
SLIME_CLOCK served task=3 label=44 result=177846603 live=0
SLIME_CLOCK served task=2 label=44 result=177859885 live=0
SLIME_CLOCK served task=3 label=44 result=177873106 live=0
SLIME_CLOCK served task=2 label=44 result=177885256 live=0
SLIME_CLOCK served task=3 label=44 result=177898313 live=0
SLIME_CLOCK served task=2 label=44 result=177911103 live=0
SLIME_CLOCK served task=3 label=44 result=177923877 live=0
SLIME_CLOCK served task=2 label=44 result=177936378 live=0
SLIME_CLOCK served task=3 label=44 result=177949290 live=0
SLIME_CLOCK served task=2 label=44 result=177961475 live=0
SLIME_CLOCK served task=3 label=44 result=177974725 live=0
SLIME_CLOCK served task=2 label=44 result=177988245 live=0
SLIME_CLOCK served task=3 label=44 result=178001374 live=0
SLIME_CLOCK served task=2 label=44 result=178013509 live=0
SLIME_CLOCK served task=3 label=44 result=178026518 live=0
SLIME_CLOCK served task=2 label=44 result=178039116 live=0
SLIME_CLOCK served task=3 label=44 result=178052332 live=0
SLIME_CLOCK served task=2 label=44 result=178064880 live=0
SLIME_CLOCK served task=3 label=44 result=178077555 live=0
SLIME_CLOCK served task=2 label=44 result=178089847 live=0
SLIME_CLOCK served task=3 label=44 result=178103342 live=0
SLIME_CLOCK served task=2 label=44 result=178116719 live=0
SLIME_CLOCK served task=3 label=44 result=178129799 live=0
SLIME_CLOCK served task=2 label=44 result=178142135 live=0
SLIME_CLOCK served task=3 label=44 result=178155342 live=0
SLIME_CLOCK served task=2 label=44 result=178168250 live=0
SLIME_CLOCK served task=3 label=44 result=178181199 live=0
SLIME_CLOCK served task=2 label=44 result=178193749 live=0
SLIME_CLOCK served task=3 label=44 result=178206969 live=0
SLIME_CLOCK served task=2 label=44 result=178219573 live=0
SLIME_CLOCK served task=3 label=44 result=178234462 live=0
SLIME_CLOCK served task=2 label=44 result=178246987 live=0
SLIME_CLOCK served task=3 label=44 result=178260172 live=0
SLIME_CLOCK served task=2 label=44 result=178273908 live=0
SLIME_CLOCK served task=3 label=44 result=178289447 live=0
SLIME_CLOCK served task=2 label=44 result=178303743 live=0
SLIME_CLOCK served task=3 label=44 result=178314788 live=0
SLIME_CLOCK served task=2 label=44 result=178324435 live=0
SLIME_CLOCK served task=3 label=44 result=178334651 live=0
SLIME_CLOCK served task=2 label=44 result=178344676 live=0
SLIME_CLOCK served task=3 label=44 result=178355343 live=0
SLIME_CLOCK served task=2 label=44 result=178373795 live=0
SLIME_CLOCK served task=3 label=44 result=178391351 live=0
SLIME_CLOCK served task=2 label=44 result=178408276 live=0
SLIME_CLOCK served task=3 label=44 result=178425538 live=0
SLIME_CLOCK served task=2 label=44 result=178442624 live=0
SLIME_CLOCK served task=3 label=44 result=178459813 live=0
SLIME_CLOCK served task=2 label=44 result=178476647 live=0
SLIME_CLOCK served task=3 label=44 result=178496630 live=0
SLIME_CLOCK served task=2 label=44 result=178511405 live=0
SLIME_CLOCK served task=3 label=44 result=178524340 live=0
SLIME_CLOCK served task=2 label=44 result=178534364 live=0
SLIME_CLOCK served task=3 label=44 result=178545062 live=0
SLIME_CLOCK served task=2 label=44 result=178555367 live=0
SLIME_CLOCK served task=3 label=44 result=178572188 live=0
SLIME_CLOCK served task=2 label=44 result=178586570 live=0
SLIME_CLOCK served task=3 label=44 result=178602405 live=0
SLIME_CLOCK served task=2 label=44 result=178621378 live=0
SLIME_CLOCK served task=3 label=44 result=178637182 live=0
SLIME_CLOCK served task=2 label=44 result=178650235 live=0
SLIME_CLOCK served task=3 label=44 result=178662699 live=0
SLIME_CLOCK served task=2 label=44 result=178672321 live=0
SLIME_CLOCK served task=3 label=44 result=178682475 live=0
SLIME_CLOCK served task=2 label=44 result=178692046 live=0
SLIME_CLOCK served task=3 label=44 result=178702163 live=0
SLIME_CLOCK served task=2 label=44 result=178711707 live=0
SLIME_CLOCK served task=3 label=44 result=178722071 live=0
SLIME_CLOCK served task=2 label=44 result=178731596 live=0
SLIME_CLOCK served task=3 label=44 result=178743253 live=0
SLIME_CLOCK served task=2 label=44 result=178753966 live=0
SLIME_CLOCK served task=3 label=44 result=178765271 live=0
SLIME_CLOCK served task=2 label=44 result=178775799 live=0
SLIME_CLOCK served task=3 label=44 result=178787055 live=0
SLIME_CLOCK served task=2 label=44 result=178797685 live=0
SLIME_CLOCK served task=3 label=44 result=178808758 live=0
SLIME_CLOCK served task=2 label=44 result=178819193 live=0
SLIME_CLOCK served task=3 label=44 result=178830281 live=0
SLIME_CLOCK served task=2 label=44 result=178840953 live=0
SLIME_CLOCK served task=3 label=44 result=178852388 live=0
SLIME_CLOCK served task=2 label=44 result=178863226 live=0
SLIME_CLOCK served task=3 label=44 result=178875435 live=0
SLIME_CLOCK served task=2 label=44 result=178886195 live=0
SLIME_CLOCK served task=3 label=44 result=178897701 live=0
SLIME_CLOCK served task=2 label=44 result=178908732 live=0
SLIME_CLOCK served task=3 label=44 result=178921070 live=0
SLIME_CLOCK served task=2 label=44 result=178933287 live=0
SLIME_CLOCK served task=3 label=44 result=178945975 live=0
SLIME_CLOCK served task=2 label=44 result=178958222 live=0
SLIME_CLOCK served task=3 label=44 result=178971203 live=0
SLIME_CLOCK served task=2 label=44 result=178983314 live=0
SLIME_CLOCK served task=3 label=44 result=178997098 live=0
SLIME_CLOCK served task=2 label=44 result=179009438 live=0
SLIME_CLOCK served task=3 label=44 result=179022371 live=0
SLIME_CLOCK served task=2 label=44 result=179034764 live=0
SLIME_CLOCK served task=3 label=44 result=179047556 live=0
SLIME_CLOCK served task=2 label=44 result=179059934 live=0
SLIME_CLOCK served task=3 label=44 result=179071680 live=0
SLIME_CLOCK served task=2 label=44 result=179082449 live=0
SLIME_CLOCK served task=3 label=44 result=179093737 live=0
SLIME_CLOCK served task=2 label=44 result=179104687 live=0
SLIME_CLOCK served task=3 label=44 result=179115877 live=0
SLIME_CLOCK served task=2 label=44 result=179127539 live=0
SLIME_CLOCK served task=3 label=44 result=179138750 live=0
SLIME_CLOCK served task=2 label=44 result=179149592 live=0
SLIME_CLOCK served task=3 label=44 result=179160970 live=0
SLIME_CLOCK served task=2 label=44 result=179171558 live=0
SLIME_CLOCK served task=3 label=44 result=179183386 live=0
SLIME_CLOCK served task=2 label=44 result=179194025 live=0
SLIME_CLOCK served task=3 label=44 result=179205149 live=0
SLIME_CLOCK served task=2 label=44 result=179215783 live=0
SLIME_CLOCK served task=3 label=44 result=179227352 live=0
SLIME_CLOCK served task=2 label=44 result=179237861 live=0
SLIME_CLOCK served task=3 label=44 result=179249956 live=0
SLIME_CLOCK served task=2 label=44 result=179260572 live=0
SLIME_CLOCK served task=3 label=44 result=179271875 live=0
SLIME_CLOCK served task=2 label=44 result=179282561 live=0
SLIME_CLOCK served task=3 label=44 result=179293863 live=0
SLIME_CLOCK served task=2 label=44 result=179308015 live=0
SLIME_CLOCK served task=3 label=44 result=179319167 live=0
SLIME_CLOCK served task=2 label=44 result=179329924 live=0
SLIME_CLOCK served task=3 label=44 result=179341095 live=0
SLIME_CLOCK served task=2 label=44 result=179351866 live=0
SLIME_CLOCK served task=3 label=44 result=179363011 live=0
SLIME_CLOCK served task=2 label=44 result=179375070 live=0
SLIME_CLOCK served task=3 label=44 result=179386272 live=0
SLIME_CLOCK served task=2 label=44 result=179397575 live=0
SLIME_CLOCK served task=3 label=44 result=179412825 live=0
SLIME_CLOCK served task=2 label=44 result=179427093 live=0
SLIME_CLOCK served task=3 label=44 result=179442699 live=0
SLIME_CLOCK served task=2 label=44 result=179456853 live=0
SLIME_CLOCK served task=3 label=44 result=179472177 live=0
SLIME_CLOCK served task=2 label=44 result=179486389 live=0
SLIME_CLOCK served task=3 label=44 result=179503907 live=0
SLIME_CLOCK served task=2 label=44 result=179515221 live=0
SLIME_CLOCK served task=3 label=44 result=179526376 live=0
SLIME_CLOCK served task=2 label=44 result=179537145 live=0
SLIME_CLOCK served task=3 label=44 result=179548387 live=0
SLIME_CLOCK served task=2 label=44 result=179559237 live=0
SLIME_CLOCK served task=3 label=44 result=179570891 live=0
SLIME_CLOCK served task=2 label=44 result=179581509 live=0
SLIME_CLOCK served task=3 label=44 result=179592793 live=0
SLIME_CLOCK served task=2 label=44 result=179607431 live=0
SLIME_CLOCK served task=3 label=44 result=179622933 live=0
SLIME_CLOCK served task=2 label=44 result=179665428 live=0
SLIME_CLOCK served task=3 label=44 result=179684140 live=0
SLIME_CLOCK served task=2 label=44 result=179700218 live=0
SLIME_CLOCK served task=3 label=44 result=179716957 live=0
SLIME_CLOCK served task=2 label=44 result=179733251 live=0
SLIME_CLOCK served task=3 label=44 result=179750153 live=0
SLIME_CLOCK served task=2 label=44 result=179763747 live=0
SLIME_CLOCK served task=3 label=44 result=179775040 live=0
SLIME_CLOCK served task=2 label=44 result=179786115 live=0
SLIME_CLOCK served task=3 label=44 result=179798441 live=0
SLIME_CLOCK served task=2 label=44 result=179810643 live=0
SLIME_CLOCK served task=3 label=44 result=179823425 live=0
SLIME_CLOCK served task=2 label=44 result=179835539 live=0
SLIME_CLOCK served task=3 label=44 result=179848125 live=0
SLIME_CLOCK served task=2 label=44 result=179859935 live=0
SLIME_CLOCK served task=3 label=44 result=179872604 live=0
SLIME_CLOCK served task=2 label=44 result=179885545 live=0
SLIME_CLOCK served task=3 label=44 result=179897988 live=0
SLIME_CLOCK served task=2 label=44 result=179909869 live=0
SLIME_CLOCK served task=3 label=44 result=179922120 live=0
SLIME_CLOCK served task=2 label=44 result=179934007 live=0
SLIME_CLOCK served task=3 label=44 result=179946388 live=0
SLIME_CLOCK served task=2 label=44 result=179958532 live=0
SLIME_CLOCK served task=3 label=44 result=179971002 live=0
SLIME_CLOCK served task=2 label=44 result=179982940 live=0
SLIME_CLOCK served task=3 label=44 result=179995353 live=0
SLIME_CLOCK served task=2 label=44 result=180007995 live=0
SLIME_CLOCK served task=3 label=44 result=180020771 live=0
SLIME_CLOCK served task=2 label=44 result=180033119 live=0
SLIME_CLOCK served task=3 label=44 result=180045676 live=0
SLIME_CLOCK served task=2 label=44 result=180057598 live=0
SLIME_CLOCK served task=3 label=44 result=180070269 live=0
SLIME_CLOCK served task=2 label=44 result=180082512 live=0
SLIME_CLOCK served task=3 label=44 result=180097581 live=0
SLIME_CLOCK served task=2 label=44 result=180109655 live=0
SLIME_CLOCK served task=3 label=44 result=180122279 live=0
SLIME_CLOCK served task=2 label=44 result=180134817 live=0
SLIME_CLOCK served task=3 label=44 result=180147397 live=0
SLIME_CLOCK served task=2 label=44 result=180159689 live=0
SLIME_CLOCK served task=3 label=44 result=180172305 live=0
SLIME_CLOCK served task=2 label=44 result=180184100 live=0
SLIME_CLOCK served task=3 label=44 result=180196664 live=0
SLIME_CLOCK served task=2 label=44 result=180208812 live=0
SLIME_CLOCK served task=3 label=44 result=180221553 live=0
SLIME_CLOCK served task=2 label=44 result=180233650 live=0
SLIME_CLOCK served task=3 label=44 result=180246090 live=0
SLIME_CLOCK served task=2 label=44 result=180258706 live=0
SLIME_CLOCK served task=3 label=44 result=180271186 live=0
SLIME_CLOCK served task=2 label=44 result=180283473 live=0
SLIME_CLOCK served task=3 label=44 result=180294657 live=0
SLIME_CLOCK served task=2 label=44 result=180305056 live=0
SLIME_CLOCK served task=3 label=44 result=180316064 live=0
SLIME_CLOCK served task=2 label=44 result=180326577 live=0
SLIME_CLOCK served task=3 label=44 result=180337664 live=0
SLIME_CLOCK served task=2 label=44 result=180348577 live=0
SLIME_CLOCK served task=3 label=44 result=180359675 live=0
SLIME_CLOCK served task=2 label=44 result=180370210 live=0
SLIME_CLOCK served task=3 label=44 result=180381617 live=0
SLIME_CLOCK served task=2 label=44 result=180393839 live=0
SLIME_CLOCK served task=3 label=44 result=180405049 live=0
SLIME_CLOCK served task=2 label=44 result=180416136 live=0
SLIME_CLOCK served task=3 label=44 result=180427210 live=0
SLIME_CLOCK served task=2 label=44 result=180438183 live=0
SLIME_CLOCK served task=3 label=44 result=180449375 live=0
SLIME_CLOCK served task=2 label=44 result=180460025 live=0
SLIME_CLOCK served task=3 label=44 result=180471341 live=0
SLIME_CLOCK served task=2 label=44 result=180481762 live=0
SLIME_CLOCK served task=3 label=44 result=180492800 live=0
SLIME_CLOCK served task=2 label=44 result=180506191 live=0
SLIME_CLOCK served task=3 label=44 result=180519191 live=0
SLIME_CLOCK served task=2 label=44 result=180534768 live=0
SLIME_CLOCK served task=3 label=44 result=180550586 live=0
SLIME_CLOCK served task=2 label=44 result=180565206 live=0
SLIME_CLOCK served task=3 label=44 result=180581708 live=0
SLIME_CLOCK served task=2 label=44 result=180597500 live=0
SLIME_CLOCK served task=3 label=44 result=180613740 live=0
SLIME_CLOCK served task=2 label=44 result=180630096 live=0
SLIME_CLOCK served task=3 label=44 result=180651154 live=0
SLIME_CLOCK served task=2 label=44 result=180671756 live=0
SLIME_CLOCK served task=3 label=44 result=180691080 live=0
SLIME_CLOCK served task=2 label=44 result=180707347 live=0
SLIME_CLOCK served task=3 label=44 result=180723839 live=0
SLIME_CLOCK served task=2 label=44 result=180738559 live=0
SLIME_CLOCK served task=3 label=44 result=180754024 live=0
SLIME_CLOCK served task=2 label=44 result=180771144 live=0
SLIME_CLOCK served task=3 label=44 result=180788901 live=0
SLIME_CLOCK served task=2 label=44 result=180803993 live=0
SLIME_CLOCK served task=3 label=44 result=180819884 live=0
SLIME_CLOCK served task=2 label=44 result=180834716 live=0
SLIME_CLOCK served task=3 label=44 result=180846813 live=0
SLIME_CLOCK served task=2 label=44 result=180856350 live=0
SLIME_CLOCK served task=3 label=44 result=180866431 live=0
SLIME_CLOCK served task=2 label=44 result=180875914 live=0
SLIME_CLOCK served task=3 label=44 result=180886075 live=0
SLIME_CLOCK served task=2 label=44 result=180897454 live=0
SLIME_CLOCK served task=3 label=44 result=180910093 live=0
SLIME_CLOCK served task=2 label=44 result=180921127 live=0
SLIME_CLOCK served task=3 label=44 result=180932370 live=0
SLIME_CLOCK served task=2 label=44 result=180943286 live=0
SLIME_CLOCK served task=3 label=44 result=180954672 live=0
SLIME_CLOCK served task=2 label=44 result=180965196 live=0
SLIME_CLOCK served task=3 label=44 result=180976939 live=0
SLIME_CLOCK served task=2 label=44 result=180987666 live=0
SLIME_CLOCK served task=3 label=44 result=180999012 live=0
SLIME_CLOCK served task=2 label=44 result=181009963 live=0
SLIME_CLOCK served task=3 label=44 result=181021006 live=0
SLIME_CLOCK served task=2 label=44 result=181033068 live=0
SLIME_CLOCK served task=3 label=44 result=181044411 live=0
SLIME_CLOCK served task=2 label=44 result=181055114 live=0
SLIME_CLOCK served task=3 label=44 result=181066827 live=0
SLIME_CLOCK served task=2 label=44 result=181077476 live=0
SLIME_CLOCK served task=3 label=44 result=181088585 live=0
SLIME_CLOCK served task=2 label=44 result=181099635 live=0
SLIME_CLOCK served task=3 label=44 result=181110986 live=0
SLIME_CLOCK served task=2 label=44 result=181121717 live=0
SLIME_CLOCK served task=3 label=44 result=181133163 live=0
SLIME_CLOCK served task=2 label=44 result=181143978 live=0
SLIME_CLOCK served task=3 label=44 result=181156590 live=0
SLIME_CLOCK served task=2 label=44 result=181167374 live=0
SLIME_CLOCK served task=3 label=44 result=181178593 live=0
SLIME_CLOCK served task=2 label=44 result=181189247 live=0
SLIME_CLOCK served task=3 label=44 result=181200660 live=0
SLIME_CLOCK served task=2 label=44 result=181211399 live=0
SLIME_CLOCK served task=3 label=44 result=181222736 live=0
SLIME_CLOCK served task=2 label=44 result=181233272 live=0
SLIME_CLOCK served task=3 label=44 result=181244604 live=0
SLIME_CLOCK served task=2 label=44 result=181255377 live=0
SLIME_CLOCK served task=3 label=44 result=181266496 live=0
SLIME_CLOCK served task=2 label=44 result=181278125 live=0
SLIME_CLOCK served task=3 label=44 result=181289616 live=0
SLIME_CLOCK served task=2 label=44 result=181300107 live=0
SLIME_CLOCK served task=3 label=44 result=181311180 live=0
SLIME_CLOCK served task=2 label=44 result=181321815 live=0
SLIME_CLOCK served task=3 label=44 result=181332886 live=0
SLIME_CLOCK served task=2 label=44 result=181343345 live=0
SLIME_CLOCK served task=3 label=44 result=181354887 live=0
SLIME_CLOCK served task=2 label=44 result=181365430 live=0
SLIME_CLOCK served task=3 label=44 result=181376772 live=0
SLIME_CLOCK served task=2 label=44 result=181387419 live=0
SLIME_CLOCK served task=3 label=44 result=181398701 live=0
SLIME_CLOCK served task=2 label=44 result=181411150 live=0
SLIME_CLOCK served task=3 label=44 result=181422323 live=0
SLIME_CLOCK served task=2 label=44 result=181432926 live=0
SLIME_CLOCK served task=3 label=44 result=181444237 live=0
SLIME_CLOCK served task=2 label=44 result=181455123 live=0
SLIME_CLOCK served task=3 label=44 result=181466321 live=0
SLIME_CLOCK served task=2 label=44 result=181477321 live=0
SLIME_CLOCK served task=3 label=44 result=181488589 live=0
SLIME_CLOCK served task=2 label=44 result=181499035 live=0
SLIME_CLOCK served task=3 label=44 result=181510376 live=0
SLIME_CLOCK served task=2 label=44 result=181521095 live=0
SLIME_CLOCK served task=3 label=44 result=181533778 live=0
SLIME_CLOCK served task=2 label=44 result=181545697 live=0
SLIME_CLOCK served task=3 label=44 result=181558405 live=0
SLIME_CLOCK served task=2 label=44 result=181570674 live=0
SLIME_CLOCK served task=3 label=44 result=181583506 live=0
SLIME_CLOCK served task=2 label=44 result=181594122 live=0
SLIME_CLOCK served task=3 label=44 result=181607244 live=0
SLIME_CLOCK served task=2 label=44 result=181623079 live=0
SLIME_CLOCK served task=3 label=44 result=181639248 live=0
SLIME_CLOCK served task=2 label=44 result=181654255 live=0
SLIME_CLOCK served task=3 label=44 result=181676736 live=0
SLIME_CLOCK served task=2 label=44 result=181693915 live=0
SLIME_CLOCK served task=3 label=44 result=181712890 live=0
SLIME_CLOCK served task=2 label=44 result=181731237 live=0
SLIME_CLOCK served task=3 label=44 result=181751153 live=0
SLIME_CLOCK served task=2 label=44 result=181768952 live=0
SLIME_CLOCK served task=3 label=44 result=181793403 live=0
SLIME_CLOCK served task=2 label=44 result=181819490 live=0
SLIME_CLOCK served task=3 label=44 result=181837175 live=0
SLIME_CLOCK served task=2 label=44 result=181852912 live=0
SLIME_CLOCK served task=3 label=44 result=181868245 live=0
SLIME_CLOCK served task=2 label=44 result=181883155 live=0
SLIME_CLOCK served task=3 label=44 result=181898815 live=0
SLIME_CLOCK served task=2 label=44 result=181916876 live=0
SLIME_CLOCK served task=3 label=44 result=181934601 live=0
SLIME_CLOCK served task=2 label=44 result=181947925 live=0
SLIME_CLOCK served task=3 label=44 result=181960091 live=0
SLIME_CLOCK served task=2 label=44 result=181972359 live=0
SLIME_CLOCK served task=3 label=44 result=181984745 live=0
SLIME_CLOCK served task=2 label=44 result=181996495 live=0
SLIME_CLOCK served task=3 label=44 result=182009021 live=0
SLIME_CLOCK served task=2 label=44 result=182021209 live=0
SLIME_CLOCK served task=3 label=44 result=182034230 live=0
SLIME_CLOCK served task=2 label=44 result=182047175 live=0
SLIME_CLOCK served task=3 label=44 result=182059602 live=0
SLIME_CLOCK served task=2 label=44 result=182072058 live=0
SLIME_CLOCK served task=3 label=44 result=182084814 live=0
SLIME_CLOCK served task=2 label=44 result=182097073 live=0
SLIME_CLOCK served task=3 label=44 result=182109461 live=0
SLIME_CLOCK served task=2 label=44 result=182121304 live=0
SLIME_CLOCK served task=3 label=44 result=182134098 live=0
SLIME_CLOCK served task=2 label=44 result=182146276 live=0
SLIME_CLOCK served task=3 label=44 result=182159201 live=0
SLIME_CLOCK served task=2 label=44 result=182172055 live=0
SLIME_CLOCK served task=3 label=44 result=182184517 live=0
SLIME_CLOCK served task=2 label=44 result=182196234 live=0
SLIME_CLOCK served task=3 label=44 result=182208501 live=0
SLIME_CLOCK served task=2 label=44 result=182220597 live=0
SLIME_CLOCK served task=3 label=44 result=182233227 live=0
SLIME_CLOCK served task=2 label=44 result=182247121 live=0
SLIME_CLOCK served task=3 label=44 result=182261185 live=0
SLIME_CLOCK served task=2 label=44 result=182273146 live=0
SLIME_CLOCK served task=3 label=44 result=182285934 live=0
SLIME_CLOCK served task=2 label=44 result=182298831 live=0
SLIME_CLOCK served task=3 label=44 result=182312552 live=0
SLIME_CLOCK served task=2 label=44 result=182324712 live=0
SLIME_CLOCK served task=3 label=44 result=182337259 live=0
SLIME_CLOCK served task=2 label=44 result=182349301 live=0
SLIME_CLOCK served task=3 label=44 result=182361753 live=0
SLIME_CLOCK served task=2 label=44 result=182373558 live=0
SLIME_CLOCK served task=3 label=44 result=182386091 live=0
SLIME_CLOCK served task=2 label=44 result=182398141 live=0
SLIME_CLOCK served task=3 label=44 result=182410990 live=0
SLIME_CLOCK served task=2 label=44 result=182423892 live=0
SLIME_CLOCK served task=3 label=44 result=182436587 live=0
SLIME_CLOCK served task=2 label=44 result=182448161 live=0
SLIME_CLOCK served task=3 label=44 result=182460723 live=0
SLIME_CLOCK served task=2 label=44 result=182472610 live=0
SLIME_CLOCK served task=3 label=44 result=182484824 live=0
SLIME_CLOCK served task=2 label=44 result=182496548 live=0
SLIME_CLOCK served task=3 label=44 result=182508963 live=0
SLIME_CLOCK served task=2 label=44 result=182520833 live=0
SLIME_CLOCK served task=3 label=44 result=182533417 live=0
SLIME_CLOCK served task=2 label=44 result=182545896 live=0
SLIME_CLOCK served task=3 label=44 result=182558260 live=0
SLIME_CLOCK served task=2 label=44 result=182570131 live=0
SLIME_CLOCK served task=3 label=44 result=182582425 live=0
SLIME_CLOCK served task=2 label=44 result=182594488 live=0
SLIME_CLOCK served task=3 label=44 result=182606908 live=0
SLIME_CLOCK served task=2 label=44 result=182619069 live=0
SLIME_CLOCK served task=3 label=44 result=182631396 live=0
SLIME_CLOCK served task=2 label=44 result=182643365 live=0
SLIME_CLOCK served task=3 label=44 result=182655959 live=0
SLIME_CLOCK served task=2 label=44 result=182667712 live=0
SLIME_CLOCK served task=3 label=44 result=182681331 live=0
SLIME_CLOCK served task=2 label=44 result=182694548 live=0
SLIME_CLOCK served task=3 label=44 result=182711392 live=0
SLIME_CLOCK served task=2 label=44 result=182726230 live=0
SLIME_CLOCK served task=3 label=44 result=182741648 live=0
SLIME_CLOCK served task=2 label=44 result=182757229 live=0
SLIME_CLOCK served task=3 label=44 result=182773868 live=0
SLIME_CLOCK served task=2 label=44 result=182789326 live=0
SLIME_CLOCK served task=3 label=44 result=182810846 live=0
SLIME_CLOCK served task=2 label=44 result=182829043 live=0
SLIME_CLOCK served task=3 label=44 result=182849922 live=0
SLIME_CLOCK served task=2 label=44 result=182868178 live=0
SLIME_CLOCK served task=3 label=44 result=182886208 live=0
SLIME_CLOCK served task=2 label=44 result=182901229 live=0
SLIME_CLOCK served task=3 label=44 result=182917165 live=0
SLIME_CLOCK served task=2 label=44 result=182931755 live=0
SLIME_CLOCK served task=3 label=44 result=182947231 live=0
SLIME_CLOCK served task=2 label=44 result=182966421 live=0
SLIME_CLOCK served task=3 label=44 result=182979646 live=0
SLIME_CLOCK served task=2 label=44 result=182991736 live=0
SLIME_CLOCK served task=3 label=44 result=183004212 live=0
SLIME_CLOCK served task=2 label=44 result=183018635 live=0
SLIME_CLOCK served task=3 label=44 result=183028793 live=0
SLIME_CLOCK served task=2 label=44 result=183038543 live=0
SLIME_CLOCK served task=3 label=44 result=183048610 live=0
SLIME_CLOCK served task=2 label=44 result=183060915 live=0
SLIME_CLOCK served task=3 label=44 result=183071315 live=0
SLIME_CLOCK served task=2 label=44 result=183080786 live=0
SLIME_CLOCK served task=3 label=44 result=183094906 live=0
SLIME_CLOCK served task=2 label=44 result=183105940 live=0
SLIME_CLOCK served task=3 label=44 result=183117052 live=0
SLIME_CLOCK served task=2 label=44 result=183127717 live=0
SLIME_CLOCK served task=3 label=44 result=183139076 live=0
SLIME_CLOCK served task=2 label=44 result=183149892 live=0
SLIME_CLOCK served task=3 label=44 result=183161440 live=0
SLIME_CLOCK served task=2 label=44 result=183172306 live=0
SLIME_CLOCK served task=3 label=44 result=183183634 live=0
SLIME_CLOCK served task=2 label=44 result=183194294 live=0
SLIME_CLOCK served task=3 label=44 result=183205378 live=0
SLIME_CLOCK served task=2 label=44 result=183217786 live=0
SLIME_CLOCK served task=3 label=44 result=183229474 live=0
SLIME_CLOCK served task=2 label=44 result=183240258 live=0
SLIME_CLOCK served task=3 label=44 result=183251490 live=0
SLIME_CLOCK served task=2 label=44 result=183262280 live=0
SLIME_CLOCK served task=3 label=44 result=183275114 live=0
SLIME_CLOCK served task=2 label=44 result=183287480 live=0
SLIME_CLOCK served task=3 label=44 result=183300327 live=0
SLIME_CLOCK served task=2 label=44 result=183312566 live=0
SLIME_CLOCK served task=3 label=44 result=183325233 live=0
SLIME_CLOCK served task=2 label=44 result=183335836 live=0
SLIME_CLOCK served task=3 label=44 result=183348252 live=0
SLIME_CLOCK served task=2 label=44 result=183358872 live=0
SLIME_CLOCK served task=3 label=44 result=183369937 live=0
SLIME_CLOCK served task=2 label=44 result=183380699 live=0
SLIME_CLOCK served task=3 label=44 result=183391960 live=0
SLIME_CLOCK served task=2 label=44 result=183402484 live=0
SLIME_CLOCK served task=3 label=44 result=183414143 live=0
SLIME_CLOCK served task=2 label=44 result=183424617 live=0
SLIME_CLOCK served task=3 label=44 result=183435840 live=0
SLIME_CLOCK served task=2 label=44 result=183446536 live=0
SLIME_CLOCK served task=3 label=44 result=183457807 live=0
SLIME_CLOCK served task=2 label=44 result=183470235 live=0
SLIME_CLOCK served task=3 label=44 result=183481766 live=0
SLIME_CLOCK served task=2 label=44 result=183492567 live=0
SLIME_CLOCK served task=3 label=44 result=183503863 live=0
SLIME_CLOCK served task=2 label=44 result=183514293 live=0
SLIME_CLOCK served task=3 label=44 result=183525336 live=0
SLIME_CLOCK served task=2 label=44 result=183536638 live=0
SLIME_CLOCK served task=3 label=44 result=183547731 live=0
SLIME_CLOCK served task=2 label=44 result=183558206 live=0
SLIME_CLOCK served task=3 label=44 result=183569422 live=0
SLIME_CLOCK served task=2 label=44 result=183580212 live=0
SLIME_CLOCK served task=3 label=44 result=183591272 live=0
SLIME_CLOCK served task=2 label=44 result=183603672 live=0
SLIME_CLOCK served task=3 label=44 result=183615154 live=0
SLIME_CLOCK served task=2 label=44 result=183625617 live=0
SLIME_CLOCK served task=3 label=44 result=183636638 live=0
SLIME_CLOCK served task=2 label=44 result=183647187 live=0
SLIME_CLOCK served task=3 label=44 result=183658394 live=0
SLIME_CLOCK served task=2 label=44 result=183677107 live=0
SLIME_CLOCK served task=3 label=44 result=183694536 live=0
SLIME_CLOCK served task=2 label=44 result=183708400 live=0
SLIME_CLOCK served task=3 label=44 result=183724794 live=0
SLIME_CLOCK served task=2 label=44 result=183737889 live=0
SLIME_CLOCK served task=3 label=44 result=183752178 live=0
SLIME_CLOCK served task=2 label=44 result=183764539 live=0
SLIME_CLOCK served task=3 label=44 result=183778209 live=0
SLIME_CLOCK served task=2 label=44 result=183790352 live=0
SLIME_CLOCK served task=3 label=44 result=183806710 live=0
SLIME_CLOCK served task=2 label=44 result=183821536 live=0
SLIME_CLOCK served task=3 label=44 result=183837177 live=0
SLIME_CLOCK served task=2 label=44 result=183864777 live=0
SLIME_CLOCK served task=3 label=44 result=183887810 live=0
SLIME_CLOCK served task=2 label=44 result=183905274 live=0
SLIME_CLOCK served task=3 label=44 result=183925103 live=0
SLIME_CLOCK served task=2 label=44 result=183942814 live=0
SLIME_CLOCK served task=3 label=44 result=183960248 live=0
SLIME_CLOCK served task=2 label=44 result=183980069 live=0
SLIME_CLOCK served task=3 label=44 result=183999825 live=0
SLIME_CLOCK served task=2 label=44 result=184017929 live=0
SLIME_CLOCK served task=3 label=44 result=184037162 live=0
SLIME_CLOCK served task=2 label=44 result=184055993 live=0
SLIME_CLOCK served task=3 label=44 result=184076485 live=0
SLIME_CLOCK served task=2 label=44 result=184098501 live=0
SLIME_CLOCK served task=3 label=44 result=184121931 live=0
SLIME_CLOCK served task=2 label=44 result=184143642 live=0
SLIME_CLOCK served task=3 label=44 result=184164365 live=0
SLIME_CLOCK served task=2 label=44 result=184185199 live=0
SLIME_CLOCK served task=3 label=44 result=184207243 live=0
SLIME_CLOCK served task=2 label=44 result=184228054 live=0
SLIME_CLOCK served task=3 label=44 result=184252207 live=0
SLIME_CLOCK served task=2 label=44 result=184270385 live=0
SLIME_CLOCK served task=3 label=44 result=184288572 live=0
SLIME_CLOCK served task=2 label=44 result=184301489 live=0
SLIME_CLOCK served task=3 label=44 result=184314288 live=0
SLIME_CLOCK served task=2 label=44 result=184326181 live=0
SLIME_CLOCK served task=3 label=44 result=184338825 live=0
SLIME_CLOCK served task=2 label=44 result=184351055 live=0
SLIME_CLOCK served task=3 label=44 result=184368655 live=0
SLIME_CLOCK served task=2 label=44 result=184382821 live=0
SLIME_CLOCK served task=3 label=44 result=184397828 live=0
SLIME_CLOCK served task=2 label=44 result=184412483 live=0
SLIME_CLOCK served task=3 label=44 result=184427479 live=0
SLIME_CLOCK served task=2 label=44 result=184441944 live=0
SLIME_CLOCK served task=3 label=44 result=184457218 live=0
SLIME_CLOCK served task=2 label=44 result=184471735 live=0
SLIME_CLOCK served task=3 label=44 result=184488356 live=0
SLIME_CLOCK served task=2 label=44 result=184502689 live=0
SLIME_CLOCK served task=3 label=44 result=184517645 live=0
SLIME_CLOCK served task=2 label=44 result=184532074 live=0
SLIME_CLOCK served task=3 label=44 result=184546874 live=0
SLIME_CLOCK served task=2 label=44 result=184561088 live=0
SLIME_CLOCK served task=3 label=44 result=184576296 live=0
SLIME_CLOCK served task=2 label=44 result=184590516 live=0
SLIME_CLOCK served task=3 label=44 result=184606750 live=0
SLIME_CLOCK served task=2 label=44 result=184622572 live=0
SLIME_CLOCK served task=3 label=44 result=184637568 live=0
SLIME_CLOCK served task=2 label=44 result=184651820 live=0
SLIME_CLOCK served task=3 label=44 result=184667220 live=0
SLIME_CLOCK served task=2 label=44 result=184681472 live=0
SLIME_CLOCK served task=3 label=44 result=184696656 live=0
SLIME_CLOCK served task=2 label=44 result=184710810 live=0
SLIME_CLOCK served task=3 label=44 result=184723675 live=0
SLIME_CLOCK served task=2 label=44 result=184735498 live=0
SLIME_CLOCK served task=3 label=44 result=184748080 live=0
SLIME_CLOCK served task=2 label=44 result=184759882 live=0
SLIME_CLOCK served task=3 label=44 result=184772432 live=0
SLIME_CLOCK served task=2 label=44 result=184784603 live=0
SLIME_CLOCK served task=3 label=44 result=184797207 live=0
SLIME_CLOCK served task=2 label=44 result=184809008 live=0
SLIME_CLOCK served task=3 label=44 result=184821559 live=0
SLIME_CLOCK served task=2 label=44 result=184833659 live=0
SLIME_CLOCK served task=3 label=44 result=184847952 live=0
SLIME_CLOCK served task=2 label=44 result=184893335 live=0
SLIME_CLOCK served task=3 label=44 result=184924497 live=0
SLIME_CLOCK served task=2 label=44 result=184938267 live=0
SLIME_CLOCK served task=3 label=44 result=184952653 live=0
SLIME_CLOCK served task=2 label=44 result=184966828 live=0
SLIME_CLOCK served task=3 label=44 result=184984046 live=0
SLIME_CLOCK served task=2 label=44 result=184998595 live=0
SLIME_CLOCK served task=3 label=44 result=185013445 live=0
SLIME_CLOCK served task=2 label=44 result=185027661 live=0
SLIME_CLOCK served task=3 label=44 result=185042508 live=0
SLIME_CLOCK served task=2 label=44 result=185056841 live=0
SLIME_CLOCK served task=3 label=44 result=185071827 live=0
SLIME_CLOCK served task=2 label=44 result=185086330 live=0
SLIME_CLOCK served task=3 label=44 result=185101179 live=0
SLIME_CLOCK served task=2 label=44 result=185115975 live=0
SLIME_CLOCK served task=3 label=44 result=185131208 live=0
SLIME_CLOCK served task=2 label=44 result=185145128 live=0
SLIME_CLOCK served task=3 label=44 result=185160651 live=0
SLIME_CLOCK served task=2 label=44 result=185174683 live=0
SLIME_CLOCK served task=3 label=44 result=185189778 live=0
SLIME_CLOCK served task=2 label=44 result=185203918 live=0
SLIME_CLOCK served task=3 label=44 result=185218621 live=0
SLIME_CLOCK served task=2 label=44 result=185233540 live=0
SLIME_CLOCK served task=2 label=44 result=185249038 live=0
SLIME_CLOCK served task=3 label=44 result=185263899 live=0
SLIME_CLOCK served task=2 label=44 result=185278128 live=0
SLIME_CLOCK served task=3 label=44 result=185292297 live=0
SLIME_CLOCK served task=2 label=44 result=185306073 live=0
SLIME_CLOCK served task=3 label=44 result=185321002 live=0
SLIME_CLOCK served task=2 label=44 result=185334977 live=0
SLIME_CLOCK served task=3 label=44 result=185351526 live=0
SLIME_CLOCK served task=2 label=44 result=185371808 live=0
SLIME_CLOCK served task=3 label=44 result=185389094 live=0
SLIME_CLOCK served task=2 label=44 result=185408285 live=0
SLIME_CLOCK served task=3 label=44 result=185427165 live=0
SLIME_CLOCK served task=2 label=44 result=185443508 live=0
SLIME_CLOCK served task=3 label=44 result=185458675 live=0
SLIME_CLOCK served task=2 label=44 result=185471097 live=0
SLIME_CLOCK served task=3 label=44 result=185483734 live=0
SLIME_CLOCK served task=2 label=44 result=185502708 live=0
SLIME_CLOCK served task=3 label=44 result=185515480 live=0
SLIME_CLOCK served task=2 label=44 result=185529851 live=0
SLIME_CLOCK served task=3 label=44 result=185545334 live=0
SLIME_CLOCK served task=2 label=44 result=185559720 live=0
SLIME_CLOCK served task=3 label=44 result=185575096 live=0
SLIME_CLOCK served task=2 label=44 result=185586177 live=0
SLIME_CLOCK served task=3 label=44 result=185596599 live=0
SLIME_CLOCK served task=2 label=44 result=185605994 live=0
SLIME_CLOCK served task=3 label=44 result=185617833 live=0
SLIME_CLOCK served task=2 label=44 result=185628752 live=0
SLIME_CLOCK served task=3 label=44 result=185640029 live=0
SLIME_CLOCK served task=2 label=44 result=185650729 live=0
SLIME_CLOCK served task=3 label=44 result=185662013 live=0
SLIME_CLOCK served task=2 label=44 result=185672484 live=0
SLIME_CLOCK served task=3 label=44 result=185683552 live=0
SLIME_CLOCK served task=2 label=44 result=185694043 live=0
SLIME_CLOCK served task=3 label=44 result=185705172 live=0
SLIME_CLOCK served task=2 label=44 result=185715722 live=0
SLIME_CLOCK served task=3 label=44 result=185733421 live=0
SLIME_CLOCK served task=2 label=44 result=185745431 live=0
SLIME_CLOCK served task=3 label=44 result=185756763 live=0
SLIME_CLOCK served task=2 label=44 result=185767794 live=0
SLIME_CLOCK served task=3 label=44 result=185780280 live=0
SLIME_CLOCK served task=2 label=44 result=185792368 live=0
SLIME_CLOCK served task=3 label=44 result=185805311 live=0
SLIME_CLOCK served task=2 label=44 result=185817640 live=0
SLIME_CLOCK served task=3 label=44 result=185830471 live=0
SLIME_CLOCK served task=2 label=44 result=185842589 live=0
SLIME_CLOCK served task=3 label=44 result=185855324 live=0
SLIME_CLOCK served task=2 label=44 result=185868359 live=0
SLIME_CLOCK served task=3 label=44 result=185881121 live=0
SLIME_CLOCK served task=2 label=44 result=185892887 live=0
SLIME_CLOCK served task=3 label=44 result=185904231 live=0
SLIME_CLOCK served task=2 label=44 result=185915148 live=0
SLIME_CLOCK served task=3 label=44 result=185926247 live=0
SLIME_CLOCK served task=2 label=44 result=185936669 live=0
SLIME_CLOCK served task=3 label=44 result=185947967 live=0
SLIME_CLOCK served task=2 label=44 result=185958527 live=0
SLIME_CLOCK served task=3 label=44 result=185969694 live=0
SLIME_CLOCK served task=2 label=44 result=185980478 live=0
SLIME_CLOCK served task=3 label=44 result=185991506 live=0
SLIME_CLOCK served task=2 label=44 result=186003074 live=0
SLIME_CLOCK served task=3 label=44 result=186014423 live=0
SLIME_CLOCK served task=2 label=44 result=186025270 live=0
SLIME_CLOCK served task=3 label=44 result=186036848 live=0
SLIME_CLOCK served task=2 label=44 result=186047278 live=0
SLIME_CLOCK served task=3 label=44 result=186059383 live=0
SLIME_CLOCK served task=2 label=44 result=186070060 live=0
SLIME_CLOCK served task=3 label=44 result=186081096 live=0
SLIME_CLOCK served task=2 label=44 result=186091577 live=0
SLIME_CLOCK served task=3 label=44 result=186102913 live=0
SLIME_CLOCK served task=2 label=44 result=186113607 live=0
SLIME_CLOCK served task=3 label=44 result=186126621 live=0
SLIME_CLOCK served task=2 label=44 result=186137106 live=0
SLIME_CLOCK served task=3 label=44 result=186148389 live=0
SLIME_CLOCK served task=2 label=44 result=186159067 live=0
SLIME_CLOCK served task=3 label=44 result=186171748 live=0
SLIME_CLOCK served task=2 label=44 result=186182755 live=0
SLIME_CLOCK served task=3 label=44 result=186193986 live=0
SLIME_CLOCK served task=2 label=44 result=186204708 live=0
SLIME_CLOCK served task=3 label=44 result=186215856 live=0
SLIME_CLOCK served task=2 label=44 result=186226823 live=0
SLIME_CLOCK served task=3 label=44 result=186237944 live=0
SLIME_CLOCK served task=2 label=44 result=186249903 live=0
SLIME_CLOCK served task=3 label=44 result=186261045 live=0
SLIME_CLOCK served task=2 label=44 result=186271837 live=0
SLIME_CLOCK served task=3 label=44 result=186283035 live=0
SLIME_CLOCK served task=2 label=44 result=186293695 live=0
SLIME_CLOCK served task=3 label=44 result=186304652 live=0
SLIME_CLOCK served task=2 label=44 result=186314980 live=0
SLIME_CLOCK served task=3 label=44 result=186326259 live=0
SLIME_CLOCK served task=2 label=44 result=186337226 live=0
SLIME_CLOCK served task=3 label=44 result=186348507 live=0
SLIME_CLOCK served task=2 label=44 result=186360798 live=0
SLIME_CLOCK served task=3 label=44 result=186380246 live=0
SLIME_CLOCK served task=2 label=44 result=186396470 live=0
SLIME_CLOCK served task=3 label=44 result=186414032 live=0
SLIME_CLOCK served task=2 label=44 result=186432084 live=0
SLIME_CLOCK served task=3 label=44 result=186449980 live=0
SLIME_CLOCK served task=2 label=44 result=186466363 live=0
SLIME_CLOCK served task=3 label=44 result=186486389 live=0
SLIME_CLOCK served task=2 label=44 result=186507557 live=0
SLIME_CLOCK served task=3 label=44 result=186526866 live=0
SLIME_CLOCK served task=2 label=44 result=186544611 live=0
SLIME_CLOCK served task=3 label=44 result=186563580 live=0
SLIME_CLOCK served task=2 label=44 result=186585496 live=0
SLIME_CLOCK served task=3 label=44 result=186607994 live=0
SLIME_CLOCK served task=2 label=44 result=186623318 live=0
SLIME_CLOCK served task=3 label=44 result=186644553 live=0
SLIME_CLOCK served task=2 label=44 result=186661968 live=0
SLIME_CLOCK served task=3 label=44 result=186679092 live=0
SLIME_CLOCK served task=2 label=44 result=186695601 live=0
SLIME_CLOCK served task=3 label=44 result=186712781 live=0
SLIME_CLOCK served task=2 label=44 result=186729632 live=0
SLIME_CLOCK served task=3 label=44 result=186746608 live=0
SLIME_CLOCK served task=2 label=44 result=186764641 live=0
SLIME_CLOCK served task=3 label=44 result=186782156 live=0
SLIME_CLOCK served task=2 label=44 result=186799337 live=0
SLIME_CLOCK served task=3 label=44 result=186816569 live=0
SLIME_CLOCK served task=2 label=44 result=186833217 live=0
SLIME_CLOCK served task=3 label=44 result=186850459 live=0
SLIME_CLOCK served task=2 label=44 result=186863359 live=0
SLIME_CLOCK served task=3 label=44 result=186874653 live=0
SLIME_CLOCK served task=2 label=44 result=186886155 live=0
SLIME_CLOCK served task=3 label=44 result=186903603 live=0
SLIME_CLOCK served task=2 label=44 result=186920457 live=0
SLIME_CLOCK served task=3 label=44 result=186937722 live=0
SLIME_CLOCK served task=2 label=44 result=186954303 live=0
SLIME_CLOCK served task=3 label=44 result=186971852 live=0
SLIME_CLOCK served task=2 label=44 result=186988636 live=0
SLIME_CLOCK served task=3 label=44 result=187005643 live=0
SLIME_CLOCK served task=2 label=44 result=187023247 live=0
SLIME_CLOCK served task=3 label=44 result=187040559 live=0
SLIME_CLOCK served task=2 label=44 result=187057284 live=0
SLIME_CLOCK served task=3 label=44 result=187074541 live=0
SLIME_CLOCK served task=2 label=44 result=187091242 live=0
SLIME_CLOCK served task=3 label=44 result=187108643 live=0
SLIME_CLOCK served task=2 label=44 result=187125076 live=0
SLIME_CLOCK served task=3 label=44 result=187144429 live=0
SLIME_CLOCK served task=2 label=44 result=187161062 live=0
SLIME_CLOCK served task=3 label=44 result=187178095 live=0
SLIME_CLOCK served task=2 label=44 result=187194738 live=0
SLIME_CLOCK served task=3 label=44 result=187211919 live=0
SLIME_CLOCK served task=2 label=44 result=187228554 live=0
SLIME_CLOCK served task=3 label=44 result=187245620 live=0
SLIME_CLOCK served task=2 label=44 result=187262136 live=0
SLIME_CLOCK served task=3 label=44 result=187280653 live=0
SLIME_CLOCK served task=2 label=44 result=187293213 live=0
SLIME_CLOCK served task=3 label=44 result=187305620 live=0
SLIME_CLOCK served task=2 label=44 result=187317469 live=0
SLIME_CLOCK served task=3 label=44 result=187329458 live=0
SLIME_CLOCK served task=2 label=44 result=187341483 live=0
SLIME_CLOCK served task=3 label=44 result=187354173 live=0
SLIME_CLOCK served task=2 label=44 result=187366119 live=0
SLIME_CLOCK served task=3 label=44 result=187378315 live=0
SLIME_CLOCK served task=2 label=44 result=187389767 live=0
SLIME_CLOCK served task=3 label=44 result=187402819 live=0
SLIME_CLOCK served task=2 label=44 result=187415067 live=0
SLIME_CLOCK served task=3 label=44 result=187427101 live=0
SLIME_CLOCK served task=2 label=44 result=187440747 live=0
SLIME_CLOCK served task=3 label=44 result=187451368 live=0
SLIME_CLOCK served task=2 label=44 result=187461344 live=0
SLIME_CLOCK served task=3 label=44 result=187472318 live=0
SLIME_CLOCK served task=2 label=44 result=187482296 live=0
SLIME_CLOCK served task=3 label=44 result=187492895 live=0
SLIME_CLOCK served task=2 label=44 result=187503230 live=0
SLIME_CLOCK served task=3 label=44 result=187520785 live=0
SLIME_CLOCK served task=2 label=44 result=187552125 live=0
SLIME_CLOCK served task=3 label=44 result=187569302 live=0
SLIME_CLOCK served task=2 label=44 result=187582248 live=0
SLIME_CLOCK served task=3 label=44 result=187595122 live=0
SLIME_CLOCK served task=2 label=44 result=187607944 live=0
SLIME_CLOCK served task=3 label=44 result=187622603 live=0
SLIME_CLOCK served task=2 label=44 result=187633451 live=0
SLIME_CLOCK served task=3 label=44 result=187644802 live=0
SLIME_CLOCK served task=2 label=44 result=187656571 live=0
SLIME_CLOCK served task=3 label=44 result=187668187 live=0
SLIME_CLOCK served task=2 label=44 result=187678931 live=0
SLIME_CLOCK served task=3 label=44 result=187690214 live=0
SLIME_CLOCK served task=2 label=44 result=187700895 live=0
SLIME_CLOCK served task=3 label=44 result=187712373 live=0
SLIME_CLOCK served task=2 label=44 result=187723420 live=0
SLIME_CLOCK served task=3 label=44 result=187734743 live=0
SLIME_CLOCK served task=2 label=44 result=187745661 live=0
SLIME_CLOCK served task=3 label=44 result=187757143 live=0
SLIME_CLOCK served task=2 label=44 result=187768001 live=0
SLIME_CLOCK served task=3 label=44 result=187780472 live=0
SLIME_CLOCK served task=2 label=44 result=187791378 live=0
SLIME_CLOCK served task=3 label=44 result=187802780 live=0
SLIME_CLOCK served task=2 label=44 result=187813391 live=0
SLIME_CLOCK served task=3 label=44 result=187824756 live=0
SLIME_CLOCK served task=2 label=44 result=187835543 live=0
SLIME_CLOCK served task=3 label=44 result=187847020 live=0
SLIME_CLOCK served task=2 label=44 result=187857823 live=0
SLIME_CLOCK served task=3 label=44 result=187869088 live=0
SLIME_CLOCK served task=2 label=44 result=187879918 live=0
SLIME_CLOCK served task=3 label=44 result=187891171 live=0
SLIME_CLOCK served task=2 label=44 result=187903266 live=0
SLIME_CLOCK served task=3 label=44 result=187914856 live=0
SLIME_CLOCK served task=2 label=44 result=187925858 live=0
SLIME_CLOCK served task=3 label=44 result=187937146 live=0
SLIME_CLOCK served task=2 label=44 result=187947886 live=0
SLIME_CLOCK served task=3 label=44 result=187959377 live=0
SLIME_CLOCK served task=2 label=44 result=187971229 live=0
SLIME_CLOCK served task=3 label=44 result=187987017 live=0
SLIME_CLOCK served task=2 label=44 result=188003254 live=0
SLIME_CLOCK served task=3 label=44 result=188021755 live=0
SLIME_CLOCK served task=2 label=44 result=188041257 live=0
SLIME_CLOCK served task=3 label=44 result=188058108 live=0
SLIME_CLOCK served task=2 label=44 result=188072936 live=0
SLIME_CLOCK served task=3 label=44 result=188083642 live=0
SLIME_CLOCK served task=2 label=44 result=188093291 live=0
SLIME_CLOCK served task=3 label=44 result=188103820 live=0
SLIME_CLOCK served task=2 label=44 result=188113410 live=0
SLIME_CLOCK served task=3 label=44 result=188123578 live=0
SLIME_CLOCK served task=2 label=44 result=188133158 live=0
SLIME_CLOCK served task=3 label=44 result=188143305 live=0
SLIME_CLOCK served task=2 label=44 result=188154859 live=0
SLIME_CLOCK served task=3 label=44 result=188167114 live=0
SLIME_CLOCK served task=2 label=44 result=188177956 live=0
SLIME_CLOCK served task=3 label=44 result=188189190 live=0
SLIME_CLOCK served task=2 label=44 result=188200371 live=0
SLIME_CLOCK served task=3 label=44 result=188211929 live=0
SLIME_CLOCK served task=2 label=44 result=188223055 live=0
SLIME_CLOCK served task=3 label=44 result=188234360 live=0
SLIME_CLOCK served task=2 label=44 result=188245231 live=0
SLIME_CLOCK served task=3 label=44 result=188256500 live=0
SLIME_CLOCK served task=2 label=44 result=188267105 live=0
SLIME_CLOCK served task=3 label=44 result=188278287 live=0
SLIME_CLOCK served task=2 label=44 result=188290346 live=0
SLIME_CLOCK served task=3 label=44 result=188301585 live=0
SLIME_CLOCK served task=2 label=44 result=188312384 live=0
SLIME_CLOCK served task=3 label=44 result=188323443 live=0
SLIME_CLOCK served task=2 label=44 result=188333977 live=0
SLIME_CLOCK served task=3 label=44 result=188345278 live=0
SLIME_CLOCK served task=2 label=44 result=188356032 live=0
SLIME_CLOCK served task=3 label=44 result=188367198 live=0
SLIME_CLOCK served task=2 label=44 result=188377915 live=0
SLIME_CLOCK served task=3 label=44 result=188389137 live=0
SLIME_CLOCK served task=2 label=44 result=188399683 live=0
SLIME_CLOCK served task=3 label=44 result=188413026 live=0
SLIME_CLOCK served task=2 label=44 result=188423900 live=0
SLIME_CLOCK served task=3 label=44 result=188435134 live=0
SLIME_CLOCK served task=2 label=44 result=188445652 live=0
SLIME_CLOCK served task=3 label=44 result=188457012 live=0
SLIME_CLOCK served task=2 label=44 result=188467614 live=0
SLIME_CLOCK served task=3 label=44 result=188480082 live=0
SLIME_CLOCK served task=2 label=44 result=188494376 live=0
SLIME_CLOCK served task=3 label=44 result=188505110 live=0
SLIME_CLOCK served task=2 label=44 result=188514895 live=0
SLIME_CLOCK served task=3 label=44 result=188529523 live=0
SLIME_CLOCK served task=2 label=44 result=188554694 live=0
SLIME_CLOCK served task=3 label=44 result=188571389 live=0
SLIME_CLOCK served task=2 label=44 result=188586268 live=0
SLIME_CLOCK served task=3 label=44 result=188599589 live=0
SLIME_CLOCK served task=2 label=44 result=188609087 live=0
SLIME_CLOCK served task=3 label=44 result=188619222 live=0
SLIME_CLOCK served task=2 label=44 result=188628715 live=0
SLIME_CLOCK served task=3 label=44 result=188638814 live=0
SLIME_CLOCK served task=2 label=44 result=188648359 live=0
SLIME_CLOCK served task=3 label=44 result=188658709 live=0
SLIME_CLOCK served task=2 label=44 result=188672092 live=0
SLIME_CLOCK served task=3 label=44 result=188684594 live=0
SLIME_CLOCK served task=2 label=44 result=188696617 live=0
SLIME_CLOCK served task=3 label=44 result=188709590 live=0
SLIME_CLOCK served task=2 label=44 result=188721764 live=0
SLIME_CLOCK served task=3 label=44 result=188734266 live=0
SLIME_CLOCK served task=2 label=44 result=188746449 live=0
SLIME_CLOCK served task=3 label=44 result=188759141 live=0
SLIME_CLOCK served task=2 label=44 result=188771316 live=0
SLIME_CLOCK served task=3 label=44 result=188784554 live=0
SLIME_CLOCK served task=2 label=44 result=188798336 live=0
SLIME_CLOCK served task=3 label=44 result=188811197 live=0
SLIME_CLOCK served task=2 label=44 result=188823370 live=0
SLIME_CLOCK served task=3 label=44 result=188836093 live=0
SLIME_CLOCK served task=2 label=44 result=188848641 live=0
SLIME_CLOCK served task=3 label=44 result=188861089 live=0
SLIME_CLOCK served task=2 label=44 result=188873475 live=0
SLIME_CLOCK served task=3 label=44 result=188886119 live=0
SLIME_CLOCK served task=2 label=44 result=188898500 live=0
SLIME_CLOCK served task=3 label=44 result=188911492 live=0
SLIME_CLOCK served task=2 label=44 result=188924512 live=0
SLIME_CLOCK served task=3 label=44 result=188937587 live=0
SLIME_CLOCK served task=2 label=44 result=188949903 live=0
SLIME_CLOCK served task=3 label=44 result=188962883 live=0
SLIME_CLOCK served task=2 label=44 result=188975049 live=0
SLIME_CLOCK served task=3 label=44 result=188987918 live=0
SLIME_CLOCK served task=2 label=44 result=189002597 live=0
SLIME_CLOCK served task=3 label=44 result=189015777 live=0
SLIME_CLOCK served task=2 label=44 result=189028313 live=0
SLIME_CLOCK served task=3 label=44 result=189047283 live=0
SLIME_CLOCK served task=3 label=44 result=189064746 live=0
SLIME_CLOCK served task=2 label=44 result=189079443 live=0
SLIME_CLOCK served task=3 label=44 result=189095835 live=0
SLIME_CLOCK served task=2 label=44 result=189110719 live=0
SLIME_CLOCK served task=3 label=44 result=189126539 live=0
SLIME_CLOCK served task=2 label=44 result=189141399 live=0
SLIME_CLOCK served task=3 label=44 result=189152687 live=0
SLIME_CLOCK served task=2 label=44 result=189162499 live=0
SLIME_CLOCK served task=3 label=44 result=189175068 live=0
SLIME_CLOCK served task=2 label=44 result=189186365 live=0
SLIME_CLOCK served task=3 label=44 result=189198185 live=0
SLIME_CLOCK served task=2 label=44 result=189209293 live=0
SLIME_CLOCK served task=3 label=44 result=189220787 live=0
SLIME_CLOCK served task=2 label=44 result=189231347 live=0
SLIME_CLOCK served task=3 label=44 result=189242685 live=0
SLIME_CLOCK served task=2 label=44 result=189253280 live=0
SLIME_CLOCK served task=3 label=44 result=189264518 live=0
SLIME_CLOCK served task=2 label=44 result=189275436 live=0
SLIME_CLOCK served task=3 label=44 result=189286986 live=0
SLIME_CLOCK served task=2 label=44 result=189298665 live=0
SLIME_CLOCK served task=3 label=44 result=189309756 live=0
SLIME_CLOCK served task=2 label=44 result=189320369 live=0
SLIME_CLOCK served task=3 label=44 result=189331439 live=0
SLIME_CLOCK served task=2 label=44 result=189341983 live=0
SLIME_CLOCK served task=3 label=44 result=189353453 live=0
SLIME_CLOCK served task=2 label=44 result=189363925 live=0
SLIME_CLOCK served task=3 label=44 result=189375094 live=0
SLIME_CLOCK served task=2 label=44 result=189385691 live=0
SLIME_CLOCK served task=3 label=44 result=189396815 live=0
SLIME_CLOCK served task=2 label=44 result=189407364 live=0
SLIME_CLOCK served task=3 label=44 result=189418866 live=0
SLIME_CLOCK served task=2 label=44 result=189430387 live=0
SLIME_CLOCK served task=3 label=44 result=189441506 live=0
SLIME_CLOCK served task=2 label=44 result=189452124 live=0
SLIME_CLOCK served task=3 label=44 result=189463233 live=0
SLIME_CLOCK served task=2 label=44 result=189474061 live=0
SLIME_CLOCK served task=3 label=44 result=189485242 live=0
SLIME_CLOCK served task=2 label=44 result=189495625 live=0
SLIME_CLOCK served task=3 label=44 result=189506836 live=0
SLIME_CLOCK served task=2 label=44 result=189521359 live=0
SLIME_CLOCK served task=3 label=44 result=189537054 live=0
SLIME_CLOCK served task=2 label=44 result=189553868 live=0
SLIME_CLOCK served task=3 label=44 result=189572095 live=0
SLIME_CLOCK served task=2 label=44 result=189587617 live=0
SLIME_CLOCK served task=3 label=44 result=189599140 live=0
SLIME_CLOCK served task=2 label=44 result=189609667 live=0
SLIME_CLOCK served task=3 label=44 result=189620898 live=0
SLIME_CLOCK served task=2 label=44 result=189631340 live=0
SLIME_CLOCK served task=3 label=44 result=189642469 live=0
SLIME_CLOCK served task=2 label=44 result=189653411 live=0
SLIME_CLOCK served task=3 label=44 result=189667998 live=0
SLIME_CLOCK served task=2 label=44 result=189685651 live=0
SLIME_CLOCK served task=3 label=44 result=189702046 live=0
SLIME_CLOCK served task=2 label=44 result=189716815 live=0
SLIME_CLOCK served task=3 label=44 result=189732362 live=0
SLIME_CLOCK served task=2 label=44 result=189746784 live=0
SLIME_CLOCK served task=3 label=44 result=189761931 live=0
SLIME_CLOCK served task=2 label=44 result=189775969 live=0
SLIME_CLOCK served task=3 label=44 result=189791454 live=0
SLIME_CLOCK served task=2 label=44 result=189807310 live=0
SLIME_CLOCK served task=3 label=44 result=189819372 live=0
SLIME_CLOCK served task=2 label=44 result=189830494 live=0
SLIME_CLOCK served task=3 label=44 result=189842386 live=0
SLIME_CLOCK served task=2 label=44 result=189854240 live=0
SLIME_CLOCK served task=3 label=44 result=189866103 live=0
SLIME_CLOCK served task=2 label=44 result=189877504 live=0
SLIME_CLOCK served task=3 label=44 result=189889461 live=0
SLIME_CLOCK served task=2 label=44 result=189900656 live=0
SLIME_CLOCK served task=3 label=44 result=189912667 live=0
SLIME_CLOCK served task=2 label=44 result=189923836 live=0
SLIME_CLOCK served task=3 label=44 result=189936566 live=0
SLIME_CLOCK served task=2 label=44 result=189947927 live=0
SLIME_CLOCK served task=3 label=44 result=189959601 live=0
SLIME_CLOCK served task=2 label=44 result=189971166 live=0
SLIME_CLOCK served task=3 label=44 result=189983076 live=0
SLIME_CLOCK served task=2 label=44 result=189994166 live=0
SLIME_CLOCK served task=3 label=44 result=190005952 live=0
SLIME_CLOCK served task=2 label=44 result=190017635 live=0
SLIME_CLOCK served task=3 label=44 result=190029751 live=0
SLIME_CLOCK served task=2 label=44 result=190041081 live=0
SLIME_CLOCK served task=3 label=44 result=190053041 live=0
SLIME_CLOCK served task=2 label=44 result=190065082 live=0
SLIME_CLOCK served task=3 label=44 result=190076931 live=0
SLIME_CLOCK served task=2 label=44 result=190088337 live=0
SLIME_CLOCK served task=3 label=44 result=190100240 live=0
SLIME_CLOCK served task=2 label=44 result=190111506 live=0
SLIME_CLOCK served task=3 label=44 result=190123184 live=0
SLIME_CLOCK served task=2 label=44 result=190136383 live=0
SLIME_CLOCK served task=3 label=44 result=190151785 live=0
SLIME_CLOCK served task=2 label=44 result=190166896 live=0
SLIME_CLOCK served task=3 label=44 result=190182448 live=0
SLIME_CLOCK served task=2 label=44 result=190223830 live=0
SLIME_CLOCK served task=3 label=44 result=190239174 live=0
SLIME_CLOCK served task=2 label=44 result=190250245 live=0
SLIME_CLOCK served task=3 label=44 result=190261794 live=0
SLIME_CLOCK served task=2 label=44 result=190272829 live=0
SLIME_CLOCK served task=3 label=44 result=190285090 live=0
SLIME_CLOCK served task=2 label=44 result=190296817 live=0
SLIME_CLOCK served task=3 label=44 result=190309280 live=0
SLIME_CLOCK served task=2 label=44 result=190322898 live=0
SLIME_CLOCK served task=3 label=44 result=190334818 live=0
SLIME_CLOCK served task=2 label=44 result=190346657 live=0
SLIME_CLOCK served task=3 label=44 result=190358434 live=0
SLIME_CLOCK served task=2 label=44 result=190369696 live=0
SLIME_CLOCK served task=3 label=44 result=190381700 live=0
SLIME_CLOCK served task=2 label=44 result=190393069 live=0
SLIME_CLOCK served task=3 label=44 result=190405029 live=0
SLIME_CLOCK served task=2 label=44 result=190416757 live=0
SLIME_CLOCK served task=3 label=44 result=190428707 live=0
SLIME_CLOCK served task=2 label=44 result=190440914 live=0
SLIME_CLOCK served task=3 label=44 result=190452825 live=0
SLIME_CLOCK served task=2 label=44 result=190463991 live=0
SLIME_CLOCK served task=3 label=44 result=190476070 live=0
SLIME_CLOCK served task=2 label=44 result=190487218 live=0
SLIME_CLOCK served task=3 label=44 result=190499300 live=0
SLIME_CLOCK served task=2 label=44 result=190510339 live=0
SLIME_CLOCK served task=3 label=44 result=190522235 live=0
SLIME_CLOCK served task=2 label=44 result=190533711 live=0
SLIME_CLOCK served task=3 label=44 result=190545242 live=0
SLIME_CLOCK served task=2 label=44 result=190556036 live=0
SLIME_CLOCK served task=3 label=44 result=190573929 live=0
SLIME_CLOCK served task=2 label=44 result=190586353 live=0
SLIME_CLOCK served task=3 label=44 result=190599695 live=0
SLIME_CLOCK served task=2 label=44 result=190611648 live=0
SLIME_CLOCK served task=3 label=44 result=190624694 live=0
SLIME_CLOCK served task=2 label=44 result=190636806 live=0
SLIME_CLOCK served task=3 label=44 result=190649608 live=0
SLIME_CLOCK served task=2 label=44 result=190663974 live=0
SLIME_CLOCK served task=3 label=44 result=190675816 live=0
SLIME_CLOCK served task=2 label=44 result=190685832 live=0
SLIME_CLOCK served task=3 label=44 result=190719300 live=0
SLIME_CLOCK served task=2 label=44 result=190745377 live=0
SLIME_CLOCK served task=3 label=44 result=190762607 live=0
SLIME_CLOCK served task=2 label=44 result=190775497 live=0
SLIME_CLOCK served task=3 label=44 result=190787524 live=0
SLIME_CLOCK served task=2 label=44 result=190800165 live=0
SLIME_CLOCK served task=3 label=44 result=190813503 live=0
SLIME_CLOCK served task=2 label=44 result=190825416 live=0
SLIME_CLOCK served task=3 label=44 result=190837419 live=0
SLIME_CLOCK served task=2 label=44 result=190848984 live=0
SLIME_CLOCK served task=3 label=44 result=190860625 live=0
SLIME_CLOCK served task=2 label=44 result=190871672 live=0
SLIME_CLOCK served task=3 label=44 result=190883344 live=0
SLIME_CLOCK served task=2 label=44 result=190894375 live=0
SLIME_CLOCK served task=3 label=44 result=190906276 live=0
SLIME_CLOCK served task=2 label=44 result=190917279 live=0
SLIME_CLOCK served task=3 label=44 result=190929198 live=0
SLIME_CLOCK served task=2 label=44 result=190940241 live=0
SLIME_CLOCK served task=3 label=44 result=190953103 live=0
SLIME_CLOCK served task=2 label=44 result=190964284 live=0
SLIME_CLOCK served task=3 label=44 result=190976132 live=0
SLIME_CLOCK served task=2 label=44 result=190987350 live=0
SLIME_CLOCK served task=3 label=44 result=190999043 live=0
SLIME_CLOCK served task=2 label=44 result=191010046 live=0
SLIME_CLOCK served task=3 label=44 result=191021921 live=0
SLIME_CLOCK served task=2 label=44 result=191032845 live=0
SLIME_CLOCK served task=3 label=44 result=191044850 live=0
SLIME_CLOCK served task=2 label=44 result=191056104 live=0
SLIME_CLOCK served task=3 label=44 result=191067892 live=0
SLIME_CLOCK served task=2 label=44 result=191080035 live=0
SLIME_CLOCK served task=3 label=44 result=191091989 live=0
SLIME_CLOCK served task=2 label=44 result=191103068 live=0
SLIME_CLOCK served task=3 label=44 result=191114802 live=0
SLIME_CLOCK served task=2 label=44 result=191125923 live=0
SLIME_CLOCK served task=3 label=44 result=191137582 live=0
SLIME_CLOCK served task=2 label=44 result=191148545 live=0
SLIME_CLOCK served task=3 label=44 result=191160443 live=0
SLIME_CLOCK served task=2 label=44 result=191175808 live=0
SLIME_CLOCK served task=3 label=44 result=191193482 live=0
SLIME_CLOCK served task=2 label=44 result=191212183 live=0
SLIME_CLOCK served task=3 label=44 result=191228335 live=0
SLIME_CLOCK served task=2 label=44 result=191243103 live=0
SLIME_CLOCK served task=3 label=44 result=191254726 live=0
SLIME_CLOCK served task=2 label=44 result=191264744 live=0
SLIME_CLOCK served task=3 label=44 result=191275326 live=0
SLIME_CLOCK served task=2 label=44 result=191285472 live=0
SLIME_CLOCK served task=3 label=44 result=191296048 live=0
SLIME_CLOCK served task=2 label=44 result=191306052 live=0
SLIME_CLOCK served task=3 label=44 result=191316599 live=0
SLIME_CLOCK served task=2 label=44 result=191329174 live=0
SLIME_CLOCK served task=3 label=44 result=191341380 live=0
SLIME_CLOCK served task=2 label=44 result=191355046 live=0
SLIME_CLOCK served task=3 label=44 result=191367413 live=0
SLIME_CLOCK served task=2 label=44 result=191378518 live=0
SLIME_CLOCK served task=3 label=44 result=191390119 live=0
SLIME_CLOCK served task=2 label=44 result=191401391 live=0
SLIME_CLOCK served task=3 label=44 result=191413787 live=0
SLIME_CLOCK served task=2 label=44 result=191424884 live=0
SLIME_CLOCK served task=3 label=44 result=191436551 live=0
SLIME_CLOCK served task=2 label=44 result=191447830 live=0
SLIME_CLOCK served task=3 label=44 result=191460496 live=0
SLIME_CLOCK served task=2 label=44 result=191472149 live=0
SLIME_CLOCK served task=3 label=44 result=191484028 live=0
SLIME_CLOCK served task=2 label=44 result=191495069 live=0
SLIME_CLOCK served task=3 label=44 result=191506831 live=0
SLIME_CLOCK served task=2 label=44 result=191518080 live=0
SLIME_CLOCK served task=3 label=44 result=191529966 live=0
SLIME_CLOCK served task=2 label=44 result=191547843 live=0
SLIME_CLOCK served task=3 label=44 result=191565222 live=0
SLIME_CLOCK served task=2 label=44 result=191583372 live=0
SLIME_CLOCK served task=3 label=44 result=191598883 live=0
SLIME_CLOCK served task=2 label=44 result=191612779 live=0
SLIME_CLOCK served task=3 label=44 result=191627171 live=0
SLIME_CLOCK served task=2 label=44 result=191640831 live=0
SLIME_CLOCK served task=3 label=44 result=191654326 live=0
SLIME_CLOCK served task=2 label=44 result=191665267 live=0
SLIME_CLOCK served task=3 label=44 result=191677385 live=0
SLIME_CLOCK served task=2 label=44 result=191693897 live=0
SLIME_CLOCK served task=3 label=44 result=191713506 live=0
SLIME_CLOCK served task=2 label=44 result=191731789 live=0
SLIME_CLOCK served task=3 label=44 result=191750891 live=0
SLIME_CLOCK served task=2 label=44 result=191768909 live=0
SLIME_CLOCK served task=3 label=44 result=191789109 live=0
SLIME_CLOCK served task=2 label=44 result=191809517 live=0
SLIME_CLOCK served task=3 label=44 result=191829967 live=0
SLIME_CLOCK served task=2 label=44 result=191856297 live=0
SLIME_CLOCK served task=3 label=44 result=191871728 live=0
SLIME_CLOCK served task=2 label=44 result=191885522 live=0
SLIME_CLOCK served task=3 label=44 result=191896383 live=0
SLIME_CLOCK served task=2 label=44 result=191906680 live=0
SLIME_CLOCK served task=3 label=44 result=191917669 live=0
SLIME_CLOCK served task=2 label=44 result=191929366 live=0
SLIME_CLOCK served task=3 label=44 result=191942065 live=0
SLIME_CLOCK served task=2 label=44 result=191953917 live=0
SLIME_CLOCK served task=3 label=44 result=191970127 live=0
SLIME_CLOCK served task=2 label=44 result=191984261 live=0
SLIME_CLOCK served task=3 label=44 result=191999118 live=0
SLIME_CLOCK served task=2 label=44 result=192012864 live=0
SLIME_CLOCK served task=3 label=44 result=192027698 live=0
SLIME_CLOCK served task=2 label=44 result=192041985 live=0
SLIME_CLOCK served task=3 label=44 result=192056660 live=0
SLIME_CLOCK served task=2 label=44 result=192070717 live=0
SLIME_CLOCK served task=3 label=44 result=192085508 live=0
SLIME_CLOCK served task=2 label=44 result=192101395 live=0
SLIME_CLOCK served task=3 label=44 result=192116241 live=0
SLIME_CLOCK served task=2 label=44 result=192130383 live=0
SLIME_CLOCK served task=3 label=44 result=192145281 live=0
SLIME_CLOCK served task=2 label=44 result=192159659 live=0
SLIME_CLOCK served task=3 label=44 result=192174431 live=0
SLIME_CLOCK served task=2 label=44 result=192186248 live=0
SLIME_CLOCK served task=3 label=44 result=192198790 live=0
SLIME_CLOCK served task=2 label=44 result=192210992 live=0
SLIME_CLOCK served task=3 label=44 result=192225481 live=0
SLIME_CLOCK served task=2 label=44 result=192237535 live=0
SLIME_CLOCK served task=3 label=44 result=192250213 live=0
SLIME_CLOCK served task=2 label=44 result=192262547 live=0
SLIME_CLOCK served task=3 label=44 result=192275049 live=0
SLIME_CLOCK served task=2 label=44 result=192287106 live=0
SLIME_CLOCK served task=3 label=44 result=192299479 live=0
SLIME_CLOCK served task=2 label=44 result=192312451 live=0
SLIME_CLOCK served task=3 label=44 result=192327904 live=0
SLIME_CLOCK served task=2 label=44 result=192344909 live=0
SLIME_CLOCK served task=3 label=44 result=192360722 live=0
SLIME_CLOCK served task=2 label=44 result=192375298 live=0
SLIME_CLOCK served task=3 label=44 result=192390623 live=0
SLIME_CLOCK served task=2 label=44 result=192405310 live=0
SLIME_CLOCK served task=3 label=44 result=192421030 live=0
SLIME_CLOCK served task=2 label=44 result=192435852 live=0
SLIME_CLOCK served task=3 label=44 result=192451609 live=0
SLIME_CLOCK served task=2 label=44 result=192466397 live=0
SLIME_CLOCK served task=3 label=44 result=192484844 live=0
SLIME_CLOCK served task=2 label=44 result=192497422 live=0
SLIME_CLOCK served task=3 label=44 result=192510341 live=0
SLIME_CLOCK served task=2 label=44 result=192522376 live=0
SLIME_CLOCK served task=3 label=44 result=192535583 live=0
SLIME_CLOCK served task=2 label=44 result=192547880 live=0
SLIME_CLOCK served task=3 label=44 result=192560865 live=0
SLIME_CLOCK served task=2 label=44 result=192573178 live=0
SLIME_CLOCK served task=3 label=44 result=192585839 live=0
SLIME_CLOCK served task=2 label=44 result=192598128 live=0
SLIME_CLOCK served task=3 label=44 result=192609482 live=0
SLIME_CLOCK served task=2 label=44 result=192620343 live=0
SLIME_CLOCK served task=3 label=44 result=192631879 live=0
SLIME_CLOCK served task=2 label=44 result=192642500 live=0
SLIME_CLOCK served task=3 label=44 result=192653803 live=0
SLIME_CLOCK served task=2 label=44 result=192664576 live=0
SLIME_CLOCK served task=3 label=44 result=192675723 live=0
SLIME_CLOCK served task=2 label=44 result=192686445 live=0
SLIME_CLOCK served task=3 label=44 result=192697665 live=0
SLIME_CLOCK served task=2 label=44 result=192708296 live=0
SLIME_CLOCK served task=3 label=44 result=192720362 live=0
SLIME_CLOCK served task=2 label=44 result=192732555 live=0
SLIME_CLOCK served task=3 label=44 result=192744090 live=0
SLIME_CLOCK served task=2 label=44 result=192754699 live=0
SLIME_CLOCK served task=3 label=44 result=192765910 live=0
SLIME_CLOCK served task=2 label=44 result=192776650 live=0
SLIME_CLOCK served task=3 label=44 result=192788199 live=0
SLIME_CLOCK served task=2 label=44 result=192798790 live=0
SLIME_CLOCK served task=3 label=44 result=192809955 live=0
SLIME_CLOCK served task=2 label=44 result=192820698 live=0
SLIME_CLOCK served task=3 label=44 result=192835856 live=0
SLIME_CLOCK served task=2 label=44 result=192853080 live=0
SLIME_CLOCK served task=3 label=44 result=192871511 live=0
SLIME_CLOCK served task=2 label=44 result=192886157 live=0
SLIME_CLOCK served task=3 label=44 result=192901653 live=0
SLIME_CLOCK served task=2 label=44 result=192916593 live=0
SLIME_CLOCK served task=3 label=44 result=192931916 live=0
SLIME_CLOCK served task=2 label=44 result=192943841 live=0
SLIME_CLOCK served task=3 label=44 result=192953953 live=0
SLIME_CLOCK served task=2 label=44 result=192963454 live=0
SLIME_CLOCK served task=3 label=44 result=192975944 live=0
SLIME_CLOCK served task=2 label=44 result=192990094 live=0
SLIME_CLOCK served task=3 label=44 result=193001446 live=0
SLIME_CLOCK served task=2 label=44 result=193012323 live=0
SLIME_CLOCK served task=3 label=44 result=193023439 live=0
SLIME_CLOCK served task=2 label=44 result=193034601 live=0
SLIME_CLOCK served task=3 label=44 result=193045915 live=0
SLIME_CLOCK served task=2 label=44 result=193056802 live=0
SLIME_CLOCK served task=3 label=44 result=193068059 live=0
SLIME_CLOCK served task=2 label=44 result=193079370 live=0
SLIME_CLOCK served task=3 label=44 result=193090621 live=0
SLIME_CLOCK served task=2 label=44 result=193101637 live=0
SLIME_CLOCK served task=3 label=44 result=193114189 live=0
SLIME_CLOCK served task=2 label=44 result=193124873 live=0
SLIME_CLOCK served task=3 label=44 result=193136272 live=0
SLIME_CLOCK served task=2 label=44 result=193147065 live=0
SLIME_CLOCK served task=3 label=44 result=193158652 live=0
SLIME_CLOCK served task=2 label=44 result=193169270 live=0
SLIME_CLOCK served task=3 label=44 result=193180622 live=0
SLIME_CLOCK served task=2 label=44 result=193191233 live=0
SLIME_CLOCK served task=3 label=44 result=193202827 live=0
SLIME_CLOCK served task=2 label=44 result=193213819 live=0
SLIME_CLOCK served task=3 label=44 result=193225548 live=0
SLIME_CLOCK served task=2 label=44 result=193237360 live=0
SLIME_CLOCK served task=3 label=44 result=193248840 live=0
SLIME_CLOCK served task=2 label=44 result=193259596 live=0
SLIME_CLOCK served task=3 label=44 result=193270876 live=0
SLIME_CLOCK served task=2 label=44 result=193281668 live=0
SLIME_CLOCK served task=3 label=44 result=193293337 live=0
SLIME_CLOCK served task=2 label=44 result=193304053 live=0
SLIME_CLOCK served task=3 label=44 result=193315337 live=0
SLIME_CLOCK served task=2 label=44 result=193326243 live=0
SLIME_CLOCK served task=3 label=44 result=193340255 live=0
SLIME_CLOCK served task=2 label=44 result=193355393 live=0
SLIME_CLOCK served task=3 label=44 result=193375421 live=0
SLIME_CLOCK served task=2 label=44 result=193390297 live=0
SLIME_CLOCK served task=3 label=44 result=193406054 live=0
SLIME_CLOCK served task=2 label=44 result=193426087 live=0
SLIME_CLOCK served task=3 label=44 result=193437152 live=0
SLIME_CLOCK served task=2 label=44 result=193447273 live=0
SLIME_CLOCK served task=3 label=44 result=193458045 live=0
SLIME_CLOCK served task=2 label=44 result=193468101 live=0
SLIME_CLOCK served task=3 label=44 result=193482408 live=0
SLIME_CLOCK served task=2 label=44 result=193496508 live=0
SLIME_CLOCK served task=3 label=44 result=193509084 live=0
SLIME_CLOCK served task=2 label=44 result=193520491 live=0
SLIME_CLOCK served task=3 label=44 result=193533293 live=0
SLIME_CLOCK served task=2 label=44 result=193544753 live=0
SLIME_CLOCK served task=3 label=44 result=193556916 live=0
SLIME_CLOCK served task=2 label=44 result=193568027 live=0
SLIME_CLOCK served task=3 label=44 result=193579898 live=0
SLIME_CLOCK served task=2 label=44 result=193591605 live=0
SLIME_CLOCK served task=3 label=44 result=193603689 live=0
SLIME_CLOCK served task=2 label=44 result=193615973 live=0
SLIME_CLOCK served task=3 label=44 result=193628033 live=0
SLIME_CLOCK served task=2 label=44 result=193639496 live=0
SLIME_CLOCK served task=3 label=44 result=193651509 live=0
SLIME_CLOCK served task=2 label=44 result=193663090 live=0
SLIME_CLOCK served task=3 label=44 result=193675232 live=0
SLIME_CLOCK served task=2 label=44 result=193686563 live=0
SLIME_CLOCK served task=3 label=44 result=193698998 live=0
SLIME_CLOCK served task=2 label=44 result=193710177 live=0
SLIME_CLOCK served task=3 label=44 result=193722429 live=0
SLIME_CLOCK served task=2 label=44 result=193734012 live=0
SLIME_CLOCK served task=3 label=44 result=193747021 live=0
SLIME_CLOCK served task=2 label=44 result=193758990 live=0
SLIME_CLOCK served task=3 label=44 result=193771123 live=0
SLIME_CLOCK served task=2 label=44 result=193783292 live=0
SLIME_CLOCK served task=3 label=44 result=193795532 live=0
SLIME_CLOCK served task=2 label=44 result=193807081 live=0
SLIME_CLOCK served task=3 label=44 result=193818987 live=0
SLIME_CLOCK served task=2 label=44 result=193830340 live=0
SLIME_CLOCK served task=3 label=44 result=193842376 live=0
SLIME_CLOCK served task=2 label=44 result=193854186 live=0
SLIME_CLOCK served task=3 label=44 result=193870510 live=0
SLIME_CLOCK served task=2 label=44 result=193881982 live=0
SLIME_CLOCK served task=3 label=44 result=193895916 live=0
SLIME_CLOCK served task=2 label=44 result=193911719 live=0
SLIME_CLOCK served task=3 label=44 result=193927409 live=0
SLIME_CLOCK served task=2 label=44 result=193942075 live=0
SLIME_CLOCK served task=3 label=44 result=193957938 live=0
SLIME_CLOCK served task=2 label=44 result=193973169 live=0
SLIME_CLOCK served task=3 label=44 result=193989072 live=0
SLIME_CLOCK served task=2 label=44 result=194004075 live=0
SLIME_CLOCK served task=3 label=44 result=194015679 live=0
SLIME_CLOCK served task=2 label=44 result=194026454 live=0
SLIME_CLOCK served task=3 label=44 result=194038442 live=0
SLIME_CLOCK served task=2 label=44 result=194049234 live=0
SLIME_CLOCK served task=3 label=44 result=194060741 live=0
SLIME_CLOCK served task=2 label=44 result=194071901 live=0
SLIME_CLOCK served task=3 label=44 result=194083264 live=0
SLIME_CLOCK served task=2 label=44 result=194094475 live=0
SLIME_CLOCK served task=3 label=44 result=194106359 live=0
SLIME_CLOCK served task=2 label=44 result=194116945 live=0
SLIME_CLOCK served task=3 label=44 result=194129518 live=0
SLIME_CLOCK served task=2 label=44 result=194140282 live=0
SLIME_CLOCK served task=3 label=44 result=194151786 live=0
SLIME_CLOCK served task=2 label=44 result=194162831 live=0
SLIME_CLOCK served task=3 label=44 result=194174184 live=0
SLIME_CLOCK served task=2 label=44 result=194184795 live=0
SLIME_CLOCK served task=3 label=44 result=194195988 live=0
SLIME_CLOCK served task=2 label=44 result=194206567 live=0
SLIME_CLOCK served task=3 label=44 result=194218305 live=0
SLIME_CLOCK served task=2 label=44 result=194229176 live=0
SLIME_CLOCK served task=3 label=44 result=194240418 live=0
SLIME_CLOCK served task=2 label=44 result=194252125 live=0
SLIME_CLOCK served task=3 label=44 result=194263451 live=0
SLIME_CLOCK served task=2 label=44 result=194274240 live=0
SLIME_CLOCK served task=3 label=44 result=194286045 live=0
SLIME_CLOCK served task=2 label=44 result=194296610 live=0
SLIME_CLOCK served task=3 label=44 result=194307895 live=0
SLIME_CLOCK served task=2 label=44 result=194320743 live=0
SLIME_CLOCK served task=3 label=44 result=194331931 live=0
SLIME_CLOCK served task=2 label=44 result=194341351 live=0
SLIME_CLOCK served task=3 label=44 result=194351577 live=0
SLIME_CLOCK served task=2 label=44 result=194360973 live=0
SLIME_CLOCK served task=3 label=44 result=194375858 live=0
SLIME_CLOCK served task=2 label=44 result=194395127 live=0
SLIME_CLOCK served task=3 label=44 result=194411939 live=0
SLIME_CLOCK served task=2 label=44 result=194426513 live=0
SLIME_CLOCK served task=3 label=44 result=194441998 live=0
SLIME_CLOCK served task=2 label=44 result=194456180 live=0
SLIME_CLOCK served task=3 label=44 result=194466250 live=0
SLIME_CLOCK served task=2 label=44 result=194478529 live=0
SLIME_CLOCK served task=3 label=44 result=194489755 live=0
SLIME_CLOCK served task=2 label=44 result=194502886 live=0
SLIME_CLOCK served task=3 label=44 result=194514816 live=0
SLIME_CLOCK served task=2 label=44 result=194525548 live=0
SLIME_CLOCK served task=3 label=44 result=194537220 live=0
SLIME_CLOCK served task=2 label=44 result=194547749 live=0
SLIME_CLOCK served task=3 label=44 result=194558775 live=0
SLIME_CLOCK served task=2 label=44 result=194569642 live=0
SLIME_CLOCK served task=3 label=44 result=194580591 live=0
SLIME_CLOCK served task=2 label=44 result=194591080 live=0
SLIME_CLOCK served task=3 label=44 result=194602637 live=0
SLIME_CLOCK served task=2 label=44 result=194613057 live=0
SLIME_CLOCK served task=3 label=44 result=194624049 live=0
SLIME_CLOCK served task=2 label=44 result=194637628 live=0
SLIME_CLOCK served task=3 label=44 result=194648826 live=0
SLIME_CLOCK served task=2 label=44 result=194659616 live=0
SLIME_CLOCK served task=3 label=44 result=194670602 live=0
SLIME_CLOCK served task=2 label=44 result=194681233 live=0
SLIME_CLOCK served task=3 label=44 result=194692297 live=0
SLIME_CLOCK served task=2 label=44 result=194702803 live=0
SLIME_CLOCK served task=3 label=44 result=194713824 live=0
SLIME_CLOCK served task=2 label=44 result=194724878 live=0
SLIME_CLOCK served task=3 label=44 result=194735843 live=0
SLIME_CLOCK served task=2 label=44 result=194746225 live=0
SLIME_CLOCK served task=3 label=44 result=194761499 live=0
SLIME_CLOCK served task=2 label=44 result=194772183 live=0
SLIME_CLOCK served task=3 label=44 result=194783668 live=0
SLIME_CLOCK served task=2 label=44 result=194794257 live=0
SLIME_CLOCK served task=3 label=44 result=194805402 live=0
SLIME_CLOCK served task=2 label=44 result=194815936 live=0
SLIME_CLOCK served task=3 label=44 result=194827055 live=0
SLIME_CLOCK served task=2 label=44 result=194837576 live=0
SLIME_CLOCK served task=3 label=44 result=194849359 live=0
SLIME_CLOCK served task=2 label=44 result=194860151 live=0
SLIME_CLOCK served task=3 label=44 result=194873920 live=0
SLIME_CLOCK served task=2 label=44 result=194894344 live=0
SLIME_CLOCK served task=3 label=44 result=194915975 live=0
SLIME_CLOCK served task=2 label=44 result=194930789 live=0
SLIME_CLOCK served task=3 label=44 result=194946311 live=0
SLIME_CLOCK served task=2 label=44 result=194960702 live=0
SLIME_CLOCK served task=3 label=44 result=194981387 live=0
SLIME_CLOCK served task=2 label=44 result=194993164 live=0
SLIME_CLOCK served task=3 label=44 result=195005321 live=0
SLIME_CLOCK served task=2 label=44 result=195018581 live=0
SLIME_CLOCK served task=3 label=44 result=195030865 live=0
SLIME_CLOCK served task=2 label=44 result=195043120 live=0
SLIME_CLOCK served task=3 label=44 result=195055462 live=0
SLIME_CLOCK served task=2 label=44 result=195067368 live=0
SLIME_CLOCK served task=3 label=44 result=195079875 live=0
SLIME_CLOCK served task=2 label=44 result=195091066 live=0
SLIME_CLOCK served task=3 label=44 result=195105640 live=0
SLIME_CLOCK served task=2 label=44 result=195118835 live=0
SLIME_CLOCK served task=3 label=44 result=195131220 live=0
SLIME_CLOCK served task=2 label=44 result=195143934 live=0
SLIME_CLOCK served task=3 label=44 result=195156328 live=0
SLIME_CLOCK served task=2 label=44 result=195168145 live=0
SLIME_CLOCK served task=3 label=44 result=195180650 live=0
SLIME_CLOCK served task=2 label=44 result=195192679 live=0
SLIME_CLOCK served task=3 label=44 result=195205124 live=0
SLIME_CLOCK served task=2 label=44 result=195216838 live=0
SLIME_CLOCK served task=3 label=44 result=195228986 live=0
SLIME_CLOCK served task=2 label=44 result=195240736 live=0
SLIME_CLOCK served task=3 label=44 result=195253015 live=0
SLIME_CLOCK served task=2 label=44 result=195266435 live=0
SLIME_CLOCK served task=3 label=44 result=195278638 live=0
SLIME_CLOCK served task=2 label=44 result=195290731 live=0
SLIME_CLOCK served task=3 label=44 result=195303161 live=0
SLIME_CLOCK served task=2 label=44 result=195315131 live=0
SLIME_CLOCK served task=3 label=44 result=195327563 live=0
SLIME_CLOCK served task=2 label=44 result=195339858 live=0
SLIME_CLOCK served task=3 label=44 result=195352482 live=0
SLIME_CLOCK served task=2 label=44 result=195364060 live=0
SLIME_CLOCK served task=3 label=44 result=195377343 live=0
SLIME_CLOCK served task=2 label=44 result=195394599 live=0
SLIME_CLOCK served task=3 label=44 result=195408646 live=0
SLIME_CLOCK served task=2 label=44 result=195420414 live=0
SLIME_CLOCK served task=3 label=44 result=195435480 live=0
SLIME_CLOCK served task=2 label=44 result=195450580 live=0
SLIME_CLOCK served task=3 label=44 result=195466478 live=0
SLIME_CLOCK served task=2 label=44 result=195482051 live=0
SLIME_CLOCK served task=3 label=44 result=195496518 live=0
SLIME_CLOCK served task=2 label=44 result=195506016 live=0
SLIME_CLOCK served task=3 label=44 result=195516032 live=0
SLIME_CLOCK served task=2 label=44 result=195528909 live=0
SLIME_CLOCK served task=3 label=44 result=195542878 live=0
SLIME_CLOCK served task=2 label=44 result=195553727 live=0
SLIME_CLOCK served task=3 label=44 result=195564935 live=0
SLIME_CLOCK served task=2 label=44 result=195575415 live=0
SLIME_CLOCK served task=3 label=44 result=195586502 live=0
SLIME_CLOCK served task=2 label=44 result=195597836 live=0
SLIME_CLOCK served task=3 label=44 result=195609273 live=0
SLIME_CLOCK served task=2 label=44 result=195619911 live=0
SLIME_CLOCK served task=3 label=44 result=195630898 live=0
SLIME_CLOCK served task=2 label=44 result=195641551 live=0
SLIME_CLOCK served task=3 label=44 result=195654002 live=0
SLIME_CLOCK served task=2 label=44 result=195665034 live=0
SLIME_CLOCK served task=3 label=44 result=195676130 live=0
SLIME_CLOCK served task=2 label=44 result=195686862 live=0
SLIME_CLOCK served task=3 label=44 result=195698248 live=0
SLIME_CLOCK served task=2 label=44 result=195708935 live=0
SLIME_CLOCK served task=3 label=44 result=195720005 live=0
SLIME_CLOCK served task=2 label=44 result=195731104 live=0
SLIME_CLOCK served task=3 label=44 result=195742307 live=0
SLIME_CLOCK served task=2 label=44 result=195752819 live=0
SLIME_CLOCK served task=3 label=44 result=195763810 live=0
SLIME_CLOCK served task=2 label=44 result=195775626 live=0
SLIME_CLOCK served task=3 label=44 result=195787124 live=0
SLIME_CLOCK served task=2 label=44 result=195797715 live=0
SLIME_CLOCK served task=3 label=44 result=195808951 live=0
SLIME_CLOCK served task=2 label=44 result=195819367 live=0
SLIME_CLOCK served task=3 label=44 result=195830687 live=0
SLIME_CLOCK served task=2 label=44 result=195841283 live=0
SLIME_CLOCK served task=3 label=44 result=195852440 live=0
SLIME_CLOCK served task=2 label=44 result=195862782 live=0
SLIME_CLOCK served task=3 label=44 result=195874221 live=0
SLIME_CLOCK served task=2 label=44 result=195884650 live=0
SLIME_CLOCK served task=3 label=44 result=195895653 live=0
SLIME_CLOCK served task=2 label=44 result=195913309 live=0
SLIME_CLOCK served task=3 label=44 result=195928651 live=0
SLIME_CLOCK served task=2 label=44 result=195942886 live=0
SLIME_CLOCK served task=3 label=44 result=195958333 live=0
SLIME_CLOCK served task=2 label=44 result=195973169 live=0
SLIME_CLOCK served task=3 label=44 result=195986656 live=0
SLIME_CLOCK served task=2 label=44 result=195996081 live=0
SLIME_CLOCK served task=3 label=44 result=196007040 live=0
SLIME_CLOCK served task=2 label=44 result=196020632 live=0
SLIME_CLOCK served task=3 label=44 result=196043989 live=0
SLIME_CLOCK served task=2 label=44 result=196058455 live=0
SLIME_CLOCK served task=3 label=44 result=196073697 live=0
SLIME_CLOCK served task=2 label=44 result=196087556 live=0
SLIME_CLOCK served task=3 label=44 result=196098360 live=0
SLIME_CLOCK served task=2 label=44 result=196114878 live=0
SLIME_CLOCK served task=3 label=44 result=196132050 live=0
SLIME_CLOCK served task=2 label=44 result=196148635 live=0
SLIME_CLOCK served task=3 label=44 result=196167669 live=0
SLIME_CLOCK served task=2 label=44 result=196184282 live=0
SLIME_CLOCK served task=3 label=44 result=196201206 live=0
SLIME_CLOCK served task=2 label=44 result=196217688 live=0
SLIME_CLOCK served task=3 label=44 result=196234919 live=0
SLIME_CLOCK served task=2 label=44 result=196251325 live=0
SLIME_CLOCK served task=3 label=44 result=196268596 live=0
SLIME_CLOCK served task=2 label=44 result=196286186 live=0
SLIME_CLOCK served task=3 label=44 result=196303373 live=0
SLIME_CLOCK served task=2 label=44 result=196319656 live=0
SLIME_CLOCK served task=3 label=44 result=196336694 live=0
SLIME_CLOCK served task=2 label=44 result=196353809 live=0
SLIME_CLOCK served task=3 label=44 result=196371249 live=0
SLIME_CLOCK served task=2 label=44 result=196387731 live=0
SLIME_CLOCK served task=3 label=44 result=196404401 live=0
SLIME_CLOCK served task=2 label=44 result=196422787 live=0
SLIME_CLOCK served task=3 label=44 result=196439630 live=0
SLIME_CLOCK served task=2 label=44 result=196456173 live=0
SLIME_CLOCK served task=3 label=44 result=196473827 live=0
SLIME_CLOCK served task=2 label=44 result=196489898 live=0
SLIME_CLOCK served task=3 label=44 result=196505357 live=0
SLIME_CLOCK served task=2 label=44 result=196520232 live=0
SLIME_CLOCK served task=3 label=44 result=196540121 live=0
SLIME_CLOCK served task=2 label=44 result=196564164 live=0
SLIME_CLOCK served task=3 label=44 result=196576836 live=0
SLIME_CLOCK served task=2 label=44 result=196588222 live=0
SLIME_CLOCK served task=3 label=44 result=196600589 live=0
SLIME_CLOCK served task=2 label=44 result=196611816 live=0
SLIME_CLOCK served task=3 label=44 result=196625289 live=0
SLIME_CLOCK served task=2 label=44 result=196637184 live=0
SLIME_CLOCK served task=3 label=44 result=196647828 live=0
SLIME_CLOCK served task=2 label=44 result=196657962 live=0
SLIME_CLOCK served task=3 label=44 result=196671344 live=0
SLIME_CLOCK served task=2 label=44 result=196682586 live=0
SLIME_CLOCK served task=3 label=44 result=196694034 live=0
SLIME_CLOCK served task=2 label=44 result=196705070 live=0
SLIME_CLOCK served task=3 label=44 result=196717013 live=0
SLIME_CLOCK served task=2 label=44 result=196728635 live=0
SLIME_CLOCK served task=3 label=44 result=196740231 live=0
SLIME_CLOCK served task=2 label=44 result=196751504 live=0
SLIME_CLOCK served task=3 label=44 result=196763037 live=0
SLIME_CLOCK served task=2 label=44 result=196774024 live=0
SLIME_CLOCK served task=3 label=44 result=196786868 live=0
SLIME_CLOCK served task=2 label=44 result=196799433 live=0
SLIME_CLOCK served task=3 label=44 result=196811102 live=0
SLIME_CLOCK served task=2 label=44 result=196822277 live=0
SLIME_CLOCK served task=3 label=44 result=196833893 live=0
SLIME_CLOCK served task=2 label=44 result=196845125 live=0
SLIME_CLOCK served task=3 label=44 result=196856887 live=0
SLIME_CLOCK served task=2 label=44 result=196867868 live=0
SLIME_CLOCK served task=3 label=44 result=196879655 live=0
SLIME_CLOCK served task=2 label=44 result=196890695 live=0
SLIME_CLOCK served task=3 label=44 result=196902261 live=0
SLIME_CLOCK served task=2 label=44 result=196913835 live=0
SLIME_CLOCK served task=3 label=44 result=196926532 live=0
SLIME_CLOCK served task=2 label=44 result=196937602 live=0
SLIME_CLOCK served task=3 label=44 result=196949514 live=0
SLIME_CLOCK served task=2 label=44 result=196960579 live=0
SLIME_CLOCK served task=3 label=44 result=196972580 live=0
SLIME_CLOCK served task=2 label=44 result=196983647 live=0
SLIME_CLOCK served task=3 label=44 result=196997645 live=0
SLIME_CLOCK served task=2 label=44 result=197009907 live=0
SLIME_CLOCK served task=3 label=44 result=197020492 live=0
SLIME_CLOCK served task=2 label=44 result=197030422 live=0
SLIME_CLOCK served task=3 label=44 result=197047438 live=0
SLIME_CLOCK served task=2 label=44 result=197097307 live=0
SLIME_CLOCK served task=3 label=44 result=197124893 live=0
SLIME_CLOCK served task=2 label=44 result=197137286 live=0
SLIME_CLOCK served task=3 label=44 result=197148551 live=0
SLIME_CLOCK served task=2 label=44 result=197159663 live=0
SLIME_CLOCK served task=3 label=44 result=197171824 live=0
SLIME_CLOCK served task=2 label=44 result=197182786 live=0
SLIME_CLOCK served task=3 label=44 result=197194156 live=0
SLIME_CLOCK served task=2 label=44 result=197204765 live=0
SLIME_CLOCK served task=3 label=44 result=197215914 live=0
SLIME_CLOCK served task=2 label=44 result=197227309 live=0
SLIME_CLOCK served task=3 label=44 result=197238457 live=0
SLIME_CLOCK served task=2 label=44 result=197249157 live=0
SLIME_CLOCK served task=3 label=44 result=197260665 live=0
SLIME_CLOCK served task=2 label=44 result=197271523 live=0
SLIME_CLOCK served task=3 label=44 result=197283005 live=0
SLIME_CLOCK served task=2 label=44 result=197294016 live=0
SLIME_CLOCK served task=3 label=44 result=197306528 live=0
SLIME_CLOCK served task=2 label=44 result=197317270 live=0
SLIME_CLOCK served task=3 label=44 result=197328747 live=0
SLIME_CLOCK served task=2 label=44 result=197339304 live=0
SLIME_CLOCK served task=3 label=44 result=197351107 live=0
SLIME_CLOCK served task=2 label=44 result=197361813 live=0
SLIME_CLOCK served task=3 label=44 result=197373222 live=0
SLIME_CLOCK served task=2 label=44 result=197383812 live=0
SLIME_CLOCK served task=3 label=44 result=197395108 live=0
SLIME_CLOCK served task=2 label=44 result=197405723 live=0
SLIME_CLOCK served task=3 label=44 result=197417211 live=0
SLIME_CLOCK served task=2 label=44 result=197429046 live=0
SLIME_CLOCK served task=3 label=44 result=197440520 live=0
SLIME_CLOCK served task=2 label=44 result=197451068 live=0
SLIME_CLOCK served task=3 label=44 result=197462473 live=0
SLIME_CLOCK served task=2 label=44 result=197473726 live=0
SLIME_CLOCK served task=3 label=44 result=197484779 live=0
SLIME_CLOCK served task=2 label=44 result=197495834 live=0
SLIME_CLOCK served task=3 label=44 result=197507323 live=0
SLIME_CLOCK served task=2 label=44 result=197520964 live=0
SLIME_CLOCK served task=3 label=44 result=197538980 live=0
SLIME_CLOCK served task=2 label=44 result=197566198 live=0
SLIME_CLOCK served task=3 label=44 result=197607692 live=0
SLIME_CLOCK served task=2 label=44 result=197626066 live=0
SLIME_CLOCK served task=3 label=44 result=197644826 live=0
SLIME_CLOCK served task=2 label=44 result=197662116 live=0
SLIME_CLOCK served task=3 label=44 result=197680048 live=0
SLIME_CLOCK served task=2 label=44 result=197694820 live=0
SLIME_CLOCK served task=3 label=44 result=197710418 live=0
SLIME_CLOCK served task=2 label=44 result=197725340 live=0
SLIME_CLOCK served task=3 label=44 result=197740668 live=0
SLIME_CLOCK served task=2 label=44 result=197755106 live=0
SLIME_CLOCK served task=3 label=44 result=197770322 live=0
SLIME_CLOCK served task=2 label=44 result=197785006 live=0
SLIME_CLOCK served task=3 label=44 result=197800243 live=0
SLIME_CLOCK served task=2 label=44 result=197815862 live=0
SLIME_CLOCK served task=3 label=44 result=197831354 live=0
SLIME_CLOCK served task=2 label=44 result=197846071 live=0
SLIME_CLOCK served task=3 label=44 result=197861393 live=0
SLIME_CLOCK served task=2 label=44 result=197875879 live=0
SLIME_CLOCK served task=3 label=44 result=197891110 live=0
SLIME_CLOCK served task=2 label=44 result=197905485 live=0
SLIME_CLOCK served task=3 label=44 result=197921405 live=0
SLIME_CLOCK served task=2 label=44 result=197937017 live=0
SLIME_CLOCK served task=3 label=44 result=197952314 live=0
SLIME_CLOCK served task=2 label=44 result=197966750 live=0
SLIME_CLOCK served task=3 label=44 result=197982407 live=0
SLIME_CLOCK served task=2 label=44 result=197996990 live=0
SLIME_CLOCK served task=3 label=44 result=198012294 live=0
SLIME_CLOCK served task=2 label=44 result=198027472 live=0
SLIME_CLOCK served task=3 label=44 result=198040912 live=0
SLIME_CLOCK served task=2 label=44 result=198050607 live=0
SLIME_CLOCK served task=3 label=44 result=198063293 live=0
SLIME_CLOCK served task=2 label=44 result=198076276 live=0
SLIME_CLOCK served task=3 label=44 result=198093507 live=0
SLIME_CLOCK served task=2 label=44 result=198109757 live=0
SLIME_CLOCK served task=3 label=44 result=198125882 live=0
SLIME_CLOCK served task=2 label=44 result=198136463 live=0
SLIME_CLOCK served task=3 label=44 result=198147728 live=0
SLIME_CLOCK served task=2 label=44 result=198160285 live=0
SLIME_CLOCK served task=3 label=44 result=198175921 live=0
SLIME_CLOCK served task=2 label=44 result=198194518 live=0
SLIME_CLOCK served task=3 label=44 result=198210926 live=0
SLIME_CLOCK served task=2 label=44 result=198226060 live=0
SLIME_CLOCK served task=3 label=44 result=198237939 live=0
SLIME_CLOCK served task=2 label=44 result=198247532 live=0
SLIME_CLOCK served task=3 label=44 result=198257716 live=0
SLIME_CLOCK served task=2 label=44 result=198267898 live=0
SLIME_CLOCK served task=3 label=44 result=198280643 live=0
SLIME_CLOCK served task=2 label=44 result=198292905 live=0
SLIME_CLOCK served task=3 label=44 result=198305545 live=0
SLIME_CLOCK served task=2 label=44 result=198320650 live=0
SLIME_CLOCK served task=3 label=44 result=198334751 live=0
SLIME_CLOCK served task=2 label=44 result=198348133 live=0
SLIME_CLOCK served task=3 label=44 result=198361995 live=0
SLIME_CLOCK served task=2 label=44 result=198374967 live=0
SLIME_CLOCK served task=3 label=44 result=198388746 live=0
SLIME_CLOCK served task=2 label=44 result=198401720 live=0
SLIME_CLOCK served task=3 label=44 result=198415823 live=0
SLIME_CLOCK served task=2 label=44 result=198428984 live=0
SLIME_CLOCK served task=3 label=44 result=198444251 live=0
SLIME_CLOCK served task=2 label=44 result=198457408 live=0
SLIME_CLOCK served task=3 label=44 result=198471550 live=0
SLIME_CLOCK served task=2 label=44 result=198484663 live=0
SLIME_CLOCK served task=3 label=44 result=198498627 live=0
SLIME_CLOCK served task=2 label=44 result=198511585 live=0
SLIME_CLOCK served task=3 label=44 result=198524152 live=0
SLIME_CLOCK served task=2 label=44 result=198534864 live=0
SLIME_CLOCK served task=3 label=44 result=198546314 live=0
SLIME_CLOCK served task=2 label=44 result=198557357 live=0
SLIME_CLOCK served task=3 label=44 result=198570594 live=0
SLIME_CLOCK served task=2 label=44 result=198581643 live=0
SLIME_CLOCK served task=3 label=44 result=198593177 live=0
SLIME_CLOCK served task=2 label=44 result=198604306 live=0
SLIME_CLOCK served task=3 label=44 result=198615497 live=0
SLIME_CLOCK served task=2 label=44 result=198626423 live=0
SLIME_CLOCK served task=3 label=44 result=198639931 live=0
SLIME_CLOCK served task=2 label=44 result=198655914 live=0
SLIME_CLOCK served task=3 label=44 result=198672426 live=0
SLIME_CLOCK served task=2 label=44 result=198686537 live=0
SLIME_CLOCK served task=3 label=44 result=198724278 live=0
SLIME_CLOCK served task=2 label=44 result=198740590 live=0
SLIME_CLOCK served task=3 label=44 result=198757643 live=0
SLIME_CLOCK served task=2 label=44 result=198773983 live=0
SLIME_CLOCK served task=3 label=44 result=198790234 live=0
SLIME_CLOCK served task=2 label=44 result=198805764 live=0
SLIME_CLOCK served task=3 label=44 result=198821914 live=0
SLIME_CLOCK served task=2 label=44 result=198836261 live=0
SLIME_CLOCK served task=3 label=44 result=198852060 live=0
SLIME_CLOCK served task=2 label=44 result=198866974 live=0
SLIME_CLOCK served task=3 label=44 result=198882241 live=0
SLIME_CLOCK served task=2 label=44 result=198896640 live=0
SLIME_CLOCK served task=3 label=44 result=198912222 live=0
SLIME_CLOCK served task=2 label=44 result=198926691 live=0
SLIME_CLOCK served task=3 label=44 result=198941943 live=0
SLIME_CLOCK served task=2 label=44 result=198957852 live=0
SLIME_CLOCK served task=3 label=44 result=198973488 live=0
SLIME_CLOCK served task=2 label=44 result=198987960 live=0
SLIME_CLOCK served task=3 label=44 result=199003293 live=0
SLIME_CLOCK served task=2 label=44 result=199018456 live=0
SLIME_CLOCK served task=3 label=44 result=199034027 live=0
SLIME_CLOCK served task=2 label=44 result=199048668 live=0
SLIME_CLOCK served task=3 label=44 result=199063968 live=0
SLIME_CLOCK served task=2 label=44 result=199081184 live=0
SLIME_CLOCK served task=3 label=44 result=199098109 live=0
SLIME_CLOCK served task=2 label=44 result=199113870 live=0
SLIME_CLOCK served task=3 label=44 result=199129962 live=0
SLIME_CLOCK served task=2 label=44 result=199145691 live=0
SLIME_CLOCK served task=3 label=44 result=199162772 live=0
SLIME_CLOCK served task=2 label=44 result=199177652 live=0
SLIME_CLOCK served task=3 label=44 result=199193067 live=0
SLIME_CLOCK served task=2 label=44 result=199223710 live=0
SLIME_CLOCK served task=3 label=44 result=199245956 live=0
SLIME_CLOCK served task=2 label=44 result=199262491 live=0
SLIME_CLOCK served task=3 label=44 result=199279915 live=0
SLIME_CLOCK served task=2 label=44 result=199296923 live=0
SLIME_CLOCK served task=3 label=44 result=199314415 live=0
SLIME_CLOCK served task=2 label=44 result=199331097 live=0
SLIME_CLOCK served task=3 label=44 result=199349749 live=0
SLIME_CLOCK served task=2 label=44 result=199366794 live=0
SLIME_CLOCK served task=3 label=44 result=199384116 live=0
SLIME_CLOCK served task=2 label=44 result=199401038 live=0
SLIME_CLOCK served task=3 label=44 result=199419184 live=0
SLIME_CLOCK served task=2 label=44 result=199436154 live=0
SLIME_CLOCK served task=3 label=44 result=199453480 live=0
SLIME_CLOCK served task=2 label=44 result=199471559 live=0
SLIME_CLOCK served task=3 label=44 result=199488642 live=0
SLIME_CLOCK served task=2 label=44 result=199505660 live=0
SLIME_CLOCK served task=3 label=44 result=199523008 live=0
SLIME_CLOCK served task=2 label=44 result=199539854 live=0
SLIME_CLOCK served task=3 label=44 result=199556993 live=0
SLIME_CLOCK served task=2 label=44 result=199573568 live=0
SLIME_CLOCK served task=3 label=44 result=199591701 live=0
SLIME_CLOCK served task=2 label=44 result=199607664 live=0
SLIME_CLOCK served task=3 label=44 result=199625121 live=0
SLIME_CLOCK served task=2 label=44 result=199641532 live=0
SLIME_CLOCK served task=3 label=44 result=199659288 live=0
SLIME_CLOCK served task=2 label=44 result=199676327 live=0
SLIME_CLOCK served task=3 label=44 result=199693604 live=0
SLIME_CLOCK served task=2 label=44 result=199710183 live=0
SLIME_CLOCK served task=3 label=44 result=199757323 live=0
SLIME_CLOCK served task=2 label=44 result=199774889 live=0
SLIME_CLOCK served task=3 label=44 result=199786869 live=0
SLIME_CLOCK served task=2 label=44 result=199798681 live=0
SLIME_CLOCK served task=3 label=44 result=199810076 live=0
SLIME_CLOCK served task=2 label=44 result=199820676 live=0
SLIME_CLOCK served task=3 label=44 result=199831990 live=0
SLIME_CLOCK served task=2 label=44 result=199843435 live=0
SLIME_CLOCK served task=3 label=44 result=199855046 live=0
SLIME_CLOCK served task=2 label=44 result=199865714 live=0
SLIME_CLOCK served task=3 label=44 result=199876973 live=0
SLIME_CLOCK served task=2 label=44 result=199887432 live=0
SLIME_CLOCK served task=3 label=44 result=199898584 live=0
SLIME_CLOCK served task=2 label=44 result=199909308 live=0
SLIME_CLOCK served task=3 label=44 result=199920454 live=0
SLIME_CLOCK served task=2 label=44 result=199931148 live=0
SLIME_CLOCK served task=3 label=44 result=199942269 live=0
SLIME_CLOCK served task=2 label=44 result=199952908 live=0
SLIME_CLOCK served task=2 label=44 result=199964887 live=0
SLIME_CLOCK served task=3 label=44 result=199976451 live=0
SLIME_CLOCK served task=2 label=44 result=199987211 live=0
SLIME_CLOCK served task=3 label=44 result=199998273 live=0
SLIME_CLOCK served task=2 label=44 result=200008795 live=0
SLIME_CLOCK served task=3 label=44 result=200019887 live=0
SLIME_CLOCK served task=2 label=44 result=200030399 live=0
SLIME_CLOCK served task=3 label=44 result=200041723 live=0
SLIME_CLOCK served task=2 label=44 result=200052098 live=0
SLIME_CLOCK served task=3 label=44 result=200063046 live=0
SLIME_CLOCK served task=2 label=44 result=200073596 live=0
SLIME_CLOCK served task=3 label=44 result=200084913 live=0
SLIME_CLOCK served task=2 label=44 result=200096461 live=0
SLIME_CLOCK served task=3 label=44 result=200107666 live=0
SLIME_CLOCK served task=2 label=44 result=200118142 live=0
SLIME_CLOCK served task=3 label=44 result=200129383 live=0
SLIME_CLOCK served task=2 label=44 result=200139803 live=0
SLIME_CLOCK served task=3 label=44 result=200150980 live=0
SLIME_CLOCK served task=2 label=44 result=200161645 live=0
SLIME_CLOCK served task=3 label=44 result=200172904 live=0
SLIME_CLOCK served task=2 label=44 result=200184317 live=0
SLIME_CLOCK served task=3 label=44 result=200200009 live=0
SLIME_CLOCK served task=2 label=44 result=200214639 live=0
SLIME_CLOCK served task=3 label=44 result=200262552 live=0
SLIME_CLOCK served task=2 label=44 result=200280153 live=0
SLIME_CLOCK served task=3 label=44 result=200297710 live=0
SLIME_CLOCK served task=2 label=44 result=200314371 live=0
SLIME_CLOCK served task=3 label=44 result=200331728 live=0
SLIME_CLOCK served task=2 label=44 result=200348172 live=0
SLIME_CLOCK served task=3 label=44 result=200385377 live=0
SLIME_CLOCK served task=2 label=44 result=200397540 live=0
SLIME_CLOCK served task=3 label=44 result=200408169 live=0
SLIME_CLOCK served task=2 label=44 result=200417918 live=0
SLIME_CLOCK served task=3 label=44 result=200429911 live=0
SLIME_CLOCK served task=2 label=44 result=200441806 live=0
SLIME_CLOCK served task=3 label=44 result=200453999 live=0
SLIME_CLOCK served task=2 label=44 result=200463522 live=0
SLIME_CLOCK served task=3 label=44 result=200475656 live=0
SLIME_CLOCK served task=2 label=44 result=200492115 live=0
SLIME_CLOCK served task=3 label=44 result=200509274 live=0
SLIME_CLOCK served task=2 label=44 result=200525769 live=0
SLIME_CLOCK served task=3 label=44 result=200543246 live=0
SLIME_CLOCK served task=2 label=44 result=200559851 live=0
SLIME_CLOCK served task=3 label=44 result=200576844 live=0
SLIME_CLOCK served task=2 label=44 result=200593480 live=0
SLIME_CLOCK served task=3 label=44 result=200611816 live=0
SLIME_CLOCK served task=2 label=44 result=200628455 live=0
SLIME_CLOCK served task=3 label=44 result=200645091 live=0
SLIME_CLOCK served task=2 label=44 result=200661606 live=0
SLIME_CLOCK served task=3 label=44 result=200679444 live=0
SLIME_CLOCK served task=2 label=44 result=200696350 live=0
SLIME_CLOCK served task=3 label=44 result=200713852 live=0
SLIME_CLOCK served task=2 label=44 result=200732360 live=0
SLIME_CLOCK served task=3 label=44 result=200749490 live=0
SLIME_CLOCK served task=2 label=44 result=200765881 live=0
SLIME_CLOCK served task=3 label=44 result=200783643 live=0
SLIME_CLOCK served task=2 label=44 result=200800085 live=0
SLIME_CLOCK served task=3 label=44 result=200817493 live=0
SLIME_CLOCK served task=2 label=44 result=200834245 live=0
SLIME_CLOCK served task=3 label=44 result=200851296 live=0
SLIME_CLOCK served task=2 label=44 result=200869387 live=0
SLIME_CLOCK served task=3 label=44 result=200886663 live=0
SLIME_CLOCK served task=2 label=44 result=200903062 live=0
SLIME_CLOCK served task=3 label=44 result=200920437 live=0
SLIME_CLOCK served task=2 label=44 result=200936915 live=0
SLIME_CLOCK served task=3 label=44 result=200954056 live=0
SLIME_CLOCK served task=2 label=44 result=200971120 live=0
SLIME_CLOCK served task=3 label=44 result=200989827 live=0
SLIME_CLOCK served task=2 label=44 result=201006649 live=0
SLIME_CLOCK served task=3 label=44 result=201023777 live=0
SLIME_CLOCK served task=2 label=44 result=201040673 live=0
SLIME_CLOCK served task=3 label=44 result=201057790 live=0
SLIME_CLOCK served task=2 label=44 result=201074270 live=0
SLIME_CLOCK served task=3 label=44 result=201091493 live=0
SLIME_CLOCK served task=2 label=44 result=201109434 live=0
SLIME_CLOCK served task=3 label=44 result=201126663 live=0
SLIME_CLOCK served task=2 label=44 result=201143111 live=0
SLIME_CLOCK served task=3 label=44 result=201160486 live=0
SLIME_CLOCK served task=2 label=44 result=201177283 live=0
SLIME_CLOCK served task=3 label=44 result=201194739 live=0
SLIME_CLOCK served task=2 label=44 result=201211318 live=0
SLIME_CLOCK served task=3 label=44 result=201227897 live=0
SLIME_CLOCK served task=2 label=44 result=201244202 live=0
SLIME_CLOCK served task=3 label=44 result=201255450 live=0
SLIME_CLOCK served task=2 label=44 result=201265868 live=0
SLIME_CLOCK served task=3 label=44 result=201276992 live=0
SLIME_CLOCK served task=2 label=44 result=201287663 live=0
SLIME_CLOCK served task=3 label=44 result=201298605 live=0
SLIME_CLOCK served task=2 label=44 result=201308628 live=0
SLIME_CLOCK served task=3 label=44 result=201319288 live=0
SLIME_CLOCK served task=2 label=44 result=201329311 live=0
SLIME_CLOCK served task=3 label=44 result=201339966 live=0
SLIME_CLOCK served task=2 label=44 result=201350465 live=0
SLIME_CLOCK served task=3 label=44 result=201366513 live=0
SLIME_CLOCK served task=2 label=44 result=201415380 live=0
SLIME_CLOCK served task=3 label=44 result=201440146 live=0
SLIME_CLOCK served task=2 label=44 result=201455888 live=0
SLIME_CLOCK served task=3 label=44 result=201469471 live=0
SLIME_CLOCK served task=2 label=44 result=201481151 live=0
SLIME_CLOCK served task=3 label=44 result=201495949 live=0
SLIME_CLOCK served task=2 label=44 result=201508590 live=0
SLIME_CLOCK served task=3 label=44 result=201522040 live=0
SLIME_CLOCK served task=2 label=44 result=201532842 live=0
SLIME_CLOCK served task=3 label=44 result=201544461 live=0
SLIME_CLOCK served task=2 label=44 result=201555547 live=0
SLIME_CLOCK served task=3 label=44 result=201567425 live=0
SLIME_CLOCK served task=2 label=44 result=201578452 live=0
SLIME_CLOCK served task=3 label=44 result=201590220 live=0
SLIME_CLOCK served task=2 label=44 result=201601590 live=0
SLIME_CLOCK served task=3 label=44 result=201613360 live=0
SLIME_CLOCK served task=2 label=44 result=201625628 live=0
SLIME_CLOCK served task=3 label=44 result=201636933 live=0
SLIME_CLOCK served task=2 label=44 result=201647505 live=0
SLIME_CLOCK served task=3 label=44 result=201659048 live=0
SLIME_CLOCK served task=2 label=44 result=201669748 live=0
SLIME_CLOCK served task=3 label=44 result=201680952 live=0
SLIME_CLOCK served task=2 label=44 result=201692439 live=0
SLIME_CLOCK served task=3 label=44 result=201704405 live=0
SLIME_CLOCK served task=2 label=44 result=201714872 live=0
SLIME_CLOCK served task=3 label=44 result=201726430 live=0
SLIME_CLOCK served task=2 label=44 result=201737366 live=0
SLIME_CLOCK served task=3 label=44 result=201752741 live=0
SLIME_CLOCK served task=2 label=44 result=201763425 live=0
SLIME_CLOCK served task=3 label=44 result=201774392 live=0
SLIME_CLOCK served task=2 label=44 result=201785165 live=0
SLIME_CLOCK served task=3 label=44 result=201796322 live=0
SLIME_CLOCK served task=2 label=44 result=201807079 live=0
SLIME_CLOCK served task=3 label=44 result=201818671 live=0
SLIME_CLOCK served task=2 label=44 result=201831380 live=0
SLIME_CLOCK served task=3 label=44 result=201842657 live=0
SLIME_CLOCK served task=2 label=44 result=201852371 live=0
SLIME_CLOCK served task=3 label=44 result=201862355 live=0
SLIME_CLOCK served task=2 label=44 result=201872152 live=0
SLIME_CLOCK served task=3 label=44 result=201885659 live=0
SLIME_CLOCK served task=2 label=44 result=201896491 live=0
SLIME_CLOCK served task=3 label=44 result=201907825 live=0
SLIME_CLOCK served task=2 label=44 result=201918759 live=0
SLIME_CLOCK served task=3 label=44 result=201930016 live=0
SLIME_CLOCK served task=2 label=44 result=201940627 live=0
SLIME_CLOCK served task=3 label=44 result=201951810 live=0
SLIME_CLOCK served task=2 label=44 result=201962334 live=0
SLIME_CLOCK served task=3 label=44 result=201973999 live=0
SLIME_CLOCK served task=2 label=44 result=201984395 live=0
SLIME_CLOCK served task=3 label=44 result=201995624 live=0
SLIME_CLOCK served task=2 label=44 result=202010074 live=0
SLIME_CLOCK served task=3 label=44 result=202021254 live=0
SLIME_CLOCK served task=2 label=44 result=202032052 live=0
SLIME_CLOCK served task=3 label=44 result=202043604 live=0
SLIME_CLOCK served task=2 label=44 result=202054439 live=0
SLIME_CLOCK served task=3 label=44 result=202065658 live=0
SLIME_CLOCK served task=2 label=44 result=202076103 live=0
SLIME_CLOCK served task=3 label=44 result=202087401 live=0
SLIME_CLOCK served task=2 label=44 result=202098305 live=0
SLIME_CLOCK served task=3 label=44 result=202109346 live=0
SLIME_CLOCK served task=2 label=44 result=202119830 live=0
SLIME_CLOCK served task=3 label=44 result=202132352 live=0
SLIME_CLOCK served task=2 label=44 result=202142953 live=0
SLIME_CLOCK served task=3 label=44 result=202154347 live=0
SLIME_CLOCK served task=2 label=44 result=202165480 live=0
SLIME_CLOCK served task=3 label=44 result=202176828 live=0
SLIME_CLOCK served task=2 label=44 result=202187361 live=0
SLIME_CLOCK served task=3 label=44 result=202198608 live=0
SLIME_CLOCK served task=2 label=44 result=202209210 live=0
SLIME_CLOCK served task=3 label=44 result=202220765 live=0
SLIME_CLOCK served task=2 label=44 result=202231321 live=0
SLIME_CLOCK served task=3 label=44 result=202242454 live=0
SLIME_CLOCK served task=2 label=44 result=202252959 live=0
SLIME_CLOCK served task=3 label=44 result=202266923 live=0
SLIME_CLOCK served task=2 label=44 result=202278932 live=0
SLIME_CLOCK served task=3 label=44 result=202294546 live=0
SLIME_CLOCK served task=2 label=44 result=202309212 live=0
SLIME_CLOCK served task=3 label=44 result=202324468 live=0
SLIME_CLOCK served task=2 label=44 result=202339343 live=0
SLIME_CLOCK served task=3 label=44 result=202355353 live=0
SLIME_CLOCK served task=2 label=44 result=202369031 live=0
SLIME_CLOCK served task=3 label=44 result=202379158 live=0
SLIME_CLOCK served task=2 label=44 result=202392462 live=0
SLIME_CLOCK served task=3 label=44 result=202404112 live=0
SLIME_CLOCK served task=2 label=44 result=202415053 live=0
SLIME_CLOCK served task=3 label=44 result=202426387 live=0
SLIME_CLOCK served task=2 label=44 result=202436895 live=0
SLIME_CLOCK served task=3 label=44 result=202448021 live=0
SLIME_CLOCK served task=2 label=44 result=202459828 live=0
SLIME_CLOCK served task=3 label=44 result=202476556 live=0
SLIME_CLOCK served task=2 label=44 result=202490446 live=0
SLIME_CLOCK served task=3 label=44 result=202507270 live=0
SLIME_CLOCK served task=2 label=44 result=202524306 live=0
SLIME_CLOCK served task=3 label=44 result=202542396 live=0
SLIME_CLOCK served task=2 label=44 result=202558946 live=0
SLIME_CLOCK served task=3 label=44 result=202576356 live=0
SLIME_CLOCK served task=2 label=44 result=202596580 live=0
SLIME_CLOCK served task=3 label=44 result=202613902 live=0
SLIME_CLOCK served task=2 label=44 result=202628779 live=0
SLIME_CLOCK served task=3 label=44 result=202644135 live=0
SLIME_CLOCK served task=2 label=44 result=202654301 live=0
SLIME_CLOCK served task=3 label=44 result=202664694 live=0
SLIME_CLOCK served task=2 label=44 result=202674181 live=0
SLIME_CLOCK served task=3 label=44 result=202684240 live=0
SLIME_CLOCK served task=2 label=44 result=202693730 live=0
SLIME_CLOCK served task=3 label=44 result=202703819 live=0
SLIME_CLOCK served task=2 label=44 result=202716803 live=0
SLIME_CLOCK served task=3 label=44 result=202729716 live=0
SLIME_CLOCK served task=2 label=44 result=202741478 live=0
SLIME_CLOCK served task=3 label=44 result=202754269 live=0
SLIME_CLOCK served task=2 label=44 result=202766254 live=0
SLIME_CLOCK served task=3 label=44 result=202779205 live=0
SLIME_CLOCK served task=2 label=44 result=202792080 live=0
SLIME_CLOCK served task=3 label=44 result=202804305 live=0
SLIME_CLOCK served task=2 label=44 result=202814888 live=0
SLIME_CLOCK served task=3 label=44 result=202826031 live=0
SLIME_CLOCK served task=2 label=44 result=202838298 live=0
SLIME_CLOCK served task=3 label=44 result=202850021 live=0
SLIME_CLOCK served task=2 label=44 result=202860763 live=0
SLIME_CLOCK served task=3 label=44 result=202871937 live=0
SLIME_CLOCK served task=2 label=44 result=202882626 live=0
SLIME_CLOCK served task=3 label=44 result=202893876 live=0
SLIME_CLOCK served task=2 label=44 result=202904683 live=0
SLIME_CLOCK served task=3 label=44 result=202916550 live=0
SLIME_CLOCK served task=2 label=44 result=202927343 live=0
SLIME_CLOCK served task=3 label=44 result=202941522 live=0
SLIME_CLOCK served task=2 label=44 result=202956097 live=0
SLIME_CLOCK served task=3 label=44 result=202977008 live=0
SLIME_CLOCK served task=2 label=44 result=202993407 live=0
SLIME_CLOCK served task=3 label=44 result=203010814 live=0
SLIME_CLOCK served task=2 label=44 result=203024714 live=0
SLIME_CLOCK served task=3 label=44 result=203037657 live=0
SLIME_CLOCK served task=2 label=44 result=203050056 live=0
SLIME_CLOCK served task=3 label=44 result=203062746 live=0
SLIME_CLOCK served task=2 label=44 result=203074819 live=0
SLIME_CLOCK served task=3 label=44 result=203092070 live=0
SLIME_CLOCK served task=2 label=44 result=203142408 live=0
SLIME_CLOCK served task=3 label=44 result=203167759 live=0
SLIME_CLOCK served task=2 label=44 result=203187244 live=0
SLIME_CLOCK served task=3 label=44 result=203204534 live=0
SLIME_CLOCK served task=2 label=44 result=203221681 live=0
SLIME_CLOCK served task=3 label=44 result=203234698 live=0
SLIME_CLOCK served task=2 label=44 result=203245814 live=0
SLIME_CLOCK served task=3 label=44 result=203256999 live=0
SLIME_CLOCK served task=2 label=44 result=203267552 live=0
SLIME_CLOCK served task=3 label=44 result=203278773 live=0
SLIME_CLOCK served task=2 label=44 result=203289780 live=0
SLIME_CLOCK served task=3 label=44 result=203301209 live=0
SLIME_CLOCK served task=2 label=44 result=203312100 live=0
SLIME_CLOCK served task=3 label=44 result=203323437 live=0
SLIME_CLOCK served task=2 label=44 result=203333918 live=0
SLIME_CLOCK served task=3 label=44 result=203346691 live=0
SLIME_CLOCK served task=2 label=44 result=203357645 live=0
SLIME_CLOCK served task=3 label=44 result=203369716 live=0
SLIME_CLOCK served task=2 label=44 result=203381131 live=0
SLIME_CLOCK served task=3 label=44 result=203392778 live=0
SLIME_CLOCK served task=2 label=44 result=203404020 live=0
SLIME_CLOCK served task=3 label=44 result=203416127 live=0
SLIME_CLOCK served task=2 label=44 result=203427802 live=0
SLIME_CLOCK served task=3 label=44 result=203439629 live=0
SLIME_CLOCK served task=2 label=44 result=203450796 live=0
SLIME_CLOCK served task=3 label=44 result=203462464 live=0
SLIME_CLOCK served task=2 label=44 result=203475184 live=0
SLIME_CLOCK served task=3 label=44 result=203487084 live=0
SLIME_CLOCK served task=2 label=44 result=203498151 live=0
SLIME_CLOCK served task=3 label=44 result=203509743 live=0
SLIME_CLOCK served task=2 label=44 result=203520877 live=0
SLIME_CLOCK served task=3 label=44 result=203533938 live=0
SLIME_CLOCK served task=2 label=44 result=203550236 live=0
SLIME_CLOCK served task=3 label=44 result=203566362 live=0
SLIME_CLOCK served task=2 label=44 result=203581706 live=0
SLIME_CLOCK served task=3 label=44 result=203601841 live=0
SLIME_CLOCK served task=2 label=44 result=203617799 live=0
SLIME_CLOCK served task=3 label=44 result=203635189 live=0
SLIME_CLOCK served task=2 label=44 result=203652503 live=0
SLIME_CLOCK served task=3 label=44 result=203671506 live=0
SLIME_CLOCK served task=2 label=44 result=203689260 live=0
SLIME_CLOCK served task=3 label=44 result=203707136 live=0
SLIME_CLOCK served task=2 label=44 result=203727406 live=0
SLIME_CLOCK served task=3 label=44 result=203748978 live=0
SLIME_CLOCK served task=2 label=44 result=203768236 live=0
SLIME_CLOCK served task=3 label=44 result=203791715 live=0
SLIME_CLOCK served task=2 label=44 result=203811801 live=0
SLIME_CLOCK served task=3 label=44 result=203833442 live=0
SLIME_CLOCK served task=2 label=44 result=203857367 live=0
SLIME_CLOCK served task=3 label=44 result=203879985 live=0
SLIME_CLOCK served task=2 label=44 result=203901394 live=0
SLIME_CLOCK served task=3 label=44 result=203923452 live=0
SLIME_CLOCK served task=2 label=44 result=203943222 live=0
SLIME_CLOCK served task=3 label=44 result=203956750 live=0
SLIME_CLOCK served task=2 label=44 result=203968891 live=0
SLIME_CLOCK served task=3 label=44 result=203982021 live=0
SLIME_CLOCK served task=2 label=44 result=203993974 live=0
SLIME_CLOCK served task=3 label=44 result=204006675 live=0
SLIME_CLOCK served task=2 label=44 result=204018602 live=0
SLIME_CLOCK served task=3 label=44 result=204031271 live=0
SLIME_CLOCK served task=2 label=44 result=204069910 live=0
SLIME_CLOCK served task=3 label=44 result=204118037 live=0
SLIME_CLOCK served task=2 label=44 result=204172814 live=0
SLIME_CLOCK served task=3 label=44 result=204224035 live=0
SLIME_CLOCK served task=2 label=44 result=204240297 live=0
SLIME_CLOCK served task=3 label=44 result=204257556 live=0
SLIME_CLOCK served task=2 label=44 result=204275002 live=0
SLIME_CLOCK served task=3 label=44 result=204293062 live=0
SLIME_CLOCK served task=2 label=44 result=204308446 live=0
SLIME_CLOCK served task=3 label=44 result=204324072 live=0
SLIME_CLOCK served task=2 label=44 result=204339629 live=0
SLIME_CLOCK served task=3 label=44 result=204367929 live=0
SLIME_CLOCK served task=2 label=44 result=204383340 live=0
SLIME_CLOCK served task=3 label=44 result=204399484 live=0
SLIME_CLOCK served task=2 label=44 result=204415991 live=0
SLIME_CLOCK served task=3 label=44 result=204429718 live=0
SLIME_CLOCK served task=2 label=44 result=204439945 live=0
SLIME_CLOCK served task=3 label=44 result=204450639 live=0
SLIME_CLOCK served task=2 label=44 result=204460532 live=0
SLIME_CLOCK served task=3 label=44 result=204471471 live=0
SLIME_CLOCK served task=2 label=44 result=204481436 live=0
SLIME_CLOCK served task=3 label=44 result=204493426 live=0
SLIME_CLOCK served task=2 label=44 result=204503436 live=0
SLIME_CLOCK served task=3 label=44 result=204513927 live=0
SLIME_CLOCK served task=2 label=44 result=204523797 live=0
SLIME_CLOCK served task=3 label=44 result=204534643 live=0
SLIME_CLOCK served task=2 label=44 result=204546864 live=0
SLIME_CLOCK served task=3 label=44 result=204558898 live=0
SLIME_CLOCK served task=2 label=44 result=204570010 live=0
SLIME_CLOCK served task=3 label=44 result=204581617 live=0
SLIME_CLOCK served task=2 label=44 result=204594248 live=0
SLIME_CLOCK served task=3 label=44 result=204606341 live=0
SLIME_CLOCK served task=2 label=44 result=204619050 live=0
SLIME_CLOCK served task=3 label=44 result=204632096 live=0
SLIME_CLOCK served task=2 label=44 result=204644354 live=0
SLIME_CLOCK served task=3 label=44 result=204656921 live=0
SLIME_CLOCK served task=2 label=44 result=204669257 live=0
SLIME_CLOCK served task=3 label=44 result=204681987 live=0
SLIME_CLOCK served task=2 label=44 result=204693945 live=0
SLIME_CLOCK served task=3 label=44 result=204709007 live=0
SLIME_CLOCK served task=2 label=44 result=204725992 live=0
SLIME_CLOCK served task=3 label=44 result=204747040 live=0
SLIME_CLOCK served task=2 label=44 result=204764793 live=0
SLIME_CLOCK served task=3 label=44 result=204783742 live=0
SLIME_CLOCK served task=2 label=44 result=204800239 live=0
SLIME_CLOCK served task=3 label=44 result=204815565 live=0
SLIME_CLOCK served task=2 label=44 result=204830169 live=0
SLIME_CLOCK served task=3 label=44 result=204845967 live=0
SLIME_CLOCK served task=2 label=44 result=204860914 live=0
SLIME_CLOCK served task=3 label=44 result=204880699 live=0
SLIME_CLOCK served task=2 label=44 result=204897129 live=0
SLIME_CLOCK served task=3 label=44 result=204914231 live=0
SLIME_CLOCK served task=2 label=44 result=204930213 live=0
SLIME_CLOCK served task=3 label=44 result=204946949 live=0
SLIME_CLOCK served task=2 label=44 result=204963077 live=0
SLIME_CLOCK served task=3 label=44 result=204979807 live=0
SLIME_CLOCK served task=2 label=44 result=204996399 live=0
SLIME_CLOCK served task=3 label=44 result=205012464 live=0
SLIME_CLOCK served task=2 label=44 result=205027810 live=0
SLIME_CLOCK served task=3 label=44 result=205044170 live=0
SLIME_CLOCK served task=2 label=44 result=205059454 live=0
SLIME_CLOCK served task=3 label=44 result=205075450 live=0
SLIME_CLOCK served task=2 label=44 result=205090649 live=0
SLIME_CLOCK served task=3 label=44 result=205107103 live=0
SLIME_CLOCK served task=2 label=44 result=205123539 live=0
SLIME_CLOCK served task=3 label=44 result=205139655 live=0
SLIME_CLOCK served task=2 label=44 result=205154990 live=0
SLIME_CLOCK served task=3 label=44 result=205171423 live=0
SLIME_CLOCK served task=2 label=44 result=205187616 live=0
SLIME_CLOCK served task=3 label=44 result=205205711 live=0
SLIME_CLOCK served task=2 label=44 result=205221036 live=0
SLIME_CLOCK served task=3 label=44 result=205236908 live=0
SLIME_CLOCK served task=2 label=44 result=205253418 live=0
SLIME_CLOCK served task=3 label=44 result=205264511 live=0
SLIME_CLOCK served task=2 label=44 result=205274588 live=0
SLIME_CLOCK served task=3 label=44 result=205285442 live=0
SLIME_CLOCK served task=2 label=44 result=205295471 live=0
SLIME_CLOCK served task=3 label=44 result=205306084 live=0
SLIME_CLOCK served task=2 label=44 result=205316090 live=0
SLIME_CLOCK served task=3 label=44 result=205326725 live=0
SLIME_CLOCK served task=2 label=44 result=205336705 live=0
SLIME_CLOCK served task=3 label=44 result=205347689 live=0
SLIME_CLOCK served task=2 label=44 result=205357670 live=0
SLIME_CLOCK served task=3 label=44 result=205368441 live=0
SLIME_CLOCK served task=2 label=44 result=205386098 live=0
SLIME_CLOCK served task=3 label=44 result=205403712 live=0
SLIME_CLOCK served task=2 label=44 result=205420799 live=0
SLIME_CLOCK served task=3 label=44 result=205438035 live=0
SLIME_CLOCK served task=2 label=44 result=205454530 live=0
SLIME_CLOCK served task=3 label=44 result=205471666 live=0
SLIME_CLOCK served task=2 label=44 result=205488383 live=0
SLIME_CLOCK served task=3 label=44 result=205507347 live=0
SLIME_CLOCK served task=2 label=44 result=205524104 live=0
SLIME_CLOCK served task=3 label=44 result=205541977 live=0
SLIME_CLOCK served task=2 label=44 result=205558552 live=0
SLIME_CLOCK served task=3 label=44 result=205575877 live=0
SLIME_CLOCK served task=2 label=44 result=205592674 live=0
SLIME_CLOCK served task=3 label=44 result=205609673 live=0
SLIME_CLOCK served task=2 label=44 result=205627076 live=0
SLIME_CLOCK served task=3 label=44 result=205644250 live=0
SLIME_CLOCK served task=2 label=44 result=205661380 live=0
SLIME_CLOCK served task=3 label=44 result=205678655 live=0
SLIME_CLOCK served task=2 label=44 result=205694164 live=0
SLIME_CLOCK served task=3 label=44 result=205705090 live=0
SLIME_CLOCK served task=2 label=44 result=205715181 live=0
SLIME_CLOCK served task=3 label=44 result=205726151 live=0
SLIME_CLOCK served task=2 label=44 result=205740259 live=0
SLIME_CLOCK served task=3 label=44 result=205760289 live=0
SLIME_CLOCK served task=2 label=44 result=205784684 live=0
SLIME_CLOCK served task=3 label=44 result=205802799 live=0
SLIME_CLOCK served task=2 label=44 result=205814961 live=0
SLIME_CLOCK served task=3 label=44 result=205829518 live=0
SLIME_CLOCK served task=2 label=44 result=205841009 live=0
SLIME_CLOCK served task=3 label=44 result=205853715 live=0
SLIME_CLOCK served task=2 label=44 result=205864247 live=0
SLIME_CLOCK served task=3 label=44 result=205875560 live=0
SLIME_CLOCK served task=2 label=44 result=205887591 live=0
SLIME_CLOCK served task=3 label=44 result=205898901 live=0
SLIME_CLOCK served task=2 label=44 result=205910279 live=0
SLIME_CLOCK served task=3 label=44 result=205921529 live=0
SLIME_CLOCK served task=2 label=44 result=205932407 live=0
SLIME_CLOCK served task=3 label=44 result=205943760 live=0
SLIME_CLOCK served task=2 label=44 result=205954503 live=0
SLIME_CLOCK served task=3 label=44 result=205966003 live=0
SLIME_CLOCK served task=2 label=44 result=205977149 live=0
SLIME_CLOCK served task=3 label=44 result=205988564 live=0
SLIME_CLOCK served task=2 label=44 result=205999571 live=0
SLIME_CLOCK served task=3 label=44 result=206012057 live=0
SLIME_CLOCK served task=2 label=44 result=206022717 live=0
SLIME_CLOCK served task=3 label=44 result=206034100 live=0
SLIME_CLOCK served task=2 label=44 result=206044816 live=0
SLIME_CLOCK served task=3 label=44 result=206056032 live=0
SLIME_CLOCK served task=2 label=44 result=206067703 live=0
SLIME_CLOCK served task=3 label=44 result=206079542 live=0
SLIME_CLOCK served task=2 label=44 result=206091103 live=0
SLIME_CLOCK served task=3 label=44 result=206103365 live=0
SLIME_CLOCK served task=2 label=44 result=206114637 live=0
SLIME_CLOCK served task=3 label=44 result=206126662 live=0
SLIME_CLOCK served task=2 label=44 result=206139084 live=0
SLIME_CLOCK served task=3 label=44 result=206151202 live=0
SLIME_CLOCK served task=2 label=44 result=206162995 live=0
SLIME_CLOCK served task=3 label=44 result=206174922 live=0
SLIME_CLOCK served task=2 label=44 result=206186495 live=0
SLIME_CLOCK served task=3 label=44 result=206200101 live=0
SLIME_CLOCK served task=2 label=44 result=206214425 live=0
SLIME_CLOCK served task=3 label=44 result=206230495 live=0
SLIME_CLOCK served task=2 label=44 result=206245324 live=0
SLIME_CLOCK served task=3 label=44 result=206263278 live=0
SLIME_CLOCK served task=2 label=44 result=206287292 live=0
SLIME_CLOCK served task=3 label=44 result=206306894 live=0
SLIME_CLOCK served task=2 label=44 result=206323374 live=0
SLIME_CLOCK served task=3 label=44 result=206340948 live=0
SLIME_CLOCK served task=2 label=44 result=206358107 live=0
SLIME_CLOCK served task=3 label=44 result=206375186 live=0
SLIME_CLOCK served task=2 label=44 result=206393593 live=0
SLIME_CLOCK served task=3 label=44 result=206411392 live=0
SLIME_CLOCK served task=2 label=44 result=206428457 live=0
SLIME_CLOCK served task=3 label=44 result=206446010 live=0
SLIME_CLOCK served task=2 label=44 result=206462751 live=0
SLIME_CLOCK served task=3 label=44 result=206480491 live=0
SLIME_CLOCK served task=2 label=44 result=206497221 live=0
SLIME_CLOCK served task=3 label=44 result=206515270 live=0
SLIME_CLOCK served task=2 label=44 result=206531808 live=0
SLIME_CLOCK served task=3 label=44 result=206549491 live=0
SLIME_CLOCK served task=2 label=44 result=206566286 live=0
SLIME_CLOCK served task=3 label=44 result=206583598 live=0
SLIME_CLOCK served task=2 label=44 result=206600549 live=0
SLIME_CLOCK served task=3 label=44 result=206617948 live=0
SLIME_CLOCK served task=2 label=44 result=206634593 live=0
SLIME_CLOCK served task=3 label=44 result=206652904 live=0
SLIME_CLOCK served task=2 label=44 result=206670178 live=0
SLIME_CLOCK served task=3 label=44 result=206687515 live=0
SLIME_CLOCK served task=2 label=44 result=206703917 live=0
SLIME_CLOCK served task=3 label=44 result=206721639 live=0
SLIME_CLOCK served task=2 label=44 result=206736349 live=0
SLIME_CLOCK served task=3 label=44 result=206752254 live=0
SLIME_CLOCK served task=2 label=44 result=206769618 live=0
SLIME_CLOCK served task=3 label=44 result=206786446 live=0
SLIME_CLOCK served task=2 label=44 result=206798388 live=0
SLIME_CLOCK served task=3 label=44 result=206809156 live=0
SLIME_CLOCK served task=2 label=44 result=206819255 live=0
SLIME_CLOCK served task=3 label=44 result=206829959 live=0
SLIME_CLOCK served task=2 label=44 result=206840042 live=0
SLIME_CLOCK served task=3 label=44 result=206851116 live=0
SLIME_CLOCK served task=2 label=44 result=206863858 live=0
SLIME_CLOCK served task=3 label=44 result=206875124 live=0
SLIME_CLOCK served task=2 label=44 result=206884800 live=0
SLIME_CLOCK served task=3 label=44 result=206898587 live=0
SLIME_CLOCK served task=2 label=44 result=206909947 live=0
SLIME_CLOCK served task=3 label=44 result=206921852 live=0
SLIME_CLOCK served task=2 label=44 result=206933194 live=0
SLIME_CLOCK served task=3 label=44 result=206944615 live=0
SLIME_CLOCK served task=2 label=44 result=206955340 live=0
SLIME_CLOCK served task=3 label=44 result=206966857 live=0
SLIME_CLOCK served task=2 label=44 result=206978272 live=0
SLIME_CLOCK served task=3 label=44 result=206990019 live=0
SLIME_CLOCK served task=2 label=44 result=207000942 live=0
SLIME_CLOCK served task=3 label=44 result=207012482 live=0
SLIME_CLOCK served task=2 label=44 result=207024490 live=0
SLIME_CLOCK served task=3 label=44 result=207036056 live=0
SLIME_CLOCK served task=2 label=44 result=207046854 live=0
SLIME_CLOCK served task=3 label=44 result=207058563 live=0
SLIME_CLOCK served task=2 label=44 result=207069478 live=0
SLIME_CLOCK served task=3 label=44 result=207080890 live=0
SLIME_CLOCK served task=2 label=44 result=207091735 live=0
SLIME_CLOCK served task=3 label=44 result=207103524 live=0
SLIME_CLOCK served task=2 label=44 result=207114299 live=0
SLIME_CLOCK served task=3 label=44 result=207126117 live=0
SLIME_CLOCK served task=2 label=44 result=207136886 live=0
SLIME_CLOCK served task=3 label=44 result=207149448 live=0
SLIME_CLOCK served task=2 label=44 result=207160584 live=0
SLIME_CLOCK served task=3 label=44 result=207172032 live=0
SLIME_CLOCK served task=2 label=44 result=207182852 live=0
SLIME_CLOCK served task=3 label=44 result=207194633 live=0
SLIME_CLOCK served task=2 label=44 result=207205432 live=0
SLIME_CLOCK served task=3 label=44 result=207216866 live=0
SLIME_CLOCK served task=2 label=44 result=207230346 live=0
SLIME_CLOCK served task=3 label=44 result=207245024 live=0
SLIME_CLOCK served task=2 label=44 result=207260083 live=0
SLIME_CLOCK served task=3 label=44 result=207278075 live=0
SLIME_CLOCK served task=2 label=44 result=207316306 live=0
SLIME_CLOCK served task=3 label=44 result=207334102 live=0
SLIME_CLOCK served task=2 label=44 result=207351453 live=0
SLIME_CLOCK served task=3 label=44 result=207369073 live=0
SLIME_CLOCK served task=2 label=44 result=207386226 live=0
SLIME_CLOCK served task=3 label=44 result=207404912 live=0
SLIME_CLOCK served task=2 label=44 result=207422168 live=0
SLIME_CLOCK served task=3 label=44 result=207439449 live=0
SLIME_CLOCK served task=2 label=44 result=207455825 live=0
SLIME_CLOCK served task=3 label=44 result=207473879 live=0
SLIME_CLOCK served task=2 label=44 result=207490836 live=0
SLIME_CLOCK served task=3 label=44 result=207508485 live=0
SLIME_CLOCK served task=2 label=44 result=207525463 live=0
SLIME_CLOCK served task=3 label=44 result=207544296 live=0
SLIME_CLOCK served task=2 label=44 result=207561450 live=0
SLIME_CLOCK served task=3 label=44 result=207579043 live=0
SLIME_CLOCK served task=2 label=44 result=207596574 live=0
SLIME_CLOCK served task=3 label=44 result=207614463 live=0
SLIME_CLOCK served task=2 label=44 result=207631525 live=0
SLIME_CLOCK served task=3 label=44 result=207648935 live=0
SLIME_CLOCK served task=2 label=44 result=207668253 live=0
SLIME_CLOCK served task=3 label=44 result=207686349 live=0
SLIME_CLOCK served task=2 label=44 result=207703495 live=0
SLIME_CLOCK served task=3 label=44 result=207721097 live=0
SLIME_CLOCK served task=2 label=44 result=207738017 live=0
SLIME_CLOCK served task=3 label=44 result=207756048 live=0
SLIME_CLOCK served task=2 label=44 result=207771253 live=0
SLIME_CLOCK served task=3 label=44 result=207787680 live=0
SLIME_CLOCK served task=2 label=44 result=207803437 live=0
SLIME_CLOCK served task=3 label=44 result=207819989 live=0
SLIME_CLOCK served task=2 label=44 result=207835244 live=0
SLIME_CLOCK served task=3 label=44 result=207856244 live=0
SLIME_CLOCK served task=2 label=44 result=207872408 live=0
SLIME_CLOCK served task=3 label=44 result=207888976 live=0
SLIME_CLOCK served task=2 label=44 result=207905122 live=0
SLIME_CLOCK served task=3 label=44 result=207922118 live=0
SLIME_CLOCK served task=2 label=44 result=207937832 live=0
SLIME_CLOCK served task=3 label=44 result=207954484 live=0
SLIME_CLOCK served task=2 label=44 result=207971757 live=0
SLIME_CLOCK served task=3 label=44 result=207991576 live=0
SLIME_CLOCK served task=2 label=44 result=208007964 live=0
SLIME_CLOCK served task=3 label=44 result=208024800 live=0
SLIME_CLOCK served task=2 label=44 result=208041057 live=0
SLIME_CLOCK served task=3 label=44 result=208057893 live=0
SLIME_CLOCK served task=2 label=44 result=208073854 live=0
SLIME_CLOCK served task=3 label=44 result=208090372 live=0
SLIME_CLOCK served task=2 label=44 result=208108532 live=0
SLIME_CLOCK served task=3 label=44 result=208125341 live=0
SLIME_CLOCK served task=2 label=44 result=208140853 live=0
SLIME_CLOCK served task=3 label=44 result=208157318 live=0
SLIME_CLOCK served task=2 label=44 result=208173196 live=0
SLIME_CLOCK served task=3 label=44 result=208190112 live=0
SLIME_CLOCK served task=2 label=44 result=208205816 live=0
SLIME_CLOCK served task=3 label=44 result=208222461 live=0
SLIME_CLOCK served task=2 label=44 result=208239835 live=0
SLIME_CLOCK served task=3 label=44 result=208257286 live=0
SLIME_CLOCK served task=2 label=44 result=208275044 live=0
SLIME_CLOCK served task=3 label=44 result=208292460 live=0
SLIME_CLOCK served task=2 label=44 result=208307624 live=0
SLIME_CLOCK served task=3 label=44 result=208323542 live=0
SLIME_CLOCK served task=2 label=44 result=208338733 live=0
SLIME_CLOCK served task=3 label=44 result=208357241 live=0
SLIME_CLOCK served task=2 label=44 result=208383564 live=0
SLIME_CLOCK served task=3 label=44 result=208398220 live=0
SLIME_CLOCK served task=2 label=44 result=208408621 live=0
SLIME_CLOCK served task=3 label=44 result=208419495 live=0
SLIME_CLOCK served task=2 label=44 result=208429701 live=0
SLIME_CLOCK served task=3 label=44 result=208440674 live=0
SLIME_CLOCK served task=2 label=44 result=208450675 live=0
SLIME_CLOCK served task=3 label=44 result=208461294 live=0
SLIME_CLOCK served task=2 label=44 result=208471709 live=0
SLIME_CLOCK served task=3 label=44 result=208484220 live=0
SLIME_CLOCK served task=2 label=44 result=208495852 live=0
SLIME_CLOCK served task=3 label=44 result=208508314 live=0
SLIME_CLOCK served task=2 label=44 result=208519640 live=0
SLIME_CLOCK served task=3 label=44 result=208531472 live=0
SLIME_CLOCK served task=2 label=44 result=208543173 live=0
SLIME_CLOCK served task=3 label=44 result=208555067 live=0
SLIME_CLOCK served task=2 label=44 result=208567615 live=0
SLIME_CLOCK served task=3 label=44 result=208582372 live=0
SLIME_CLOCK served task=2 label=44 result=208594629 live=0
SLIME_CLOCK served task=3 label=44 result=208608008 live=0
SLIME_CLOCK served task=2 label=44 result=208621895 live=0
SLIME_CLOCK served task=3 label=44 result=208633125 live=0
SLIME_CLOCK served task=2 label=44 result=208643673 live=0
SLIME_CLOCK served task=3 label=44 result=208654929 live=0
SLIME_CLOCK served task=2 label=44 result=208665843 live=0
SLIME_CLOCK served task=3 label=44 result=208676985 live=0
SLIME_CLOCK served task=2 label=44 result=208687385 live=0
SLIME_CLOCK served task=3 label=44 result=208698338 live=0
SLIME_CLOCK served task=2 label=44 result=208709108 live=0
SLIME_CLOCK served task=3 label=44 result=208720781 live=0
SLIME_CLOCK served task=2 label=44 result=208731318 live=0
SLIME_CLOCK served task=3 label=44 result=208744536 live=0
SLIME_CLOCK served task=2 label=44 result=208754974 live=0
SLIME_CLOCK served task=3 label=44 result=208766253 live=0
SLIME_CLOCK served task=2 label=44 result=208776811 live=0
SLIME_CLOCK served task=3 label=44 result=208788200 live=0
SLIME_CLOCK served task=2 label=44 result=208798840 live=0
SLIME_CLOCK served task=3 label=44 result=208809900 live=0
SLIME_CLOCK served task=2 label=44 result=208822160 live=0
SLIME_CLOCK served task=3 label=44 result=208836113 live=0
SLIME_CLOCK served task=2 label=44 result=208851052 live=0
SLIME_CLOCK served task=3 label=44 result=208869787 live=0
SLIME_CLOCK served task=2 label=44 result=208885469 live=0
SLIME_CLOCK served task=3 label=44 result=208900966 live=0
SLIME_CLOCK served task=2 label=44 result=208915522 live=0
SLIME_CLOCK served task=3 label=44 result=208929998 live=0
SLIME_CLOCK served task=2 label=44 result=208943686 live=0
SLIME_CLOCK served task=3 label=44 result=208954349 live=0
SLIME_CLOCK served task=2 label=44 result=208963858 live=0
SLIME_CLOCK served task=3 label=44 result=208974697 live=0
SLIME_CLOCK served task=2 label=44 result=208985029 live=0
SLIME_CLOCK served task=3 label=44 result=208999644 live=0
SLIME_CLOCK served task=2 label=44 result=209010203 live=0
SLIME_CLOCK served task=3 label=44 result=209021270 live=0
SLIME_CLOCK served task=2 label=44 result=209031743 live=0
SLIME_CLOCK served task=3 label=44 result=209043081 live=0
SLIME_CLOCK served task=2 label=44 result=209053840 live=0
SLIME_CLOCK served task=3 label=44 result=209065918 live=0
SLIME_CLOCK served task=2 label=44 result=209078023 live=0
SLIME_CLOCK served task=3 label=44 result=209090758 live=0
SLIME_CLOCK served task=2 label=44 result=209103561 live=0
SLIME_CLOCK served task=3 label=44 result=209117357 live=0
SLIME_CLOCK served task=3 label=44 result=209129724 live=0
SLIME_CLOCK served task=2 label=44 result=209140408 live=0
SLIME_CLOCK served task=3 label=44 result=209151555 live=0
SLIME_CLOCK served task=2 label=44 result=209162546 live=0
SLIME_CLOCK served task=3 label=44 result=209173725 live=0
SLIME_CLOCK served task=2 label=44 result=209184412 live=0
SLIME_CLOCK served task=3 label=44 result=209195783 live=0
SLIME_CLOCK served task=2 label=44 result=209206485 live=0
SLIME_CLOCK served task=3 label=44 result=209217882 live=0
SLIME_CLOCK served task=2 label=44 result=209228460 live=0
SLIME_CLOCK served task=3 label=44 result=209239636 live=0
SLIME_CLOCK served task=2 label=44 result=209251227 live=0
SLIME_CLOCK served task=3 label=44 result=209262380 live=0
SLIME_CLOCK served task=2 label=44 result=209272720 live=0
SLIME_CLOCK served task=3 label=44 result=209284255 live=0
SLIME_CLOCK served task=2 label=44 result=209294855 live=0
SLIME_CLOCK served task=3 label=44 result=209306155 live=0
SLIME_CLOCK served task=2 label=44 result=209316929 live=0
SLIME_CLOCK served task=3 label=44 result=209328243 live=0
SLIME_CLOCK served task=2 label=44 result=209340654 live=0
SLIME_CLOCK served task=3 label=44 result=209352692 live=0
SLIME_CLOCK served task=2 label=44 result=209365128 live=0
SLIME_CLOCK served task=3 label=44 result=209386702 live=0
SLIME_CLOCK served task=2 label=44 result=209402958 live=0
SLIME_CLOCK served task=3 label=44 result=209419880 live=0
SLIME_CLOCK served task=2 label=44 result=209434530 live=0
SLIME_CLOCK served task=3 label=44 result=209449942 live=0
SLIME_CLOCK served task=2 label=44 result=209464469 live=0
SLIME_CLOCK served task=3 label=44 result=209480140 live=0
SLIME_CLOCK served task=2 label=44 result=209497182 live=0
SLIME_CLOCK served task=3 label=44 result=209512794 live=0
SLIME_CLOCK served task=2 label=44 result=209526646 live=0
SLIME_CLOCK served task=3 label=44 result=209538175 live=0
SLIME_CLOCK served task=2 label=44 result=209548789 live=0
SLIME_CLOCK served task=3 label=44 result=209559965 live=0
SLIME_CLOCK served task=2 label=44 result=209570625 live=0
SLIME_CLOCK served task=3 label=44 result=209581810 live=0
SLIME_CLOCK served task=2 label=44 result=209592397 live=0
SLIME_CLOCK served task=3 label=44 result=209603727 live=0
SLIME_CLOCK served task=2 label=44 result=209614464 live=0
SLIME_CLOCK served task=3 label=44 result=209627258 live=0
SLIME_CLOCK served task=2 label=44 result=209637784 live=0
SLIME_CLOCK served task=3 label=44 result=209648912 live=0
SLIME_CLOCK served task=2 label=44 result=209659728 live=0
SLIME_CLOCK served task=3 label=44 result=209671064 live=0
SLIME_CLOCK served task=2 label=44 result=209681538 live=0
SLIME_CLOCK served task=3 label=44 result=209693157 live=0
SLIME_CLOCK served task=2 label=44 result=209703998 live=0
SLIME_CLOCK served task=3 label=44 result=209715133 live=0
SLIME_CLOCK served task=2 label=44 result=209725869 live=0
SLIME_CLOCK served task=3 label=44 result=209736993 live=0
SLIME_CLOCK served task=2 label=44 result=209748014 live=0
SLIME_CLOCK served task=3 label=44 result=209764435 live=0
SLIME_CLOCK served task=2 label=44 result=209780594 live=0
SLIME_CLOCK served task=3 label=44 result=209795316 live=0
SLIME_CLOCK served task=2 label=44 result=209806052 live=0
SLIME_CLOCK served task=3 label=44 result=209817147 live=0
SLIME_CLOCK served task=2 label=44 result=209827677 live=0
SLIME_CLOCK served task=3 label=44 result=209838859 live=0
SLIME_CLOCK served task=2 label=44 result=209849696 live=0
SLIME_CLOCK served task=3 label=44 result=209862467 live=0
SLIME_CLOCK served task=2 label=44 result=209875689 live=0
SLIME_CLOCK served task=3 label=44 result=209890819 live=0
SLIME_CLOCK served task=2 label=44 result=209905689 live=0
SLIME_CLOCK served task=3 label=44 result=209922003 live=0
SLIME_CLOCK served task=2 label=44 result=209936400 live=0
SLIME_CLOCK served task=3 label=44 result=209951249 live=0
SLIME_CLOCK served task=2 label=44 result=209966466 live=0
SLIME_CLOCK served task=3 label=44 result=209982939 live=0
SLIME_CLOCK served task=2 label=44 result=209998079 live=0
SLIME_CLOCK served task=3 label=44 result=210018661 live=0
SLIME_CLOCK served task=2 label=44 result=210036567 live=0
SLIME_CLOCK served task=3 label=44 result=210053690 live=0
SLIME_CLOCK served task=2 label=44 result=210069606 live=0
SLIME_CLOCK served task=3 label=44 result=210086371 live=0
SLIME_CLOCK served task=2 label=44 result=210101878 live=0
SLIME_CLOCK served task=3 label=44 result=210119196 live=0
SLIME_CLOCK served task=2 label=44 result=210138103 live=0
SLIME_CLOCK served task=3 label=44 result=210155011 live=0
SLIME_CLOCK served task=2 label=44 result=210171240 live=0
SLIME_CLOCK served task=3 label=44 result=210187981 live=0
SLIME_CLOCK served task=2 label=44 result=210203454 live=0
SLIME_CLOCK served task=3 label=44 result=210219738 live=0
SLIME_CLOCK served task=2 label=44 result=210235437 live=0
SLIME_CLOCK served task=3 label=44 result=210252692 live=0
SLIME_CLOCK served task=2 label=44 result=210271115 live=0
SLIME_CLOCK served task=3 label=44 result=210288488 live=0
SLIME_CLOCK served task=2 label=44 result=210304640 live=0
SLIME_CLOCK served task=3 label=44 result=210321585 live=0
SLIME_CLOCK served task=2 label=44 result=210337253 live=0
SLIME_CLOCK served task=3 label=44 result=210354132 live=0
SLIME_CLOCK served task=2 label=44 result=210369915 live=0
SLIME_CLOCK served task=3 label=44 result=210387916 live=0
SLIME_CLOCK served task=2 label=44 result=210404406 live=0
SLIME_CLOCK served task=3 label=44 result=210424149 live=0
SLIME_CLOCK served task=2 label=44 result=210441657 live=0
SLIME_CLOCK served task=3 label=44 result=210459868 live=0
SLIME_CLOCK served task=2 label=44 result=210477718 live=0
SLIME_CLOCK served task=3 label=44 result=210495006 live=0
SLIME_CLOCK served task=2 label=44 result=210515502 live=0
SLIME_CLOCK served task=3 label=44 result=210538441 live=0
SLIME_CLOCK served task=2 label=44 result=210560139 live=0
SLIME_CLOCK served task=3 label=44 result=210582481 live=0
SLIME_CLOCK served task=2 label=44 result=210603192 live=0
SLIME_CLOCK served task=3 label=44 result=210625819 live=0
SLIME_CLOCK served task=2 label=44 result=210649418 live=0
SLIME_CLOCK served task=3 label=44 result=210671971 live=0
SLIME_CLOCK served task=2 label=44 result=210691602 live=0
SLIME_CLOCK served task=3 label=44 result=210712229 live=0
SLIME_CLOCK served task=2 label=44 result=210733110 live=0
SLIME_CLOCK served task=3 label=44 result=210749409 live=0
SLIME_CLOCK served task=2 label=44 result=210764128 live=0
SLIME_CLOCK served task=3 label=44 result=210779228 live=0
SLIME_CLOCK served task=2 label=44 result=210793613 live=0
SLIME_CLOCK served task=3 label=44 result=210806432 live=0
SLIME_CLOCK served task=2 label=44 result=210818441 live=0
SLIME_CLOCK served task=3 label=44 result=210831258 live=0
SLIME_CLOCK served task=2 label=44 result=210843253 live=0
SLIME_CLOCK served task=3 label=44 result=210878166 live=0
SLIME_CLOCK served task=2 label=44 result=210892500 live=0
SLIME_CLOCK served task=3 label=44 result=210907062 live=0
SLIME_CLOCK served task=2 label=44 result=210946711 live=0
SLIME_CLOCK served task=3 label=44 result=210988267 live=0
SLIME_CLOCK served task=2 label=44 result=211025573 live=0
SLIME_CLOCK served task=3 label=44 result=211041774 live=0
SLIME_CLOCK served task=2 label=44 result=211054820 live=0
SLIME_CLOCK served task=3 label=44 result=211069738 live=0
SLIME_CLOCK served task=2 label=44 result=211083042 live=0
SLIME_CLOCK served task=3 label=44 result=211097520 live=0
SLIME_CLOCK served task=2 label=44 result=211110705 live=0
SLIME_CLOCK served task=3 label=44 result=211124910 live=0
SLIME_CLOCK served task=2 label=44 result=211138043 live=0
SLIME_CLOCK served task=3 label=44 result=211152022 live=0
SLIME_CLOCK served task=2 label=44 result=211166745 live=0
SLIME_CLOCK served task=3 label=44 result=211180689 live=0
SLIME_CLOCK served task=2 label=44 result=211193932 live=0
SLIME_CLOCK served task=3 label=44 result=211208217 live=0
SLIME_CLOCK served task=2 label=44 result=211221812 live=0
SLIME_CLOCK served task=3 label=44 result=211234633 live=0
SLIME_CLOCK served task=2 label=44 result=211245139 live=0
SLIME_CLOCK served task=3 label=44 result=211258574 live=0
SLIME_CLOCK served task=2 label=44 result=211268113 live=0
SLIME_CLOCK served task=3 label=44 result=211280565 live=0
SLIME_CLOCK served task=2 label=44 result=211299401 live=0
SLIME_CLOCK served task=3 label=44 result=211317422 live=0
SLIME_CLOCK served task=2 label=44 result=211334209 live=0
SLIME_CLOCK served task=3 label=44 result=211349869 live=0
SLIME_CLOCK served task=2 label=44 result=211361302 live=0
SLIME_CLOCK served task=3 label=44 result=211373311 live=0
SLIME_CLOCK served task=2 label=44 result=211384142 live=0
SLIME_CLOCK served task=3 label=44 result=211395620 live=0
SLIME_CLOCK served task=2 label=44 result=211406588 live=0
SLIME_CLOCK served task=3 label=44 result=211426019 live=0
SLIME_CLOCK served task=2 label=44 result=211441217 live=0
SLIME_CLOCK served task=3 label=44 result=211456993 live=0
SLIME_CLOCK served task=2 label=44 result=211472062 live=0
SLIME_CLOCK served task=3 label=44 result=211484836 live=0
SLIME_CLOCK served task=2 label=44 result=211494364 live=0
SLIME_CLOCK served task=3 label=44 result=211504450 live=0
SLIME_CLOCK served task=2 label=44 result=211513998 live=0
SLIME_CLOCK served task=3 label=44 result=211524092 live=0
SLIME_CLOCK served task=2 label=44 result=211533810 live=0
SLIME_CLOCK served task=3 label=44 result=211545673 live=0
SLIME_CLOCK served task=2 label=44 result=211556609 live=0
SLIME_CLOCK served task=3 label=44 result=211568037 live=0
SLIME_CLOCK served task=2 label=44 result=211578784 live=0
SLIME_CLOCK served task=3 label=44 result=211590242 live=0
SLIME_CLOCK served task=2 label=44 result=211601357 live=0
SLIME_CLOCK served task=3 label=44 result=211612483 live=0
SLIME_CLOCK served task=2 label=44 result=211623027 live=0
SLIME_CLOCK served task=3 label=44 result=211634423 live=0
SLIME_CLOCK served task=2 label=44 result=211645174 live=0
SLIME_CLOCK served task=3 label=44 result=211656628 live=0
SLIME_CLOCK served task=2 label=44 result=211667827 live=0
SLIME_CLOCK served task=3 label=44 result=211680528 live=0
SLIME_CLOCK served task=2 label=44 result=211691117 live=0
SLIME_CLOCK served task=3 label=44 result=211702420 live=0
SLIME_CLOCK served task=2 label=44 result=211713269 live=0
SLIME_CLOCK served task=3 label=44 result=211724760 live=0
SLIME_CLOCK served task=2 label=44 result=211735459 live=0
SLIME_CLOCK served task=3 label=44 result=211746827 live=0
SLIME_CLOCK served task=2 label=44 result=211757722 live=0
SLIME_CLOCK served task=3 label=44 result=211769092 live=0
SLIME_CLOCK served task=2 label=44 result=211779648 live=0
SLIME_CLOCK served task=3 label=44 result=211791194 live=0
SLIME_CLOCK served task=2 label=44 result=211802952 live=0
SLIME_CLOCK served task=3 label=44 result=211814350 live=0
SLIME_CLOCK served task=2 label=44 result=211825352 live=0
SLIME_CLOCK served task=3 label=44 result=211836698 live=0
SLIME_CLOCK served task=2 label=44 result=211847604 live=0
SLIME_CLOCK served task=3 label=44 result=211859109 live=0
SLIME_CLOCK served task=2 label=44 result=211873313 live=0
SLIME_CLOCK served task=3 label=44 result=211888686 live=0
SLIME_CLOCK served task=2 label=44 result=211903540 live=0
SLIME_CLOCK served task=3 label=44 result=211919580 live=0
SLIME_CLOCK served task=2 label=44 result=211937906 live=0
SLIME_CLOCK served task=3 label=44 result=211953112 live=0
SLIME_CLOCK served task=2 label=44 result=211965054 live=0
SLIME_CLOCK served task=3 label=44 result=211977585 live=0
SLIME_CLOCK served task=2 label=44 result=211989532 live=0
SLIME_CLOCK served task=3 label=44 result=212002106 live=0
SLIME_CLOCK served task=2 label=44 result=212015789 live=0
SLIME_CLOCK served task=3 label=44 result=212031455 live=0
SLIME_CLOCK served task=2 label=44 result=212046217 live=0
SLIME_CLOCK served task=3 label=44 result=212071864 live=0
SLIME_CLOCK served task=2 label=44 result=212087135 live=0
SLIME_CLOCK served task=3 label=44 result=212099073 live=0
SLIME_CLOCK served task=2 label=44 result=212110775 live=0
SLIME_CLOCK served task=3 label=44 result=212125090 live=0
SLIME_CLOCK served task=2 label=44 result=212135825 live=0
SLIME_CLOCK served task=3 label=44 result=212147365 live=0
SLIME_CLOCK served task=2 label=44 result=212158382 live=0
SLIME_CLOCK served task=3 label=44 result=212169770 live=0
SLIME_CLOCK served task=2 label=44 result=212180423 live=0
SLIME_CLOCK served task=3 label=44 result=212194477 live=0
SLIME_CLOCK served task=2 label=44 result=212205271 live=0
SLIME_CLOCK served task=3 label=44 result=212216501 live=0
SLIME_CLOCK served task=2 label=44 result=212227564 live=0
SLIME_CLOCK served task=3 label=44 result=212238854 live=0
SLIME_CLOCK served task=2 label=44 result=212249421 live=0
SLIME_CLOCK served task=3 label=44 result=212260614 live=0
SLIME_CLOCK served task=2 label=44 result=212271335 live=0
SLIME_CLOCK served task=3 label=44 result=212282529 live=0
SLIME_CLOCK served task=2 label=44 result=212293587 live=0
SLIME_CLOCK served task=3 label=44 result=212304864 live=0
SLIME_CLOCK served task=2 label=44 result=212316638 live=0
SLIME_CLOCK served task=3 label=44 result=212327939 live=0
SLIME_CLOCK served task=2 label=44 result=212338641 live=0
SLIME_CLOCK served task=3 label=44 result=212350312 live=0
SLIME_CLOCK served task=2 label=44 result=212360950 live=0
SLIME_CLOCK served task=3 label=44 result=212372163 live=0
SLIME_CLOCK served task=2 label=44 result=212382736 live=0
SLIME_CLOCK served task=3 label=44 result=212394079 live=0
SLIME_CLOCK served task=2 label=44 result=212404734 live=0
SLIME_CLOCK served task=3 label=44 result=212416227 live=0
SLIME_CLOCK served task=2 label=44 result=212427168 live=0
SLIME_CLOCK served task=3 label=44 result=212439587 live=0
SLIME_CLOCK served task=2 label=44 result=212450311 live=0
SLIME_CLOCK served task=3 label=44 result=212461930 live=0
SLIME_CLOCK served task=2 label=44 result=212477250 live=0
SLIME_CLOCK served task=3 label=44 result=212493109 live=0
SLIME_CLOCK served task=2 label=44 result=212508113 live=0
SLIME_CLOCK served task=3 label=44 result=212524012 live=0
SLIME_CLOCK served task=2 label=44 result=212539167 live=0
SLIME_CLOCK served task=3 label=44 result=212551201 live=0
SLIME_CLOCK served task=2 label=44 result=212560762 live=0
SLIME_CLOCK served task=3 label=44 result=212574267 live=0
SLIME_CLOCK served task=2 label=44 result=212584968 live=0
SLIME_CLOCK served task=3 label=44 result=212596434 live=0
SLIME_CLOCK served task=2 label=44 result=212608280 live=0
SLIME_CLOCK served task=3 label=44 result=212624111 live=0
SLIME_CLOCK served task=2 label=44 result=212638970 live=0
SLIME_CLOCK served task=3 label=44 result=212654725 live=0
SLIME_CLOCK served task=2 label=44 result=212669962 live=0
SLIME_CLOCK served task=3 label=44 result=212683164 live=0
SLIME_CLOCK served task=2 label=44 result=212694687 live=0
SLIME_CLOCK served task=3 label=44 result=212705800 live=0
SLIME_CLOCK served task=2 label=44 result=212716513 live=0
SLIME_CLOCK served task=3 label=44 result=212727887 live=0
SLIME_CLOCK served task=2 label=44 result=212738669 live=0
SLIME_CLOCK served task=3 label=44 result=212750041 live=0
SLIME_CLOCK served task=2 label=44 result=212761043 live=0
SLIME_CLOCK served task=3 label=44 result=212772502 live=0
SLIME_CLOCK served task=2 label=44 result=212783395 live=0
SLIME_CLOCK served task=3 label=44 result=212794763 live=0
SLIME_CLOCK served task=2 label=44 result=212805560 live=0
SLIME_CLOCK served task=3 label=44 result=212817236 live=0
SLIME_CLOCK served task=2 label=44 result=212829138 live=0
SLIME_CLOCK served task=3 label=44 result=212840437 live=0
SLIME_CLOCK served task=2 label=44 result=212851551 live=0
SLIME_CLOCK served task=3 label=44 result=212862899 live=0
SLIME_CLOCK served task=2 label=44 result=212874697 live=0
SLIME_CLOCK served task=3 label=44 result=212887367 live=0
SLIME_CLOCK served task=2 label=44 result=212899643 live=0
SLIME_CLOCK served task=3 label=44 result=212912484 live=0
SLIME_CLOCK served task=2 label=44 result=212924783 live=0
SLIME_CLOCK served task=3 label=44 result=212937430 live=0
SLIME_CLOCK served task=2 label=44 result=212950653 live=0
SLIME_CLOCK served task=3 label=44 result=212963443 live=0
SLIME_CLOCK served task=2 label=44 result=212975791 live=0
SLIME_CLOCK served task=3 label=44 result=212988454 live=0
SLIME_CLOCK served task=2 label=44 result=213000674 live=0
SLIME_CLOCK served task=3 label=44 result=213013503 live=0
SLIME_CLOCK served task=2 label=44 result=213025428 live=0
SLIME_CLOCK served task=3 label=44 result=213039900 live=0
SLIME_CLOCK served task=2 label=44 result=213057455 live=0
SLIME_CLOCK served task=3 label=44 result=213076888 live=0
SLIME_CLOCK served task=2 label=44 result=213104669 live=0
SLIME_CLOCK served task=3 label=44 result=213123135 live=0
SLIME_CLOCK served task=2 label=44 result=213139331 live=0
SLIME_CLOCK served task=3 label=44 result=213157663 live=0
SLIME_CLOCK served task=2 label=44 result=213172395 live=0
SLIME_CLOCK served task=3 label=44 result=213188075 live=0
SLIME_CLOCK served task=2 label=44 result=213214634 live=0
SLIME_CLOCK served task=3 label=44 result=213252369 live=0
SLIME_CLOCK served task=2 label=44 result=213263078 live=0
SLIME_CLOCK served task=3 label=44 result=213276929 live=0
SLIME_CLOCK served task=2 label=44 result=213291996 live=0
SLIME_CLOCK served task=3 label=44 result=213307632 live=0
SLIME_CLOCK served task=2 label=44 result=213322234 live=0
SLIME_CLOCK served task=3 label=44 result=213339292 live=0
SLIME_CLOCK served task=2 label=44 result=213354293 live=0
SLIME_CLOCK served task=3 label=44 result=213369707 live=0
SLIME_CLOCK served task=2 label=44 result=213384124 live=0
SLIME_CLOCK served task=3 label=44 result=213399804 live=0
SLIME_CLOCK served task=2 label=44 result=213414825 live=0
SLIME_CLOCK served task=3 label=44 result=213430569 live=0
SLIME_CLOCK served task=2 label=44 result=213445123 live=0
SLIME_CLOCK served task=3 label=44 result=213462063 live=0
SLIME_CLOCK served task=2 label=44 result=213476887 live=0
SLIME_CLOCK served task=3 label=44 result=213492377 live=0
SLIME_CLOCK served task=2 label=44 result=213507035 live=0
SLIME_CLOCK served task=3 label=44 result=213522402 live=0
SLIME_CLOCK served task=2 label=44 result=213537356 live=0
SLIME_CLOCK served task=3 label=44 result=213552785 live=0
SLIME_CLOCK served task=2 label=44 result=213567271 live=0
SLIME_CLOCK served task=3 label=44 result=213584532 live=0
SLIME_CLOCK served task=2 label=44 result=213599648 live=0
SLIME_CLOCK served task=3 label=44 result=213615301 live=0
SLIME_CLOCK served task=2 label=44 result=213629881 live=0
SLIME_CLOCK served task=3 label=44 result=213645981 live=0
SLIME_CLOCK served task=2 label=44 result=213661684 live=0
SLIME_CLOCK served task=3 label=44 result=213677156 live=0
SLIME_CLOCK served task=2 label=44 result=213691582 live=0
SLIME_CLOCK served task=2 label=44 result=213709133 live=0
SLIME_CLOCK served task=3 label=44 result=213729020 live=0
SLIME_CLOCK served task=2 label=44 result=213744174 live=0
SLIME_CLOCK served task=3 label=44 result=213759993 live=0
SLIME_CLOCK served task=2 label=44 result=213774832 live=0
SLIME_CLOCK served task=3 label=44 result=213787453 live=0
SLIME_CLOCK served task=2 label=44 result=213796997 live=0
SLIME_CLOCK served task=3 label=44 result=213807199 live=0
SLIME_CLOCK served task=2 label=44 result=213816752 live=0
SLIME_CLOCK served task=3 label=44 result=213826880 live=0
SLIME_CLOCK served task=2 label=44 result=213838679 live=0
SLIME_CLOCK served task=3 label=44 result=213850823 live=0
SLIME_CLOCK served task=2 label=44 result=213862507 live=0
SLIME_CLOCK served task=3 label=44 result=213875633 live=0
SLIME_CLOCK served task=2 label=44 result=213890646 live=0
SLIME_CLOCK served task=3 label=44 result=213905922 live=0
SLIME_CLOCK served task=2 label=44 result=213917952 live=0
SLIME_CLOCK served task=3 label=44 result=213929428 live=0
SLIME_CLOCK served task=2 label=44 result=213940189 live=0
SLIME_CLOCK served task=3 label=44 result=213951530 live=0
SLIME_CLOCK served task=2 label=44 result=213963990 live=0
SLIME_CLOCK served task=3 label=44 result=213975606 live=0
SLIME_CLOCK served task=2 label=44 result=213986795 live=0
SLIME_CLOCK served task=3 label=44 result=213998324 live=0
SLIME_CLOCK served task=2 label=44 result=214009973 live=0
SLIME_CLOCK served task=3 label=44 result=214021162 live=0
SLIME_CLOCK served task=2 label=44 result=214031910 live=0
SLIME_CLOCK served task=3 label=44 result=214043575 live=0
SLIME_CLOCK served task=2 label=44 result=214055582 live=0
SLIME_CLOCK served task=3 label=44 result=214068204 live=0
SLIME_CLOCK served task=2 label=44 result=214079955 live=0
SLIME_CLOCK served task=3 label=44 result=214093085 live=0
SLIME_CLOCK served task=2 label=44 result=214107602 live=0
SLIME_CLOCK served task=3 label=44 result=214119422 live=0
SLIME_CLOCK served task=2 label=44 result=214133499 live=0
SLIME_CLOCK served task=3 label=44 result=214148031 live=0
SLIME_CLOCK served task=2 label=44 result=214163206 live=0
SLIME_CLOCK served task=3 label=44 result=214178584 live=0
SLIME_CLOCK served task=2 label=44 result=214193718 live=0
SLIME_CLOCK served task=3 label=44 result=214209312 live=0
SLIME_CLOCK served task=2 label=44 result=214229309 live=0
SLIME_CLOCK served task=3 label=44 result=214247260 live=0
SLIME_CLOCK served task=2 label=44 result=214263938 live=0
SLIME_CLOCK served task=3 label=44 result=214280883 live=0
SLIME_CLOCK served task=2 label=44 result=214297103 live=0
SLIME_CLOCK served task=3 label=44 result=214310626 live=0
SLIME_CLOCK served task=2 label=44 result=214321633 live=0
SLIME_CLOCK served task=3 label=44 result=214333036 live=0
SLIME_CLOCK served task=2 label=44 result=214345663 live=0
SLIME_CLOCK served task=3 label=44 result=214357152 live=0
SLIME_CLOCK served task=2 label=44 result=214367920 live=0
SLIME_CLOCK served task=3 label=44 result=214379296 live=0
SLIME_CLOCK served task=2 label=44 result=214389914 live=0
SLIME_CLOCK served task=3 label=44 result=214401274 live=0
SLIME_CLOCK served task=2 label=44 result=214412152 live=0
SLIME_CLOCK served task=3 label=44 result=214423499 live=0
SLIME_CLOCK served task=2 label=44 result=214434267 live=0
SLIME_CLOCK served task=3 label=44 result=214445741 live=0
SLIME_CLOCK served task=2 label=44 result=214456338 live=0
SLIME_CLOCK served task=3 label=44 result=214467649 live=0
SLIME_CLOCK served task=2 label=44 result=214479948 live=0
SLIME_CLOCK served task=3 label=44 result=214491262 live=0
SLIME_CLOCK served task=2 label=44 result=214501884 live=0
SLIME_CLOCK served task=3 label=44 result=214513581 live=0
SLIME_CLOCK served task=2 label=44 result=214524181 live=0
SLIME_CLOCK served task=3 label=44 result=214535824 live=0
SLIME_CLOCK served task=2 label=44 result=214546339 live=0
SLIME_CLOCK served task=3 label=44 result=214557845 live=0
SLIME_CLOCK served task=2 label=44 result=214568287 live=0
SLIME_CLOCK served task=3 label=44 result=214579720 live=0
SLIME_CLOCK served task=2 label=44 result=214590537 live=0
SLIME_CLOCK served task=3 label=44 result=214602924 live=0
SLIME_CLOCK served task=2 label=44 result=214613583 live=0
SLIME_CLOCK served task=3 label=44 result=214624841 live=0
SLIME_CLOCK served task=2 label=44 result=214635554 live=0
SLIME_CLOCK served task=3 label=44 result=214646836 live=0
SLIME_CLOCK served task=2 label=44 result=214661174 live=0
SLIME_CLOCK served task=3 label=44 result=214679008 live=0
SLIME_CLOCK served task=2 label=44 result=214696248 live=0
SLIME_CLOCK served task=3 label=44 result=214711810 live=0
SLIME_CLOCK served task=2 label=44 result=214740351 live=0
SLIME_CLOCK served task=3 label=44 result=214761565 live=0
SLIME_CLOCK served task=2 label=44 result=214778208 live=0
SLIME_CLOCK served task=3 label=44 result=214795902 live=0
SLIME_CLOCK served task=2 label=44 result=214812962 live=0
SLIME_CLOCK served task=3 label=44 result=214830778 live=0
SLIME_CLOCK served task=2 label=44 result=214848109 live=0
SLIME_CLOCK served task=3 label=44 result=214866680 live=0
SLIME_CLOCK served task=2 label=44 result=214883676 live=0
SLIME_CLOCK served task=3 label=44 result=214901187 live=0
SLIME_CLOCK served task=2 label=44 result=214918309 live=0
SLIME_CLOCK served task=3 label=44 result=214935953 live=0
SLIME_CLOCK served task=2 label=44 result=214952596 live=0
SLIME_CLOCK served task=3 label=44 result=214970172 live=0
SLIME_CLOCK served task=2 label=44 result=214988482 live=0
SLIME_CLOCK served task=3 label=44 result=215005937 live=0
SLIME_CLOCK served task=2 label=44 result=215022445 live=0
SLIME_CLOCK served task=3 label=44 result=215040304 live=0
SLIME_CLOCK served task=2 label=44 result=215056990 live=0
SLIME_CLOCK served task=3 label=44 result=215074272 live=0
SLIME_CLOCK served task=2 label=44 result=215091234 live=0
SLIME_CLOCK served task=3 label=44 result=215110593 live=0
SLIME_CLOCK served task=2 label=44 result=215127210 live=0
SLIME_CLOCK served task=3 label=44 result=215144686 live=0
SLIME_CLOCK served task=2 label=44 result=215161576 live=0
SLIME_CLOCK served task=3 label=44 result=215180125 live=0
SLIME_CLOCK served task=2 label=44 result=215194877 live=0
SLIME_CLOCK served task=3 label=44 result=215210651 live=0
SLIME_CLOCK served task=2 label=44 result=215225658 live=0
SLIME_CLOCK served task=3 label=44 result=215247699 live=0
SLIME_CLOCK served task=2 label=44 result=215258575 live=0
SLIME_CLOCK served task=3 label=44 result=215269543 live=0
SLIME_CLOCK served task=2 label=44 result=215279598 live=0
SLIME_CLOCK served task=3 label=44 result=215290696 live=0
SLIME_CLOCK served task=2 label=44 result=215300733 live=0
SLIME_CLOCK served task=3 label=44 result=215311427 live=0
SLIME_CLOCK served task=2 label=44 result=215321482 live=0
SLIME_CLOCK served task=3 label=44 result=215332144 live=0
SLIME_CLOCK served task=2 label=44 result=215342203 live=0
SLIME_CLOCK served task=3 label=44 result=215353226 live=0
SLIME_CLOCK served task=2 label=44 result=215366593 live=0
SLIME_CLOCK served task=3 label=44 result=215378582 live=0
SLIME_CLOCK served task=2 label=44 result=215390212 live=0
SLIME_CLOCK served task=3 label=44 result=215401901 live=0
SLIME_CLOCK served task=2 label=44 result=215413443 live=0
SLIME_CLOCK served task=3 label=44 result=215425662 live=0
SLIME_CLOCK served task=2 label=44 result=215436917 live=0
SLIME_CLOCK served task=3 label=44 result=215449087 live=0
SLIME_CLOCK served task=2 label=44 result=215460178 live=0
SLIME_CLOCK served task=3 label=44 result=215472284 live=0
SLIME_CLOCK served task=2 label=44 result=215485795 live=0
SLIME_CLOCK served task=3 label=44 result=215498224 live=0
SLIME_CLOCK served task=2 label=44 result=215509844 live=0
SLIME_CLOCK served task=3 label=44 result=215521987 live=0
SLIME_CLOCK served task=2 label=44 result=215533440 live=0
SLIME_CLOCK served task=3 label=44 result=215545243 live=0
SLIME_CLOCK served task=2 label=44 result=215556750 live=0
SLIME_CLOCK served task=3 label=44 result=215568613 live=0
SLIME_CLOCK served task=2 label=44 result=215579922 live=0
SLIME_CLOCK served task=3 label=44 result=215591974 live=0
SLIME_CLOCK served task=2 label=44 result=215603722 live=0
SLIME_CLOCK served task=3 label=44 result=215617171 live=0
SLIME_CLOCK served task=2 label=44 result=215628468 live=0
SLIME_CLOCK served task=3 label=44 result=215640699 live=0
SLIME_CLOCK served task=2 label=44 result=215651962 live=0
SLIME_CLOCK served task=3 label=44 result=215664250 live=0
SLIME_CLOCK served task=2 label=44 result=215675875 live=0
SLIME_CLOCK served task=3 label=44 result=215688706 live=0
SLIME_CLOCK served task=2 label=44 result=215702000 live=0
SLIME_CLOCK served task=3 label=44 result=215712845 live=0
SLIME_CLOCK served task=2 label=44 result=215723324 live=0
SLIME_CLOCK served task=3 label=44 result=215734117 live=0
SLIME_CLOCK served task=2 label=44 result=215747930 live=0
SLIME_CLOCK served task=3 label=44 result=215760806 live=0
SLIME_CLOCK served task=2 label=44 result=215772938 live=0
SLIME_CLOCK served task=3 label=44 result=215785445 live=0
SLIME_CLOCK served task=2 label=44 result=215796470 live=0
SLIME_CLOCK served task=3 label=44 result=215808179 live=0
SLIME_CLOCK served task=2 label=44 result=215821261 live=0
SLIME_CLOCK served task=3 label=44 result=215838531 live=0
SLIME_CLOCK served task=2 label=44 result=215855280 live=0
SLIME_CLOCK served task=3 label=44 result=215874820 live=0
SLIME_CLOCK served task=2 label=44 result=215890497 live=0
SLIME_CLOCK served task=3 label=44 result=215901866 live=0
SLIME_CLOCK served task=2 label=44 result=215913152 live=0
SLIME_CLOCK served task=3 label=44 result=215924515 live=0
SLIME_CLOCK served task=2 label=44 result=215935260 live=0
SLIME_CLOCK served task=3 label=44 result=215950352 live=0
SLIME_CLOCK served task=2 label=44 result=215961982 live=0
SLIME_CLOCK served task=3 label=44 result=215974526 live=0
SLIME_CLOCK served task=2 label=44 result=215986190 live=0
SLIME_CLOCK served task=3 label=44 result=216000420 live=0
SLIME_CLOCK served task=2 label=44 result=216012292 live=0
SLIME_CLOCK served task=3 label=44 result=216025007 live=0
SLIME_CLOCK served task=2 label=44 result=216037549 live=0
SLIME_CLOCK served task=3 label=44 result=216050598 live=0
SLIME_CLOCK served task=2 label=44 result=216065596 live=0
SLIME_CLOCK served task=3 label=44 result=216082421 live=0
SLIME_CLOCK served task=2 label=44 result=216098809 live=0
SLIME_CLOCK served task=3 label=44 result=216114710 live=0
SLIME_CLOCK served task=2 label=44 result=216132375 live=0
SLIME_CLOCK served task=3 label=44 result=216149144 live=0
SLIME_CLOCK served task=2 label=44 result=216165065 live=0
SLIME_CLOCK served task=3 label=44 result=216182152 live=0
SLIME_CLOCK served task=2 label=44 result=216198458 live=0
SLIME_CLOCK served task=3 label=44 result=216215156 live=0
SLIME_CLOCK served task=2 label=44 result=216231203 live=0
SLIME_CLOCK served task=3 label=44 result=216249457 live=0
SLIME_CLOCK served task=2 label=44 result=216265554 live=0
SLIME_CLOCK served task=3 label=44 result=216281949 live=0
SLIME_CLOCK served task=2 label=44 result=216296980 live=0
SLIME_CLOCK served task=3 label=44 result=216312526 live=0
SLIME_CLOCK served task=2 label=44 result=216327874 live=0
SLIME_CLOCK served task=3 label=44 result=216344009 live=0
SLIME_CLOCK served task=2 label=44 result=216359216 live=0
SLIME_CLOCK served task=3 label=44 result=216379002 live=0
SLIME_CLOCK served task=2 label=44 result=216395830 live=0
SLIME_CLOCK served task=3 label=44 result=216412468 live=0
SLIME_CLOCK served task=2 label=44 result=216427830 live=0
SLIME_CLOCK served task=3 label=44 result=216443610 live=0
SLIME_CLOCK served task=2 label=44 result=216459000 live=0
SLIME_CLOCK served task=3 label=44 result=216475347 live=0
SLIME_CLOCK served task=2 label=44 result=216490418 live=0
SLIME_CLOCK served task=3 label=44 result=216510191 live=0
SLIME_CLOCK served task=2 label=44 result=216528041 live=0
SLIME_CLOCK served task=3 label=44 result=216546982 live=0
SLIME_CLOCK served task=2 label=44 result=216564300 live=0
SLIME_CLOCK served task=3 label=44 result=216582884 live=0
SLIME_CLOCK served task=2 label=44 result=216599951 live=0
SLIME_CLOCK served task=3 label=44 result=216616344 live=0
SLIME_CLOCK served task=2 label=44 result=216634487 live=0
SLIME_CLOCK served task=3 label=44 result=216651784 live=0
SLIME_CLOCK served task=2 label=44 result=216670596 live=0
SLIME_CLOCK served task=3 label=44 result=216689949 live=0
SLIME_CLOCK served task=2 label=44 result=216708175 live=0
SLIME_CLOCK served task=3 label=44 result=216727754 live=0
SLIME_CLOCK served task=2 label=44 result=216746201 live=0
SLIME_CLOCK served task=3 label=44 result=216765458 live=0
SLIME_CLOCK served task=2 label=44 result=216781820 live=0
SLIME_CLOCK served task=3 label=44 result=216798807 live=0
SLIME_CLOCK served task=2 label=44 result=216813718 live=0
SLIME_CLOCK served task=3 label=44 result=216830595 live=0
SLIME_CLOCK served task=2 label=44 result=216844622 live=0
SLIME_CLOCK served task=3 label=44 result=216861094 live=0
SLIME_CLOCK served task=2 label=44 result=216875884 live=0
SLIME_CLOCK served task=3 label=44 result=216908316 live=0
SLIME_CLOCK served task=2 label=44 result=216925629 live=0
SLIME_CLOCK served task=3 label=44 result=216943477 live=0
SLIME_CLOCK served task=2 label=44 result=216957477 live=0
SLIME_CLOCK served task=3 label=44 result=216968786 live=0
SLIME_CLOCK served task=2 label=44 result=216980623 live=0
SLIME_CLOCK served task=3 label=44 result=216992647 live=0
SLIME_CLOCK served task=2 label=44 result=217004089 live=0
SLIME_CLOCK served task=3 label=44 result=217017528 live=0
SLIME_CLOCK served task=2 label=44 result=217028661 live=0
SLIME_CLOCK served task=3 label=44 result=217040779 live=0
SLIME_CLOCK served task=2 label=44 result=217052063 live=0
SLIME_CLOCK served task=3 label=44 result=217064247 live=0
SLIME_CLOCK served task=2 label=44 result=217075476 live=0
SLIME_CLOCK served task=3 label=44 result=217087521 live=0
SLIME_CLOCK served task=2 label=44 result=217099199 live=0
SLIME_CLOCK served task=3 label=44 result=217111116 live=0
SLIME_CLOCK served task=2 label=44 result=217122650 live=0
SLIME_CLOCK served task=3 label=44 result=217134720 live=0
SLIME_CLOCK served task=2 label=44 result=217147637 live=0
SLIME_CLOCK served task=3 label=44 result=217160070 live=0
SLIME_CLOCK served task=2 label=44 result=217171714 live=0
SLIME_CLOCK served task=3 label=44 result=217184086 live=0
SLIME_CLOCK served task=2 label=44 result=217195704 live=0
SLIME_CLOCK served task=3 label=44 result=217207671 live=0
SLIME_CLOCK served task=2 label=44 result=217219176 live=0
SLIME_CLOCK served task=3 label=44 result=217231634 live=0
SLIME_CLOCK served task=2 label=44 result=217242905 live=0
SLIME_CLOCK served task=3 label=44 result=217254982 live=0
SLIME_CLOCK served task=2 label=44 result=217267877 live=0
SLIME_CLOCK served task=3 label=44 result=217280040 live=0
SLIME_CLOCK served task=2 label=44 result=217291789 live=0
SLIME_CLOCK served task=3 label=44 result=217304001 live=0
SLIME_CLOCK served task=2 label=44 result=217316391 live=0
SLIME_CLOCK served task=3 label=44 result=217328749 live=0
SLIME_CLOCK served task=2 label=44 result=217339906 live=0
SLIME_CLOCK served task=3 label=44 result=217353667 live=0
SLIME_CLOCK served task=2 label=44 result=217369561 live=0
SLIME_CLOCK served task=3 label=44 result=217385045 live=0
SLIME_CLOCK served task=2 label=44 result=217419960 live=0
SLIME_CLOCK served task=3 label=44 result=217444432 live=0
SLIME_CLOCK served task=2 label=44 result=217461369 live=0
SLIME_CLOCK served task=3 label=44 result=217480170 live=0
SLIME_CLOCK served task=2 label=44 result=217496002 live=0
SLIME_CLOCK served task=3 label=44 result=217512578 live=0
SLIME_CLOCK served task=2 label=44 result=217530972 live=0
SLIME_CLOCK served task=3 label=44 result=217548239 live=0
SLIME_CLOCK served task=2 label=44 result=217564371 live=0
SLIME_CLOCK served task=3 label=44 result=217582853 live=0
SLIME_CLOCK served task=2 label=44 result=217599870 live=0
SLIME_CLOCK served task=3 label=44 result=217616632 live=0
SLIME_CLOCK served task=2 label=44 result=217632420 live=0
SLIME_CLOCK served task=3 label=44 result=217651493 live=0
SLIME_CLOCK served task=2 label=44 result=217667785 live=0
SLIME_CLOCK served task=3 label=44 result=217685164 live=0
SLIME_CLOCK served task=2 label=44 result=217701156 live=0
SLIME_CLOCK served task=3 label=44 result=217717862 live=0
SLIME_CLOCK served task=2 label=44 result=217734032 live=0
SLIME_CLOCK served task=3 label=44 result=217750652 live=0
SLIME_CLOCK served task=2 label=44 result=217766708 live=0
SLIME_CLOCK served task=3 label=44 result=217785535 live=0
SLIME_CLOCK served task=2 label=44 result=217801281 live=0
SLIME_CLOCK served task=3 label=44 result=217818019 live=0
SLIME_CLOCK served task=2 label=44 result=217833758 live=0
SLIME_CLOCK served task=3 label=44 result=217850887 live=0
SLIME_CLOCK served task=2 label=44 result=217868125 live=0
SLIME_CLOCK served task=3 label=44 result=217887278 live=0
SLIME_CLOCK served task=2 label=44 result=217908276 live=0
SLIME_CLOCK served task=3 label=44 result=217927276 live=0
SLIME_CLOCK served task=2 label=44 result=217942269 live=0
SLIME_CLOCK served task=3 label=44 result=217957541 live=0
SLIME_CLOCK served task=2 label=44 result=217972314 live=0
SLIME_CLOCK served task=3 label=44 result=217988008 live=0
SLIME_CLOCK served task=2 label=44 result=218000320 live=0
SLIME_CLOCK served task=3 label=44 result=218010581 live=0
SLIME_CLOCK served task=2 label=44 result=218020279 live=0
SLIME_CLOCK served task=3 label=44 result=218034372 live=0
SLIME_CLOCK served task=2 label=44 result=218045203 live=0
SLIME_CLOCK served task=3 label=44 result=218056857 live=0
SLIME_CLOCK served task=2 label=44 result=218067828 live=0
SLIME_CLOCK served task=3 label=44 result=218079407 live=0
SLIME_CLOCK served task=2 label=44 result=218090175 live=0
SLIME_CLOCK served task=3 label=44 result=218102025 live=0
SLIME_CLOCK served task=2 label=44 result=218113034 live=0
SLIME_CLOCK served task=3 label=44 result=218124405 live=0
SLIME_CLOCK served task=2 label=44 result=218135110 live=0
SLIME_CLOCK served task=3 label=44 result=218146818 live=0
SLIME_CLOCK served task=2 label=44 result=218159030 live=0
SLIME_CLOCK served task=3 label=44 result=218170570 live=0
SLIME_CLOCK served task=2 label=44 result=218181140 live=0
SLIME_CLOCK served task=3 label=44 result=218192421 live=0
SLIME_CLOCK served task=2 label=44 result=218203241 live=0
SLIME_CLOCK served task=3 label=44 result=218214383 live=0
SLIME_CLOCK served task=2 label=44 result=218225379 live=0
SLIME_CLOCK served task=3 label=44 result=218236788 live=0
SLIME_CLOCK served task=2 label=44 result=218247704 live=0
SLIME_CLOCK served task=3 label=44 result=218258874 live=0
SLIME_CLOCK served task=2 label=44 result=218269513 live=0
SLIME_CLOCK served task=3 label=44 result=218281810 live=0
SLIME_CLOCK served task=2 label=44 result=218293023 live=0
SLIME_CLOCK served task=3 label=44 result=218304409 live=0
SLIME_CLOCK served task=2 label=44 result=218315209 live=0
SLIME_CLOCK served task=3 label=44 result=218326492 live=0
SLIME_CLOCK served task=2 label=44 result=218337385 live=0
SLIME_CLOCK served task=3 label=44 result=218349382 live=0
SLIME_CLOCK served task=2 label=44 result=218360602 live=0
SLIME_CLOCK served task=3 label=44 result=218372083 live=0
SLIME_CLOCK served task=2 label=44 result=218382792 live=0
SLIME_CLOCK served task=3 label=44 result=218394004 live=0
SLIME_CLOCK served task=2 label=44 result=218409508 live=0
SLIME_CLOCK served task=3 label=44 result=218425395 live=0
SLIME_CLOCK served task=2 label=44 result=218439969 live=0
SLIME_CLOCK served task=3 label=44 result=218454388 live=0
SLIME_CLOCK served task=2 label=44 result=218469004 live=0
SLIME_CLOCK served task=3 label=44 result=218485102 live=0
SLIME_CLOCK served task=2 label=44 result=218500106 live=0
SLIME_CLOCK served task=3 label=44 result=218516080 live=0
SLIME_CLOCK served task=2 label=44 result=218533067 live=0
SLIME_CLOCK served task=3 label=44 result=218547115 live=0
SLIME_CLOCK served task=2 label=44 result=218559083 live=0
SLIME_CLOCK served task=3 label=44 result=218570730 live=0
SLIME_CLOCK served task=2 label=44 result=218581515 live=0
SLIME_CLOCK served task=3 label=44 result=218593117 live=0
SLIME_CLOCK served task=2 label=44 result=218604207 live=0
SLIME_CLOCK served task=3 label=44 result=218615617 live=0
SLIME_CLOCK served task=2 label=44 result=218626289 live=0
SLIME_CLOCK served task=3 label=44 result=218637702 live=0
SLIME_CLOCK served task=2 label=44 result=218648483 live=0
SLIME_CLOCK served task=3 label=44 result=218660864 live=0
SLIME_CLOCK served task=2 label=44 result=218671783 live=0
SLIME_CLOCK served task=3 label=44 result=218683103 live=0
SLIME_CLOCK served task=2 label=44 result=218693721 live=0
SLIME_CLOCK served task=3 label=44 result=218705033 live=0
SLIME_CLOCK served task=2 label=44 result=218715739 live=0
SLIME_CLOCK served task=3 label=44 result=218727508 live=0
SLIME_CLOCK served task=2 label=44 result=218738029 live=0
SLIME_CLOCK served task=3 label=44 result=218749352 live=0
SLIME_CLOCK served task=2 label=44 result=218760177 live=0
SLIME_CLOCK served task=3 label=44 result=218771337 live=0
SLIME_CLOCK served task=2 label=44 result=218781883 live=0
SLIME_CLOCK served task=3 label=44 result=218794348 live=0
SLIME_CLOCK served task=2 label=44 result=218805118 live=0
SLIME_CLOCK served task=3 label=44 result=218816318 live=0
SLIME_CLOCK served task=2 label=44 result=218826901 live=0
SLIME_CLOCK served task=3 label=44 result=218838127 live=0
SLIME_CLOCK served task=2 label=44 result=218849105 live=0
SLIME_CLOCK served task=3 label=44 result=218860667 live=0
SLIME_CLOCK served task=2 label=44 result=218871318 live=0
SLIME_CLOCK served task=3 label=44 result=218882743 live=0
SLIME_CLOCK served task=2 label=44 result=218893448 live=0
SLIME_CLOCK served task=3 label=44 result=218904591 live=0
SLIME_CLOCK served task=2 label=44 result=218916469 live=0
SLIME_CLOCK served task=3 label=44 result=218931981 live=0
SLIME_CLOCK served task=2 label=44 result=218946635 live=0
SLIME_CLOCK served task=3 label=44 result=218962195 live=0
SLIME_CLOCK served task=2 label=44 result=218977261 live=0
SLIME_CLOCK served task=3 label=44 result=218993147 live=0
SLIME_CLOCK served task=2 label=44 result=219004343 live=0
SLIME_CLOCK served task=3 label=44 result=219014588 live=0
SLIME_CLOCK served task=2 label=44 result=219024231 live=0
SLIME_CLOCK served task=3 label=44 result=219034713 live=0
SLIME_CLOCK served task=2 label=44 result=219050423 live=0
SLIME_CLOCK served task=3 label=44 result=219066101 live=0
SLIME_CLOCK served task=2 label=44 result=219080943 live=0
SLIME_CLOCK served task=3 label=44 result=219096805 live=0
SLIME_CLOCK served task=2 label=44 result=219111753 live=0
SLIME_CLOCK served task=3 label=44 result=219125828 live=0
SLIME_CLOCK served task=2 label=44 result=219135474 live=0
SLIME_CLOCK served task=3 label=44 result=219146068 live=0
SLIME_CLOCK served task=2 label=44 result=219158963 live=0
SLIME_CLOCK served task=3 label=44 result=219174320 live=0
SLIME_CLOCK served task=2 label=44 result=219187760 live=0
SLIME_CLOCK served task=3 label=44 result=219201790 live=0
SLIME_CLOCK served task=2 label=44 result=219215027 live=0
SLIME_CLOCK served task=3 label=44 result=219229496 live=0
SLIME_CLOCK served task=2 label=44 result=219242772 live=0
SLIME_CLOCK served task=3 label=44 result=219256729 live=0
SLIME_CLOCK served task=2 label=44 result=219270159 live=0
SLIME_CLOCK served task=3 label=44 result=219284318 live=0
SLIME_CLOCK served task=2 label=44 result=219298692 live=0
SLIME_CLOCK served task=3 label=44 result=219312693 live=0
SLIME_CLOCK served task=2 label=44 result=219325890 live=0
SLIME_CLOCK served task=3 label=44 result=219339790 live=0
SLIME_CLOCK served task=2 label=44 result=219353259 live=0
SLIME_CLOCK served task=3 label=44 result=219367221 live=0
SLIME_CLOCK served task=2 label=44 result=219380435 live=0
SLIME_CLOCK served task=3 label=44 result=219394737 live=0
SLIME_CLOCK served task=2 label=44 result=219408130 live=0
SLIME_CLOCK served task=3 label=44 result=219423273 live=0
SLIME_CLOCK served task=2 label=44 result=219434479 live=0
SLIME_CLOCK served task=3 label=44 result=219445796 live=0
SLIME_CLOCK served task=2 label=44 result=219456684 live=0
SLIME_CLOCK served task=3 label=44 result=219467835 live=0
SLIME_CLOCK served task=2 label=44 result=219478850 live=0
SLIME_CLOCK served task=3 label=44 result=219490010 live=0
SLIME_CLOCK served task=2 label=44 result=219500621 live=0
SLIME_CLOCK served task=3 label=44 result=219511856 live=0
SLIME_CLOCK served task=2 label=44 result=219526479 live=0
SLIME_CLOCK served task=3 label=44 result=219542110 live=0
SLIME_CLOCK served task=2 label=44 result=219562431 live=0
SLIME_CLOCK served task=3 label=44 result=219578284 live=0
SLIME_CLOCK served task=2 label=44 result=219593070 live=0
SLIME_CLOCK served task=3 label=44 result=219609022 live=0
SLIME_CLOCK served task=2 label=44 result=219623658 live=0
SLIME_CLOCK served task=3 label=44 result=219639044 live=0
SLIME_CLOCK served task=2 label=44 result=219651117 live=0
SLIME_CLOCK served task=3 label=44 result=219661695 live=0
SLIME_CLOCK served task=2 label=44 result=219677278 live=0
SLIME_CLOCK served task=3 label=44 result=219688832 live=0
SLIME_CLOCK served task=2 label=44 result=219699572 live=0
SLIME_CLOCK served task=3 label=44 result=219710887 live=0
SLIME_CLOCK served task=2 label=44 result=219721989 live=0
SLIME_CLOCK served task=3 label=44 result=219733262 live=0
SLIME_CLOCK served task=2 label=44 result=219744115 live=0
SLIME_CLOCK served task=3 label=44 result=219755492 live=0
SLIME_CLOCK served task=2 label=44 result=219766534 live=0
SLIME_CLOCK served task=3 label=44 result=219777990 live=0
SLIME_CLOCK served task=2 label=44 result=219789001 live=0
SLIME_CLOCK served task=3 label=44 result=219801145 live=0
SLIME_CLOCK served task=2 label=44 result=219812146 live=0
SLIME_CLOCK served task=3 label=44 result=219823740 live=0
SLIME_CLOCK served task=2 label=44 result=219834494 live=0
SLIME_CLOCK served task=3 label=44 result=219846198 live=0
SLIME_CLOCK served task=2 label=44 result=219857050 live=0
SLIME_CLOCK served task=3 label=44 result=219868562 live=0
SLIME_CLOCK served task=2 label=44 result=219879334 live=0
SLIME_CLOCK served task=3 label=44 result=219890570 live=0
SLIME_CLOCK served task=2 label=44 result=219901548 live=0
SLIME_CLOCK served task=3 label=44 result=219913106 live=0
SLIME_CLOCK served task=2 label=44 result=219923934 live=0
SLIME_CLOCK served task=3 label=44 result=219936198 live=0
SLIME_CLOCK served task=2 label=44 result=219947090 live=0
SLIME_CLOCK served task=3 label=44 result=219958508 live=0
SLIME_CLOCK served task=2 label=44 result=219969470 live=0
SLIME_CLOCK served task=3 label=44 result=219981055 live=0
SLIME_CLOCK served task=2 label=44 result=219991842 live=0
SLIME_CLOCK served task=3 label=44 result=220003165 live=0
SLIME_CLOCK served task=2 label=44 result=220014117 live=0
SLIME_CLOCK served task=3 label=44 result=220025614 live=0
SLIME_CLOCK served task=2 label=44 result=220036663 live=0
SLIME_CLOCK served task=3 label=44 result=220051600 live=0
SLIME_CLOCK served task=2 label=44 result=220067984 live=0
SLIME_CLOCK served task=3 label=44 result=220086598 live=0
SLIME_CLOCK served task=2 label=44 result=220101344 live=0
SLIME_CLOCK served task=3 label=44 result=220117199 live=0
SLIME_CLOCK served task=2 label=44 result=220132019 live=0
SLIME_CLOCK served task=3 label=44 result=220147779 live=0
SLIME_CLOCK served task=2 label=44 result=220162282 live=0
SLIME_CLOCK served task=3 label=44 result=220172519 live=0
SLIME_CLOCK served task=2 label=44 result=220184710 live=0
SLIME_CLOCK served task=3 label=44 result=220196550 live=0
SLIME_CLOCK served task=2 label=44 result=220207351 live=0
SLIME_CLOCK served task=3 label=44 result=220218743 live=0
SLIME_CLOCK served task=2 label=44 result=220229929 live=0
SLIME_CLOCK served task=3 label=44 result=220241290 live=0
SLIME_CLOCK served task=2 label=44 result=220252005 live=0
SLIME_CLOCK served task=3 label=44 result=220263390 live=0
SLIME_CLOCK served task=2 label=44 result=220274076 live=0
SLIME_CLOCK served task=3 label=44 result=220286129 live=0
SLIME_CLOCK served task=2 label=44 result=220297205 live=0
SLIME_CLOCK served task=3 label=44 result=220309518 live=0
SLIME_CLOCK served task=2 label=44 result=220320443 live=0
SLIME_CLOCK served task=3 label=44 result=220331689 live=0
SLIME_CLOCK served task=2 label=44 result=220342553 live=0
SLIME_CLOCK served task=3 label=44 result=220354208 live=0
SLIME_CLOCK served task=2 label=44 result=220365032 live=0
SLIME_CLOCK served task=3 label=44 result=220376362 live=0
SLIME_CLOCK served task=2 label=44 result=220387186 live=0
SLIME_CLOCK served task=3 label=44 result=220398675 live=0
SLIME_CLOCK served task=2 label=44 result=220409763 live=0
SLIME_CLOCK served task=3 label=44 result=220421171 live=0
SLIME_CLOCK served task=2 label=44 result=220433436 live=0
SLIME_CLOCK served task=3 label=44 result=220445298 live=0
SLIME_CLOCK served task=2 label=44 result=220455939 live=0
SLIME_CLOCK served task=3 label=44 result=220467161 live=0
SLIME_CLOCK served task=2 label=44 result=220478330 live=0
SLIME_CLOCK served task=3 label=44 result=220489661 live=0
SLIME_CLOCK served task=2 label=44 result=220500479 live=0
SLIME_CLOCK served task=3 label=44 result=220511831 live=0
SLIME_CLOCK served task=2 label=44 result=220522547 live=0
SLIME_CLOCK served task=3 label=44 result=220534200 live=0
SLIME_CLOCK served task=2 label=44 result=220544824 live=0
SLIME_CLOCK served task=3 label=44 result=220556353 live=0
SLIME_CLOCK served task=2 label=44 result=220572366 live=0
SLIME_CLOCK served task=3 label=44 result=220588168 live=0
SLIME_CLOCK served task=2 label=44 result=220603229 live=0
SLIME_CLOCK served task=3 label=44 result=220619065 live=0
SLIME_CLOCK served task=2 label=44 result=220634052 live=0
SLIME_CLOCK served task=3 label=44 result=220647277 live=0
SLIME_CLOCK served task=2 label=44 result=220658388 live=0
SLIME_CLOCK served task=3 label=44 result=220669230 live=0
SLIME_CLOCK served task=2 label=44 result=220679521 live=0
SLIME_CLOCK served task=3 label=44 result=220693940 live=0
SLIME_CLOCK served task=2 label=44 result=220706106 live=0
SLIME_CLOCK served task=3 label=44 result=220717973 live=0
SLIME_CLOCK served task=2 label=44 result=220729537 live=0
SLIME_CLOCK served task=3 label=44 result=220744410 live=0
SLIME_CLOCK served task=2 label=44 result=220755322 live=0
SLIME_CLOCK served task=3 label=44 result=220766586 live=0
SLIME_CLOCK served task=2 label=44 result=220777411 live=0
SLIME_CLOCK served task=3 label=44 result=220788840 live=0
SLIME_CLOCK served task=2 label=44 result=220799419 live=0
SLIME_CLOCK served task=3 label=44 result=220811709 live=0
SLIME_CLOCK served task=2 label=44 result=220822628 live=0
SLIME_CLOCK served task=3 label=44 result=220834034 live=0
SLIME_CLOCK served task=2 label=44 result=220844870 live=0
SLIME_CLOCK served task=3 label=44 result=220856915 live=0
SLIME_CLOCK served task=2 label=44 result=220867727 live=0
SLIME_CLOCK served task=3 label=44 result=220879005 live=0
SLIME_CLOCK served task=2 label=44 result=220889858 live=0
SLIME_CLOCK served task=3 label=44 result=220900993 live=0
SLIME_CLOCK served task=2 label=44 result=220911910 live=0
SLIME_CLOCK served task=3 label=44 result=220923005 live=0
SLIME_CLOCK served task=2 label=44 result=220933554 live=0
SLIME_CLOCK served task=3 label=44 result=220945831 live=0
SLIME_CLOCK served task=2 label=44 result=220956394 live=0
SLIME_CLOCK served task=3 label=44 result=220967807 live=0
SLIME_CLOCK served task=2 label=44 result=220978894 live=0
SLIME_CLOCK served task=3 label=44 result=220990113 live=0
SLIME_CLOCK served task=2 label=44 result=221000721 live=0
SLIME_CLOCK served task=3 label=44 result=221012130 live=0
SLIME_CLOCK served task=2 label=44 result=221022994 live=0
SLIME_CLOCK served task=3 label=44 result=221034423 live=0
SLIME_CLOCK served task=2 label=44 result=221045049 live=0
SLIME_CLOCK served task=3 label=44 result=221056353 live=0
SLIME_CLOCK served task=2 label=44 result=221067867 live=0
SLIME_CLOCK served task=3 label=44 result=221082720 live=0
SLIME_CLOCK served task=2 label=44 result=221097369 live=0
SLIME_CLOCK served task=3 label=44 result=221113213 live=0
SLIME_CLOCK served task=2 label=44 result=221127488 live=0
SLIME_CLOCK served task=3 label=44 result=221143281 live=0
SLIME_CLOCK served task=2 label=44 result=221158423 live=0
SLIME_CLOCK served task=3 label=44 result=221174223 live=0
SLIME_CLOCK served task=2 label=44 result=221191336 live=0
SLIME_CLOCK served task=3 label=44 result=221203274 live=0
SLIME_CLOCK served task=2 label=44 result=221214098 live=0
SLIME_CLOCK served task=3 label=44 result=221225743 live=0
SLIME_CLOCK served task=2 label=44 result=221236624 live=0
SLIME_CLOCK served task=3 label=44 result=221248097 live=0
SLIME_CLOCK served task=2 label=44 result=221258747 live=0
SLIME_CLOCK served task=3 label=44 result=221270173 live=0
SLIME_CLOCK served task=2 label=44 result=221281019 live=0
SLIME_CLOCK served task=3 label=44 result=221292552 live=0
SLIME_CLOCK served task=2 label=44 result=221303332 live=0
SLIME_CLOCK served task=3 label=44 result=221314503 live=0
SLIME_CLOCK served task=2 label=44 result=221326457 live=0
SLIME_CLOCK served task=3 label=44 result=221337707 live=0
SLIME_CLOCK served task=2 label=44 result=221348808 live=0
SLIME_CLOCK served task=3 label=44 result=221360139 live=0
SLIME_CLOCK served task=2 label=44 result=221370734 live=0
SLIME_CLOCK served task=3 label=44 result=221382559 live=0
SLIME_CLOCK served task=2 label=44 result=221395977 live=0
SLIME_CLOCK served task=3 label=44 result=221407405 live=0
SLIME_CLOCK served task=2 label=44 result=221418216 live=0
SLIME_CLOCK served task=3 label=44 result=221429452 live=0
SLIME_CLOCK served task=2 label=44 result=221440024 live=0
SLIME_CLOCK served task=3 label=44 result=221452505 live=0
SLIME_CLOCK served task=2 label=44 result=221463214 live=0
SLIME_CLOCK served task=3 label=44 result=221475628 live=0
SLIME_CLOCK served task=2 label=44 result=221486743 live=0
SLIME_CLOCK served task=3 label=44 result=221498249 live=0
SLIME_CLOCK served task=2 label=44 result=221508988 live=0
SLIME_CLOCK served task=3 label=44 result=221520301 live=0
SLIME_CLOCK served task=2 label=44 result=221531272 live=0
SLIME_CLOCK served task=3 label=44 result=221542789 live=0
SLIME_CLOCK served task=2 label=44 result=221553356 live=0
SLIME_CLOCK served task=3 label=44 result=221564748 live=0
SLIME_CLOCK served task=2 label=44 result=221576578 live=0
SLIME_CLOCK served task=3 label=44 result=221592369 live=0
SLIME_CLOCK served task=2 label=44 result=221607197 live=0
SLIME_CLOCK served task=3 label=44 result=221623111 live=0
SLIME_CLOCK served task=2 label=44 result=221637570 live=0
SLIME_CLOCK served task=3 label=44 result=221653514 live=0
SLIME_CLOCK served task=2 label=44 result=221668621 live=0
SLIME_CLOCK served task=3 label=44 result=221684511 live=0
SLIME_CLOCK served task=2 label=44 result=221702421 live=0
SLIME_CLOCK served task=3 label=44 result=221720088 live=0
SLIME_CLOCK served task=2 label=44 result=221732170 live=0
SLIME_CLOCK served task=3 label=44 result=221744159 live=0
SLIME_CLOCK served task=2 label=44 result=221754918 live=0
SLIME_CLOCK served task=3 label=44 result=221766173 live=0
SLIME_CLOCK served task=2 label=44 result=221777274 live=0
SLIME_CLOCK served task=3 label=44 result=221788801 live=0
SLIME_CLOCK served task=2 label=44 result=221799563 live=0
SLIME_CLOCK served task=3 label=44 result=221810986 live=0
SLIME_CLOCK served task=2 label=44 result=221822890 live=0
SLIME_CLOCK served task=3 label=44 result=221834196 live=0
SLIME_CLOCK served task=2 label=44 result=221845028 live=0
SLIME_CLOCK served task=3 label=44 result=221856394 live=0
SLIME_CLOCK served task=2 label=44 result=221867047 live=0
SLIME_CLOCK served task=3 label=44 result=221878309 live=0
SLIME_CLOCK served task=2 label=44 result=221889057 live=0
SLIME_CLOCK served task=3 label=44 result=221900319 live=0
SLIME_CLOCK served task=2 label=44 result=221911658 live=0
SLIME_CLOCK served task=3 label=44 result=221923106 live=0
SLIME_CLOCK served task=2 label=44 result=221933905 live=0
SLIME_CLOCK served task=3 label=44 result=221945323 live=0
SLIME_CLOCK served task=2 label=44 result=221957403 live=0
SLIME_CLOCK served task=3 label=44 result=221968853 live=0
SLIME_CLOCK served task=2 label=44 result=221980105 live=0
SLIME_CLOCK served task=3 label=44 result=221991446 live=0
SLIME_CLOCK served task=2 label=44 result=222002326 live=0
SLIME_CLOCK served task=3 label=44 result=222013570 live=0
SLIME_CLOCK served task=2 label=44 result=222024366 live=0
SLIME_CLOCK served task=3 label=44 result=222035786 live=0
SLIME_CLOCK served task=2 label=44 result=222046504 live=0
SLIME_CLOCK served task=3 label=44 result=222057751 live=0
SLIME_CLOCK served task=2 label=44 result=222068469 live=0
SLIME_CLOCK served task=3 label=44 result=222081154 live=0
SLIME_CLOCK served task=2 label=44 result=222091937 live=0
SLIME_CLOCK served task=3 label=44 result=222106691 live=0
SLIME_CLOCK served task=2 label=44 result=222120620 live=0
SLIME_CLOCK served task=3 label=44 result=222136423 live=0
SLIME_CLOCK served task=2 label=44 result=222151310 live=0
SLIME_CLOCK served task=3 label=44 result=222167404 live=0
SLIME_CLOCK served task=2 label=44 result=222182267 live=0
SLIME_CLOCK served task=3 label=44 result=222194767 live=0
SLIME_CLOCK served task=2 label=44 result=222206787 live=0
SLIME_CLOCK served task=3 label=44 result=222218288 live=0
SLIME_CLOCK served task=2 label=44 result=222229190 live=0
SLIME_CLOCK served task=3 label=44 result=222240427 live=0
SLIME_CLOCK served task=2 label=44 result=222250988 live=0
SLIME_CLOCK served task=3 label=44 result=222265140 live=0
SLIME_CLOCK served task=2 label=44 result=222280409 live=0
SLIME_CLOCK served task=3 label=44 result=222296665 live=0
SLIME_CLOCK served task=2 label=44 result=222311729 live=0
SLIME_CLOCK served task=3 label=44 result=222329612 live=0
SLIME_CLOCK served task=2 label=44 result=222341086 live=0
SLIME_CLOCK served task=3 label=44 result=222352809 live=0
SLIME_CLOCK served task=2 label=44 result=222363688 live=0
SLIME_CLOCK served task=3 label=44 result=222378762 live=0
SLIME_CLOCK served task=2 label=44 result=222393540 live=0
SLIME_CLOCK served task=3 label=44 result=222409077 live=0
SLIME_CLOCK served task=2 label=44 result=222423826 live=0
SLIME_CLOCK served task=3 label=44 result=222439362 live=0
SLIME_CLOCK served task=2 label=44 result=222454420 live=0
SLIME_CLOCK served task=3 label=44 result=222470006 live=0
SLIME_CLOCK served task=2 label=44 result=222484187 live=0
SLIME_CLOCK served task=3 label=44 result=222498925 live=0
SLIME_CLOCK served task=2 label=44 result=222513705 live=0
SLIME_CLOCK served task=3 label=44 result=222528811 live=0
SLIME_CLOCK served task=2 label=44 result=222543074 live=0
SLIME_CLOCK served task=3 label=44 result=222558084 live=0
SLIME_CLOCK served task=2 label=44 result=222572688 live=0
SLIME_CLOCK served task=3 label=44 result=222588778 live=0
SLIME_CLOCK served task=2 label=44 result=222603216 live=0
SLIME_CLOCK served task=3 label=44 result=222618547 live=0
SLIME_CLOCK served task=2 label=44 result=222630656 live=0
SLIME_CLOCK served task=3 label=44 result=222641972 live=0
SLIME_CLOCK served task=2 label=44 result=222652901 live=0
SLIME_CLOCK served task=3 label=44 result=222664433 live=0
SLIME_CLOCK served task=2 label=44 result=222675292 live=0
SLIME_CLOCK served task=3 label=44 result=222686466 live=0
SLIME_CLOCK served task=2 label=44 result=222697137 live=0
SLIME_CLOCK served task=3 label=44 result=222709254 live=0
SLIME_CLOCK served task=2 label=44 result=222719994 live=0
SLIME_CLOCK served task=3 label=44 result=222734402 live=0
SLIME_CLOCK served task=2 label=44 result=222749983 live=0
SLIME_CLOCK served task=3 label=44 result=222767358 live=0
SLIME_CLOCK served task=2 label=44 result=222784291 live=0
SLIME_CLOCK served task=3 label=44 result=222802366 live=0
SLIME_CLOCK served task=2 label=44 result=222817079 live=0
SLIME_CLOCK served task=3 label=44 result=222828448 live=0
SLIME_CLOCK served task=2 label=44 result=222840351 live=0
SLIME_CLOCK served task=3 label=44 result=222855379 live=0
SLIME_CLOCK served task=2 label=44 result=222870099 live=0
SLIME_CLOCK served task=3 label=44 result=222885538 live=0
SLIME_CLOCK served task=2 label=44 result=222900715 live=0
SLIME_CLOCK served task=3 label=44 result=222916584 live=0
SLIME_CLOCK served task=2 label=44 result=222931048 live=0
SLIME_CLOCK served task=3 label=44 result=222942435 live=0
SLIME_CLOCK served task=2 label=44 result=222952062 live=0
SLIME_CLOCK served task=3 label=44 result=222964564 live=0
SLIME_CLOCK served task=2 label=44 result=222975910 live=0
SLIME_CLOCK served task=3 label=44 result=222987074 live=0
SLIME_CLOCK served task=2 label=44 result=222997822 live=0
SLIME_CLOCK served task=3 label=44 result=223009213 live=0
SLIME_CLOCK served task=2 label=44 result=223019890 live=0
SLIME_CLOCK served task=3 label=44 result=223031521 live=0
SLIME_CLOCK served task=2 label=44 result=223042712 live=0
SLIME_CLOCK served task=3 label=44 result=223054161 live=0
SLIME_CLOCK served task=2 label=44 result=223064815 live=0
SLIME_CLOCK served task=3 label=44 result=223076157 live=0
SLIME_CLOCK served task=2 label=44 result=223087109 live=0
SLIME_CLOCK served task=3 label=44 result=223099704 live=0
SLIME_CLOCK served task=2 label=44 result=223110469 live=0
SLIME_CLOCK served task=3 label=44 result=223121669 live=0
SLIME_CLOCK served task=2 label=44 result=223132324 live=0
SLIME_CLOCK served task=3 label=44 result=223143765 live=0
SLIME_CLOCK served task=2 label=44 result=223154455 live=0
SLIME_CLOCK served task=3 label=44 result=223166324 live=0
SLIME_CLOCK served task=2 label=44 result=223176990 live=0
SLIME_CLOCK served task=3 label=44 result=223191935 live=0
SLIME_CLOCK served task=2 label=44 result=223207706 live=0
SLIME_CLOCK served task=3 label=44 result=223220559 live=0
SLIME_CLOCK served task=2 label=44 result=223231402 live=0
SLIME_CLOCK served task=3 label=44 result=223242587 live=0
SLIME_CLOCK served task=2 label=44 result=223254741 live=0
SLIME_CLOCK served task=3 label=44 result=223268134 live=0
SLIME_CLOCK served task=2 label=44 result=223278873 live=0
SLIME_CLOCK served task=3 label=44 result=223290371 live=0
SLIME_CLOCK served task=2 label=44 result=223300953 live=0
SLIME_CLOCK served task=3 label=44 result=223312111 live=0
SLIME_CLOCK served task=2 label=44 result=223322918 live=0
SLIME_CLOCK served task=3 label=44 result=223334435 live=0
SLIME_CLOCK served task=2 label=44 result=223346627 live=0
SLIME_CLOCK served task=3 label=44 result=223358006 live=0
SLIME_CLOCK served task=2 label=44 result=223368804 live=0
SLIME_CLOCK served task=3 label=44 result=223380111 live=0
SLIME_CLOCK served task=2 label=44 result=223390782 live=0
SLIME_CLOCK served task=3 label=44 result=223402083 live=0
SLIME_CLOCK served task=2 label=44 result=223413128 live=0
SLIME_CLOCK served task=3 label=44 result=223424500 live=0
SLIME_CLOCK served task=2 label=44 result=223435320 live=0
SLIME_CLOCK served task=3 label=44 result=223446579 live=0
SLIME_CLOCK served task=2 label=44 result=223457223 live=0
SLIME_CLOCK served task=3 label=44 result=223469933 live=0
SLIME_CLOCK served task=2 label=44 result=223483935 live=0
SLIME_CLOCK served task=3 label=44 result=223495463 live=0
SLIME_CLOCK served task=2 label=44 result=223506067 live=0
SLIME_CLOCK served task=3 label=44 result=223517453 live=0
SLIME_CLOCK served task=2 label=44 result=223528295 live=0
SLIME_CLOCK served task=3 label=44 result=223539983 live=0
SLIME_CLOCK served task=2 label=44 result=223550696 live=0
SLIME_CLOCK served task=3 label=44 result=223563229 live=0
SLIME_CLOCK served task=2 label=44 result=223573967 live=0
SLIME_CLOCK served task=3 label=44 result=223585306 live=0
SLIME_CLOCK served task=2 label=44 result=223597545 live=0
SLIME_CLOCK served task=3 label=44 result=223610174 live=0
SLIME_CLOCK served task=2 label=44 result=223624411 live=0
SLIME_CLOCK served task=3 label=44 result=223640270 live=0
SLIME_CLOCK served task=2 label=44 result=223655529 live=0
SLIME_CLOCK served task=3 label=44 result=223671853 live=0
SLIME_CLOCK served task=2 label=44 result=223686553 live=0
SLIME_CLOCK served task=3 label=44 result=223696835 live=0
SLIME_CLOCK served task=2 label=44 result=223706511 live=0
SLIME_CLOCK served task=3 label=44 result=223716756 live=0
SLIME_CLOCK served task=2 label=44 result=223730275 live=0
SLIME_CLOCK served task=3 label=44 result=223741787 live=0
SLIME_CLOCK served task=2 label=44 result=223752604 live=0
SLIME_CLOCK served task=3 label=44 result=223764966 live=0
SLIME_CLOCK served task=2 label=44 result=223779372 live=0
SLIME_CLOCK served task=3 label=44 result=223795526 live=0
SLIME_CLOCK served task=2 label=44 result=223810494 live=0
SLIME_CLOCK served task=3 label=44 result=223826420 live=0
SLIME_CLOCK served task=2 label=44 result=223841604 live=0
SLIME_CLOCK served task=3 label=44 result=223856476 live=0
SLIME_CLOCK served task=2 label=44 result=223869716 live=0
SLIME_CLOCK served task=3 label=44 result=223885327 live=0
SLIME_CLOCK served task=2 label=44 result=223899931 live=0
SLIME_CLOCK served task=3 label=44 result=223915646 live=0
SLIME_CLOCK served task=2 label=44 result=223929849 live=0
SLIME_CLOCK served task=3 label=44 result=223945227 live=0
SLIME_CLOCK served task=2 label=44 result=223958575 live=0
SLIME_CLOCK served task=3 label=44 result=223971207 live=0
SLIME_CLOCK served task=2 label=44 result=223984238 live=0
SLIME_CLOCK served task=3 label=44 result=223995612 live=0
SLIME_CLOCK served task=2 label=44 result=224006434 live=0
SLIME_CLOCK served task=3 label=44 result=224017856 live=0
SLIME_CLOCK served task=2 label=44 result=224028626 live=0
SLIME_CLOCK served task=3 label=44 result=224040167 live=0
SLIME_CLOCK served task=2 label=44 result=224050886 live=0
SLIME_CLOCK served task=3 label=44 result=224062081 live=0
SLIME_CLOCK served task=2 label=44 result=224072721 live=0
SLIME_CLOCK served task=3 label=44 result=224083977 live=0
SLIME_CLOCK served task=2 label=44 result=224094821 live=0
SLIME_CLOCK served task=3 label=44 result=224107420 live=0
SLIME_CLOCK served task=2 label=44 result=224118254 live=0
SLIME_CLOCK served task=3 label=44 result=224129528 live=0
SLIME_CLOCK served task=2 label=44 result=224140182 live=0
SLIME_CLOCK served task=3 label=44 result=224151410 live=0
SLIME_CLOCK served task=2 label=44 result=224162545 live=0
SLIME_CLOCK served task=3 label=44 result=224174044 live=0
SLIME_CLOCK served task=2 label=44 result=224184750 live=0
SLIME_CLOCK served task=3 label=44 result=224196076 live=0
SLIME_CLOCK served task=2 label=44 result=224206807 live=0
SLIME_CLOCK served task=3 label=44 result=224218281 live=0
SLIME_CLOCK served task=2 label=44 result=224230128 live=0
SLIME_CLOCK served task=3 label=44 result=224241398 live=0
SLIME_CLOCK served task=2 label=44 result=224252113 live=0
SLIME_CLOCK served task=3 label=44 result=224263396 live=0
SLIME_CLOCK served task=2 label=44 result=224273979 live=0
SLIME_CLOCK served task=3 label=44 result=224285652 live=0
SLIME_CLOCK served task=2 label=44 result=224296535 live=0
SLIME_CLOCK served task=3 label=44 result=224307778 live=0
SLIME_CLOCK served task=2 label=44 result=224318475 live=0
SLIME_CLOCK served task=3 label=44 result=224329930 live=0
SLIME_CLOCK served task=2 label=44 result=224340712 live=0
SLIME_CLOCK served task=3 label=44 result=224356185 live=0
SLIME_CLOCK served task=2 label=44 result=224372654 live=0
SLIME_CLOCK served task=3 label=44 result=224389097 live=0
SLIME_CLOCK served task=2 label=44 result=224404847 live=0
SLIME_CLOCK served task=3 label=44 result=224422155 live=0
SLIME_CLOCK served task=2 label=44 result=224437916 live=0
SLIME_CLOCK served task=3 label=44 result=224454823 live=0
SLIME_CLOCK served task=2 label=44 result=224470343 live=0
SLIME_CLOCK served task=3 label=44 result=224489818 live=0
SLIME_CLOCK served task=2 label=44 result=224506878 live=0
SLIME_CLOCK served task=3 label=44 result=224524867 live=0
SLIME_CLOCK served task=2 label=44 result=224542327 live=0
SLIME_CLOCK served task=3 label=44 result=224561428 live=0
SLIME_CLOCK served task=2 label=44 result=224578738 live=0
SLIME_CLOCK served task=3 label=44 result=224597423 live=0
SLIME_CLOCK served task=2 label=44 result=224615317 live=0
SLIME_CLOCK served task=3 label=44 result=224633522 live=0
SLIME_CLOCK served task=2 label=44 result=224650665 live=0
SLIME_CLOCK served task=3 label=44 result=224668921 live=0
SLIME_CLOCK served task=2 label=44 result=224686016 live=0
SLIME_CLOCK served task=3 label=44 result=224704863 live=0
SLIME_CLOCK served task=2 label=44 result=224722671 live=0
SLIME_CLOCK served task=3 label=44 result=224742235 live=0
SLIME_CLOCK served task=2 label=44 result=224759357 live=0
SLIME_CLOCK served task=3 label=44 result=224777285 live=0
SLIME_CLOCK served task=2 label=44 result=224794566 live=0
SLIME_CLOCK served task=3 label=44 result=224812782 live=0
SLIME_CLOCK served task=2 label=44 result=224829960 live=0
SLIME_CLOCK served task=3 label=44 result=224848356 live=0
SLIME_CLOCK served task=2 label=44 result=224870364 live=0
SLIME_CLOCK served task=3 label=44 result=224891169 live=0
SLIME_CLOCK served task=2 label=44 result=224911653 live=0
SLIME_CLOCK served task=3 label=44 result=224931762 live=0
SLIME_CLOCK served task=2 label=44 result=224951613 live=0
SLIME_CLOCK served task=3 label=44 result=224973812 live=0
SLIME_CLOCK served task=2 label=44 result=224999260 live=0
SLIME_CLOCK served task=3 label=44 result=225020477 live=0
SLIME_CLOCK served task=2 label=44 result=225039557 live=0
SLIME_CLOCK served task=3 label=44 result=225058720 live=0
SLIME_CLOCK served task=2 label=44 result=225076697 live=0
SLIME_CLOCK served task=3 label=44 result=225096081 live=0
SLIME_CLOCK served task=2 label=44 result=225116950 live=0
SLIME_CLOCK served task=3 label=44 result=225139008 live=0
SLIME_CLOCK served task=2 label=44 result=225157588 live=0
SLIME_CLOCK served task=3 label=44 result=225175154 live=0
SLIME_CLOCK served task=2 label=44 result=225191424 live=0
SLIME_CLOCK served task=3 label=44 result=225207432 live=0
SLIME_CLOCK served task=2 label=44 result=225224115 live=0
SLIME_CLOCK served task=3 label=44 result=225240967 live=0
SLIME_CLOCK served task=2 label=44 result=225258605 live=0
SLIME_CLOCK served task=3 label=44 result=225275147 live=0
SLIME_CLOCK served task=2 label=44 result=225292110 live=0
SLIME_CLOCK served task=3 label=44 result=225309805 live=0
SLIME_CLOCK served task=2 label=44 result=225325764 live=0
SLIME_CLOCK served task=3 label=44 result=225342429 live=0
SLIME_CLOCK served task=2 label=44 result=225358754 live=0
SLIME_CLOCK served task=3 label=44 result=225377157 live=0
SLIME_CLOCK served task=2 label=44 result=225392630 live=0
[io-tcp-probe] held ms=3000
[io-tcp-probe] closed capabilities=1 shutdown=1
SLIME_GRAPH component exit task=2 status=0
SLIME_CLOCK teardown task=2 before=0 live=0
SLIME_LIFECYCLE terminated task=2 instance=2 cause=exit
SLIME_GRAPH holder reclaimed task=2 charges=9 actions=12
SLIME_GRAPH quota released task=2 live=2
SLIME_ROOT reclaim census task=2 slots=521907 bytes=1580575088 live_objects=269 extent_reuses=0
SLIME_CLOCK served task=3 label=44 result=225814511 live=0
[network-service] link frames total=49 tx=22 rx=27 arp=4 icmp=10 tcp=35 other=0
[network-service] link statistics tx=22 rx=27
[network-service] tcp sockets opened=2 established=1 reset=1 bytes-tx=4096 bytes-rx=4096
[virtio-net-driver] rx drained=27 replenished=31 stalled=0 tx-stalled=0 device-refused=0
[virtio-net-driver] coalesced pass tx=4 rx=4 drained=all remaining-tx=0
[virtio-net-driver] reset settled tx=0 rx=4 leases=4
[virtio-net-driver] restart reclaimed dma=0 requests=0 leases=0 mmio=1 irq=1
[virtio-net-driver] fresh epoch old=1 new=2
SLIME_GRAPH component exit task=4 status=0
SLIME_CLOCK teardown task=4 before=0 live=0
SLIME_LIFECYCLE terminated task=4 instance=4 cause=exit
SLIME_IO reclaim task=4 pre_mmio_bytes=0 pre_mmio_mappings=0 pre_irq_sources=0 pre_dma_pages=4 pre_dma_mappings=2 pre_requests=0 reclaimed_mmio_bytes=0 reclaimed_mmio_mappings=0 reclaimed_irq_sources=0 reclaimed_dma_pages=4 reclaimed_dma_mappings=2 settled_requests=0 post_mmio_bytes=0 post_mmio_mappings=0 post_irq_sources=0 post_dma_pages=0 post_dma_mappings=0 post_requests=0 actions=2 fresh_epoch=2
SLIME_GRAPH holder reclaimed task=4 charges=2 actions=2
SLIME_GRAPH quota released task=4 live=1
SLIME_ROOT reclaim census task=4 slots=521988 bytes=1580575088 live_objects=201 extent_reuses=0
[network-service] link released
[network-service] observed requests=24 packets=4 socket_refusals=0 listener_refusals=0 dns_refusals=0 cross_holder_refusals=1
SLIME_GRAPH component exit task=3 status=0
SLIME_CLOCK teardown task=3 before=0 live=0
SLIME_LIFECYCLE terminated task=3 instance=3 cause=exit
SLIME_GRAPH holder reclaimed task=3 charges=20 actions=30
SLIME_GRAPH quota released task=3 live=0
SLIME_ROOT reclaim census task=3 slots=522092 bytes=1580575088 live_objects=106 extent_reuses=0
SLIME_ROOT allocator quiescent live_slots=104 live_objects=106 live_bytes=2726160
SLIME_GRAPH served live=0 unsupported=0 buffers=26 windows=0 tasks=0
SLIME_GRAPH tasks reclaimed live=0 slots=384
SLIME_GRAPH native task_caps=0 exports=0 tickets=0
SLIME_GRAPH capabilities exports=13 imports=13 cancels=0 finalized=13 outstanding=0 tickets=0
SLIME_GRAPH loans served=18 loans=0 mappings=0 regions=0 orphans=0 quota=0
SLIME_GRAPH spawns served=0 drops=0 terminated=5
SLIME_ROOT allocator live_slots=104 free_slots=522092 live_objects=106 live_bytes=2726160 mapped_ram=0 reusable_ram=2359296 reusable_private_ram=0 allocation_descriptors_free=265272 extent_descriptors_free=1067 slot_reuses=72 extent_reuses=0
SLIME_GRAPH HEALTHY generation=54 required=5 live=0 completed=5 failed=0
[peer] received 22 (arp-reply=2, icmp-echo-reply=5, tcp=15); sent 29
