seL4 kernel loader | INFO   Starting loader
seL4 kernel loader | DEBUG  Platform info: PlatformInfo {
    memory: [
        0x60000000..0x80000000,
    ],
    devices: [
        0x0..0x8000000,
        0x8001000..0x8010000,
        0x8011000..0x8030000,
        0x8031000..0x60000000,
        0x80000000..0x10000000000,
    ],
}
seL4 kernel loader | DEBUG  Loader footprint: 0x60280000..0x603f6f00
seL4 kernel loader | DEBUG  Payload info: ArchivedPayloadInfo {
    kernel_entry: 0x8060000000,
    user_image: ArchivedUserImageInfo {
        ui_p_reg_start: 0x7fbfc000,
        ui_p_reg_end: 0x80000000,
        pv_offset: 0x7f9fc000,
        v_entry: 0x2d6d6c,
    },
    dtb: Some(
        ArchivedDtbInfo {
            addr_p: 0x7fbfa000,
            size: 0x1e84,
        },
    ),
}
seL4 kernel loader | DEBUG  Payload regions:
seL4 kernel loader | DEBUG      0x60000000 (filesz = 0x240000, memsz = 0x311a0)
seL4 kernel loader | DEBUG      0x7fbfc000 (filesz = 0x121270, memsz = 0x121270)
seL4 kernel loader | DEBUG      0x7fd1e270 (filesz = 0x2e1068, memsz = 0x8990)
seL4 kernel loader | DEBUG      0x7fbfa000 (filesz = 0x1e84, memsz = 0x1e84)
seL4 kernel loader | DEBUG  Copying payload data
seL4 kernel loader | INFO   Entering kernel
Bootstrapping kernel
Warning: Could not infer GIC interrupt target ID, assuming 0.
Available phys memory regions: 1
  [60000000..80000000)
Reserved virt address space regions: 3
  [8060000000..8060240000)
  [807fbfa000..807fbfbe84)
  [807fbfc000..8080000000)
Booting all finished, dropped to user space
SLIME_ROOT allocator slots=2984 untypeds=27 bytes=530180464
SLIME_TIMER acquired irq=30 freq_hz=62500000
SLIME_TIMER delivered badge=0x1 polls=7688
SLIME_TIMER serviced events=1 programming=Disarm
SLIME_TIMER advanced start=15747871 end=16404710 delta=656839
SLIME_TIMER OK
SLIME_FOUNDATION frames independent objects_delta=2 slots_delta=2 bytes_delta=8192 caps_deleted=2
SLIME_ROOT io authority inventory devices=1 mode=userspace
SLIME_ROOT plan slots required=621 available=2975
SLIME_ROOT generation admitted number=54 executables=5 instances=5 grants=9 health=5 bootstrap=1
SLIME_ROOT fabric graph=absent schemas=0 routes=0 participants=0 interpositions=0
SLIME_ROOT authority manifest=[0f, e4, bf, 8e, b5, 0f, 94, 24, 37, 62, 58, 7a, e3, 72, b7, 84, 13, 1e, 7e, f8, 0e, 82, d8, 25, 69, 19, 5f, 03, 61, 12, 44, 5a]
SLIME_ROOT graph admitted executables=5 instances=5 slimecm=0 elf=5 unrecognized=0
SLIME_MEM budget holders=0 declared=0
SLIME_CLOCK authority holders=2 timer_quota=0
SLIME_WAIT sources declared=0 resource=1
SLIME_GRAPH schedule instance=init priority=254 default=254
SLIME_GRAPH threads instance=init count=1
[0m[1m<<[0m[32mseL4(CPU 0)[0m[1m [decodeCNodeInvocation/107 T0x807fbeb400 "rootserver" @318b54]: CNode Copy/Mint/Move/Mutate: Source slot invalid or empty.>>[0m
[0m[1m<<[0m[32mseL4(CPU 0)[0m[1m [decodeCNodeInvocation/95 T0x807fbeb400 "rootserver" @318b54]: CNode Copy/Mint/Move/Mutate: Destination not empty.>>[0m
[0m[1m<<[0m[32mseL4(CPU 0)[0m[1m [decodeCNodeInvocation/95 T0x807fbeb400 "rootserver" @318b54]: CNode Copy/Mint/Move/Mutate: Destination not empty.>>[0m
[0m[1m<<[0m[32mseL4(CPU 0)[0m[1m [decodeCNodeInvocation/95 T0x807fbeb400 "rootserver" @318b54]: CNode Copy/Mint/Move/Mutate: Destination not empty.>>[0m
[0m[1m<<[0m[32mseL4(CPU 0)[0m[1m [decodeCNodeInvocation/95 T0x807fbeb400 "rootserver" @318b54]: CNode Copy/Mint/Move/Mutate: Destination not empty.>>[0m
[0m[1m<<[0m[32mseL4(CPU 0)[0m[1m [decodeCNodeInvocation/107 T0x807fbeb400 "rootserver" @318b54]: CNode Copy/Mint/Move/Mutate: Source slot invalid or empty.>>[0m
[0m[1m<<[0m[32mseL4(CPU 0)[0m[1m [decodeCNodeInvocation/107 T0x807fbeb400 "rootserver" @318b54]: CNode Copy/Mint/Move/Mutate: Source slot invalid or empty.>>[0m
[0m[1m<<[0m[32mseL4(CPU 0)[0m[1m [decodeCNodeInvocation/107 T0x807fbeb400 "rootserver" @318b54]: CNode Copy/Mint/Move/Mutate: Source slot invalid or empty.>>[0m
[0m[1m<<[0m[32mseL4(CPU 0)[0m[1m [decodeCNodeInvocation/107 T0x807fbeb400 "rootserver" @318b54]: CNode Copy/Mint/Move/Mutate: Source slot invalid or empty.>>[0m
[0m[1m<<[0m[32mseL4(CPU 0)[0m[1m [decodeCNodeInvocation/107 T0x807fbeb400 "rootserver" @318b54]: CNode Copy/Mint/Move/Mutate: Source slot invalid or empty.>>[0m
[0m[1m<<[0m[32mseL4(CPU 0)[0m[1m [decodeCNodeInvocation/107 T0x807fbeb400 "rootserver" @318b54]: CNode Copy/Mint/Move/Mutate: Source slot invalid or empty.>>[0m
[0m[1m<<[0m[32mseL4(CPU 0)[0m[1m [decodeCNodeInvocation/107 T0x807fbeb400 "rootserver" @318b54]: CNode Copy/Mint/Move/Mutate: Source slot invalid or empty.>>[0m
[0m[1m<<[0m[32mseL4(CPU 0)[0m[1m [decodeCNodeInvocation/107 T0x807fbeb400 "rootserver" @318b54]: CNode Copy/Mint/Move/Mutate: Source slot invalid or empty.>>[0m
[0m[1m<<[0m[32mseL4(CPU 0)[0m[1m [decodeCNodeInvocation/107 T0x807fbeb400 "rootserver" @318b54]: CNode Copy/Mint/Move/Mutate: Source slot invalid or empty.>>[0m
[0m[1m<<[0m[32mseL4(CPU 0)[0m[1m [decodeCNodeInvocation/107 T0x807fbeb400 "rootserver" @318b54]: CNode Copy/Mint/Move/Mutate: Source slot invalid or empty.>>[0m
[0m[1m<<[0m[32mseL4(CPU 0)[0m[1m [decodeCNodeInvocation/107 T0x807fbeb400 "rootserver" @318b54]: CNode Copy/Mint/Move/Mutate: Source slot invalid or empty.>>[0m
[0m[1m<<[0m[32mseL4(CPU 0)[0m[1m [decodeCNodeInvocation/107 T0x807fbeb400 "rootserver" @318b54]: CNode Copy/Mint/Move/Mutate: Source slot invalid or empty.>>[0m
[0m[1m<<[0m[32mseL4(CPU 0)[0m[1m [decodeCNodeInvocation/107 T0x807fbeb400 "rootserver" @318b54]: CNode Copy/Mint/Move/Mutate: Source slot invalid or empty.>>[0m
[0m[1m<<[0m[32mseL4(CPU 0)[0m[1m [decodeCNodeInvocation/107 T0x807fbeb400 "rootserver" @318b54]: CNode Copy/Mint/Move/Mutate: Source slot invalid or empty.>>[0m
[0m[1m<<[0m[32mseL4(CPU 0)[0m[1m [decodeCNodeInvocation/107 T0x807fbeb400 "rootserver" @318b54]: CNode Copy/Mint/Move/Mutate: Source slot invalid or empty.>>[0m
[0m[1m<<[0m[32mseL4(CPU 0)[0m[1m [decodeCNodeInvocation/107 T0x807fbeb400 "rootserver" @318b54]: CNode Copy/Mint/Move/Mutate: Source slot invalid or empty.>>[0m
[0m[1m<<[0m[32mseL4(CPU 0)[0m[1m [decodeCNodeInvocation/107 T0x807fbeb400 "rootserver" @318b54]: CNode Copy/Mint/Move/Mutate: Source slot invalid or empty.>>[0m
[0m[1m<<[0m[32mseL4(CPU 0)[0m[1m [decodeCNodeInvocation/107 T0x807fbeb400 "rootserver" @318b54]: CNode Copy/Mint/Move/Mutate: Source slot invalid or empty.>>[0m
[0m[1m<<[0m[32mseL4(CPU 0)[0m[1m [decodeCNodeInvocation/107 T0x807fbeb400 "rootserver" @318b54]: CNode Copy/Mint/Move/Mutate: Source slot invalid or empty.>>[0m
[0m[1m<<[0m[32mseL4(CPU 0)[0m[1m [decodeCNodeInvocation/107 T0x807fbeb400 "rootserver" @318b54]: CNode Copy/Mint/Move/Mutate: Source slot invalid or empty.>>[0m
[0m[1m<<[0m[32mseL4(CPU 0)[0m[1m [decodeCNodeInvocation/107 T0x807fbeb400 "rootserver" @318b54]: CNode Copy/Mint/Move/Mutate: Source slot invalid or empty.>>[0m
[0m[1m<<[0m[32mseL4(CPU 0)[0m[1m [decodeCNodeInvocation/107 T0x807fbeb400 "rootserver" @318b54]: CNode Copy/Mint/Move/Mutate: Source slot invalid or empty.>>[0m
[0m[1m<<[0m[32mseL4(CPU 0)[0m[1m [decodeCNodeInvocation/107 T0x807fbeb400 "rootserver" @318b54]: CNode Copy/Mint/Move/Mutate: Source slot invalid or empty.>>[0m
[0m[1m<<[0m[32mseL4(CPU 0)[0m[1m [decodeCNodeInvocation/107 T0x807fbeb400 "rootserver" @318b54]: CNode Copy/Mint/Move/Mutate: Source slot invalid or empty.>>[0m
[0m[1m<<[0m[32mseL4(CPU 0)[0m[1m [decodeCNodeInvocation/107 T0x807fbeb400 "rootserver" @318b54]: CNode Copy/Mint/Move/Mutate: Source slot invalid or empty.>>[0m
[0m[1m<<[0m[32mseL4(CPU 0)[0m[1m [decodeCNodeInvocation/107 T0x807fbeb400 "rootserver" @318b54]: CNode Copy/Mint/Move/Mutate: Source slot invalid or empty.>>[0m
[0m[1m<<[0m[32mseL4(CPU 0)[0m[1m [decodeCNodeInvocation/107 T0x807fbeb400 "rootserver" @318b54]: CNode Copy/Mint/Move/Mutate: Source slot invalid or empty.>>[0m
[0m[1m<<[0m[32mseL4(CPU 0)[0m[1m [decodeCNodeInvocation/95 T0x807fbeb400 "rootserver" @318b54]: CNode Copy/Mint/Move/Mutate: Destination not empty.>>[0m
[0m[1m<<[0m[32mseL4(CPU 0)[0m[1m [decodeCNodeInvocation/107 T0x807fbeb400 "rootserver" @318b54]: CNode Copy/Mint/Move/Mutate: Source slot invalid or empty.>>[0m
[0m[1m<<[0m[32mseL4(CPU 0)[0m[1m [decodeCNodeInvocation/107 T0x807fbeb400 "rootserver" @318b54]: CNode Copy/Mint/Move/Mutate: Source slot invalid or empty.>>[0m
[0m[1m<<[0m[32mseL4(CPU 0)[0m[1m [decodeCNodeInvocation/107 T0x807fbeb400 "rootserver" @318b54]: CNode Copy/Mint/Move/Mutate: Source slot invalid or empty.>>[0m
[0m[1m<<[0m[32mseL4(CPU 0)[0m[1m [decodeCNodeInvocation/107 T0x807fbeb400 "rootserver" @318b54]: CNode Copy/Mint/Move/Mutate: Source slot invalid or empty.>>[0m
[0m[1m<<[0m[32mseL4(CPU 0)[0m[1m [decodeCNodeInvocation/107 T0x807fbeb400 "rootserver" @318b54]: CNode Copy/Mint/Move/Mutate: Source slot invalid or empty.>>[0m
[0m[1m<<[0m[32mseL4(CPU 0)[0m[1m [decodeCNodeInvocation/107 T0x807fbeb400 "rootserver" @318b54]: CNode Copy/Mint/Move/Mutate: Source slot invalid or empty.>>[0m
[0m[1m<<[0m[32mseL4(CPU 0)[0m[1m [decodeCNodeInvocation/107 T0x807fbeb400 "rootserver" @318b54]: CNode Copy/Mint/Move/Mutate: Source slot invalid or empty.>>[0m
[0m[1m<<[0m[32mseL4(CPU 0)[0m[1m [decodeCNodeInvocation/107 T0x807fbeb400 "rootserver" @318b54]: CNode Copy/Mint/Move/Mutate: Source slot invalid or empty.>>[0m
[0m[1m<<[0m[32mseL4(CPU 0)[0m[1m [decodeCNodeInvocation/107 T0x807fbeb400 "rootserver" @318b54]: CNode Copy/Mint/Move/Mutate: Source slot invalid or empty.>>[0m
[0m[1m<<[0m[32mseL4(CPU 0)[0m[1m [decodeCNodeInvocation/107 T0x807fbeb400 "rootserver" @318b54]: CNode Copy/Mint/Move/Mutate: Source slot invalid or empty.>>[0m
[0m[1m<<[0m[32mseL4(CPU 0)[0m[1m [decodeCNodeInvocation/107 T0x807fbeb400 "rootserver" @318b54]: CNode Copy/Mint/Move/Mutate: Source slot invalid or empty.>>[0m
[0m[1m<<[0m[32mseL4(CPU 0)[0m[1m [decodeCNodeInvocation/107 T0x807fbeb400 "rootserver" @318b54]: CNode Copy/Mint/Move/Mutate: Source slot invalid or empty.>>[0m
[0m[1m<<[0m[32mseL4(CPU 0)[0m[1m [decodeCNodeInvocation/107 T0x807fbeb400 "rootserver" @318b54]: CNode Copy/Mint/Move/Mutate: Source slot invalid or empty.>>[0m
[0m[1m<<[0m[32mseL4(CPU 0)[0m[1m [decodeCNodeInvocation/107 T0x807fbeb400 "rootserver" @318b54]: CNode Copy/Mint/Move/Mutate: Source slot invalid or empty.>>[0m
[0m[1m<<[0m[32mseL4(CPU 0)[0m[1m [decodeCNodeInvocation/107 T0x807fbeb400 "rootserver" @318b54]: CNode Copy/Mint/Move/Mutate: Source slot invalid or empty.>>[0m
[0m[1m<<[0m[32mseL4(CPU 0)[0m[1m [decodeCNodeInvocation/107 T0x807fbeb400 "rootserver" @318b54]: CNode Copy/Mint/Move/Mutate: Source slot invalid or empty.>>[0m
[0m[1m<<[0m[32mseL4(CPU 0)[0m[1m [decodeCNodeInvocation/107 T0x807fbeb400 "rootserver" @318b54]: CNode Copy/Mint/Move/Mutate: Source slot invalid or empty.>>[0m
[0m[1m<<[0m[32mseL4(CPU 0)[0m[1m [decodeCNodeInvocation/107 T0x807fbeb400 "rootserver" @318b54]: CNode Copy/Mint/Move/Mutate: Source slot invalid or empty.>>[0m
[0m[1m<<[0m[32mseL4(CPU 0)[0m[1m [decodeCNodeInvocation/107 T0x807fbeb400 "rootserver" @318b54]: CNode Copy/Mint/Move/Mutate: Source slot invalid or empty.>>[0m
[0m[1m<<[0m[32mseL4(CPU 0)[0m[1m [decodeCNodeInvocation/107 T0x807fbeb400 "rootserver" @318b54]: CNode Copy/Mint/Move/Mutate: Source slot invalid or empty.>>[0m
[0m[1m<<[0m[32mseL4(CPU 0)[0m[1m [decodeCNodeInvocation/107 T0x807fbeb400 "rootserver" @318b54]: CNode Copy/Mint/Move/Mutate: Source slot invalid or empty.>>[0m
[0m[1m<<[0m[32mseL4(CPU 0)[0m[1m [decodeCNodeInvocation/107 T0x807fbeb400 "rootserver" @318b54]: CNode Copy/Mint/Move/Mutate: Source slot invalid or empty.>>[0m
[0m[1m<<[0m[32mseL4(CPU 0)[0m[1m [decodeCNodeInvocation/107 T0x807fbeb400 "rootserver" @318b54]: CNode Copy/Mint/Move/Mutate: Source slot invalid or empty.>>[0m
[0m[1m<<[0m[32mseL4(CPU 0)[0m[1m [decodeCNodeInvocation/107 T0x807fbeb400 "rootserver" @318b54]: CNode Copy/Mint/Move/Mutate: Source slot invalid or empty.>>[0m
[0m[1m<<[0m[32mseL4(CPU 0)[0m[1m [decodeCNodeInvocation/107 T0x807fbeb400 "rootserver" @318b54]: CNode Copy/Mint/Move/Mutate: Source slot invalid or empty.>>[0m
[0m[1m<<[0m[32mseL4(CPU 0)[0m[1m [decodeCNodeInvocation/107 T0x807fbeb400 "rootserver" @318b54]: CNode Copy/Mint/Move/Mutate: Source slot invalid or empty.>>[0m
[0m[1m<<[0m[32mseL4(CPU 0)[0m[1m [decodeCNodeInvocation/107 T0x807fbeb400 "rootserver" @318b54]: CNode Copy/Mint/Move/Mutate: Source slot invalid or empty.>>[0m
[0m[1m<<[0m[32mseL4(CPU 0)[0m[1m [decodeCNodeInvocation/107 T0x807fbeb400 "rootserver" @318b54]: CNode Copy/Mint/Move/Mutate: Source slot invalid or empty.>>[0m
[0m[1m<<[0m[32mseL4(CPU 0)[0m[1m [decodeCNodeInvocation/107 T0x807fbeb400 "rootserver" @318b54]: CNode Copy/Mint/Move/Mutate: Source slot invalid or empty.>>[0m
[0m[1m<<[0m[32mseL4(CPU 0)[0m[1m [decodeCNodeInvocation/107 T0x807fbeb400 "rootserver" @318b54]: CNode Copy/Mint/Move/Mutate: Source slot invalid or empty.>>[0m
[0m[1m<<[0m[32mseL4(CPU 0)[0m[1m [decodeCNodeInvocation/107 T0x807fbeb400 "rootserver" @318b54]: CNode Copy/Mint/Move/Mutate: Source slot invalid or empty.>>[0m
[0m[1m<<[0m[32mseL4(CPU 0)[0m[1m [decodeCNodeInvocation/107 T0x807fbeb400 "rootserver" @318b54]: CNode Copy/Mint/Move/Mutate: Source slot invalid or empty.>>[0m
[0m[1m<<[0m[32mseL4(CPU 0)[0m[1m [decodeCNodeInvocation/107 T0x807fbeb400 "rootserver" @318b54]: CNode Copy/Mint/Move/Mutate: Source slot invalid or empty.>>[0m
[0m[1m<<[0m[32mseL4(CPU 0)[0m[1m [decodeCNodeInvocation/107 T0x807fbeb400 "rootserver" @318b54]: CNode Copy/Mint/Move/Mutate: Source slot invalid or empty.>>[0m
[0m[1m<<[0m[32mseL4(CPU 0)[0m[1m [decodeCNodeInvocation/107 T0x807fbeb400 "rootserver" @318b54]: CNode Copy/Mint/Move/Mutate: Source slot invalid or empty.>>[0m
[0m[1m<<[0m[32mseL4(CPU 0)[0m[1m [decodeCNodeInvocation/107 T0x807fbeb400 "rootserver" @318b54]: CNode Copy/Mint/Move/Mutate: Source slot invalid or empty.>>[0m
[0m[1m<<[0m[32mseL4(CPU 0)[0m[1m [decodeCNodeInvocation/107 T0x807fbeb400 "rootserver" @318b54]: CNode Copy/Mint/Move/Mutate: Source slot invalid or empty.>>[0m
[0m[1m<<[0m[32mseL4(CPU 0)[0m[1m [decodeCNodeInvocation/107 T0x807fbeb400 "rootserver" @318b54]: CNode Copy/Mint/Move/Mutate: Source slot invalid or empty.>>[0m
[0m[1m<<[0m[32mseL4(CPU 0)[0m[1m [decodeCNodeInvocation/107 T0x807fbeb400 "rootserver" @318b54]: CNode Copy/Mint/Move/Mutate: Source slot invalid or empty.>>[0m
[0m[1m<<[0m[32mseL4(CPU 0)[0m[1m [decodeCNodeInvocation/107 T0x807fbeb400 "rootserver" @318b54]: CNode Copy/Mint/Move/Mutate: Source slot invalid or empty.>>[0m
[0m[1m<<[0m[32mseL4(CPU 0)[0m[1m [decodeCNodeInvocation/107 T0x807fbeb400 "rootserver" @318b54]: CNode Copy/Mint/Move/Mutate: Source slot invalid or empty.>>[0m
[0m[1m<<[0m[32mseL4(CPU 0)[0m[1m [decodeCNodeInvocation/107 T0x807fbeb400 "rootserver" @318b54]: CNode Copy/Mint/Move/Mutate: Source slot invalid or empty.>>[0m
[0m[1m<<[0m[32mseL4(CPU 0)[0m[1m [decodeCNodeInvocation/107 T0x807fbeb400 "rootserver" @318b54]: CNode Copy/Mint/Move/Mutate: Source slot invalid or empty.>>[0m
[0m[1m<<[0m[32mseL4(CPU 0)[0m[1m [decodeCNodeInvocation/107 T0x807fbeb400 "rootserver" @318b54]: CNode Copy/Mint/Move/Mutate: Source slot invalid or empty.>>[0m
[0m[1m<<[0m[32mseL4(CPU 0)[0m[1m [decodeCNodeInvocation/107 T0x807fbeb400 "rootserver" @318b54]: CNode Copy/Mint/Move/Mutate: Source slot invalid or empty.>>[0m
[0m[1m<<[0m[32mseL4(CPU 0)[0m[1m [decodeCNodeInvocation/107 T0x807fbeb400 "rootserver" @318b54]: CNode Copy/Mint/Move/Mutate: Source slot invalid or empty.>>[0m
[0m[1m<<[0m[32mseL4(CPU 0)[0m[1m [decodeCNodeInvocation/107 T0x807fbeb400 "rootserver" @318b54]: CNode Copy/Mint/Move/Mutate: Source slot invalid or empty.>>[0m
[0m[1m<<[0m[32mseL4(CPU 0)[0m[1m [decodeCNodeInvocation/107 T0x807fbeb400 "rootserver" @318b54]: CNode Copy/Mint/Move/Mutate: Source slot invalid or empty.>>[0m
[0m[1m<<[0m[32mseL4(CPU 0)[0m[1m [decodeCNodeInvocation/107 T0x807fbeb400 "rootserver" @318b54]: CNode Copy/Mint/Move/Mutate: Source slot invalid or empty.>>[0m
[0m[1m<<[0m[32mseL4(CPU 0)[0m[1m [decodeCNodeInvocation/107 T0x807fbeb400 "rootserver" @318b54]: CNode Copy/Mint/Move/Mutate: Source slot invalid or empty.>>[0m
[0m[1m<<[0m[32mseL4(CPU 0)[0m[1m [decodeCNodeInvocation/107 T0x807fbeb400 "rootserver" @318b54]: CNode Copy/Mint/Move/Mutate: Source slot invalid or empty.>>[0m
[0m[1m<<[0m[32mseL4(CPU 0)[0m[1m [decodeCNodeInvocation/107 T0x807fbeb400 "rootserver" @318b54]: CNode Copy/Mint/Move/Mutate: Source slot invalid or empty.>>[0m
[0m[1m<<[0m[32mseL4(CPU 0)[0m[1m [decodeCNodeInvocation/107 T0x807fbeb400 "rootserver" @318b54]: CNode Copy/Mint/Move/Mutate: Source slot invalid or empty.>>[0m
[0m[1m<<[0m[32mseL4(CPU 0)[0m[1m [decodeCNodeInvocation/107 T0x807fbeb400 "rootserver" @318b54]: CNode Copy/Mint/Move/Mutate: Source slot invalid or empty.>>[0m
[0m[1m<<[0m[32mseL4(CPU 0)[0m[1m [decodeCNodeInvocation/107 T0x807fbeb400 "rootserver" @318b54]: CNode Copy/Mint/Move/Mutate: Source slot invalid or empty.>>[0m
[0m[1m<<[0m[32mseL4(CPU 0)[0m[1m [decodeCNodeInvocation/107 T0x807fbeb400 "rootserver" @318b54]: CNode Copy/Mint/Move/Mutate: Source slot invalid or empty.>>[0m
[0m[1m<<[0m[32mseL4(CPU 0)[0m[1m [decodeCNodeInvocation/107 T0x807fbeb400 "rootserver" @318b54]: CNode Copy/Mint/Move/Mutate: Source slot invalid or empty.>>[0m
[0m[1m<<[0m[32mseL4(CPU 0)[0m[1m [decodeCNodeInvocation/107 T0x807fbeb400 "rootserver" @318b54]: CNode Copy/Mint/Move/Mutate: Source slot invalid or empty.>>[0m
[0m[1m<<[0m[32mseL4(CPU 0)[0m[1m [decodeCNodeInvocation/107 T0x807fbeb400 "rootserver" @318b54]: CNode Copy/Mint/Move/Mutate: Source slot invalid or empty.>>[0m
[0m[1m<<[0m[32mseL4(CPU 0)[0m[1m [decodeCNodeInvocation/107 T0x807fbeb400 "rootserver" @318b54]: CNode Copy/Mint/Move/Mutate: Source slot invalid or empty.>>[0m
[0m[1m<<[0m[32mseL4(CPU 0)[0m[1m [decodeCNodeInvocation/107 T0x807fbeb400 "rootserver" @318b54]: CNode Copy/Mint/Move/Mutate: Source slot invalid or empty.>>[0m
[0m[1m<<[0m[32mseL4(CPU 0)[0m[1m [decodeCNodeInvocation/107 T0x807fbeb400 "rootserver" @318b54]: CNode Copy/Mint/Move/Mutate: Source slot invalid or empty.>>[0m
[0m[1m<<[0m[32mseL4(CPU 0)[0m[1m [decodeCNodeInvocation/107 T0x807fbeb400 "rootserver" @318b54]: CNode Copy/Mint/Move/Mutate: Source slot invalid or empty.>>[0m
[0m[1m<<[0m[32mseL4(CPU 0)[0m[1m [decodeCNodeInvocation/107 T0x807fbeb400 "rootserver" @318b54]: CNode Copy/Mint/Move/Mutate: Source slot invalid or empty.>>[0m
[0m[1m<<[0m[32mseL4(CPU 0)[0m[1m [decodeCNodeInvocation/107 T0x807fbeb400 "rootserver" @318b54]: CNode Copy/Mint/Move/Mutate: Source slot invalid or empty.>>[0m
[0m[1m<<[0m[32mseL4(CPU 0)[0m[1m [decodeCNodeInvocation/107 T0x807fbeb400 "rootserver" @318b54]: CNode Copy/Mint/Move/Mutate: Source slot invalid or empty.>>[0m
[0m[1m<<[0m[32mseL4(CPU 0)[0m[1m [decodeCNodeInvocation/107 T0x807fbeb400 "rootserver" @318b54]: CNode Copy/Mint/Move/Mutate: Source slot invalid or empty.>>[0m
[0m[1m<<[0m[32mseL4(CPU 0)[0m[1m [decodeCNodeInvocation/107 T0x807fbeb400 "rootserver" @318b54]: CNode Copy/Mint/Move/Mutate: Source slot invalid or empty.>>[0m
[0m[1m<<[0m[32mseL4(CPU 0)[0m[1m [decodeCNodeInvocation/107 T0x807fbeb400 "rootserver" @318b54]: CNode Copy/Mint/Move/Mutate: Source slot invalid or empty.>>[0m
[0m[1m<<[0m[32mseL4(CPU 0)[0m[1m [decodeCNodeInvocation/107 T0x807fbeb400 "rootserver" @318b54]: CNode Copy/Mint/Move/Mutate: Source slot invalid or empty.>>[0m
[0m[1m<<[0m[32mseL4(CPU 0)[0m[1m [decodeCNodeInvocation/107 T0x807fbeb400 "rootserver" @318b54]: CNode Copy/Mint/Move/Mutate: Source slot invalid or empty.>>[0m
[0m[1m<<[0m[32mseL4(CPU 0)[0m[1m [decodeCNodeInvocation/107 T0x807fbeb400 "rootserver" @318b54]: CNode Copy/Mint/Move/Mutate: Source slot invalid or empty.>>[0m
[0m[1m<<[0m[32mseL4(CPU 0)[0m[1m [decodeCNodeInvocation/107 T0x807fbeb400 "rootserver" @318b54]: CNode Copy/Mint/Move/Mutate: Source slot invalid or empty.>>[0m
[0m[1m<<[0m[32mseL4(CPU 0)[0m[1m [decodeCNodeInvocation/107 T0x807fbeb400 "rootserver" @318b54]: CNode Copy/Mint/Move/Mutate: Source slot invalid or empty.>>[0m
[0m[1m<<[0m[32mseL4(CPU 0)[0m[1m [decodeCNodeInvocation/107 T0x807fbeb400 "rootserver" @318b54]: CNode Copy/Mint/Move/Mutate: Source slot invalid or empty.>>[0m
[0m[1m<<[0m[32mseL4(CPU 0)[0m[1m [decodeCNodeInvocation/107 T0x807fbeb400 "rootserver" @318b54]: CNode Copy/Mint/Move/Mutate: Source slot invalid or empty.>>[0m
[0m[1m<<[0m[32mseL4(CPU 0)[0m[1m [decodeCNodeInvocation/107 T0x807fbeb400 "rootserver" @318b54]: CNode Copy/Mint/Move/Mutate: Source slot invalid or empty.>>[0m
[0m[1m<<[0m[32mseL4(CPU 0)[0m[1m [decodeCNodeInvocation/107 T0x807fbeb400 "rootserver" @318b54]: CNode Copy/Mint/Move/Mutate: Source slot invalid or empty.>>[0m
[0m[1m<<[0m[32mseL4(CPU 0)[0m[1m [decodeCNodeInvocation/107 T0x807fbeb400 "rootserver" @318b54]: CNode Copy/Mint/Move/Mutate: Source slot invalid or empty.>>[0m
[0m[1m<<[0m[32mseL4(CPU 0)[0m[1m [decodeCNodeInvocation/107 T0x807fbeb400 "rootserver" @318b54]: CNode Copy/Mint/Move/Mutate: Source slot invalid or empty.>>[0m
[0m[1m<<[0m[32mseL4(CPU 0)[0m[1m [decodeCNodeInvocation/107 T0x807fbeb400 "rootserver" @318b54]: CNode Copy/Mint/Move/Mutate: Source slot invalid or empty.>>[0m
[0m[1m<<[0m[32mseL4(CPU 0)[0m[1m [decodeCNodeInvocation/107 T0x807fbeb400 "rootserver" @318b54]: CNode Copy/Mint/Move/Mutate: Source slot invalid or empty.>>[0m
[0m[1m<<[0m[32mseL4(CPU 0)[0m[1m [decodeCNodeInvocation/107 T0x807fbeb400 "rootserver" @318b54]: CNode Copy/Mint/Move/Mutate: Source slot invalid or empty.>>[0m
[0m[1m<<[0m[32mseL4(CPU 0)[0m[1m [decodeCNodeInvocation/107 T0x807fbeb400 "rootserver" @318b54]: CNode Copy/Mint/Move/Mutate: Source slot invalid or empty.>>[0m
[0m[1m<<[0m[32mseL4(CPU 0)[0m[1m [decodeCNodeInvocation/107 T0x807fbeb400 "rootserver" @318b54]: CNode Copy/Mint/Move/Mutate: Source slot invalid or empty.>>[0m
[0m[1m<<[0m[32mseL4(CPU 0)[0m[1m [decodeCNodeInvocation/107 T0x807fbeb400 "rootserver" @318b54]: CNode Copy/Mint/Move/Mutate: Source slot invalid or empty.>>[0m
[0m[1m<<[0m[32mseL4(CPU 0)[0m[1m [decodeCNodeInvocation/107 T0x807fbeb400 "rootserver" @318b54]: CNode Copy/Mint/Move/Mutate: Source slot invalid or empty.>>[0m
[0m[1m<<[0m[32mseL4(CPU 0)[0m[1m [decodeCNodeInvocation/107 T0x807fbeb400 "rootserver" @318b54]: CNode Copy/Mint/Move/Mutate: Source slot invalid or empty.>>[0m
[0m[1m<<[0m[32mseL4(CPU 0)[0m[1m [decodeCNodeInvocation/107 T0x807fbeb400 "rootserver" @318b54]: CNode Copy/Mint/Move/Mutate: Source slot invalid or empty.>>[0m
[0m[1m<<[0m[32mseL4(CPU 0)[0m[1m [decodeCNodeInvocation/107 T0x807fbeb400 "rootserver" @318b54]: CNode Copy/Mint/Move/Mutate: Source slot invalid or empty.>>[0m
[0m[1m<<[0m[32mseL4(CPU 0)[0m[1m [decodeCNodeInvocation/107 T0x807fbeb400 "rootserver" @318b54]: CNode Copy/Mint/Move/Mutate: Source slot invalid or empty.>>[0m
[0m[1m<<[0m[32mseL4(CPU 0)[0m[1m [decodeCNodeInvocation/107 T0x807fbeb400 "rootserver" @318b54]: CNode Copy/Mint/Move/Mutate: Source slot invalid or empty.>>[0m
[0m[1m<<[0m[32mseL4(CPU 0)[0m[1m [decodeCNodeInvocation/107 T0x807fbeb400 "rootserver" @318b54]: CNode Copy/Mint/Move/Mutate: Source slot invalid or empty.>>[0m
[0m[1m<<[0m[32mseL4(CPU 0)[0m[1m [decodeCNodeInvocation/107 T0x807fbeb400 "rootserver" @318b54]: CNode Copy/Mint/Move/Mutate: Source slot invalid or empty.>>[0m
[0m[1m<<[0m[32mseL4(CPU 0)[0m[1m [decodeCNodeInvocation/107 T0x807fbeb400 "rootserver" @318b54]: CNode Copy/Mint/Move/Mutate: Source slot invalid or empty.>>[0m
SLIME_GRAPH staged task=0 instance=init executable=init grants=0 bindings=0 window=0x240000 frames=65 tables=4 entry=0x2152a0
SLIME_GRAPH schedule instance=io-network-intruder priority=254 default=254
SLIME_GRAPH threads instance=io-network-intruder count=1
[0m[1m<<[0m[32mseL4(CPU 0)[0m[1m [decodeCNodeInvocation/107 T0x807fbeb400 "rootserver" @318b54]: CNode Copy/Mint/Move/Mutate: Source slot invalid or empty.>>[0m
[0m[1m<<[0m[32mseL4(CPU 0)[0m[1m [decodeCNodeInvocation/95 T0x807fbeb400 "rootserver" @318b54]: CNode Copy/Mint/Move/Mutate: Destination not empty.>>[0m
[0m[1m<<[0m[32mseL4(CPU 0)[0m[1m [decodeCNodeInvocation/95 T0x807fbeb400 "rootserver" @318b54]: CNode Copy/Mint/Move/Mutate: Destination not empty.>>[0m
[0m[1m<<[0m[32mseL4(CPU 0)[0m[1m [decodeCNodeInvocation/95 T0x807fbeb400 "rootserver" @318b54]: CNode Copy/Mint/Move/Mutate: Destination not empty.>>[0m
[0m[1m<<[0m[32mseL4(CPU 0)[0m[1m [decodeCNodeInvocation/95 T0x807fbeb400 "rootserver" @318b54]: CNode Copy/Mint/Move/Mutate: Destination not empty.>>[0m
[0m[1m<<[0m[32mseL4(CPU 0)[0m[1m [decodeCNodeInvocation/107 T0x807fbeb400 "rootserver" @318b54]: CNode Copy/Mint/Move/Mutate: Source slot invalid or empty.>>[0m
[0m[1m<<[0m[32mseL4(CPU 0)[0m[1m [decodeCNodeInvocation/107 T0x807fbeb400 "rootserver" @318b54]: CNode Copy/Mint/Move/Mutate: Source slot invalid or empty.>>[0m
[0m[1m<<[0m[32mseL4(CPU 0)[0m[1m [decodeCNodeInvocation/107 T0x807fbeb400 "rootserver" @318b54]: CNode Copy/Mint/Move/Mutate: Source slot invalid or empty.>>[0m
[0m[1m<<[0m[32mseL4(CPU 0)[0m[1m [decodeCNodeInvocation/107 T0x807fbeb400 "rootserver" @318b54]: CNode Copy/Mint/Move/Mutate: Source slot invalid or empty.>>[0m
[0m[1m<<[0m[32mseL4(CPU 0)[0m[1m [decodeCNodeInvocation/107 T0x807fbeb400 "rootserver" @318b54]: CNode Copy/Mint/Move/Mutate: Source slot invalid or empty.>>[0m
[0m[1m<<[0m[32mseL4(CPU 0)[0m[1m [decodeCNodeInvocation/107 T0x807fbeb400 "rootserver" @318b54]: CNode Copy/Mint/Move/Mutate: Source slot invalid or empty.>>[0m
[0m[1m<<[0m[32mseL4(CPU 0)[0m[1m [decodeCNodeInvocation/107 T0x807fbeb400 "rootserver" @318b54]: CNode Copy/Mint/Move/Mutate: Source slot invalid or empty.>>[0m
[0m[1m<<[0m[32mseL4(CPU 0)[0m[1m [decodeCNodeInvocation/107 T0x807fbeb400 "rootserver" @318b54]: CNode Copy/Mint/Move/Mutate: Source slot invalid or empty.>>[0m
[0m[1m<<[0m[32mseL4(CPU 0)[0m[1m [decodeCNodeInvocation/107 T0x807fbeb400 "rootserver" @318b54]: CNode Copy/Mint/Move/Mutate: Source slot invalid or empty.>>[0m
[0m[1m<<[0m[32mseL4(CPU 0)[0m[1m [decodeCNodeInvocation/107 T0x807fbeb400 "rootserver" @318b54]: CNode Copy/Mint/Move/Mutate: Source slot invalid or empty.>>[0m
[0m[1m<<[0m[32mseL4(CPU 0)[0m[1m [decodeCNodeInvocation/107 T0x807fbeb400 "rootserver" @318b54]: CNode Copy/Mint/Move/Mutate: Source slot invalid or empty.>>[0m
[0m[1m<<[0m[32mseL4(CPU 0)[0m[1m [decodeCNodeInvocation/107 T0x807fbeb400 "rootserver" @318b54]: CNode Copy/Mint/Move/Mutate: Source slot invalid or empty.>>[0m
[0m[1m<<[0m[32mseL4(CPU 0)[0m[1m [decodeCNodeInvocation/107 T0x807fbeb400 "rootserver" @318b54]: CNode Copy/Mint/Move/Mutate: Source slot invalid or empty.>>[0m
[0m[1m<<[0m[32mseL4(CPU 0)[0m[1m [decodeCNodeInvocation/107 T0x807fbeb400 "rootserver" @318b54]: CNode Copy/Mint/Move/Mutate: Source slot invalid or empty.>>[0m
[0m[1m<<[0m[32mseL4(CPU 0)[0m[1m [decodeCNodeInvocation/107 T0x807fbeb400 "rootserver" @318b54]: CNode Copy/Mint/Move/Mutate: Source slot invalid or empty.>>[0m
[0m[1m<<[0m[32mseL4(CPU 0)[0m[1m [decodeCNodeInvocation/107 T0x807fbeb400 "rootserver" @318b54]: CNode Copy/Mint/Move/Mutate: Source slot invalid or empty.>>[0m
[0m[1m<<[0m[32mseL4(CPU 0)[0m[1m [decodeCNodeInvocation/107 T0x807fbeb400 "rootserver" @318b54]: CNode Copy/Mint/Move/Mutate: Source slot invalid or empty.>>[0m
[0m[1m<<[0m[32mseL4(CPU 0)[0m[1m [decodeCNodeInvocation/107 T0x807fbeb400 "rootserver" @318b54]: CNode Copy/Mint/Move/Mutate: Source slot invalid or empty.>>[0m
[0m[1m<<[0m[32mseL4(CPU 0)[0m[1m [decodeCNodeInvocation/107 T0x807fbeb400 "rootserver" @318b54]: CNode Copy/Mint/Move/Mutate: Source slot invalid or empty.>>[0m
[0m[1m<<[0m[32mseL4(CPU 0)[0m[1m [decodeCNodeInvocation/107 T0x807fbeb400 "rootserver" @318b54]: CNode Copy/Mint/Move/Mutate: Source slot invalid or empty.>>[0m
[0m[1m<<[0m[32mseL4(CPU 0)[0m[1m [decodeCNodeInvocation/107 T0x807fbeb400 "rootserver" @318b54]: CNode Copy/Mint/Move/Mutate: Source slot invalid or empty.>>[0m
[0m[1m<<[0m[32mseL4(CPU 0)[0m[1m [decodeCNodeInvocation/107 T0x807fbeb400 "rootserver" @318b54]: CNode Copy/Mint/Move/Mutate: Source slot invalid or empty.>>[0m
[0m[1m<<[0m[32mseL4(CPU 0)[0m[1m [decodeCNodeInvocation/107 T0x807fbeb400 "rootserver" @318b54]: CNode Copy/Mint/Move/Mutate: Source slot invalid or empty.>>[0m
[0m[1m<<[0m[32mseL4(CPU 0)[0m[1m [decodeCNodeInvocation/107 T0x807fbeb400 "rootserver" @318b54]: CNode Copy/Mint/Move/Mutate: Source slot invalid or empty.>>[0m
[0m[1m<<[0m[32mseL4(CPU 0)[0m[1m [decodeCNodeInvocation/107 T0x807fbeb400 "rootserver" @318b54]: CNode Copy/Mint/Move/Mutate: Source slot invalid or empty.>>[0m
[0m[1m<<[0m[32mseL4(CPU 0)[0m[1m [decodeCNodeInvocation/107 T0x807fbeb400 "rootserver" @318b54]: CNode Copy/Mint/Move/Mutate: Source slot invalid or empty.>>[0m
[0m[1m<<[0m[32mseL4(CPU 0)[0m[1m [decodeCNodeInvocation/107 T0x807fbeb400 "rootserver" @318b54]: CNode Copy/Mint/Move/Mutate: Source slot invalid or empty.>>[0m
[0m[1m<<[0m[32mseL4(CPU 0)[0m[1m [decodeCNodeInvocation/95 T0x807fbeb400 "rootserver" @318b54]: CNode Copy/Mint/Move/Mutate: Destination not empty.>>[0m
[0m[1m<<[0m[32mseL4(CPU 0)[0m[1m [decodeCNodeInvocation/107 T0x807fbeb400 "rootserver" @318b54]: CNode Copy/Mint/Move/Mutate: Source slot invalid or empty.>>[0m
[0m[1m<<[0m[32mseL4(CPU 0)[0m[1m [decodeCNodeInvocation/107 T0x807fbeb400 "rootserver" @318b54]: CNode Copy/Mint/Move/Mutate: Source slot invalid or empty.>>[0m
[0m[1m<<[0m[32mseL4(CPU 0)[0m[1m [decodeCNodeInvocation/107 T0x807fbeb400 "rootserver" @318b54]: CNode Copy/Mint/Move/Mutate: Source slot invalid or empty.>>[0m
[0m[1m<<[0m[32mseL4(CPU 0)[0m[1m [decodeCNodeInvocation/107 T0x807fbeb400 "rootserver" @318b54]: CNode Copy/Mint/Move/Mutate: Source slot invalid or empty.>>[0m
[0m[1m<<[0m[32mseL4(CPU 0)[0m[1m [decodeCNodeInvocation/107 T0x807fbeb400 "rootserver" @318b54]: CNode Copy/Mint/Move/Mutate: Source slot invalid or empty.>>[0m
[0m[1m<<[0m[32mseL4(CPU 0)[0m[1m [decodeCNodeInvocation/107 T0x807fbeb400 "rootserver" @318b54]: CNode Copy/Mint/Move/Mutate: Source slot invalid or empty.>>[0m
[0m[1m<<[0m[32mseL4(CPU 0)[0m[1m [decodeCNodeInvocation/107 T0x807fbeb400 "rootserver" @318b54]: CNode Copy/Mint/Move/Mutate: Source slot invalid or empty.>>[0m
[0m[1m<<[0m[32mseL4(CPU 0)[0m[1m [decodeCNodeInvocation/107 T0x807fbeb400 "rootserver" @318b54]: CNode Copy/Mint/Move/Mutate: Source slot invalid or empty.>>[0m
[0m[1m<<[0m[32mseL4(CPU 0)[0m[1m [decodeCNodeInvocation/107 T0x807fbeb400 "rootserver" @318b54]: CNode Copy/Mint/Move/Mutate: Source slot invalid or empty.>>[0m
[0m[1m<<[0m[32mseL4(CPU 0)[0m[1m [decodeCNodeInvocation/107 T0x807fbeb400 "rootserver" @318b54]: CNode Copy/Mint/Move/Mutate: Source slot invalid or empty.>>[0m
[0m[1m<<[0m[32mseL4(CPU 0)[0m[1m [decodeCNodeInvocation/107 T0x807fbeb400 "rootserver" @318b54]: CNode Copy/Mint/Move/Mutate: Source slot invalid or empty.>>[0m
[0m[1m<<[0m[32mseL4(CPU 0)[0m[1m [decodeCNodeInvocation/107 T0x807fbeb400 "rootserver" @318b54]: CNode Copy/Mint/Move/Mutate: Source slot invalid or empty.>>[0m
[0m[1m<<[0m[32mseL4(CPU 0)[0m[1m [decodeCNodeInvocation/107 T0x807fbeb400 "rootserver" @318b54]: CNode Copy/Mint/Move/Mutate: Source slot invalid or empty.>>[0m
[0m[1m<<[0m[32mseL4(CPU 0)[0m[1m [decodeCNodeInvocation/107 T0x807fbeb400 "rootserver" @318b54]: CNode Copy/Mint/Move/Mutate: Source slot invalid or empty.>>[0m
[0m[1m<<[0m[32mseL4(CPU 0)[0m[1m [decodeCNodeInvocation/107 T0x807fbeb400 "rootserver" @318b54]: CNode Copy/Mint/Move/Mutate: Source slot invalid or empty.>>[0m
[0m[1m<<[0m[32mseL4(CPU 0)[0m[1m [decodeCNodeInvocation/107 T0x807fbeb400 "rootserver" @318b54]: CNode Copy/Mint/Move/Mutate: Source slot invalid or empty.>>[0m
[0m[1m<<[0m[32mseL4(CPU 0)[0m[1m [decodeCNodeInvocation/107 T0x807fbeb400 "rootserver" @318b54]: CNode Copy/Mint/Move/Mutate: Source slot invalid or empty.>>[0m
[0m[1m<<[0m[32mseL4(CPU 0)[0m[1m [decodeCNodeInvocation/107 T0x807fbeb400 "rootserver" @318b54]: CNode Copy/Mint/Move/Mutate: Source slot invalid or empty.>>[0m
[0m[1m<<[0m[32mseL4(CPU 0)[0m[1m [decodeCNodeInvocation/107 T0x807fbeb400 "rootserver" @318b54]: CNode Copy/Mint/Move/Mutate: Source slot invalid or empty.>>[0m
[0m[1m<<[0m[32mseL4(CPU 0)[0m[1m [decodeCNodeInvocation/107 T0x807fbeb400 "rootserver" @318b54]: CNode Copy/Mint/Move/Mutate: Source slot invalid or empty.>>[0m
[0m[1m<<[0m[32mseL4(CPU 0)[0m[1m [decodeCNodeInvocation/107 T0x807fbeb400 "rootserver" @318b54]: CNode Copy/Mint/Move/Mutate: Source slot invalid or empty.>>[0m
[0m[1m<<[0m[32mseL4(CPU 0)[0m[1m [decodeCNodeInvocation/107 T0x807fbeb400 "rootserver" @318b54]: CNode Copy/Mint/Move/Mutate: Source slot invalid or empty.>>[0m
[0m[1m<<[0m[32mseL4(CPU 0)[0m[1m [decodeCNodeInvocation/107 T0x807fbeb400 "rootserver" @318b54]: CNode Copy/Mint/Move/Mutate: Source slot invalid or empty.>>[0m
[0m[1m<<[0m[32mseL4(CPU 0)[0m[1m [decodeCNodeInvocation/107 T0x807fbeb400 "rootserver" @318b54]: CNode Copy/Mint/Move/Mutate: Source slot invalid or empty.>>[0m
[0m[1m<<[0m[32mseL4(CPU 0)[0m[1m [decodeCNodeInvocation/107 T0x807fbeb400 "rootserver" @318b54]: CNode Copy/Mint/Move/Mutate: Source slot invalid or empty.>>[0m
[0m[1m<<[0m[32mseL4(CPU 0)[0m[1m [decodeCNodeInvocation/107 T0x807fbeb400 "rootserver" @318b54]: CNode Copy/Mint/Move/Mutate: Source slot invalid or empty.>>[0m
[0m[1m<<[0m[32mseL4(CPU 0)[0m[1m [decodeCNodeInvocation/107 T0x807fbeb400 "rootserver" @318b54]: CNode Copy/Mint/Move/Mutate: Source slot invalid or empty.>>[0m
[0m[1m<<[0m[32mseL4(CPU 0)[0m[1m [decodeCNodeInvocation/107 T0x807fbeb400 "rootserver" @318b54]: CNode Copy/Mint/Move/Mutate: Source slot invalid or empty.>>[0m
[0m[1m<<[0m[32mseL4(CPU 0)[0m[1m [decodeCNodeInvocation/107 T0x807fbeb400 "rootserver" @318b54]: CNode Copy/Mint/Move/Mutate: Source slot invalid or empty.>>[0m
[0m[1m<<[0m[32mseL4(CPU 0)[0m[1m [decodeCNodeInvocation/107 T0x807fbeb400 "rootserver" @318b54]: CNode Copy/Mint/Move/Mutate: Source slot invalid or empty.>>[0m
[0m[1m<<[0m[32mseL4(CPU 0)[0m[1m [decodeCNodeInvocation/107 T0x807fbeb400 "rootserver" @318b54]: CNode Copy/Mint/Move/Mutate: Source slot invalid or empty.>>[0m
[0m[1m<<[0m[32mseL4(CPU 0)[0m[1m [decodeCNodeInvocation/107 T0x807fbeb400 "rootserver" @318b54]: CNode Copy/Mint/Move/Mutate: Source slot invalid or empty.>>[0m
[0m[1m<<[0m[32mseL4(CPU 0)[0m[1m [decodeCNodeInvocation/107 T0x807fbeb400 "rootserver" @318b54]: CNode Copy/Mint/Move/Mutate: Source slot invalid or empty.>>[0m
[0m[1m<<[0m[32mseL4(CPU 0)[0m[1m [decodeCNodeInvocation/107 T0x807fbeb400 "rootserver" @318b54]: CNode Copy/Mint/Move/Mutate: Source slot invalid or empty.>>[0m
[0m[1m<<[0m[32mseL4(CPU 0)[0m[1m [decodeCNodeInvocation/107 T0x807fbeb400 "rootserver" @318b54]: CNode Copy/Mint/Move/Mutate: Source slot invalid or empty.>>[0m
[0m[1m<<[0m[32mseL4(CPU 0)[0m[1m [decodeCNodeInvocation/107 T0x807fbeb400 "rootserver" @318b54]: CNode Copy/Mint/Move/Mutate: Source slot invalid or empty.>>[0m
[0m[1m<<[0m[32mseL4(CPU 0)[0m[1m [decodeCNodeInvocation/107 T0x807fbeb400 "rootserver" @318b54]: CNode Copy/Mint/Move/Mutate: Source slot invalid or empty.>>[0m
[0m[1m<<[0m[32mseL4(CPU 0)[0m[1m [decodeCNodeInvocation/107 T0x807fbeb400 "rootserver" @318b54]: CNode Copy/Mint/Move/Mutate: Source slot invalid or empty.>>[0m
[0m[1m<<[0m[32mseL4(CPU 0)[0m[1m [decodeCNodeInvocation/107 T0x807fbeb400 "rootserver" @318b54]: CNode Copy/Mint/Move/Mutate: Source slot invalid or empty.>>[0m
[0m[1m<<[0m[32mseL4(CPU 0)[0m[1m [decodeCNodeInvocation/107 T0x807fbeb400 "rootserver" @318b54]: CNode Copy/Mint/Move/Mutate: Source slot invalid or empty.>>[0m
[0m[1m<<[0m[32mseL4(CPU 0)[0m[1m [decodeCNodeInvocation/107 T0x807fbeb400 "rootserver" @318b54]: CNode Copy/Mint/Move/Mutate: Source slot invalid or empty.>>[0m
[0m[1m<<[0m[32mseL4(CPU 0)[0m[1m [decodeCNodeInvocation/107 T0x807fbeb400 "rootserver" @318b54]: CNode Copy/Mint/Move/Mutate: Source slot invalid or empty.>>[0m
[0m[1m<<[0m[32mseL4(CPU 0)[0m[1m [decodeCNodeInvocation/107 T0x807fbeb400 "rootserver" @318b54]: CNode Copy/Mint/Move/Mutate: Source slot invalid or empty.>>[0m
[0m[1m<<[0m[32mseL4(CPU 0)[0m[1m [decodeCNodeInvocation/107 T0x807fbeb400 "rootserver" @318b54]: CNode Copy/Mint/Move/Mutate: Source slot invalid or empty.>>[0m
[0m[1m<<[0m[32mseL4(CPU 0)[0m[1m [decodeCNodeInvocation/107 T0x807fbeb400 "rootserver" @318b54]: CNode Copy/Mint/Move/Mutate: Source slot invalid or empty.>>[0m
[0m[1m<<[0m[32mseL4(CPU 0)[0m[1m [decodeCNodeInvocation/107 T0x807fbeb400 "rootserver" @318b54]: CNode Copy/Mint/Move/Mutate: Source slot invalid or empty.>>[0m
[0m[1m<<[0m[32mseL4(CPU 0)[0m[1m [decodeCNodeInvocation/107 T0x807fbeb400 "rootserver" @318b54]: CNode Copy/Mint/Move/Mutate: Source slot invalid or empty.>>[0m
[0m[1m<<[0m[32mseL4(CPU 0)[0m[1m [decodeCNodeInvocation/107 T0x807fbeb400 "rootserver" @318b54]: CNode Copy/Mint/Move/Mutate: Source slot invalid or empty.>>[0m
[0m[1m<<[0m[32mseL4(CPU 0)[0m[1m [decodeCNodeInvocation/107 T0x807fbeb400 "rootserver" @318b54]: CNode Copy/Mint/Move/Mutate: Source slot invalid or empty.>>[0m
[0m[1m<<[0m[32mseL4(CPU 0)[0m[1m [decodeCNodeInvocation/107 T0x807fbeb400 "rootserver" @318b54]: CNode Copy/Mint/Move/Mutate: Source slot invalid or empty.>>[0m
[0m[1m<<[0m[32mseL4(CPU 0)[0m[1m [decodeCNodeInvocation/107 T0x807fbeb400 "rootserver" @318b54]: CNode Copy/Mint/Move/Mutate: Source slot invalid or empty.>>[0m
[0m[1m<<[0m[32mseL4(CPU 0)[0m[1m [decodeCNodeInvocation/107 T0x807fbeb400 "rootserver" @318b54]: CNode Copy/Mint/Move/Mutate: Source slot invalid or empty.>>[0m
[0m[1m<<[0m[32mseL4(CPU 0)[0m[1m [decodeCNodeInvocation/107 T0x807fbeb400 "rootserver" @318b54]: CNode Copy/Mint/Move/Mutate: Source slot invalid or empty.>>[0m
[0m[1m<<[0m[32mseL4(CPU 0)[0m[1m [decodeCNodeInvocation/107 T0x807fbeb400 "rootserver" @318b54]: CNode Copy/Mint/Move/Mutate: Source slot invalid or empty.>>[0m
[0m[1m<<[0m[32mseL4(CPU 0)[0m[1m [decodeCNodeInvocation/107 T0x807fbeb400 "rootserver" @318b54]: CNode Copy/Mint/Move/Mutate: Source slot invalid or empty.>>[0m
[0m[1m<<[0m[32mseL4(CPU 0)[0m[1m [decodeCNodeInvocation/107 T0x807fbeb400 "rootserver" @318b54]: CNode Copy/Mint/Move/Mutate: Source slot invalid or empty.>>[0m
[0m[1m<<[0m[32mseL4(CPU 0)[0m[1m [decodeCNodeInvocation/107 T0x807fbeb400 "rootserver" @318b54]: CNode Copy/Mint/Move/Mutate: Source slot invalid or empty.>>[0m
[0m[1m<<[0m[32mseL4(CPU 0)[0m[1m [decodeCNodeInvocation/107 T0x807fbeb400 "rootserver" @318b54]: CNode Copy/Mint/Move/Mutate: Source slot invalid or empty.>>[0m
[0m[1m<<[0m[32mseL4(CPU 0)[0m[1m [decodeCNodeInvocation/107 T0x807fbeb400 "rootserver" @318b54]: CNode Copy/Mint/Move/Mutate: Source slot invalid or empty.>>[0m
[0m[1m<<[0m[32mseL4(CPU 0)[0m[1m [decodeCNodeInvocation/107 T0x807fbeb400 "rootserver" @318b54]: CNode Copy/Mint/Move/Mutate: Source slot invalid or empty.>>[0m
[0m[1m<<[0m[32mseL4(CPU 0)[0m[1m [decodeCNodeInvocation/107 T0x807fbeb400 "rootserver" @318b54]: CNode Copy/Mint/Move/Mutate: Source slot invalid or empty.>>[0m
[0m[1m<<[0m[32mseL4(CPU 0)[0m[1m [decodeCNodeInvocation/107 T0x807fbeb400 "rootserver" @318b54]: CNode Copy/Mint/Move/Mutate: Source slot invalid or empty.>>[0m
[0m[1m<<[0m[32mseL4(CPU 0)[0m[1m [decodeCNodeInvocation/107 T0x807fbeb400 "rootserver" @318b54]: CNode Copy/Mint/Move/Mutate: Source slot invalid or empty.>>[0m
[0m[1m<<[0m[32mseL4(CPU 0)[0m[1m [decodeCNodeInvocation/107 T0x807fbeb400 "rootserver" @318b54]: CNode Copy/Mint/Move/Mutate: Source slot invalid or empty.>>[0m
[0m[1m<<[0m[32mseL4(CPU 0)[0m[1m [decodeCNodeInvocation/107 T0x807fbeb400 "rootserver" @318b54]: CNode Copy/Mint/Move/Mutate: Source slot invalid or empty.>>[0m
[0m[1m<<[0m[32mseL4(CPU 0)[0m[1m [decodeCNodeInvocation/107 T0x807fbeb400 "rootserver" @318b54]: CNode Copy/Mint/Move/Mutate: Source slot invalid or empty.>>[0m
[0m[1m<<[0m[32mseL4(CPU 0)[0m[1m [decodeCNodeInvocation/107 T0x807fbeb400 "rootserver" @318b54]: CNode Copy/Mint/Move/Mutate: Source slot invalid or empty.>>[0m
[0m[1m<<[0m[32mseL4(CPU 0)[0m[1m [decodeCNodeInvocation/107 T0x807fbeb400 "rootserver" @318b54]: CNode Copy/Mint/Move/Mutate: Source slot invalid or empty.>>[0m
[0m[1m<<[0m[32mseL4(CPU 0)[0m[1m [decodeCNodeInvocation/107 T0x807fbeb400 "rootserver" @318b54]: CNode Copy/Mint/Move/Mutate: Source slot invalid or empty.>>[0m
[0m[1m<<[0m[32mseL4(CPU 0)[0m[1m [decodeCNodeInvocation/107 T0x807fbeb400 "rootserver" @318b54]: CNode Copy/Mint/Move/Mutate: Source slot invalid or empty.>>[0m
[0m[1m<<[0m[32mseL4(CPU 0)[0m[1m [decodeCNodeInvocation/107 T0x807fbeb400 "rootserver" @318b54]: CNode Copy/Mint/Move/Mutate: Source slot invalid or empty.>>[0m
[0m[1m<<[0m[32mseL4(CPU 0)[0m[1m [decodeCNodeInvocation/107 T0x807fbeb400 "rootserver" @318b54]: CNode Copy/Mint/Move/Mutate: Source slot invalid or empty.>>[0m
[0m[1m<<[0m[32mseL4(CPU 0)[0m[1m [decodeCNodeInvocation/107 T0x807fbeb400 "rootserver" @318b54]: CNode Copy/Mint/Move/Mutate: Source slot invalid or empty.>>[0m
[0m[1m<<[0m[32mseL4(CPU 0)[0m[1m [decodeCNodeInvocation/107 T0x807fbeb400 "rootserver" @318b54]: CNode Copy/Mint/Move/Mutate: Source slot invalid or empty.>>[0m
[0m[1m<<[0m[32mseL4(CPU 0)[0m[1m [decodeCNodeInvocation/107 T0x807fbeb400 "rootserver" @318b54]: CNode Copy/Mint/Move/Mutate: Source slot invalid or empty.>>[0m
[0m[1m<<[0m[32mseL4(CPU 0)[0m[1m [decodeCNodeInvocation/107 T0x807fbeb400 "rootserver" @318b54]: CNode Copy/Mint/Move/Mutate: Source slot invalid or empty.>>[0m
[0m[1m<<[0m[32mseL4(CPU 0)[0m[1m [decodeCNodeInvocation/107 T0x807fbeb400 "rootserver" @318b54]: CNode Copy/Mint/Move/Mutate: Source slot invalid or empty.>>[0m
[0m[1m<<[0m[32mseL4(CPU 0)[0m[1m [decodeCNodeInvocation/107 T0x807fbeb400 "rootserver" @318b54]: CNode Copy/Mint/Move/Mutate: Source slot invalid or empty.>>[0m
[0m[1m<<[0m[32mseL4(CPU 0)[0m[1m [decodeCNodeInvocation/107 T0x807fbeb400 "rootserver" @318b54]: CNode Copy/Mint/Move/Mutate: Source slot invalid or empty.>>[0m
[0m[1m<<[0m[32mseL4(CPU 0)[0m[1m [decodeCNodeInvocation/107 T0x807fbeb400 "rootserver" @318b54]: CNode Copy/Mint/Move/Mutate: Source slot invalid or empty.>>[0m
[0m[1m<<[0m[32mseL4(CPU 0)[0m[1m [decodeCNodeInvocation/107 T0x807fbeb400 "rootserver" @318b54]: CNode Copy/Mint/Move/Mutate: Source slot invalid or empty.>>[0m
[0m[1m<<[0m[32mseL4(CPU 0)[0m[1m [decodeCNodeInvocation/107 T0x807fbeb400 "rootserver" @318b54]: CNode Copy/Mint/Move/Mutate: Source slot invalid or empty.>>[0m
[0m[1m<<[0m[32mseL4(CPU 0)[0m[1m [decodeCNodeInvocation/107 T0x807fbeb400 "rootserver" @318b54]: CNode Copy/Mint/Move/Mutate: Source slot invalid or empty.>>[0m
[0m[1m<<[0m[32mseL4(CPU 0)[0m[1m [decodeCNodeInvocation/107 T0x807fbeb400 "rootserver" @318b54]: CNode Copy/Mint/Move/Mutate: Source slot invalid or empty.>>[0m
[0m[1m<<[0m[32mseL4(CPU 0)[0m[1m [decodeCNodeInvocation/107 T0x807fbeb400 "rootserver" @318b54]: CNode Copy/Mint/Move/Mutate: Source slot invalid or empty.>>[0m
[0m[1m<<[0m[32mseL4(CPU 0)[0m[1m [decodeCNodeInvocation/107 T0x807fbeb400 "rootserver" @318b54]: CNode Copy/Mint/Move/Mutate: Source slot invalid or empty.>>[0m
[0m[1m<<[0m[32mseL4(CPU 0)[0m[1m [decodeCNodeInvocation/107 T0x807fbeb400 "rootserver" @318b54]: CNode Copy/Mint/Move/Mutate: Source slot invalid or empty.>>[0m
[0m[1m<<[0m[32mseL4(CPU 0)[0m[1m [decodeCNodeInvocation/107 T0x807fbeb400 "rootserver" @318b54]: CNode Copy/Mint/Move/Mutate: Source slot invalid or empty.>>[0m
[0m[1m<<[0m[32mseL4(CPU 0)[0m[1m [decodeCNodeInvocation/107 T0x807fbeb400 "rootserver" @318b54]: CNode Copy/Mint/Move/Mutate: Source slot invalid or empty.>>[0m
[0m[1m<<[0m[32mseL4(CPU 0)[0m[1m [decodeCNodeInvocation/107 T0x807fbeb400 "rootserver" @318b54]: CNode Copy/Mint/Move/Mutate: Source slot invalid or empty.>>[0m
[0m[1m<<[0m[32mseL4(CPU 0)[0m[1m [decodeCNodeInvocation/107 T0x807fbeb400 "rootserver" @318b54]: CNode Copy/Mint/Move/Mutate: Source slot invalid or empty.>>[0m
[0m[1m<<[0m[32mseL4(CPU 0)[0m[1m [decodeCNodeInvocation/107 T0x807fbeb400 "rootserver" @318b54]: CNode Copy/Mint/Move/Mutate: Source slot invalid or empty.>>[0m
[0m[1m<<[0m[32mseL4(CPU 0)[0m[1m [decodeCNodeInvocation/107 T0x807fbeb400 "rootserver" @318b54]: CNode Copy/Mint/Move/Mutate: Source slot invalid or empty.>>[0m
[0m[1m<<[0m[32mseL4(CPU 0)[0m[1m [decodeCNodeInvocation/107 T0x807fbeb400 "rootserver" @318b54]: CNode Copy/Mint/Move/Mutate: Source slot invalid or empty.>>[0m
[0m[1m<<[0m[32mseL4(CPU 0)[0m[1m [decodeCNodeInvocation/107 T0x807fbeb400 "rootserver" @318b54]: CNode Copy/Mint/Move/Mutate: Source slot invalid or empty.>>[0m
SLIME_GRAPH staged task=1 instance=io-network-intruder executable=io-network-intruder grants=1 bindings=1 window=0x238000 frames=57 tables=4 entry=0x2121e0
SLIME_GRAPH schedule instance=io-tcp-probe priority=254 default=254
SLIME_GRAPH threads instance=io-tcp-probe count=1
[0m[1m<<[0m[32mseL4(CPU 0)[0m[1m [decodeCNodeInvocation/107 T0x807fbeb400 "rootserver" @318b54]: CNode Copy/Mint/Move/Mutate: Source slot invalid or empty.>>[0m
[0m[1m<<[0m[32mseL4(CPU 0)[0m[1m [decodeCNodeInvocation/95 T0x807fbeb400 "rootserver" @318b54]: CNode Copy/Mint/Move/Mutate: Destination not empty.>>[0m
[0m[1m<<[0m[32mseL4(CPU 0)[0m[1m [decodeCNodeInvocation/95 T0x807fbeb400 "rootserver" @318b54]: CNode Copy/Mint/Move/Mutate: Destination not empty.>>[0m
[0m[1m<<[0m[32mseL4(CPU 0)[0m[1m [decodeCNodeInvocation/95 T0x807fbeb400 "rootserver" @318b54]: CNode Copy/Mint/Move/Mutate: Destination not empty.>>[0m
[0m[1m<<[0m[32mseL4(CPU 0)[0m[1m [decodeCNodeInvocation/95 T0x807fbeb400 "rootserver" @318b54]: CNode Copy/Mint/Move/Mutate: Destination not empty.>>[0m
[0m[1m<<[0m[32mseL4(CPU 0)[0m[1m [decodeCNodeInvocation/107 T0x807fbeb400 "rootserver" @318b54]: CNode Copy/Mint/Move/Mutate: Source slot invalid or empty.>>[0m
[0m[1m<<[0m[32mseL4(CPU 0)[0m[1m [decodeCNodeInvocation/107 T0x807fbeb400 "rootserver" @318b54]: CNode Copy/Mint/Move/Mutate: Source slot invalid or empty.>>[0m
[0m[1m<<[0m[32mseL4(CPU 0)[0m[1m [decodeCNodeInvocation/107 T0x807fbeb400 "rootserver" @318b54]: CNode Copy/Mint/Move/Mutate: Source slot invalid or empty.>>[0m
[0m[1m<<[0m[32mseL4(CPU 0)[0m[1m [decodeCNodeInvocation/107 T0x807fbeb400 "rootserver" @318b54]: CNode Copy/Mint/Move/Mutate: Source slot invalid or empty.>>[0m
[0m[1m<<[0m[32mseL4(CPU 0)[0m[1m [decodeCNodeInvocation/107 T0x807fbeb400 "rootserver" @318b54]: CNode Copy/Mint/Move/Mutate: Source slot invalid or empty.>>[0m
[0m[1m<<[0m[32mseL4(CPU 0)[0m[1m [decodeCNodeInvocation/107 T0x807fbeb400 "rootserver" @318b54]: CNode Copy/Mint/Move/Mutate: Source slot invalid or empty.>>[0m
[0m[1m<<[0m[32mseL4(CPU 0)[0m[1m [decodeCNodeInvocation/107 T0x807fbeb400 "rootserver" @318b54]: CNode Copy/Mint/Move/Mutate: Source slot invalid or empty.>>[0m
[0m[1m<<[0m[32mseL4(CPU 0)[0m[1m [decodeCNodeInvocation/107 T0x807fbeb400 "rootserver" @318b54]: CNode Copy/Mint/Move/Mutate: Source slot invalid or empty.>>[0m
[0m[1m<<[0m[32mseL4(CPU 0)[0m[1m [decodeCNodeInvocation/107 T0x807fbeb400 "rootserver" @318b54]: CNode Copy/Mint/Move/Mutate: Source slot invalid or empty.>>[0m
[0m[1m<<[0m[32mseL4(CPU 0)[0m[1m [decodeCNodeInvocation/107 T0x807fbeb400 "rootserver" @318b54]: CNode Copy/Mint/Move/Mutate: Source slot invalid or empty.>>[0m
[0m[1m<<[0m[32mseL4(CPU 0)[0m[1m [decodeCNodeInvocation/107 T0x807fbeb400 "rootserver" @318b54]: CNode Copy/Mint/Move/Mutate: Source slot invalid or empty.>>[0m
[0m[1m<<[0m[32mseL4(CPU 0)[0m[1m [decodeCNodeInvocation/107 T0x807fbeb400 "rootserver" @318b54]: CNode Copy/Mint/Move/Mutate: Source slot invalid or empty.>>[0m
[0m[1m<<[0m[32mseL4(CPU 0)[0m[1m [decodeCNodeInvocation/107 T0x807fbeb400 "rootserver" @318b54]: CNode Copy/Mint/Move/Mutate: Source slot invalid or empty.>>[0m
[0m[1m<<[0m[32mseL4(CPU 0)[0m[1m [decodeCNodeInvocation/107 T0x807fbeb400 "rootserver" @318b54]: CNode Copy/Mint/Move/Mutate: Source slot invalid or empty.>>[0m
[0m[1m<<[0m[32mseL4(CPU 0)[0m[1m [decodeCNodeInvocation/107 T0x807fbeb400 "rootserver" @318b54]: CNode Copy/Mint/Move/Mutate: Source slot invalid or empty.>>[0m
[0m[1m<<[0m[32mseL4(CPU 0)[0m[1m [decodeCNodeInvocation/107 T0x807fbeb400 "rootserver" @318b54]: CNode Copy/Mint/Move/Mutate: Source slot invalid or empty.>>[0m
[0m[1m<<[0m[32mseL4(CPU 0)[0m[1m [decodeCNodeInvocation/107 T0x807fbeb400 "rootserver" @318b54]: CNode Copy/Mint/Move/Mutate: Source slot invalid or empty.>>[0m
[0m[1m<<[0m[32mseL4(CPU 0)[0m[1m [decodeCNodeInvocation/107 T0x807fbeb400 "rootserver" @318b54]: CNode Copy/Mint/Move/Mutate: Source slot invalid or empty.>>[0m
[0m[1m<<[0m[32mseL4(CPU 0)[0m[1m [decodeCNodeInvocation/107 T0x807fbeb400 "rootserver" @318b54]: CNode Copy/Mint/Move/Mutate: Source slot invalid or empty.>>[0m
[0m[1m<<[0m[32mseL4(CPU 0)[0m[1m [decodeCNodeInvocation/107 T0x807fbeb400 "rootserver" @318b54]: CNode Copy/Mint/Move/Mutate: Source slot invalid or empty.>>[0m
[0m[1m<<[0m[32mseL4(CPU 0)[0m[1m [decodeCNodeInvocation/107 T0x807fbeb400 "rootserver" @318b54]: CNode Copy/Mint/Move/Mutate: Source slot invalid or empty.>>[0m
[0m[1m<<[0m[32mseL4(CPU 0)[0m[1m [decodeCNodeInvocation/107 T0x807fbeb400 "rootserver" @318b54]: CNode Copy/Mint/Move/Mutate: Source slot invalid or empty.>>[0m
[0m[1m<<[0m[32mseL4(CPU 0)[0m[1m [decodeCNodeInvocation/107 T0x807fbeb400 "rootserver" @318b54]: CNode Copy/Mint/Move/Mutate: Source slot invalid or empty.>>[0m
[0m[1m<<[0m[32mseL4(CPU 0)[0m[1m [decodeCNodeInvocation/107 T0x807fbeb400 "rootserver" @318b54]: CNode Copy/Mint/Move/Mutate: Source slot invalid or empty.>>[0m
[0m[1m<<[0m[32mseL4(CPU 0)[0m[1m [decodeCNodeInvocation/107 T0x807fbeb400 "rootserver" @318b54]: CNode Copy/Mint/Move/Mutate: Source slot invalid or empty.>>[0m
[0m[1m<<[0m[32mseL4(CPU 0)[0m[1m [decodeCNodeInvocation/107 T0x807fbeb400 "rootserver" @318b54]: CNode Copy/Mint/Move/Mutate: Source slot invalid or empty.>>[0m
[0m[1m<<[0m[32mseL4(CPU 0)[0m[1m [decodeCNodeInvocation/107 T0x807fbeb400 "rootserver" @318b54]: CNode Copy/Mint/Move/Mutate: Source slot invalid or empty.>>[0m
[0m[1m<<[0m[32mseL4(CPU 0)[0m[1m [decodeCNodeInvocation/95 T0x807fbeb400 "rootserver" @318b54]: CNode Copy/Mint/Move/Mutate: Destination not empty.>>[0m
[0m[1m<<[0m[32mseL4(CPU 0)[0m[1m [decodeCNodeInvocation/107 T0x807fbeb400 "rootserver" @318b54]: CNode Copy/Mint/Move/Mutate: Source slot invalid or empty.>>[0m
[0m[1m<<[0m[32mseL4(CPU 0)[0m[1m [decodeCNodeInvocation/107 T0x807fbeb400 "rootserver" @318b54]: CNode Copy/Mint/Move/Mutate: Source slot invalid or empty.>>[0m
[0m[1m<<[0m[32mseL4(CPU 0)[0m[1m [decodeCNodeInvocation/107 T0x807fbeb400 "rootserver" @318b54]: CNode Copy/Mint/Move/Mutate: Source slot invalid or empty.>>[0m
[0m[1m<<[0m[32mseL4(CPU 0)[0m[1m [decodeCNodeInvocation/107 T0x807fbeb400 "rootserver" @318b54]: CNode Copy/Mint/Move/Mutate: Source slot invalid or empty.>>[0m
[0m[1m<<[0m[32mseL4(CPU 0)[0m[1m [decodeCNodeInvocation/107 T0x807fbeb400 "rootserver" @318b54]: CNode Copy/Mint/Move/Mutate: Source slot invalid or empty.>>[0m
[0m[1m<<[0m[32mseL4(CPU 0)[0m[1m [decodeCNodeInvocation/107 T0x807fbeb400 "rootserver" @318b54]: CNode Copy/Mint/Move/Mutate: Source slot invalid or empty.>>[0m
[0m[1m<<[0m[32mseL4(CPU 0)[0m[1m [decodeCNodeInvocation/107 T0x807fbeb400 "rootserver" @318b54]: CNode Copy/Mint/Move/Mutate: Source slot invalid or empty.>>[0m
[0m[1m<<[0m[32mseL4(CPU 0)[0m[1m [decodeCNodeInvocation/107 T0x807fbeb400 "rootserver" @318b54]: CNode Copy/Mint/Move/Mutate: Source slot invalid or empty.>>[0m
[0m[1m<<[0m[32mseL4(CPU 0)[0m[1m [decodeCNodeInvocation/107 T0x807fbeb400 "rootserver" @318b54]: CNode Copy/Mint/Move/Mutate: Source slot invalid or empty.>>[0m
[0m[1m<<[0m[32mseL4(CPU 0)[0m[1m [decodeCNodeInvocation/107 T0x807fbeb400 "rootserver" @318b54]: CNode Copy/Mint/Move/Mutate: Source slot invalid or empty.>>[0m
[0m[1m<<[0m[32mseL4(CPU 0)[0m[1m [decodeCNodeInvocation/107 T0x807fbeb400 "rootserver" @318b54]: CNode Copy/Mint/Move/Mutate: Source slot invalid or empty.>>[0m
[0m[1m<<[0m[32mseL4(CPU 0)[0m[1m [decodeCNodeInvocation/107 T0x807fbeb400 "rootserver" @318b54]: CNode Copy/Mint/Move/Mutate: Source slot invalid or empty.>>[0m
[0m[1m<<[0m[32mseL4(CPU 0)[0m[1m [decodeCNodeInvocation/107 T0x807fbeb400 "rootserver" @318b54]: CNode Copy/Mint/Move/Mutate: Source slot invalid or empty.>>[0m
[0m[1m<<[0m[32mseL4(CPU 0)[0m[1m [decodeCNodeInvocation/107 T0x807fbeb400 "rootserver" @318b54]: CNode Copy/Mint/Move/Mutate: Source slot invalid or empty.>>[0m
[0m[1m<<[0m[32mseL4(CPU 0)[0m[1m [decodeCNodeInvocation/107 T0x807fbeb400 "rootserver" @318b54]: CNode Copy/Mint/Move/Mutate: Source slot invalid or empty.>>[0m
[0m[1m<<[0m[32mseL4(CPU 0)[0m[1m [decodeCNodeInvocation/107 T0x807fbeb400 "rootserver" @318b54]: CNode Copy/Mint/Move/Mutate: Source slot invalid or empty.>>[0m
[0m[1m<<[0m[32mseL4(CPU 0)[0m[1m [decodeCNodeInvocation/107 T0x807fbeb400 "rootserver" @318b54]: CNode Copy/Mint/Move/Mutate: Source slot invalid or empty.>>[0m
[0m[1m<<[0m[32mseL4(CPU 0)[0m[1m [decodeCNodeInvocation/107 T0x807fbeb400 "rootserver" @318b54]: CNode Copy/Mint/Move/Mutate: Source slot invalid or empty.>>[0m
[0m[1m<<[0m[32mseL4(CPU 0)[0m[1m [decodeCNodeInvocation/107 T0x807fbeb400 "rootserver" @318b54]: CNode Copy/Mint/Move/Mutate: Source slot invalid or empty.>>[0m
[0m[1m<<[0m[32mseL4(CPU 0)[0m[1m [decodeCNodeInvocation/107 T0x807fbeb400 "rootserver" @318b54]: CNode Copy/Mint/Move/Mutate: Source slot invalid or empty.>>[0m
[0m[1m<<[0m[32mseL4(CPU 0)[0m[1m [decodeCNodeInvocation/107 T0x807fbeb400 "rootserver" @318b54]: CNode Copy/Mint/Move/Mutate: Source slot invalid or empty.>>[0m
[0m[1m<<[0m[32mseL4(CPU 0)[0m[1m [decodeCNodeInvocation/107 T0x807fbeb400 "rootserver" @318b54]: CNode Copy/Mint/Move/Mutate: Source slot invalid or empty.>>[0m
[0m[1m<<[0m[32mseL4(CPU 0)[0m[1m [decodeCNodeInvocation/107 T0x807fbeb400 "rootserver" @318b54]: CNode Copy/Mint/Move/Mutate: Source slot invalid or empty.>>[0m
[0m[1m<<[0m[32mseL4(CPU 0)[0m[1m [decodeCNodeInvocation/107 T0x807fbeb400 "rootserver" @318b54]: CNode Copy/Mint/Move/Mutate: Source slot invalid or empty.>>[0m
[0m[1m<<[0m[32mseL4(CPU 0)[0m[1m [decodeCNodeInvocation/107 T0x807fbeb400 "rootserver" @318b54]: CNode Copy/Mint/Move/Mutate: Source slot invalid or empty.>>[0m
[0m[1m<<[0m[32mseL4(CPU 0)[0m[1m [decodeCNodeInvocation/107 T0x807fbeb400 "rootserver" @318b54]: CNode Copy/Mint/Move/Mutate: Source slot invalid or empty.>>[0m
[0m[1m<<[0m[32mseL4(CPU 0)[0m[1m [decodeCNodeInvocation/107 T0x807fbeb400 "rootserver" @318b54]: CNode Copy/Mint/Move/Mutate: Source slot invalid or empty.>>[0m
[0m[1m<<[0m[32mseL4(CPU 0)[0m[1m [decodeCNodeInvocation/107 T0x807fbeb400 "rootserver" @318b54]: CNode Copy/Mint/Move/Mutate: Source slot invalid or empty.>>[0m
[0m[1m<<[0m[32mseL4(CPU 0)[0m[1m [decodeCNodeInvocation/107 T0x807fbeb400 "rootserver" @318b54]: CNode Copy/Mint/Move/Mutate: Source slot invalid or empty.>>[0m
[0m[1m<<[0m[32mseL4(CPU 0)[0m[1m [decodeCNodeInvocation/107 T0x807fbeb400 "rootserver" @318b54]: CNode Copy/Mint/Move/Mutate: Source slot invalid or empty.>>[0m
[0m[1m<<[0m[32mseL4(CPU 0)[0m[1m [decodeCNodeInvocation/107 T0x807fbeb400 "rootserver" @318b54]: CNode Copy/Mint/Move/Mutate: Source slot invalid or empty.>>[0m
[0m[1m<<[0m[32mseL4(CPU 0)[0m[1m [decodeCNodeInvocation/107 T0x807fbeb400 "rootserver" @318b54]: CNode Copy/Mint/Move/Mutate: Source slot invalid or empty.>>[0m
[0m[1m<<[0m[32mseL4(CPU 0)[0m[1m [decodeCNodeInvocation/107 T0x807fbeb400 "rootserver" @318b54]: CNode Copy/Mint/Move/Mutate: Source slot invalid or empty.>>[0m
[0m[1m<<[0m[32mseL4(CPU 0)[0m[1m [decodeCNodeInvocation/107 T0x807fbeb400 "rootserver" @318b54]: CNode Copy/Mint/Move/Mutate: Source slot invalid or empty.>>[0m
[0m[1m<<[0m[32mseL4(CPU 0)[0m[1m [decodeCNodeInvocation/107 T0x807fbeb400 "rootserver" @318b54]: CNode Copy/Mint/Move/Mutate: Source slot invalid or empty.>>[0m
[0m[1m<<[0m[32mseL4(CPU 0)[0m[1m [decodeCNodeInvocation/107 T0x807fbeb400 "rootserver" @318b54]: CNode Copy/Mint/Move/Mutate: Source slot invalid or empty.>>[0m
[0m[1m<<[0m[32mseL4(CPU 0)[0m[1m [decodeCNodeInvocation/107 T0x807fbeb400 "rootserver" @318b54]: CNode Copy/Mint/Move/Mutate: Source slot invalid or empty.>>[0m
[0m[1m<<[0m[32mseL4(CPU 0)[0m[1m [decodeCNodeInvocation/107 T0x807fbeb400 "rootserver" @318b54]: CNode Copy/Mint/Move/Mutate: Source slot invalid or empty.>>[0m
[0m[1m<<[0m[32mseL4(CPU 0)[0m[1m [decodeCNodeInvocation/107 T0x807fbeb400 "rootserver" @318b54]: CNode Copy/Mint/Move/Mutate: Source slot invalid or empty.>>[0m
[0m[1m<<[0m[32mseL4(CPU 0)[0m[1m [decodeCNodeInvocation/107 T0x807fbeb400 "rootserver" @318b54]: CNode Copy/Mint/Move/Mutate: Source slot invalid or empty.>>[0m
[0m[1m<<[0m[32mseL4(CPU 0)[0m[1m [decodeCNodeInvocation/107 T0x807fbeb400 "rootserver" @318b54]: CNode Copy/Mint/Move/Mutate: Source slot invalid or empty.>>[0m
[0m[1m<<[0m[32mseL4(CPU 0)[0m[1m [decodeCNodeInvocation/107 T0x807fbeb400 "rootserver" @318b54]: CNode Copy/Mint/Move/Mutate: Source slot invalid or empty.>>[0m
[0m[1m<<[0m[32mseL4(CPU 0)[0m[1m [decodeCNodeInvocation/107 T0x807fbeb400 "rootserver" @318b54]: CNode Copy/Mint/Move/Mutate: Source slot invalid or empty.>>[0m
[0m[1m<<[0m[32mseL4(CPU 0)[0m[1m [decodeCNodeInvocation/107 T0x807fbeb400 "rootserver" @318b54]: CNode Copy/Mint/Move/Mutate: Source slot invalid or empty.>>[0m
[0m[1m<<[0m[32mseL4(CPU 0)[0m[1m [decodeCNodeInvocation/107 T0x807fbeb400 "rootserver" @318b54]: CNode Copy/Mint/Move/Mutate: Source slot invalid or empty.>>[0m
[0m[1m<<[0m[32mseL4(CPU 0)[0m[1m [decodeCNodeInvocation/107 T0x807fbeb400 "rootserver" @318b54]: CNode Copy/Mint/Move/Mutate: Source slot invalid or empty.>>[0m
[0m[1m<<[0m[32mseL4(CPU 0)[0m[1m [decodeCNodeInvocation/107 T0x807fbeb400 "rootserver" @318b54]: CNode Copy/Mint/Move/Mutate: Source slot invalid or empty.>>[0m
[0m[1m<<[0m[32mseL4(CPU 0)[0m[1m [decodeCNodeInvocation/107 T0x807fbeb400 "rootserver" @318b54]: CNode Copy/Mint/Move/Mutate: Source slot invalid or empty.>>[0m
[0m[1m<<[0m[32mseL4(CPU 0)[0m[1m [decodeCNodeInvocation/107 T0x807fbeb400 "rootserver" @318b54]: CNode Copy/Mint/Move/Mutate: Source slot invalid or empty.>>[0m
[0m[1m<<[0m[32mseL4(CPU 0)[0m[1m [decodeCNodeInvocation/107 T0x807fbeb400 "rootserver" @318b54]: CNode Copy/Mint/Move/Mutate: Source slot invalid or empty.>>[0m
[0m[1m<<[0m[32mseL4(CPU 0)[0m[1m [decodeCNodeInvocation/107 T0x807fbeb400 "rootserver" @318b54]: CNode Copy/Mint/Move/Mutate: Source slot invalid or empty.>>[0m
[0m[1m<<[0m[32mseL4(CPU 0)[0m[1m [decodeCNodeInvocation/107 T0x807fbeb400 "rootserver" @318b54]: CNode Copy/Mint/Move/Mutate: Source slot invalid or empty.>>[0m
[0m[1m<<[0m[32mseL4(CPU 0)[0m[1m [decodeCNodeInvocation/107 T0x807fbeb400 "rootserver" @318b54]: CNode Copy/Mint/Move/Mutate: Source slot invalid or empty.>>[0m
[0m[1m<<[0m[32mseL4(CPU 0)[0m[1m [decodeCNodeInvocation/107 T0x807fbeb400 "rootserver" @318b54]: CNode Copy/Mint/Move/Mutate: Source slot invalid or empty.>>[0m
[0m[1m<<[0m[32mseL4(CPU 0)[0m[1m [decodeCNodeInvocation/107 T0x807fbeb400 "rootserver" @318b54]: CNode Copy/Mint/Move/Mutate: Source slot invalid or empty.>>[0m
[0m[1m<<[0m[32mseL4(CPU 0)[0m[1m [decodeCNodeInvocation/107 T0x807fbeb400 "rootserver" @318b54]: CNode Copy/Mint/Move/Mutate: Source slot invalid or empty.>>[0m
[0m[1m<<[0m[32mseL4(CPU 0)[0m[1m [decodeCNodeInvocation/107 T0x807fbeb400 "rootserver" @318b54]: CNode Copy/Mint/Move/Mutate: Source slot invalid or empty.>>[0m
[0m[1m<<[0m[32mseL4(CPU 0)[0m[1m [decodeCNodeInvocation/107 T0x807fbeb400 "rootserver" @318b54]: CNode Copy/Mint/Move/Mutate: Source slot invalid or empty.>>[0m
[0m[1m<<[0m[32mseL4(CPU 0)[0m[1m [decodeCNodeInvocation/107 T0x807fbeb400 "rootserver" @318b54]: CNode Copy/Mint/Move/Mutate: Source slot invalid or empty.>>[0m
[0m[1m<<[0m[32mseL4(CPU 0)[0m[1m [decodeCNodeInvocation/107 T0x807fbeb400 "rootserver" @318b54]: CNode Copy/Mint/Move/Mutate: Source slot invalid or empty.>>[0m
[0m[1m<<[0m[32mseL4(CPU 0)[0m[1m [decodeCNodeInvocation/107 T0x807fbeb400 "rootserver" @318b54]: CNode Copy/Mint/Move/Mutate: Source slot invalid or empty.>>[0m
[0m[1m<<[0m[32mseL4(CPU 0)[0m[1m [decodeCNodeInvocation/107 T0x807fbeb400 "rootserver" @318b54]: CNode Copy/Mint/Move/Mutate: Source slot invalid or empty.>>[0m
[0m[1m<<[0m[32mseL4(CPU 0)[0m[1m [decodeCNodeInvocation/107 T0x807fbeb400 "rootserver" @318b54]: CNode Copy/Mint/Move/Mutate: Source slot invalid or empty.>>[0m
[0m[1m<<[0m[32mseL4(CPU 0)[0m[1m [decodeCNodeInvocation/107 T0x807fbeb400 "rootserver" @318b54]: CNode Copy/Mint/Move/Mutate: Source slot invalid or empty.>>[0m
[0m[1m<<[0m[32mseL4(CPU 0)[0m[1m [decodeCNodeInvocation/107 T0x807fbeb400 "rootserver" @318b54]: CNode Copy/Mint/Move/Mutate: Source slot invalid or empty.>>[0m
[0m[1m<<[0m[32mseL4(CPU 0)[0m[1m [decodeCNodeInvocation/107 T0x807fbeb400 "rootserver" @318b54]: CNode Copy/Mint/Move/Mutate: Source slot invalid or empty.>>[0m
[0m[1m<<[0m[32mseL4(CPU 0)[0m[1m [decodeCNodeInvocation/107 T0x807fbeb400 "rootserver" @318b54]: CNode Copy/Mint/Move/Mutate: Source slot invalid or empty.>>[0m
[0m[1m<<[0m[32mseL4(CPU 0)[0m[1m [decodeCNodeInvocation/107 T0x807fbeb400 "rootserver" @318b54]: CNode Copy/Mint/Move/Mutate: Source slot invalid or empty.>>[0m
[0m[1m<<[0m[32mseL4(CPU 0)[0m[1m [decodeCNodeInvocation/107 T0x807fbeb400 "rootserver" @318b54]: CNode Copy/Mint/Move/Mutate: Source slot invalid or empty.>>[0m
[0m[1m<<[0m[32mseL4(CPU 0)[0m[1m [decodeCNodeInvocation/107 T0x807fbeb400 "rootserver" @318b54]: CNode Copy/Mint/Move/Mutate: Source slot invalid or empty.>>[0m
[0m[1m<<[0m[32mseL4(CPU 0)[0m[1m [decodeCNodeInvocation/107 T0x807fbeb400 "rootserver" @318b54]: CNode Copy/Mint/Move/Mutate: Source slot invalid or empty.>>[0m
[0m[1m<<[0m[32mseL4(CPU 0)[0m[1m [decodeCNodeInvocation/107 T0x807fbeb400 "rootserver" @318b54]: CNode Copy/Mint/Move/Mutate: Source slot invalid or empty.>>[0m
[0m[1m<<[0m[32mseL4(CPU 0)[0m[1m [decodeCNodeInvocation/107 T0x807fbeb400 "rootserver" @318b54]: CNode Copy/Mint/Move/Mutate: Source slot invalid or empty.>>[0m
[0m[1m<<[0m[32mseL4(CPU 0)[0m[1m [decodeCNodeInvocation/107 T0x807fbeb400 "rootserver" @318b54]: CNode Copy/Mint/Move/Mutate: Source slot invalid or empty.>>[0m
[0m[1m<<[0m[32mseL4(CPU 0)[0m[1m [decodeCNodeInvocation/107 T0x807fbeb400 "rootserver" @318b54]: CNode Copy/Mint/Move/Mutate: Source slot invalid or empty.>>[0m
[0m[1m<<[0m[32mseL4(CPU 0)[0m[1m [decodeCNodeInvocation/107 T0x807fbeb400 "rootserver" @318b54]: CNode Copy/Mint/Move/Mutate: Source slot invalid or empty.>>[0m
[0m[1m<<[0m[32mseL4(CPU 0)[0m[1m [decodeCNodeInvocation/107 T0x807fbeb400 "rootserver" @318b54]: CNode Copy/Mint/Move/Mutate: Source slot invalid or empty.>>[0m
[0m[1m<<[0m[32mseL4(CPU 0)[0m[1m [decodeCNodeInvocation/107 T0x807fbeb400 "rootserver" @318b54]: CNode Copy/Mint/Move/Mutate: Source slot invalid or empty.>>[0m
[0m[1m<<[0m[32mseL4(CPU 0)[0m[1m [decodeCNodeInvocation/107 T0x807fbeb400 "rootserver" @318b54]: CNode Copy/Mint/Move/Mutate: Source slot invalid or empty.>>[0m
[0m[1m<<[0m[32mseL4(CPU 0)[0m[1m [decodeCNodeInvocation/107 T0x807fbeb400 "rootserver" @318b54]: CNode Copy/Mint/Move/Mutate: Source slot invalid or empty.>>[0m
[0m[1m<<[0m[32mseL4(CPU 0)[0m[1m [decodeCNodeInvocation/107 T0x807fbeb400 "rootserver" @318b54]: CNode Copy/Mint/Move/Mutate: Source slot invalid or empty.>>[0m
[0m[1m<<[0m[32mseL4(CPU 0)[0m[1m [decodeCNodeInvocation/107 T0x807fbeb400 "rootserver" @318b54]: CNode Copy/Mint/Move/Mutate: Source slot invalid or empty.>>[0m
[0m[1m<<[0m[32mseL4(CPU 0)[0m[1m [decodeCNodeInvocation/107 T0x807fbeb400 "rootserver" @318b54]: CNode Copy/Mint/Move/Mutate: Source slot invalid or empty.>>[0m
[0m[1m<<[0m[32mseL4(CPU 0)[0m[1m [decodeCNodeInvocation/107 T0x807fbeb400 "rootserver" @318b54]: CNode Copy/Mint/Move/Mutate: Source slot invalid or empty.>>[0m
[0m[1m<<[0m[32mseL4(CPU 0)[0m[1m [decodeCNodeInvocation/107 T0x807fbeb400 "rootserver" @318b54]: CNode Copy/Mint/Move/Mutate: Source slot invalid or empty.>>[0m
[0m[1m<<[0m[32mseL4(CPU 0)[0m[1m [decodeCNodeInvocation/107 T0x807fbeb400 "rootserver" @318b54]: CNode Copy/Mint/Move/Mutate: Source slot invalid or empty.>>[0m
[0m[1m<<[0m[32mseL4(CPU 0)[0m[1m [decodeCNodeInvocation/107 T0x807fbeb400 "rootserver" @318b54]: CNode Copy/Mint/Move/Mutate: Source slot invalid or empty.>>[0m
[0m[1m<<[0m[32mseL4(CPU 0)[0m[1m [decodeCNodeInvocation/107 T0x807fbeb400 "rootserver" @318b54]: CNode Copy/Mint/Move/Mutate: Source slot invalid or empty.>>[0m
[0m[1m<<[0m[32mseL4(CPU 0)[0m[1m [decodeCNodeInvocation/107 T0x807fbeb400 "rootserver" @318b54]: CNode Copy/Mint/Move/Mutate: Source slot invalid or empty.>>[0m
[0m[1m<<[0m[32mseL4(CPU 0)[0m[1m [decodeCNodeInvocation/107 T0x807fbeb400 "rootserver" @318b54]: CNode Copy/Mint/Move/Mutate: Source slot invalid or empty.>>[0m
[0m[1m<<[0m[32mseL4(CPU 0)[0m[1m [decodeCNodeInvocation/107 T0x807fbeb400 "rootserver" @318b54]: CNode Copy/Mint/Move/Mutate: Source slot invalid or empty.>>[0m
[0m[1m<<[0m[32mseL4(CPU 0)[0m[1m [decodeCNodeInvocation/107 T0x807fbeb400 "rootserver" @318b54]: CNode Copy/Mint/Move/Mutate: Source slot invalid or empty.>>[0m
[0m[1m<<[0m[32mseL4(CPU 0)[0m[1m [decodeCNodeInvocation/107 T0x807fbeb400 "rootserver" @318b54]: CNode Copy/Mint/Move/Mutate: Source slot invalid or empty.>>[0m
[0m[1m<<[0m[32mseL4(CPU 0)[0m[1m [decodeCNodeInvocation/107 T0x807fbeb400 "rootserver" @318b54]: CNode Copy/Mint/Move/Mutate: Source slot invalid or empty.>>[0m
[0m[1m<<[0m[32mseL4(CPU 0)[0m[1m [decodeCNodeInvocation/107 T0x807fbeb400 "rootserver" @318b54]: CNode Copy/Mint/Move/Mutate: Source slot invalid or empty.>>[0m
SLIME_GRAPH factory placed task=2 component=io-tcp-probe slot=1 kind=shared-buffer-factory
SLIME_GRAPH staged task=2 instance=io-tcp-probe executable=io-tcp-probe grants=2 bindings=2 window=0x23b000 frames=60 tables=4 entry=0x212a38
SLIME_GRAPH schedule instance=network-service priority=254 default=254
SLIME_GRAPH threads instance=network-service count=1
[0m[1m<<[0m[32mseL4(CPU 0)[0m[1m [decodeCNodeInvocation/107 T0x807fbeb400 "rootserver" @318b54]: CNode Copy/Mint/Move/Mutate: Source slot invalid or empty.>>[0m
[0m[1m<<[0m[32mseL4(CPU 0)[0m[1m [decodeCNodeInvocation/95 T0x807fbeb400 "rootserver" @318b54]: CNode Copy/Mint/Move/Mutate: Destination not empty.>>[0m
[0m[1m<<[0m[32mseL4(CPU 0)[0m[1m [decodeCNodeInvocation/95 T0x807fbeb400 "rootserver" @318b54]: CNode Copy/Mint/Move/Mutate: Destination not empty.>>[0m
[0m[1m<<[0m[32mseL4(CPU 0)[0m[1m [decodeCNodeInvocation/95 T0x807fbeb400 "rootserver" @318b54]: CNode Copy/Mint/Move/Mutate: Destination not empty.>>[0m
[0m[1m<<[0m[32mseL4(CPU 0)[0m[1m [decodeCNodeInvocation/95 T0x807fbeb400 "rootserver" @318b54]: CNode Copy/Mint/Move/Mutate: Destination not empty.>>[0m
[0m[1m<<[0m[32mseL4(CPU 0)[0m[1m [decodeCNodeInvocation/107 T0x807fbeb400 "rootserver" @318b54]: CNode Copy/Mint/Move/Mutate: Source slot invalid or empty.>>[0m
[0m[1m<<[0m[32mseL4(CPU 0)[0m[1m [decodeCNodeInvocation/107 T0x807fbeb400 "rootserver" @318b54]: CNode Copy/Mint/Move/Mutate: Source slot invalid or empty.>>[0m
[0m[1m<<[0m[32mseL4(CPU 0)[0m[1m [decodeCNodeInvocation/107 T0x807fbeb400 "rootserver" @318b54]: CNode Copy/Mint/Move/Mutate: Source slot invalid or empty.>>[0m
[0m[1m<<[0m[32mseL4(CPU 0)[0m[1m [decodeCNodeInvocation/107 T0x807fbeb400 "rootserver" @318b54]: CNode Copy/Mint/Move/Mutate: Source slot invalid or empty.>>[0m
[0m[1m<<[0m[32mseL4(CPU 0)[0m[1m [decodeCNodeInvocation/107 T0x807fbeb400 "rootserver" @318b54]: CNode Copy/Mint/Move/Mutate: Source slot invalid or empty.>>[0m
[0m[1m<<[0m[32mseL4(CPU 0)[0m[1m [decodeCNodeInvocation/107 T0x807fbeb400 "rootserver" @318b54]: CNode Copy/Mint/Move/Mutate: Source slot invalid or empty.>>[0m
[0m[1m<<[0m[32mseL4(CPU 0)[0m[1m [decodeCNodeInvocation/107 T0x807fbeb400 "rootserver" @318b54]: CNode Copy/Mint/Move/Mutate: Source slot invalid or empty.>>[0m
[0m[1m<<[0m[32mseL4(CPU 0)[0m[1m [decodeCNodeInvocation/107 T0x807fbeb400 "rootserver" @318b54]: CNode Copy/Mint/Move/Mutate: Source slot invalid or empty.>>[0m
[0m[1m<<[0m[32mseL4(CPU 0)[0m[1m [decodeCNodeInvocation/107 T0x807fbeb400 "rootserver" @318b54]: CNode Copy/Mint/Move/Mutate: Source slot invalid or empty.>>[0m
[0m[1m<<[0m[32mseL4(CPU 0)[0m[1m [decodeCNodeInvocation/107 T0x807fbeb400 "rootserver" @318b54]: CNode Copy/Mint/Move/Mutate: Source slot invalid or empty.>>[0m
[0m[1m<<[0m[32mseL4(CPU 0)[0m[1m [decodeCNodeInvocation/107 T0x807fbeb400 "rootserver" @318b54]: CNode Copy/Mint/Move/Mutate: Source slot invalid or empty.>>[0m
[0m[1m<<[0m[32mseL4(CPU 0)[0m[1m [decodeCNodeInvocation/107 T0x807fbeb400 "rootserver" @318b54]: CNode Copy/Mint/Move/Mutate: Source slot invalid or empty.>>[0m
[0m[1m<<[0m[32mseL4(CPU 0)[0m[1m [decodeCNodeInvocation/107 T0x807fbeb400 "rootserver" @318b54]: CNode Copy/Mint/Move/Mutate: Source slot invalid or empty.>>[0m
[0m[1m<<[0m[32mseL4(CPU 0)[0m[1m [decodeCNodeInvocation/107 T0x807fbeb400 "rootserver" @318b54]: CNode Copy/Mint/Move/Mutate: Source slot invalid or empty.>>[0m
[0m[1m<<[0m[32mseL4(CPU 0)[0m[1m [decodeCNodeInvocation/107 T0x807fbeb400 "rootserver" @318b54]: CNode Copy/Mint/Move/Mutate: Source slot invalid or empty.>>[0m
[0m[1m<<[0m[32mseL4(CPU 0)[0m[1m [decodeCNodeInvocation/107 T0x807fbeb400 "rootserver" @318b54]: CNode Copy/Mint/Move/Mutate: Source slot invalid or empty.>>[0m
[0m[1m<<[0m[32mseL4(CPU 0)[0m[1m [decodeCNodeInvocation/107 T0x807fbeb400 "rootserver" @318b54]: CNode Copy/Mint/Move/Mutate: Source slot invalid or empty.>>[0m
[0m[1m<<[0m[32mseL4(CPU 0)[0m[1m [decodeCNodeInvocation/107 T0x807fbeb400 "rootserver" @318b54]: CNode Copy/Mint/Move/Mutate: Source slot invalid or empty.>>[0m
[0m[1m<<[0m[32mseL4(CPU 0)[0m[1m [decodeCNodeInvocation/107 T0x807fbeb400 "rootserver" @318b54]: CNode Copy/Mint/Move/Mutate: Source slot invalid or empty.>>[0m
[0m[1m<<[0m[32mseL4(CPU 0)[0m[1m [decodeCNodeInvocation/107 T0x807fbeb400 "rootserver" @318b54]: CNode Copy/Mint/Move/Mutate: Source slot invalid or empty.>>[0m
[0m[1m<<[0m[32mseL4(CPU 0)[0m[1m [decodeCNodeInvocation/107 T0x807fbeb400 "rootserver" @318b54]: CNode Copy/Mint/Move/Mutate: Source slot invalid or empty.>>[0m
[0m[1m<<[0m[32mseL4(CPU 0)[0m[1m [decodeCNodeInvocation/107 T0x807fbeb400 "rootserver" @318b54]: CNode Copy/Mint/Move/Mutate: Source slot invalid or empty.>>[0m
[0m[1m<<[0m[32mseL4(CPU 0)[0m[1m [decodeCNodeInvocation/107 T0x807fbeb400 "rootserver" @318b54]: CNode Copy/Mint/Move/Mutate: Source slot invalid or empty.>>[0m
[0m[1m<<[0m[32mseL4(CPU 0)[0m[1m [decodeCNodeInvocation/107 T0x807fbeb400 "rootserver" @318b54]: CNode Copy/Mint/Move/Mutate: Source slot invalid or empty.>>[0m
[0m[1m<<[0m[32mseL4(CPU 0)[0m[1m [decodeCNodeInvocation/107 T0x807fbeb400 "rootserver" @318b54]: CNode Copy/Mint/Move/Mutate: Source slot invalid or empty.>>[0m
[0m[1m<<[0m[32mseL4(CPU 0)[0m[1m [decodeCNodeInvocation/107 T0x807fbeb400 "rootserver" @318b54]: CNode Copy/Mint/Move/Mutate: Source slot invalid or empty.>>[0m
[0m[1m<<[0m[32mseL4(CPU 0)[0m[1m [decodeCNodeInvocation/107 T0x807fbeb400 "rootserver" @318b54]: CNode Copy/Mint/Move/Mutate: Source slot invalid or empty.>>[0m
[0m[1m<<[0m[32mseL4(CPU 0)[0m[1m [decodeCNodeInvocation/95 T0x807fbeb400 "rootserver" @318b54]: CNode Copy/Mint/Move/Mutate: Destination not empty.>>[0m
[0m[1m<<[0m[32mseL4(CPU 0)[0m[1m [decodeCNodeInvocation/107 T0x807fbeb400 "rootserver" @318b54]: CNode Copy/Mint/Move/Mutate: Source slot invalid or empty.>>[0m
[0m[1m<<[0m[32mseL4(CPU 0)[0m[1m [decodeCNodeInvocation/107 T0x807fbeb400 "rootserver" @318b54]: CNode Copy/Mint/Move/Mutate: Source slot invalid or empty.>>[0m
[0m[1m<<[0m[32mseL4(CPU 0)[0m[1m [decodeCNodeInvocation/107 T0x807fbeb400 "rootserver" @318b54]: CNode Copy/Mint/Move/Mutate: Source slot invalid or empty.>>[0m
[0m[1m<<[0m[32mseL4(CPU 0)[0m[1m [decodeCNodeInvocation/107 T0x807fbeb400 "rootserver" @318b54]: CNode Copy/Mint/Move/Mutate: Source slot invalid or empty.>>[0m
[0m[1m<<[0m[32mseL4(CPU 0)[0m[1m [decodeCNodeInvocation/107 T0x807fbeb400 "rootserver" @318b54]: CNode Copy/Mint/Move/Mutate: Source slot invalid or empty.>>[0m
[0m[1m<<[0m[32mseL4(CPU 0)[0m[1m [decodeCNodeInvocation/107 T0x807fbeb400 "rootserver" @318b54]: CNode Copy/Mint/Move/Mutate: Source slot invalid or empty.>>[0m
[0m[1m<<[0m[32mseL4(CPU 0)[0m[1m [decodeCNodeInvocation/107 T0x807fbeb400 "rootserver" @318b54]: CNode Copy/Mint/Move/Mutate: Source slot invalid or empty.>>[0m
[0m[1m<<[0m[32mseL4(CPU 0)[0m[1m [decodeCNodeInvocation/107 T0x807fbeb400 "rootserver" @318b54]: CNode Copy/Mint/Move/Mutate: Source slot invalid or empty.>>[0m
[0m[1m<<[0m[32mseL4(CPU 0)[0m[1m [decodeCNodeInvocation/107 T0x807fbeb400 "rootserver" @318b54]: CNode Copy/Mint/Move/Mutate: Source slot invalid or empty.>>[0m
[0m[1m<<[0m[32mseL4(CPU 0)[0m[1m [decodeCNodeInvocation/107 T0x807fbeb400 "rootserver" @318b54]: CNode Copy/Mint/Move/Mutate: Source slot invalid or empty.>>[0m
[0m[1m<<[0m[32mseL4(CPU 0)[0m[1m [decodeCNodeInvocation/107 T0x807fbeb400 "rootserver" @318b54]: CNode Copy/Mint/Move/Mutate: Source slot invalid or empty.>>[0m
[0m[1m<<[0m[32mseL4(CPU 0)[0m[1m [decodeCNodeInvocation/107 T0x807fbeb400 "rootserver" @318b54]: CNode Copy/Mint/Move/Mutate: Source slot invalid or empty.>>[0m
[0m[1m<<[0m[32mseL4(CPU 0)[0m[1m [decodeCNodeInvocation/107 T0x807fbeb400 "rootserver" @318b54]: CNode Copy/Mint/Move/Mutate: Source slot invalid or empty.>>[0m
[0m[1m<<[0m[32mseL4(CPU 0)[0m[1m [decodeCNodeInvocation/107 T0x807fbeb400 "rootserver" @318b54]: CNode Copy/Mint/Move/Mutate: Source slot invalid or empty.>>[0m
[0m[1m<<[0m[32mseL4(CPU 0)[0m[1m [decodeCNodeInvocation/107 T0x807fbeb400 "rootserver" @318b54]: CNode Copy/Mint/Move/Mutate: Source slot invalid or empty.>>[0m
[0m[1m<<[0m[32mseL4(CPU 0)[0m[1m [decodeCNodeInvocation/107 T0x807fbeb400 "rootserver" @318b54]: CNode Copy/Mint/Move/Mutate: Source slot invalid or empty.>>[0m
[0m[1m<<[0m[32mseL4(CPU 0)[0m[1m [decodeCNodeInvocation/107 T0x807fbeb400 "rootserver" @318b54]: CNode Copy/Mint/Move/Mutate: Source slot invalid or empty.>>[0m
[0m[1m<<[0m[32mseL4(CPU 0)[0m[1m [decodeCNodeInvocation/107 T0x807fbeb400 "rootserver" @318b54]: CNode Copy/Mint/Move/Mutate: Source slot invalid or empty.>>[0m
[0m[1m<<[0m[32mseL4(CPU 0)[0m[1m [decodeCNodeInvocation/107 T0x807fbeb400 "rootserver" @318b54]: CNode Copy/Mint/Move/Mutate: Source slot invalid or empty.>>[0m
[0m[1m<<[0m[32mseL4(CPU 0)[0m[1m [decodeCNodeInvocation/107 T0x807fbeb400 "rootserver" @318b54]: CNode Copy/Mint/Move/Mutate: Source slot invalid or empty.>>[0m
[0m[1m<<[0m[32mseL4(CPU 0)[0m[1m [decodeCNodeInvocation/107 T0x807fbeb400 "rootserver" @318b54]: CNode Copy/Mint/Move/Mutate: Source slot invalid or empty.>>[0m
[0m[1m<<[0m[32mseL4(CPU 0)[0m[1m [decodeCNodeInvocation/107 T0x807fbeb400 "rootserver" @318b54]: CNode Copy/Mint/Move/Mutate: Source slot invalid or empty.>>[0m
[0m[1m<<[0m[32mseL4(CPU 0)[0m[1m [decodeCNodeInvocation/107 T0x807fbeb400 "rootserver" @318b54]: CNode Copy/Mint/Move/Mutate: Source slot invalid or empty.>>[0m
[0m[1m<<[0m[32mseL4(CPU 0)[0m[1m [decodeCNodeInvocation/107 T0x807fbeb400 "rootserver" @318b54]: CNode Copy/Mint/Move/Mutate: Source slot invalid or empty.>>[0m
[0m[1m<<[0m[32mseL4(CPU 0)[0m[1m [decodeCNodeInvocation/107 T0x807fbeb400 "rootserver" @318b54]: CNode Copy/Mint/Move/Mutate: Source slot invalid or empty.>>[0m
[0m[1m<<[0m[32mseL4(CPU 0)[0m[1m [decodeCNodeInvocation/107 T0x807fbeb400 "rootserver" @318b54]: CNode Copy/Mint/Move/Mutate: Source slot invalid or empty.>>[0m
[0m[1m<<[0m[32mseL4(CPU 0)[0m[1m [decodeCNodeInvocation/107 T0x807fbeb400 "rootserver" @318b54]: CNode Copy/Mint/Move/Mutate: Source slot invalid or empty.>>[0m
[0m[1m<<[0m[32mseL4(CPU 0)[0m[1m [decodeCNodeInvocation/107 T0x807fbeb400 "rootserver" @318b54]: CNode Copy/Mint/Move/Mutate: Source slot invalid or empty.>>[0m
[0m[1m<<[0m[32mseL4(CPU 0)[0m[1m [decodeCNodeInvocation/107 T0x807fbeb400 "rootserver" @318b54]: CNode Copy/Mint/Move/Mutate: Source slot invalid or empty.>>[0m
[0m[1m<<[0m[32mseL4(CPU 0)[0m[1m [decodeCNodeInvocation/107 T0x807fbeb400 "rootserver" @318b54]: CNode Copy/Mint/Move/Mutate: Source slot invalid or empty.>>[0m
[0m[1m<<[0m[32mseL4(CPU 0)[0m[1m [decodeCNodeInvocation/107 T0x807fbeb400 "rootserver" @318b54]: CNode Copy/Mint/Move/Mutate: Source slot invalid or empty.>>[0m
[0m[1m<<[0m[32mseL4(CPU 0)[0m[1m [decodeCNodeInvocation/107 T0x807fbeb400 "rootserver" @318b54]: CNode Copy/Mint/Move/Mutate: Source slot invalid or empty.>>[0m
[0m[1m<<[0m[32mseL4(CPU 0)[0m[1m [decodeCNodeInvocation/107 T0x807fbeb400 "rootserver" @318b54]: CNode Copy/Mint/Move/Mutate: Source slot invalid or empty.>>[0m
[0m[1m<<[0m[32mseL4(CPU 0)[0m[1m [decodeCNodeInvocation/107 T0x807fbeb400 "rootserver" @318b54]: CNode Copy/Mint/Move/Mutate: Source slot invalid or empty.>>[0m
[0m[1m<<[0m[32mseL4(CPU 0)[0m[1m [decodeCNodeInvocation/107 T0x807fbeb400 "rootserver" @318b54]: CNode Copy/Mint/Move/Mutate: Source slot invalid or empty.>>[0m
[0m[1m<<[0m[32mseL4(CPU 0)[0m[1m [decodeCNodeInvocation/107 T0x807fbeb400 "rootserver" @318b54]: CNode Copy/Mint/Move/Mutate: Source slot invalid or empty.>>[0m
[0m[1m<<[0m[32mseL4(CPU 0)[0m[1m [decodeCNodeInvocation/107 T0x807fbeb400 "rootserver" @318b54]: CNode Copy/Mint/Move/Mutate: Source slot invalid or empty.>>[0m
[0m[1m<<[0m[32mseL4(CPU 0)[0m[1m [decodeCNodeInvocation/107 T0x807fbeb400 "rootserver" @318b54]: CNode Copy/Mint/Move/Mutate: Source slot invalid or empty.>>[0m
[0m[1m<<[0m[32mseL4(CPU 0)[0m[1m [decodeCNodeInvocation/107 T0x807fbeb400 "rootserver" @318b54]: CNode Copy/Mint/Move/Mutate: Source slot invalid or empty.>>[0m
[0m[1m<<[0m[32mseL4(CPU 0)[0m[1m [decodeCNodeInvocation/107 T0x807fbeb400 "rootserver" @318b54]: CNode Copy/Mint/Move/Mutate: Source slot invalid or empty.>>[0m
[0m[1m<<[0m[32mseL4(CPU 0)[0m[1m [decodeCNodeInvocation/107 T0x807fbeb400 "rootserver" @318b54]: CNode Copy/Mint/Move/Mutate: Source slot invalid or empty.>>[0m
[0m[1m<<[0m[32mseL4(CPU 0)[0m[1m [decodeCNodeInvocation/107 T0x807fbeb400 "rootserver" @318b54]: CNode Copy/Mint/Move/Mutate: Source slot invalid or empty.>>[0m
[0m[1m<<[0m[32mseL4(CPU 0)[0m[1m [decodeCNodeInvocation/107 T0x807fbeb400 "rootserver" @318b54]: CNode Copy/Mint/Move/Mutate: Source slot invalid or empty.>>[0m
[0m[1m<<[0m[32mseL4(CPU 0)[0m[1m [decodeCNodeInvocation/107 T0x807fbeb400 "rootserver" @318b54]: CNode Copy/Mint/Move/Mutate: Source slot invalid or empty.>>[0m
[0m[1m<<[0m[32mseL4(CPU 0)[0m[1m [decodeCNodeInvocation/107 T0x807fbeb400 "rootserver" @318b54]: CNode Copy/Mint/Move/Mutate: Source slot invalid or empty.>>[0m
[0m[1m<<[0m[32mseL4(CPU 0)[0m[1m [decodeCNodeInvocation/107 T0x807fbeb400 "rootserver" @318b54]: CNode Copy/Mint/Move/Mutate: Source slot invalid or empty.>>[0m
[0m[1m<<[0m[32mseL4(CPU 0)[0m[1m [decodeCNodeInvocation/107 T0x807fbeb400 "rootserver" @318b54]: CNode Copy/Mint/Move/Mutate: Source slot invalid or empty.>>[0m
[0m[1m<<[0m[32mseL4(CPU 0)[0m[1m [decodeCNodeInvocation/107 T0x807fbeb400 "rootserver" @318b54]: CNode Copy/Mint/Move/Mutate: Source slot invalid or empty.>>[0m
[0m[1m<<[0m[32mseL4(CPU 0)[0m[1m [decodeCNodeInvocation/107 T0x807fbeb400 "rootserver" @318b54]: CNode Copy/Mint/Move/Mutate: Source slot invalid or empty.>>[0m
[0m[1m<<[0m[32mseL4(CPU 0)[0m[1m [decodeCNodeInvocation/107 T0x807fbeb400 "rootserver" @318b54]: CNode Copy/Mint/Move/Mutate: Source slot invalid or empty.>>[0m
[0m[1m<<[0m[32mseL4(CPU 0)[0m[1m [decodeCNodeInvocation/107 T0x807fbeb400 "rootserver" @318b54]: CNode Copy/Mint/Move/Mutate: Source slot invalid or empty.>>[0m
[0m[1m<<[0m[32mseL4(CPU 0)[0m[1m [decodeCNodeInvocation/107 T0x807fbeb400 "rootserver" @318b54]: CNode Copy/Mint/Move/Mutate: Source slot invalid or empty.>>[0m
[0m[1m<<[0m[32mseL4(CPU 0)[0m[1m [decodeCNodeInvocation/107 T0x807fbeb400 "rootserver" @318b54]: CNode Copy/Mint/Move/Mutate: Source slot invalid or empty.>>[0m
[0m[1m<<[0m[32mseL4(CPU 0)[0m[1m [decodeCNodeInvocation/107 T0x807fbeb400 "rootserver" @318b54]: CNode Copy/Mint/Move/Mutate: Source slot invalid or empty.>>[0m
[0m[1m<<[0m[32mseL4(CPU 0)[0m[1m [decodeCNodeInvocation/107 T0x807fbeb400 "rootserver" @318b54]: CNode Copy/Mint/Move/Mutate: Source slot invalid or empty.>>[0m
[0m[1m<<[0m[32mseL4(CPU 0)[0m[1m [decodeCNodeInvocation/107 T0x807fbeb400 "rootserver" @318b54]: CNode Copy/Mint/Move/Mutate: Source slot invalid or empty.>>[0m
[0m[1m<<[0m[32mseL4(CPU 0)[0m[1m [decodeCNodeInvocation/107 T0x807fbeb400 "rootserver" @318b54]: CNode Copy/Mint/Move/Mutate: Source slot invalid or empty.>>[0m
[0m[1m<<[0m[32mseL4(CPU 0)[0m[1m [decodeCNodeInvocation/107 T0x807fbeb400 "rootserver" @318b54]: CNode Copy/Mint/Move/Mutate: Source slot invalid or empty.>>[0m
[0m[1m<<[0m[32mseL4(CPU 0)[0m[1m [decodeCNodeInvocation/107 T0x807fbeb400 "rootserver" @318b54]: CNode Copy/Mint/Move/Mutate: Source slot invalid or empty.>>[0m
[0m[1m<<[0m[32mseL4(CPU 0)[0m[1m [decodeCNodeInvocation/107 T0x807fbeb400 "rootserver" @318b54]: CNode Copy/Mint/Move/Mutate: Source slot invalid or empty.>>[0m
[0m[1m<<[0m[32mseL4(CPU 0)[0m[1m [decodeCNodeInvocation/107 T0x807fbeb400 "rootserver" @318b54]: CNode Copy/Mint/Move/Mutate: Source slot invalid or empty.>>[0m
[0m[1m<<[0m[32mseL4(CPU 0)[0m[1m [decodeCNodeInvocation/107 T0x807fbeb400 "rootserver" @318b54]: CNode Copy/Mint/Move/Mutate: Source slot invalid or empty.>>[0m
[0m[1m<<[0m[32mseL4(CPU 0)[0m[1m [decodeCNodeInvocation/107 T0x807fbeb400 "rootserver" @318b54]: CNode Copy/Mint/Move/Mutate: Source slot invalid or empty.>>[0m
[0m[1m<<[0m[32mseL4(CPU 0)[0m[1m [decodeCNodeInvocation/107 T0x807fbeb400 "rootserver" @318b54]: CNode Copy/Mint/Move/Mutate: Source slot invalid or empty.>>[0m
[0m[1m<<[0m[32mseL4(CPU 0)[0m[1m [decodeCNodeInvocation/107 T0x807fbeb400 "rootserver" @318b54]: CNode Copy/Mint/Move/Mutate: Source slot invalid or empty.>>[0m
[0m[1m<<[0m[32mseL4(CPU 0)[0m[1m [decodeCNodeInvocation/107 T0x807fbeb400 "rootserver" @318b54]: CNode Copy/Mint/Move/Mutate: Source slot invalid or empty.>>[0m
[0m[1m<<[0m[32mseL4(CPU 0)[0m[1m [decodeCNodeInvocation/107 T0x807fbeb400 "rootserver" @318b54]: CNode Copy/Mint/Move/Mutate: Source slot invalid or empty.>>[0m
[0m[1m<<[0m[32mseL4(CPU 0)[0m[1m [decodeCNodeInvocation/107 T0x807fbeb400 "rootserver" @318b54]: CNode Copy/Mint/Move/Mutate: Source slot invalid or empty.>>[0m
[0m[1m<<[0m[32mseL4(CPU 0)[0m[1m [decodeCNodeInvocation/107 T0x807fbeb400 "rootserver" @318b54]: CNode Copy/Mint/Move/Mutate: Source slot invalid or empty.>>[0m
[0m[1m<<[0m[32mseL4(CPU 0)[0m[1m [decodeCNodeInvocation/107 T0x807fbeb400 "rootserver" @318b54]: CNode Copy/Mint/Move/Mutate: Source slot invalid or empty.>>[0m
[0m[1m<<[0m[32mseL4(CPU 0)[0m[1m [decodeCNodeInvocation/107 T0x807fbeb400 "rootserver" @318b54]: CNode Copy/Mint/Move/Mutate: Source slot invalid or empty.>>[0m
[0m[1m<<[0m[32mseL4(CPU 0)[0m[1m [decodeCNodeInvocation/107 T0x807fbeb400 "rootserver" @318b54]: CNode Copy/Mint/Move/Mutate: Source slot invalid or empty.>>[0m
[0m[1m<<[0m[32mseL4(CPU 0)[0m[1m [decodeCNodeInvocation/107 T0x807fbeb400 "rootserver" @318b54]: CNode Copy/Mint/Move/Mutate: Source slot invalid or empty.>>[0m
[0m[1m<<[0m[32mseL4(CPU 0)[0m[1m [decodeCNodeInvocation/107 T0x807fbeb400 "rootserver" @318b54]: CNode Copy/Mint/Move/Mutate: Source slot invalid or empty.>>[0m
[0m[1m<<[0m[32mseL4(CPU 0)[0m[1m [decodeCNodeInvocation/107 T0x807fbeb400 "rootserver" @318b54]: CNode Copy/Mint/Move/Mutate: Source slot invalid or empty.>>[0m
[0m[1m<<[0m[32mseL4(CPU 0)[0m[1m [decodeCNodeInvocation/107 T0x807fbeb400 "rootserver" @318b54]: CNode Copy/Mint/Move/Mutate: Source slot invalid or empty.>>[0m
[0m[1m<<[0m[32mseL4(CPU 0)[0m[1m [decodeCNodeInvocation/107 T0x807fbeb400 "rootserver" @318b54]: CNode Copy/Mint/Move/Mutate: Source slot invalid or empty.>>[0m
[0m[1m<<[0m[32mseL4(CPU 0)[0m[1m [decodeCNodeInvocation/107 T0x807fbeb400 "rootserver" @318b54]: CNode Copy/Mint/Move/Mutate: Source slot invalid or empty.>>[0m
[0m[1m<<[0m[32mseL4(CPU 0)[0m[1m [decodeCNodeInvocation/107 T0x807fbeb400 "rootserver" @318b54]: CNode Copy/Mint/Move/Mutate: Source slot invalid or empty.>>[0m
[0m[1m<<[0m[32mseL4(CPU 0)[0m[1m [decodeCNodeInvocation/107 T0x807fbeb400 "rootserver" @318b54]: CNode Copy/Mint/Move/Mutate: Source slot invalid or empty.>>[0m
[0m[1m<<[0m[32mseL4(CPU 0)[0m[1m [decodeCNodeInvocation/107 T0x807fbeb400 "rootserver" @318b54]: CNode Copy/Mint/Move/Mutate: Source slot invalid or empty.>>[0m
[0m[1m<<[0m[32mseL4(CPU 0)[0m[1m [decodeCNodeInvocation/107 T0x807fbeb400 "rootserver" @318b54]: CNode Copy/Mint/Move/Mutate: Source slot invalid or empty.>>[0m
[0m[1m<<[0m[32mseL4(CPU 0)[0m[1m [decodeCNodeInvocation/107 T0x807fbeb400 "rootserver" @318b54]: CNode Copy/Mint/Move/Mutate: Source slot invalid or empty.>>[0m
[0m[1m<<[0m[32mseL4(CPU 0)[0m[1m [decodeCNodeInvocation/107 T0x807fbeb400 "rootserver" @318b54]: CNode Copy/Mint/Move/Mutate: Source slot invalid or empty.>>[0m
[0m[1m<<[0m[32mseL4(CPU 0)[0m[1m [decodeCNodeInvocation/107 T0x807fbeb400 "rootserver" @318b54]: CNode Copy/Mint/Move/Mutate: Source slot invalid or empty.>>[0m
[0m[1m<<[0m[32mseL4(CPU 0)[0m[1m [decodeCNodeInvocation/107 T0x807fbeb400 "rootserver" @318b54]: CNode Copy/Mint/Move/Mutate: Source slot invalid or empty.>>[0m
[0m[1m<<[0m[32mseL4(CPU 0)[0m[1m [decodeCNodeInvocation/107 T0x807fbeb400 "rootserver" @318b54]: CNode Copy/Mint/Move/Mutate: Source slot invalid or empty.>>[0m
[0m[1m<<[0m[32mseL4(CPU 0)[0m[1m [decodeCNodeInvocation/107 T0x807fbeb400 "rootserver" @318b54]: CNode Copy/Mint/Move/Mutate: Source slot invalid or empty.>>[0m
[0m[1m<<[0m[32mseL4(CPU 0)[0m[1m [decodeCNodeInvocation/107 T0x807fbeb400 "rootserver" @318b54]: CNode Copy/Mint/Move/Mutate: Source slot invalid or empty.>>[0m
[0m[1m<<[0m[32mseL4(CPU 0)[0m[1m [decodeCNodeInvocation/107 T0x807fbeb400 "rootserver" @318b54]: CNode Copy/Mint/Move/Mutate: Source slot invalid or empty.>>[0m
[0m[1m<<[0m[32mseL4(CPU 0)[0m[1m [decodeCNodeInvocation/107 T0x807fbeb400 "rootserver" @318b54]: CNode Copy/Mint/Move/Mutate: Source slot invalid or empty.>>[0m
[0m[1m<<[0m[32mseL4(CPU 0)[0m[1m [decodeCNodeInvocation/107 T0x807fbeb400 "rootserver" @318b54]: CNode Copy/Mint/Move/Mutate: Source slot invalid or empty.>>[0m
[0m[1m<<[0m[32mseL4(CPU 0)[0m[1m [decodeCNodeInvocation/107 T0x807fbeb400 "rootserver" @318b54]: CNode Copy/Mint/Move/Mutate: Source slot invalid or empty.>>[0m
[0m[1m<<[0m[32mseL4(CPU 0)[0m[1m [decodeCNodeInvocation/107 T0x807fbeb400 "rootserver" @318b54]: CNode Copy/Mint/Move/Mutate: Source slot invalid or empty.>>[0m
[0m[1m<<[0m[32mseL4(CPU 0)[0m[1m [decodeCNodeInvocation/107 T0x807fbeb400 "rootserver" @318b54]: CNode Copy/Mint/Move/Mutate: Source slot invalid or empty.>>[0m
SLIME_GRAPH factory placed task=3 component=network-service slot=1 kind=shared-buffer-factory
SLIME_GRAPH staged task=3 instance=network-service executable=network-service grants=4 bindings=4 window=0x257000 frames=88 tables=4 entry=0x216c30
SLIME_GRAPH schedule instance=virtio-net-driver priority=254 default=254
SLIME_GRAPH threads instance=virtio-net-driver count=1
[0m[1m<<[0m[32mseL4(CPU 0)[0m[1m [decodeCNodeInvocation/107 T0x807fbeb400 "rootserver" @318b54]: CNode Copy/Mint/Move/Mutate: Source slot invalid or empty.>>[0m
[0m[1m<<[0m[32mseL4(CPU 0)[0m[1m [decodeCNodeInvocation/95 T0x807fbeb400 "rootserver" @318b54]: CNode Copy/Mint/Move/Mutate: Destination not empty.>>[0m
[0m[1m<<[0m[32mseL4(CPU 0)[0m[1m [decodeCNodeInvocation/95 T0x807fbeb400 "rootserver" @318b54]: CNode Copy/Mint/Move/Mutate: Destination not empty.>>[0m
[0m[1m<<[0m[32mseL4(CPU 0)[0m[1m [decodeCNodeInvocation/95 T0x807fbeb400 "rootserver" @318b54]: CNode Copy/Mint/Move/Mutate: Destination not empty.>>[0m
[0m[1m<<[0m[32mseL4(CPU 0)[0m[1m [decodeCNodeInvocation/95 T0x807fbeb400 "rootserver" @318b54]: CNode Copy/Mint/Move/Mutate: Destination not empty.>>[0m
[0m[1m<<[0m[32mseL4(CPU 0)[0m[1m [decodeCNodeInvocation/107 T0x807fbeb400 "rootserver" @318b54]: CNode Copy/Mint/Move/Mutate: Source slot invalid or empty.>>[0m
[0m[1m<<[0m[32mseL4(CPU 0)[0m[1m [decodeCNodeInvocation/107 T0x807fbeb400 "rootserver" @318b54]: CNode Copy/Mint/Move/Mutate: Source slot invalid or empty.>>[0m
[0m[1m<<[0m[32mseL4(CPU 0)[0m[1m [decodeCNodeInvocation/107 T0x807fbeb400 "rootserver" @318b54]: CNode Copy/Mint/Move/Mutate: Source slot invalid or empty.>>[0m
[0m[1m<<[0m[32mseL4(CPU 0)[0m[1m [decodeCNodeInvocation/107 T0x807fbeb400 "rootserver" @318b54]: CNode Copy/Mint/Move/Mutate: Source slot invalid or empty.>>[0m
[0m[1m<<[0m[32mseL4(CPU 0)[0m[1m [decodeCNodeInvocation/107 T0x807fbeb400 "rootserver" @318b54]: CNode Copy/Mint/Move/Mutate: Source slot invalid or empty.>>[0m
[0m[1m<<[0m[32mseL4(CPU 0)[0m[1m [decodeCNodeInvocation/107 T0x807fbeb400 "rootserver" @318b54]: CNode Copy/Mint/Move/Mutate: Source slot invalid or empty.>>[0m
[0m[1m<<[0m[32mseL4(CPU 0)[0m[1m [decodeCNodeInvocation/107 T0x807fbeb400 "rootserver" @318b54]: CNode Copy/Mint/Move/Mutate: Source slot invalid or empty.>>[0m
[0m[1m<<[0m[32mseL4(CPU 0)[0m[1m [decodeCNodeInvocation/107 T0x807fbeb400 "rootserver" @318b54]: CNode Copy/Mint/Move/Mutate: Source slot invalid or empty.>>[0m
[0m[1m<<[0m[32mseL4(CPU 0)[0m[1m [decodeCNodeInvocation/107 T0x807fbeb400 "rootserver" @318b54]: CNode Copy/Mint/Move/Mutate: Source slot invalid or empty.>>[0m
[0m[1m<<[0m[32mseL4(CPU 0)[0m[1m [decodeCNodeInvocation/107 T0x807fbeb400 "rootserver" @318b54]: CNode Copy/Mint/Move/Mutate: Source slot invalid or empty.>>[0m
[0m[1m<<[0m[32mseL4(CPU 0)[0m[1m [decodeCNodeInvocation/107 T0x807fbeb400 "rootserver" @318b54]: CNode Copy/Mint/Move/Mutate: Source slot invalid or empty.>>[0m
[0m[1m<<[0m[32mseL4(CPU 0)[0m[1m [decodeCNodeInvocation/107 T0x807fbeb400 "rootserver" @318b54]: CNode Copy/Mint/Move/Mutate: Source slot invalid or empty.>>[0m
[0m[1m<<[0m[32mseL4(CPU 0)[0m[1m [decodeCNodeInvocation/107 T0x807fbeb400 "rootserver" @318b54]: CNode Copy/Mint/Move/Mutate: Source slot invalid or empty.>>[0m
[0m[1m<<[0m[32mseL4(CPU 0)[0m[1m [decodeCNodeInvocation/107 T0x807fbeb400 "rootserver" @318b54]: CNode Copy/Mint/Move/Mutate: Source slot invalid or empty.>>[0m
[0m[1m<<[0m[32mseL4(CPU 0)[0m[1m [decodeCNodeInvocation/107 T0x807fbeb400 "rootserver" @318b54]: CNode Copy/Mint/Move/Mutate: Source slot invalid or empty.>>[0m
[0m[1m<<[0m[32mseL4(CPU 0)[0m[1m [decodeCNodeInvocation/107 T0x807fbeb400 "rootserver" @318b54]: CNode Copy/Mint/Move/Mutate: Source slot invalid or empty.>>[0m
[0m[1m<<[0m[32mseL4(CPU 0)[0m[1m [decodeCNodeInvocation/107 T0x807fbeb400 "rootserver" @318b54]: CNode Copy/Mint/Move/Mutate: Source slot invalid or empty.>>[0m
[0m[1m<<[0m[32mseL4(CPU 0)[0m[1m [decodeCNodeInvocation/107 T0x807fbeb400 "rootserver" @318b54]: CNode Copy/Mint/Move/Mutate: Source slot invalid or empty.>>[0m
[0m[1m<<[0m[32mseL4(CPU 0)[0m[1m [decodeCNodeInvocation/107 T0x807fbeb400 "rootserver" @318b54]: CNode Copy/Mint/Move/Mutate: Source slot invalid or empty.>>[0m
[0m[1m<<[0m[32mseL4(CPU 0)[0m[1m [decodeCNodeInvocation/107 T0x807fbeb400 "rootserver" @318b54]: CNode Copy/Mint/Move/Mutate: Source slot invalid or empty.>>[0m
[0m[1m<<[0m[32mseL4(CPU 0)[0m[1m [decodeCNodeInvocation/107 T0x807fbeb400 "rootserver" @318b54]: CNode Copy/Mint/Move/Mutate: Source slot invalid or empty.>>[0m
[0m[1m<<[0m[32mseL4(CPU 0)[0m[1m [decodeCNodeInvocation/107 T0x807fbeb400 "rootserver" @318b54]: CNode Copy/Mint/Move/Mutate: Source slot invalid or empty.>>[0m
[0m[1m<<[0m[32mseL4(CPU 0)[0m[1m [decodeCNodeInvocation/107 T0x807fbeb400 "rootserver" @318b54]: CNode Copy/Mint/Move/Mutate: Source slot invalid or empty.>>[0m
[0m[1m<<[0m[32mseL4(CPU 0)[0m[1m [decodeCNodeInvocation/107 T0x807fbeb400 "rootserver" @318b54]: CNode Copy/Mint/Move/Mutate: Source slot invalid or empty.>>[0m
[0m[1m<<[0m[32mseL4(CPU 0)[0m[1m [decodeCNodeInvocation/107 T0x807fbeb400 "rootserver" @318b54]: CNode Copy/Mint/Move/Mutate: Source slot invalid or empty.>>[0m
[0m[1m<<[0m[32mseL4(CPU 0)[0m[1m [decodeCNodeInvocation/107 T0x807fbeb400 "rootserver" @318b54]: CNode Copy/Mint/Move/Mutate: Source slot invalid or empty.>>[0m
[0m[1m<<[0m[32mseL4(CPU 0)[0m[1m [decodeCNodeInvocation/107 T0x807fbeb400 "rootserver" @318b54]: CNode Copy/Mint/Move/Mutate: Source slot invalid or empty.>>[0m
[0m[1m<<[0m[32mseL4(CPU 0)[0m[1m [decodeCNodeInvocation/95 T0x807fbeb400 "rootserver" @318b54]: CNode Copy/Mint/Move/Mutate: Destination not empty.>>[0m
[0m[1m<<[0m[32mseL4(CPU 0)[0m[1m [decodeCNodeInvocation/107 T0x807fbeb400 "rootserver" @318b54]: CNode Copy/Mint/Move/Mutate: Source slot invalid or empty.>>[0m
[0m[1m<<[0m[32mseL4(CPU 0)[0m[1m [decodeCNodeInvocation/107 T0x807fbeb400 "rootserver" @318b54]: CNode Copy/Mint/Move/Mutate: Source slot invalid or empty.>>[0m
[0m[1m<<[0m[32mseL4(CPU 0)[0m[1m [decodeCNodeInvocation/107 T0x807fbeb400 "rootserver" @318b54]: CNode Copy/Mint/Move/Mutate: Source slot invalid or empty.>>[0m
[0m[1m<<[0m[32mseL4(CPU 0)[0m[1m [decodeCNodeInvocation/107 T0x807fbeb400 "rootserver" @318b54]: CNode Copy/Mint/Move/Mutate: Source slot invalid or empty.>>[0m
[0m[1m<<[0m[32mseL4(CPU 0)[0m[1m [decodeCNodeInvocation/107 T0x807fbeb400 "rootserver" @318b54]: CNode Copy/Mint/Move/Mutate: Source slot invalid or empty.>>[0m
[0m[1m<<[0m[32mseL4(CPU 0)[0m[1m [decodeCNodeInvocation/107 T0x807fbeb400 "rootserver" @318b54]: CNode Copy/Mint/Move/Mutate: Source slot invalid or empty.>>[0m
[0m[1m<<[0m[32mseL4(CPU 0)[0m[1m [decodeCNodeInvocation/107 T0x807fbeb400 "rootserver" @318b54]: CNode Copy/Mint/Move/Mutate: Source slot invalid or empty.>>[0m
[0m[1m<<[0m[32mseL4(CPU 0)[0m[1m [decodeCNodeInvocation/107 T0x807fbeb400 "rootserver" @318b54]: CNode Copy/Mint/Move/Mutate: Source slot invalid or empty.>>[0m
[0m[1m<<[0m[32mseL4(CPU 0)[0m[1m [decodeCNodeInvocation/107 T0x807fbeb400 "rootserver" @318b54]: CNode Copy/Mint/Move/Mutate: Source slot invalid or empty.>>[0m
[0m[1m<<[0m[32mseL4(CPU 0)[0m[1m [decodeCNodeInvocation/107 T0x807fbeb400 "rootserver" @318b54]: CNode Copy/Mint/Move/Mutate: Source slot invalid or empty.>>[0m
[0m[1m<<[0m[32mseL4(CPU 0)[0m[1m [decodeCNodeInvocation/107 T0x807fbeb400 "rootserver" @318b54]: CNode Copy/Mint/Move/Mutate: Source slot invalid or empty.>>[0m
[0m[1m<<[0m[32mseL4(CPU 0)[0m[1m [decodeCNodeInvocation/107 T0x807fbeb400 "rootserver" @318b54]: CNode Copy/Mint/Move/Mutate: Source slot invalid or empty.>>[0m
[0m[1m<<[0m[32mseL4(CPU 0)[0m[1m [decodeCNodeInvocation/107 T0x807fbeb400 "rootserver" @318b54]: CNode Copy/Mint/Move/Mutate: Source slot invalid or empty.>>[0m
[0m[1m<<[0m[32mseL4(CPU 0)[0m[1m [decodeCNodeInvocation/107 T0x807fbeb400 "rootserver" @318b54]: CNode Copy/Mint/Move/Mutate: Source slot invalid or empty.>>[0m
[0m[1m<<[0m[32mseL4(CPU 0)[0m[1m [decodeCNodeInvocation/107 T0x807fbeb400 "rootserver" @318b54]: CNode Copy/Mint/Move/Mutate: Source slot invalid or empty.>>[0m
[0m[1m<<[0m[32mseL4(CPU 0)[0m[1m [decodeCNodeInvocation/107 T0x807fbeb400 "rootserver" @318b54]: CNode Copy/Mint/Move/Mutate: Source slot invalid or empty.>>[0m
[0m[1m<<[0m[32mseL4(CPU 0)[0m[1m [decodeCNodeInvocation/107 T0x807fbeb400 "rootserver" @318b54]: CNode Copy/Mint/Move/Mutate: Source slot invalid or empty.>>[0m
[0m[1m<<[0m[32mseL4(CPU 0)[0m[1m [decodeCNodeInvocation/107 T0x807fbeb400 "rootserver" @318b54]: CNode Copy/Mint/Move/Mutate: Source slot invalid or empty.>>[0m
[0m[1m<<[0m[32mseL4(CPU 0)[0m[1m [decodeCNodeInvocation/107 T0x807fbeb400 "rootserver" @318b54]: CNode Copy/Mint/Move/Mutate: Source slot invalid or empty.>>[0m
[0m[1m<<[0m[32mseL4(CPU 0)[0m[1m [decodeCNodeInvocation/107 T0x807fbeb400 "rootserver" @318b54]: CNode Copy/Mint/Move/Mutate: Source slot invalid or empty.>>[0m
[0m[1m<<[0m[32mseL4(CPU 0)[0m[1m [decodeCNodeInvocation/107 T0x807fbeb400 "rootserver" @318b54]: CNode Copy/Mint/Move/Mutate: Source slot invalid or empty.>>[0m
[0m[1m<<[0m[32mseL4(CPU 0)[0m[1m [decodeCNodeInvocation/107 T0x807fbeb400 "rootserver" @318b54]: CNode Copy/Mint/Move/Mutate: Source slot invalid or empty.>>[0m
[0m[1m<<[0m[32mseL4(CPU 0)[0m[1m [decodeCNodeInvocation/107 T0x807fbeb400 "rootserver" @318b54]: CNode Copy/Mint/Move/Mutate: Source slot invalid or empty.>>[0m
[0m[1m<<[0m[32mseL4(CPU 0)[0m[1m [decodeCNodeInvocation/107 T0x807fbeb400 "rootserver" @318b54]: CNode Copy/Mint/Move/Mutate: Source slot invalid or empty.>>[0m
[0m[1m<<[0m[32mseL4(CPU 0)[0m[1m [decodeCNodeInvocation/107 T0x807fbeb400 "rootserver" @318b54]: CNode Copy/Mint/Move/Mutate: Source slot invalid or empty.>>[0m
[0m[1m<<[0m[32mseL4(CPU 0)[0m[1m [decodeCNodeInvocation/107 T0x807fbeb400 "rootserver" @318b54]: CNode Copy/Mint/Move/Mutate: Source slot invalid or empty.>>[0m
[0m[1m<<[0m[32mseL4(CPU 0)[0m[1m [decodeCNodeInvocation/107 T0x807fbeb400 "rootserver" @318b54]: CNode Copy/Mint/Move/Mutate: Source slot invalid or empty.>>[0m
[0m[1m<<[0m[32mseL4(CPU 0)[0m[1m [decodeCNodeInvocation/107 T0x807fbeb400 "rootserver" @318b54]: CNode Copy/Mint/Move/Mutate: Source slot invalid or empty.>>[0m
[0m[1m<<[0m[32mseL4(CPU 0)[0m[1m [decodeCNodeInvocation/107 T0x807fbeb400 "rootserver" @318b54]: CNode Copy/Mint/Move/Mutate: Source slot invalid or empty.>>[0m
[0m[1m<<[0m[32mseL4(CPU 0)[0m[1m [decodeCNodeInvocation/107 T0x807fbeb400 "rootserver" @318b54]: CNode Copy/Mint/Move/Mutate: Source slot invalid or empty.>>[0m
[0m[1m<<[0m[32mseL4(CPU 0)[0m[1m [decodeCNodeInvocation/107 T0x807fbeb400 "rootserver" @318b54]: CNode Copy/Mint/Move/Mutate: Source slot invalid or empty.>>[0m
[0m[1m<<[0m[32mseL4(CPU 0)[0m[1m [decodeCNodeInvocation/107 T0x807fbeb400 "rootserver" @318b54]: CNode Copy/Mint/Move/Mutate: Source slot invalid or empty.>>[0m
[0m[1m<<[0m[32mseL4(CPU 0)[0m[1m [decodeCNodeInvocation/107 T0x807fbeb400 "rootserver" @318b54]: CNode Copy/Mint/Move/Mutate: Source slot invalid or empty.>>[0m
[0m[1m<<[0m[32mseL4(CPU 0)[0m[1m [decodeCNodeInvocation/107 T0x807fbeb400 "rootserver" @318b54]: CNode Copy/Mint/Move/Mutate: Source slot invalid or empty.>>[0m
[0m[1m<<[0m[32mseL4(CPU 0)[0m[1m [decodeCNodeInvocation/107 T0x807fbeb400 "rootserver" @318b54]: CNode Copy/Mint/Move/Mutate: Source slot invalid or empty.>>[0m
[0m[1m<<[0m[32mseL4(CPU 0)[0m[1m [decodeCNodeInvocation/107 T0x807fbeb400 "rootserver" @318b54]: CNode Copy/Mint/Move/Mutate: Source slot invalid or empty.>>[0m
[0m[1m<<[0m[32mseL4(CPU 0)[0m[1m [decodeCNodeInvocation/107 T0x807fbeb400 "rootserver" @318b54]: CNode Copy/Mint/Move/Mutate: Source slot invalid or empty.>>[0m
[0m[1m<<[0m[32mseL4(CPU 0)[0m[1m [decodeCNodeInvocation/107 T0x807fbeb400 "rootserver" @318b54]: CNode Copy/Mint/Move/Mutate: Source slot invalid or empty.>>[0m
[0m[1m<<[0m[32mseL4(CPU 0)[0m[1m [decodeCNodeInvocation/107 T0x807fbeb400 "rootserver" @318b54]: CNode Copy/Mint/Move/Mutate: Source slot invalid or empty.>>[0m
[0m[1m<<[0m[32mseL4(CPU 0)[0m[1m [decodeCNodeInvocation/107 T0x807fbeb400 "rootserver" @318b54]: CNode Copy/Mint/Move/Mutate: Source slot invalid or empty.>>[0m
[0m[1m<<[0m[32mseL4(CPU 0)[0m[1m [decodeCNodeInvocation/107 T0x807fbeb400 "rootserver" @318b54]: CNode Copy/Mint/Move/Mutate: Source slot invalid or empty.>>[0m
[0m[1m<<[0m[32mseL4(CPU 0)[0m[1m [decodeCNodeInvocation/107 T0x807fbeb400 "rootserver" @318b54]: CNode Copy/Mint/Move/Mutate: Source slot invalid or empty.>>[0m
[0m[1m<<[0m[32mseL4(CPU 0)[0m[1m [decodeCNodeInvocation/107 T0x807fbeb400 "rootserver" @318b54]: CNode Copy/Mint/Move/Mutate: Source slot invalid or empty.>>[0m
[0m[1m<<[0m[32mseL4(CPU 0)[0m[1m [decodeCNodeInvocation/107 T0x807fbeb400 "rootserver" @318b54]: CNode Copy/Mint/Move/Mutate: Source slot invalid or empty.>>[0m
[0m[1m<<[0m[32mseL4(CPU 0)[0m[1m [decodeCNodeInvocation/107 T0x807fbeb400 "rootserver" @318b54]: CNode Copy/Mint/Move/Mutate: Source slot invalid or empty.>>[0m
[0m[1m<<[0m[32mseL4(CPU 0)[0m[1m [decodeCNodeInvocation/107 T0x807fbeb400 "rootserver" @318b54]: CNode Copy/Mint/Move/Mutate: Source slot invalid or empty.>>[0m
[0m[1m<<[0m[32mseL4(CPU 0)[0m[1m [decodeCNodeInvocation/107 T0x807fbeb400 "rootserver" @318b54]: CNode Copy/Mint/Move/Mutate: Source slot invalid or empty.>>[0m
[0m[1m<<[0m[32mseL4(CPU 0)[0m[1m [decodeCNodeInvocation/107 T0x807fbeb400 "rootserver" @318b54]: CNode Copy/Mint/Move/Mutate: Source slot invalid or empty.>>[0m
[0m[1m<<[0m[32mseL4(CPU 0)[0m[1m [decodeCNodeInvocation/107 T0x807fbeb400 "rootserver" @318b54]: CNode Copy/Mint/Move/Mutate: Source slot invalid or empty.>>[0m
[0m[1m<<[0m[32mseL4(CPU 0)[0m[1m [decodeCNodeInvocation/107 T0x807fbeb400 "rootserver" @318b54]: CNode Copy/Mint/Move/Mutate: Source slot invalid or empty.>>[0m
[0m[1m<<[0m[32mseL4(CPU 0)[0m[1m [decodeCNodeInvocation/107 T0x807fbeb400 "rootserver" @318b54]: CNode Copy/Mint/Move/Mutate: Source slot invalid or empty.>>[0m
[0m[1m<<[0m[32mseL4(CPU 0)[0m[1m [decodeCNodeInvocation/107 T0x807fbeb400 "rootserver" @318b54]: CNode Copy/Mint/Move/Mutate: Source slot invalid or empty.>>[0m
[0m[1m<<[0m[32mseL4(CPU 0)[0m[1m [decodeCNodeInvocation/107 T0x807fbeb400 "rootserver" @318b54]: CNode Copy/Mint/Move/Mutate: Source slot invalid or empty.>>[0m
[0m[1m<<[0m[32mseL4(CPU 0)[0m[1m [decodeCNodeInvocation/107 T0x807fbeb400 "rootserver" @318b54]: CNode Copy/Mint/Move/Mutate: Source slot invalid or empty.>>[0m
[0m[1m<<[0m[32mseL4(CPU 0)[0m[1m [decodeCNodeInvocation/107 T0x807fbeb400 "rootserver" @318b54]: CNode Copy/Mint/Move/Mutate: Source slot invalid or empty.>>[0m
[0m[1m<<[0m[32mseL4(CPU 0)[0m[1m [decodeCNodeInvocation/107 T0x807fbeb400 "rootserver" @318b54]: CNode Copy/Mint/Move/Mutate: Source slot invalid or empty.>>[0m
[0m[1m<<[0m[32mseL4(CPU 0)[0m[1m [decodeCNodeInvocation/107 T0x807fbeb400 "rootserver" @318b54]: CNode Copy/Mint/Move/Mutate: Source slot invalid or empty.>>[0m
[0m[1m<<[0m[32mseL4(CPU 0)[0m[1m [decodeCNodeInvocation/107 T0x807fbeb400 "rootserver" @318b54]: CNode Copy/Mint/Move/Mutate: Source slot invalid or empty.>>[0m
[0m[1m<<[0m[32mseL4(CPU 0)[0m[1m [decodeCNodeInvocation/107 T0x807fbeb400 "rootserver" @318b54]: CNode Copy/Mint/Move/Mutate: Source slot invalid or empty.>>[0m
[0m[1m<<[0m[32mseL4(CPU 0)[0m[1m [decodeCNodeInvocation/107 T0x807fbeb400 "rootserver" @318b54]: CNode Copy/Mint/Move/Mutate: Source slot invalid or empty.>>[0m
[0m[1m<<[0m[32mseL4(CPU 0)[0m[1m [decodeCNodeInvocation/107 T0x807fbeb400 "rootserver" @318b54]: CNode Copy/Mint/Move/Mutate: Source slot invalid or empty.>>[0m
[0m[1m<<[0m[32mseL4(CPU 0)[0m[1m [decodeCNodeInvocation/107 T0x807fbeb400 "rootserver" @318b54]: CNode Copy/Mint/Move/Mutate: Source slot invalid or empty.>>[0m
[0m[1m<<[0m[32mseL4(CPU 0)[0m[1m [decodeCNodeInvocation/107 T0x807fbeb400 "rootserver" @318b54]: CNode Copy/Mint/Move/Mutate: Source slot invalid or empty.>>[0m
[0m[1m<<[0m[32mseL4(CPU 0)[0m[1m [decodeCNodeInvocation/107 T0x807fbeb400 "rootserver" @318b54]: CNode Copy/Mint/Move/Mutate: Source slot invalid or empty.>>[0m
[0m[1m<<[0m[32mseL4(CPU 0)[0m[1m [decodeCNodeInvocation/107 T0x807fbeb400 "rootserver" @318b54]: CNode Copy/Mint/Move/Mutate: Source slot invalid or empty.>>[0m
[0m[1m<<[0m[32mseL4(CPU 0)[0m[1m [decodeCNodeInvocation/107 T0x807fbeb400 "rootserver" @318b54]: CNode Copy/Mint/Move/Mutate: Source slot invalid or empty.>>[0m
[0m[1m<<[0m[32mseL4(CPU 0)[0m[1m [decodeCNodeInvocation/107 T0x807fbeb400 "rootserver" @318b54]: CNode Copy/Mint/Move/Mutate: Source slot invalid or empty.>>[0m
[0m[1m<<[0m[32mseL4(CPU 0)[0m[1m [decodeCNodeInvocation/107 T0x807fbeb400 "rootserver" @318b54]: CNode Copy/Mint/Move/Mutate: Source slot invalid or empty.>>[0m
[0m[1m<<[0m[32mseL4(CPU 0)[0m[1m [decodeCNodeInvocation/107 T0x807fbeb400 "rootserver" @318b54]: CNode Copy/Mint/Move/Mutate: Source slot invalid or empty.>>[0m
[0m[1m<<[0m[32mseL4(CPU 0)[0m[1m [decodeCNodeInvocation/107 T0x807fbeb400 "rootserver" @318b54]: CNode Copy/Mint/Move/Mutate: Source slot invalid or empty.>>[0m
[0m[1m<<[0m[32mseL4(CPU 0)[0m[1m [decodeCNodeInvocation/107 T0x807fbeb400 "rootserver" @318b54]: CNode Copy/Mint/Move/Mutate: Source slot invalid or empty.>>[0m
[0m[1m<<[0m[32mseL4(CPU 0)[0m[1m [decodeCNodeInvocation/107 T0x807fbeb400 "rootserver" @318b54]: CNode Copy/Mint/Move/Mutate: Source slot invalid or empty.>>[0m
[0m[1m<<[0m[32mseL4(CPU 0)[0m[1m [decodeCNodeInvocation/107 T0x807fbeb400 "rootserver" @318b54]: CNode Copy/Mint/Move/Mutate: Source slot invalid or empty.>>[0m
[0m[1m<<[0m[32mseL4(CPU 0)[0m[1m [decodeCNodeInvocation/107 T0x807fbeb400 "rootserver" @318b54]: CNode Copy/Mint/Move/Mutate: Source slot invalid or empty.>>[0m
[0m[1m<<[0m[32mseL4(CPU 0)[0m[1m [decodeCNodeInvocation/107 T0x807fbeb400 "rootserver" @318b54]: CNode Copy/Mint/Move/Mutate: Source slot invalid or empty.>>[0m
[0m[1m<<[0m[32mseL4(CPU 0)[0m[1m [decodeCNodeInvocation/107 T0x807fbeb400 "rootserver" @318b54]: CNode Copy/Mint/Move/Mutate: Source slot invalid or empty.>>[0m
[0m[1m<<[0m[32mseL4(CPU 0)[0m[1m [decodeCNodeInvocation/107 T0x807fbeb400 "rootserver" @318b54]: CNode Copy/Mint/Move/Mutate: Source slot invalid or empty.>>[0m
[0m[1m<<[0m[32mseL4(CPU 0)[0m[1m [decodeCNodeInvocation/107 T0x807fbeb400 "rootserver" @318b54]: CNode Copy/Mint/Move/Mutate: Source slot invalid or empty.>>[0m
[0m[1m<<[0m[32mseL4(CPU 0)[0m[1m [decodeCNodeInvocation/107 T0x807fbeb400 "rootserver" @318b54]: CNode Copy/Mint/Move/Mutate: Source slot invalid or empty.>>[0m
[0m[1m<<[0m[32mseL4(CPU 0)[0m[1m [decodeCNodeInvocation/107 T0x807fbeb400 "rootserver" @318b54]: CNode Copy/Mint/Move/Mutate: Source slot invalid or empty.>>[0m
[0m[1m<<[0m[32mseL4(CPU 0)[0m[1m [decodeCNodeInvocation/107 T0x807fbeb400 "rootserver" @318b54]: CNode Copy/Mint/Move/Mutate: Source slot invalid or empty.>>[0m
[0m[1m<<[0m[32mseL4(CPU 0)[0m[1m [decodeCNodeInvocation/107 T0x807fbeb400 "rootserver" @318b54]: CNode Copy/Mint/Move/Mutate: Source slot invalid or empty.>>[0m
[0m[1m<<[0m[32mseL4(CPU 0)[0m[1m [decodeCNodeInvocation/107 T0x807fbeb400 "rootserver" @318b54]: CNode Copy/Mint/Move/Mutate: Source slot invalid or empty.>>[0m
[0m[1m<<[0m[32mseL4(CPU 0)[0m[1m [decodeCNodeInvocation/107 T0x807fbeb400 "rootserver" @318b54]: CNode Copy/Mint/Move/Mutate: Source slot invalid or empty.>>[0m
[0m[1m<<[0m[32mseL4(CPU 0)[0m[1m [decodeCNodeInvocation/107 T0x807fbeb400 "rootserver" @318b54]: CNode Copy/Mint/Move/Mutate: Source slot invalid or empty.>>[0m
[0m[1m<<[0m[32mseL4(CPU 0)[0m[1m [decodeCNodeInvocation/107 T0x807fbeb400 "rootserver" @318b54]: CNode Copy/Mint/Move/Mutate: Source slot invalid or empty.>>[0m
[0m[1m<<[0m[32mseL4(CPU 0)[0m[1m [decodeCNodeInvocation/107 T0x807fbeb400 "rootserver" @318b54]: CNode Copy/Mint/Move/Mutate: Source slot invalid or empty.>>[0m
[0m[1m<<[0m[32mseL4(CPU 0)[0m[1m [decodeCNodeInvocation/107 T0x807fbeb400 "rootserver" @318b54]: CNode Copy/Mint/Move/Mutate: Source slot invalid or empty.>>[0m
[0m[1m<<[0m[32mseL4(CPU 0)[0m[1m [decodeCNodeInvocation/107 T0x807fbeb400 "rootserver" @318b54]: CNode Copy/Mint/Move/Mutate: Source slot invalid or empty.>>[0m
[0m[1m<<[0m[32mseL4(CPU 0)[0m[1m [decodeCNodeInvocation/107 T0x807fbeb400 "rootserver" @318b54]: CNode Copy/Mint/Move/Mutate: Source slot invalid or empty.>>[0m
[0m[1m<<[0m[32mseL4(CPU 0)[0m[1m [decodeCNodeInvocation/107 T0x807fbeb400 "rootserver" @318b54]: CNode Copy/Mint/Move/Mutate: Source slot invalid or empty.>>[0m
[0m[1m<<[0m[32mseL4(CPU 0)[0m[1m [decodeCNodeInvocation/107 T0x807fbeb400 "rootserver" @318b54]: CNode Copy/Mint/Move/Mutate: Source slot invalid or empty.>>[0m
[0m[1m<<[0m[32mseL4(CPU 0)[0m[1m [decodeCNodeInvocation/107 T0x807fbeb400 "rootserver" @318b54]: CNode Copy/Mint/Move/Mutate: Source slot invalid or empty.>>[0m
[0m[1m<<[0m[32mseL4(CPU 0)[0m[1m [decodeCNodeInvocation/107 T0x807fbeb400 "rootserver" @318b54]: CNode Copy/Mint/Move/Mutate: Source slot invalid or empty.>>[0m
[0m[1m<<[0m[32mseL4(CPU 0)[0m[1m [decodeCNodeInvocation/107 T0x807fbeb400 "rootserver" @318b54]: CNode Copy/Mint/Move/Mutate: Source slot invalid or empty.>>[0m
SLIME_IO quota task=4 instance=virtio-net-driver devices=1 shared_granule=0
SLIME_GRAPH staged task=4 instance=virtio-net-driver executable=virtio-net-driver grants=5 bindings=5 window=0x23d000 frames=62 tables=4 entry=0x2132f0
SLIME_GRAPH staged instances=5 root_autostart=5 loadable_executables=5 slimecm=0 wrong_target=0 unrecognized=0
SLIME_GRAPH endpoint grant=network-intruder-service producer_instance=3 consumer_instance=1
SLIME_GRAPH endpoint grant=network-service-link-peer producer_instance=4 consumer_instance=3
SLIME_GRAPH endpoint grant=network-tcp-probe-service producer_instance=3 consumer_instance=2
SLIME_GRAPH native endpoint task=1 slot=33 side=both
SLIME_GRAPH native endpoint task=2 slot=33 side=both
SLIME_GRAPH native endpoint task=3 slot=35 side=both
SLIME_GRAPH native endpoint task=3 slot=33 side=both
SLIME_GRAPH native endpoint task=3 slot=36 side=both
SLIME_GRAPH native endpoint task=4 slot=33 side=both
SLIME_GRAPH peer endpoints created=3 grants=3 installed=6
SLIME_GRAPH notification grant=io-link-rx-completion-ready source_instance=4 target_instance=3
SLIME_GRAPH notification grant=io-link-rx-request-ready source_instance=3 target_instance=4
SLIME_GRAPH notification grant=io-link-state-changed source_instance=4 target_instance=3
SLIME_GRAPH notification grant=io-link-tx-completion-ready source_instance=4 target_instance=3
SLIME_GRAPH notification grant=io-link-tx-request-ready source_instance=3 target_instance=4
SLIME_GRAPH notification binding task=3 slot=64 role=Signal
SLIME_GRAPH notification binding task=3 slot=65 role=Signal
SLIME_GRAPH notification binding task=3 slot=66 role=Wait
SLIME_GRAPH notification binding task=3 slot=67 role=Wait
SLIME_GRAPH notification binding task=3 slot=68 role=Wait
SLIME_GRAPH notification binding task=4 slot=64 role=Wait
SLIME_GRAPH notification binding task=4 slot=65 role=Wait
SLIME_GRAPH notification binding task=4 slot=66 role=Signal
SLIME_GRAPH notification binding task=4 slot=67 role=Signal
SLIME_GRAPH notification binding task=4 slot=68 role=Signal
SLIME_GRAPH notifications created=5 bindings=10
SLIME_CLOCK authority task=0 instance=init flags=0x0 timers=0 badge=0x0
SLIME_CLOCK authority task=1 instance=io-network-intruder flags=0x0 timers=0 badge=0x0
SLIME_CLOCK authority task=2 instance=io-tcp-probe flags=0x4000000 timers=0 badge=0x0
SLIME_CLOCK authority task=3 instance=network-service flags=0x4000000 timers=0 badge=0x0
SLIME_CLOCK authority task=4 instance=virtio-net-driver flags=0x0 timers=0 badge=0x0
[layout] path=init slots=0 max=64
[layout] end
SLIME_GRAPH activated instances=5
SLIME_TIMER phase=post-graph-start delivered badge=0x1 polls=7308
SLIME_TIMER phase=post-graph-start serviced events=1 programming=Disarm
SLIME_TIMER phase=post-graph-start advanced start=28098238 end=28737791 delta=639553
SLIME_TIMER phase=post-graph-start OK
SLIME_GRAPH quota task=0 instance=init executable=init pages=0 buffers=0 mappings=0 loans=0
SLIME_MEM quota task=0 instance=init declared=0 installed=0 base=0x0
SLIME_GRAPH quota task=1 instance=io-network-intruder executable=io-network-intruder pages=0 buffers=0 mappings=0 loans=0
SLIME_MEM quota task=1 instance=io-network-intruder declared=0 installed=0 base=0x0
SLIME_GRAPH quota task=2 instance=io-tcp-probe executable=io-tcp-probe pages=3 buffers=3 mappings=3 loans=3
SLIME_MEM quota task=2 instance=io-tcp-probe declared=0 installed=0 base=0x0
SLIME_GRAPH quota task=3 instance=network-service executable=network-service pages=10 buffers=10 mappings=16 loans=10
SLIME_MEM quota task=3 instance=network-service declared=0 installed=0 base=0x0
SLIME_GRAPH quota task=4 instance=virtio-net-driver executable=virtio-net-driver pages=0 buffers=0 mappings=10 loans=10
SLIME_MEM quota task=4 instance=virtio-net-driver declared=0 installed=0 base=0x0
SLIME_GRAPH quotas declared=5 budgeted=3 holders=3
SLIME_ROOT console dispatcher started
SLIME_ROOT allocator baseline live_slots=413 live_objects=390 live_bytes=4161808
SLIME_GRAPH healthy generation=54 instances=ee5ba068375bd7ce required=5 live=5 idle=5 failed=0
[network-service] authority destinations=5 rights=connect,send,recv
[network-service] declared socket_limit=5 listener_limit=0 dns_record_limit=0
SLIME_GRAPH binding unresolved task=3 instance=3 len=21
SLIME_CLOCK served task=3 label=70 result=62500000 live=0
SLIME_CLOCK served task=3 label=44 result=29833299 live=0
[network-service] clock rate=62500000
[network-service] interface addr=10.0.0.1/24 gateway=none mac=52:54:00:53:4c:01
SLIME_GRAPH buffer created task=3 slot=2 id=1 pages=1 writable=1
SLIME_GRAPH buffer created task=3 slot=3 id=2 pages=1 writable=1
SLIME_GRAPH loan created task=3 slot=4 id=1 to=4 offset=0 length=4096
SLIME_GRAPH capability exported task=3 id=1 kind=loan rights=0x300 retain=0
SLIME_GRAPH capability imported task=4 id=1 kind=loan rights=0x300 retain=0
[0m[1m<<[0m[32mseL4(CPU 0)[0m[1m [decodeARMFrameInvocation/1568 T0x807fbeb400 "rootserver" @318ed8]: ARMPageMap: Attempting to remap a frame that does not belong to the passed address space>>[0m
SLIME_GRAPH frame aliased frame=1525 vaddr=0x1800005000 live=1
SLIME_GRAPH loan mapped task=4 slot=5 id=1
SLIME_CLOCK served task=2 label=70 result=62500000 live=0
SLIME_CLOCK served task=2 label=44 result=30513412 live=0
[io-tcp-probe] clock rate=62500000
SLIME_GRAPH buffer created task=2 slot=2 id=3 pages=1 writable=1
SLIME_GRAPH loan created task=2 slot=3 id=2 to=3 offset=0 length=4096
SLIME_GRAPH capability exported task=2 id=2 kind=loan rights=0x300 retain=0
[init] wait set plane is root-launched
SLIME_GRAPH component exit task=0 status=0
SLIME_CLOCK teardown task=0 before=0 live=0
SLIME_LIFECYCLE terminated task=0 instance=0 cause=exit
SLIME_GRAPH quota released task=0 live=4
SLIME_ROOT reclaim census task=0 slots=2628 bytes=527481200 live_objects=333 arena_reuses=0
SLIME_GRAPH loan created task=3 slot=4 id=3 to=4 offset=0 length=4096
SLIME_GRAPH capability exported task=3 id=3 kind=loan rights=0x300 retain=0
SLIME_GRAPH capability imported task=4 id=3 kind=loan rights=0x300 retain=0
[0m[1m<<[0m[32mseL4(CPU 0)[0m[1m [decodeARMFrameInvocation/1568 T0x807fbeb400 "rootserver" @318ed8]: ARMPageMap: Attempting to remap a frame that does not belong to the passed address space>>[0m
SLIME_GRAPH frame aliased frame=1526 vaddr=0x1800006000 live=2
SLIME_GRAPH loan mapped task=4 slot=6 id=3
SLIME_GRAPH buffer created task=3 slot=4 id=4 pages=1 writable=1
SLIME_GRAPH loan created task=3 slot=5 id=4 to=4 offset=0 length=4096
SLIME_GRAPH capability exported task=3 id=4 kind=loan rights=0x300 retain=0
SLIME_GRAPH capability imported task=4 id=4 kind=loan rights=0x300 retain=0
SLIME_GRAPH buffer created task=3 slot=5 id=5 pages=1 writable=1
SLIME_GRAPH loan created task=3 slot=6 id=5 to=4 offset=0 length=4096
SLIME_GRAPH capability exported task=3 id=5 kind=loan rights=0x300 retain=0
SLIME_GRAPH capability imported task=4 id=5 kind=loan rights=0x300 retain=0
SLIME_GRAPH buffer created task=3 slot=6 id=6 pages=1 writable=1
SLIME_GRAPH loan created task=3 slot=7 id=6 to=4 offset=0 length=4096
SLIME_GRAPH capability exported task=3 id=6 kind=loan rights=0x300 retain=0
SLIME_GRAPH capability imported task=4 id=6 kind=loan rights=0x300 retain=0
SLIME_GRAPH buffer created task=3 slot=7 id=7 pages=1 writable=1
SLIME_GRAPH loan created task=3 slot=8 id=7 to=4 offset=0 length=4096
SLIME_GRAPH capability exported task=3 id=7 kind=loan rights=0x300 retain=0
SLIME_GRAPH capability imported task=4 id=7 kind=loan rights=0x300 retain=0
SLIME_GRAPH buffer created task=3 slot=8 id=8 pages=1 writable=1
SLIME_GRAPH loan created task=3 slot=9 id=8 to=4 offset=0 length=4096
SLIME_GRAPH capability exported task=3 id=8 kind=loan rights=0x300 retain=0
SLIME_GRAPH capability imported task=4 id=8 kind=loan rights=0x300 retain=0
SLIME_GRAPH buffer created task=3 slot=9 id=9 pages=1 writable=1
SLIME_GRAPH loan created task=3 slot=10 id=9 to=4 offset=0 length=4096
SLIME_GRAPH capability exported task=3 id=9 kind=loan rights=0x300 retain=0
SLIME_GRAPH capability imported task=4 id=9 kind=loan rights=0x300 retain=0
SLIME_GRAPH buffer created task=3 slot=10 id=10 pages=1 writable=1
SLIME_GRAPH loan created task=3 slot=11 id=10 to=4 offset=0 length=4096
SLIME_GRAPH capability exported task=3 id=10 kind=loan rights=0x300 retain=0
SLIME_GRAPH capability imported task=4 id=10 kind=loan rights=0x300 retain=0
SLIME_GRAPH buffer created task=3 slot=11 id=11 pages=1 writable=1
SLIME_GRAPH loan created task=3 slot=12 id=11 to=4 offset=0 length=4096
SLIME_GRAPH capability exported task=3 id=11 kind=loan rights=0x300 retain=0
SLIME_GRAPH capability imported task=4 id=11 kind=loan rights=0x300 retain=0
[virtio-net-driver] negotiated legacy features=0 queues rx=16 tx=16 epoch=1
[virtio-net-driver] mmio mechanism=mediated-bounded-read32-write32
[network-service] link query state=up rx provisioned=4
SLIME_IO payload dma pages=1 frames=1 writable=true direction=DeviceWrite
SLIME_IO payload frame index=0 slot=1128 paddr=Some(1612996608)
SLIME_IO payload dma pages=1 frames=1 writable=true direction=DeviceWrite
SLIME_IO payload frame index=0 slot=1132 paddr=Some(1613012992)
SLIME_IO payload dma pages=1 frames=1 writable=true direction=DeviceWrite
SLIME_IO payload frame index=0 slot=1136 paddr=Some(1613029376)
SLIME_IO payload dma pages=1 frames=1 writable=true direction=DeviceWrite
SLIME_IO payload frame index=0 slot=1140 paddr=Some(1613045760)
SLIME_GRAPH capability imported task=3 id=2 kind=loan rights=0x300 retain=0
[0m[1m<<[0m[32mseL4(CPU 0)[0m[1m [decodeARMFrameInvocation/1568 T0x807fbeb400 "rootserver" @318ed8]: ARMPageMap: Attempting to remap a frame that does not belong to the passed address space>>[0m
SLIME_GRAPH frame aliased frame=1537 vaddr=0x1900016000 live=3
SLIME_GRAPH loan mapped task=3 slot=12 id=2
SLIME_CLOCK served task=3 label=44 result=32526645 live=0
SLIME_IO payload dma pages=1 frames=1 writable=true direction=DeviceWrite
SLIME_IO payload frame index=0 slot=1128 paddr=Some(1612996608)
SLIME_IO payload dma pages=1 frames=1 writable=true direction=DeviceRead
SLIME_IO payload frame index=0 slot=1144 paddr=Some(1613062144)
[virtio-net-driver] tx completed frames=1
SLIME_GRAPH buffer created task=2 slot=3 id=12 pages=1 writable=1
SLIME_GRAPH loan created task=2 slot=4 id=12 to=3 offset=0 length=4096
SLIME_GRAPH capability exported task=2 id=12 kind=loan rights=0x300 retain=0
SLIME_GRAPH capability imported task=3 id=12 kind=loan rights=0x300 retain=0
[0m[1m<<[0m[32mseL4(CPU 0)[0m[1m [decodeARMFrameInvocation/1568 T0x807fbeb400 "rootserver" @318ed8]: ARMPageMap: Attempting to remap a frame that does not belong to the passed address space>>[0m
SLIME_GRAPH frame aliased frame=1180 vaddr=0x1900017000 live=4
SLIME_GRAPH loan mapped task=3 slot=13 id=12
SLIME_CLOCK served task=3 label=44 result=32812900 live=0
SLIME_GRAPH buffer created task=2 slot=4 id=13 pages=1 writable=1
SLIME_GRAPH loan created task=2 slot=5 id=13 to=3 offset=0 length=4096
SLIME_GRAPH capability exported task=2 id=13 kind=loan rights=0x300 retain=0
SLIME_GRAPH capability imported task=3 id=13 kind=loan rights=0x300 retain=0
[0m[1m<<[0m[32mseL4(CPU 0)[0m[1m [decodeARMFrameInvocation/1568 T0x807fbeb400 "rootserver" @318ed8]: ARMPageMap: Attempting to remap a frame that does not belong to the passed address space>>[0m
SLIME_GRAPH frame aliased frame=1188 vaddr=0x1900018000 live=5
SLIME_GRAPH loan mapped task=3 slot=14 id=13
SLIME_CLOCK served task=3 label=44 result=32973359 live=0
SLIME_CLOCK served task=3 label=44 result=33044032 live=0
SLIME_IO payload dma pages=1 frames=1 writable=true direction=DeviceRead
SLIME_IO payload frame index=0 slot=1144 paddr=Some(1613062144)
SLIME_CLOCK served task=3 label=44 result=33220931 live=0
SLIME_IO payload dma pages=1 frames=1 writable=true direction=DeviceWrite
SLIME_IO payload frame index=0 slot=1132 paddr=Some(1613012992)
SLIME_IO payload dma pages=1 frames=1 writable=true direction=DeviceRead
SLIME_IO payload frame index=0 slot=1144 paddr=Some(1613062144)
[io-tcp-probe] connect dst=10.0.0.2:4242 status=ok
[io-tcp-probe] tcp capabilities=1 rights=connect,send,recv
[io-tcp-probe] sent bytes=4096
SLIME_CLOCK served task=3 label=44 result=33566574 live=0
SLIME_IO payload dma pages=1 frames=1 writable=true direction=DeviceRead
SLIME_IO payload frame index=0 slot=1144 paddr=Some(1613062144)
SLIME_IO payload dma pages=1 frames=1 writable=true direction=DeviceRead
SLIME_IO payload frame index=0 slot=1148 paddr=Some(1613078528)
SLIME_IO payload dma pages=1 frames=1 writable=true direction=DeviceRead
SLIME_IO payload frame index=0 slot=1152 paddr=Some(1613094912)
SLIME_IO payload dma pages=1 frames=1 writable=true direction=DeviceRead
SLIME_IO payload frame index=0 slot=1156 paddr=Some(1613111296)
SLIME_CLOCK served task=3 label=44 result=33741876 live=0
SLIME_IO payload dma pages=1 frames=1 writable=true direction=DeviceWrite
SLIME_IO payload frame index=0 slot=1128 paddr=Some(1612996608)
SLIME_IO payload dma pages=1 frames=1 writable=true direction=DeviceWrite
SLIME_IO payload frame index=0 slot=1132 paddr=Some(1613012992)
SLIME_IO payload dma pages=1 frames=1 writable=true direction=DeviceWrite
SLIME_IO payload frame index=0 slot=1136 paddr=Some(1613029376)
SLIME_IO payload dma pages=1 frames=1 writable=true direction=DeviceWrite
SLIME_IO payload frame index=0 slot=1140 paddr=Some(1613045760)
SLIME_IO payload dma pages=1 frames=1 writable=true direction=DeviceRead
SLIME_IO payload frame index=0 slot=1144 paddr=Some(1613062144)
SLIME_IO payload dma pages=1 frames=1 writable=true direction=DeviceRead
SLIME_IO payload frame index=0 slot=1148 paddr=Some(1613078528)
SLIME_IO payload dma pages=1 frames=1 writable=true direction=DeviceRead
SLIME_IO payload frame index=0 slot=1152 paddr=Some(1613094912)
[io-network-intruder] exact authority refusals=8
SLIME_CLOCK served task=3 label=44 result=34201852 live=0
SLIME_IO payload dma pages=1 frames=1 writable=true direction=DeviceWrite
SLIME_IO payload frame index=0 slot=1128 paddr=Some(1612996608)
SLIME_IO payload dma pages=1 frames=1 writable=true direction=DeviceWrite
SLIME_IO payload frame index=0 slot=1132 paddr=Some(1613012992)
SLIME_IO payload dma pages=1 frames=1 writable=true direction=DeviceWrite
SLIME_IO payload frame index=0 slot=1136 paddr=Some(1613029376)
SLIME_IO payload dma pages=1 frames=1 writable=true direction=DeviceWrite
SLIME_IO payload frame index=0 slot=1140 paddr=Some(1613045760)
SLIME_IO payload dma pages=1 frames=1 writable=true direction=DeviceRead
SLIME_IO payload frame index=0 slot=1144 paddr=Some(1613062144)
SLIME_CLOCK served task=3 label=44 result=34435051 live=0
SLIME_IO payload dma pages=1 frames=1 writable=true direction=DeviceWrite
SLIME_IO payload frame index=0 slot=1128 paddr=Some(1612996608)
SLIME_IO payload dma pages=1 frames=1 writable=true direction=DeviceWrite
SLIME_IO payload frame index=0 slot=1132 paddr=Some(1613012992)
SLIME_IO payload dma pages=1 frames=1 writable=true direction=DeviceWrite
SLIME_IO payload frame index=0 slot=1136 paddr=Some(1613029376)
SLIME_IO payload dma pages=1 frames=1 writable=true direction=DeviceWrite
SLIME_IO payload frame index=0 slot=1140 paddr=Some(1613045760)
SLIME_IO payload dma pages=1 frames=1 writable=true direction=DeviceRead
SLIME_IO payload frame index=0 slot=1144 paddr=Some(1613062144)
SLIME_CLOCK served task=3 label=44 result=34668511 live=0
[io-tcp-probe] received bytes=4096 completions=4
[io-tcp-probe] stream verified bytes=4096 mismatches=0
SLIME_IO payload dma pages=1 frames=1 writable=true direction=DeviceWrite
SLIME_IO payload frame index=0 slot=1128 paddr=Some(1612996608)
SLIME_IO payload dma pages=1 frames=1 writable=true direction=DeviceWrite
SLIME_IO payload frame index=0 slot=1132 paddr=Some(1613012992)
SLIME_IO payload dma pages=1 frames=1 writable=true direction=DeviceWrite
SLIME_IO payload frame index=0 slot=1136 paddr=Some(1613029376)
SLIME_IO payload dma pages=1 frames=1 writable=true direction=DeviceWrite
SLIME_IO payload frame index=0 slot=1140 paddr=Some(1613045760)
SLIME_IO payload dma pages=1 frames=1 writable=true direction=DeviceRead
SLIME_IO payload frame index=0 slot=1144 paddr=Some(1613062144)
[io-tcp-probe] close status=ok
SLIME_CLOCK served task=3 label=44 result=34955631 live=0
[io-network-intruder] cross-holder capability refusals=4
SLIME_IO payload dma pages=1 frames=1 writable=true direction=DeviceRead
SLIME_IO payload frame index=0 slot=1144 paddr=Some(1613062144)
SLIME_CLOCK served task=3 label=44 result=35058770 live=0
SLIME_IO payload dma pages=1 frames=1 writable=true direction=DeviceWrite
SLIME_IO payload frame index=0 slot=1128 paddr=Some(1612996608)
SLIME_IO payload dma pages=1 frames=1 writable=true direction=DeviceWrite
SLIME_IO payload frame index=0 slot=1132 paddr=Some(1613012992)
SLIME_IO payload dma pages=1 frames=1 writable=true direction=DeviceRead
SLIME_IO payload frame index=0 slot=1144 paddr=Some(1613062144)
SLIME_IO payload dma pages=1 frames=1 writable=true direction=DeviceRead
SLIME_IO payload frame index=0 slot=1148 paddr=Some(1613078528)
SLIME_CLOCK served task=3 label=44 result=35253443 live=0
SLIME_CLOCK served task=3 label=44 result=35276259 live=0
SLIME_CLOCK served task=3 label=44 result=35296471 live=0
[io-network-intruder] rights-mask refusals=2
SLIME_CLOCK served task=3 label=44 result=35331650 live=0
SLIME_CLOCK served task=3 label=44 result=35353860 live=0
SLIME_CLOCK served task=3 label=44 result=35374648 live=0
[io-network-intruder] structured denials=14 shutdown=1
SLIME_GRAPH component exit task=1 status=0
SLIME_CLOCK teardown task=1 before=0 live=0
SLIME_LIFECYCLE terminated task=1 instance=1 cause=exit
SLIME_GRAPH quota released task=1 live=3
SLIME_ROOT reclaim census task=1 slots=2622 bytes=527202672 live_objects=337 arena_reuses=0
SLIME_CLOCK served task=3 label=44 result=35511821 live=0
SLIME_IO payload dma pages=1 frames=1 writable=true direction=DeviceWrite
SLIME_IO payload frame index=0 slot=1136 paddr=Some(1613029376)
[io-tcp-probe] connect dst=10.0.0.2:4243 status=refused
[io-tcp-probe] undeclared destination refusals=1
SLIME_CLOCK served task=2 label=44 result=35587671 live=0
SLIME_CLOCK served task=3 label=44 result=35601219 live=0
SLIME_CLOCK served task=3 label=44 result=35612362 live=0
SLIME_CLOCK served task=2 label=44 result=35623161 live=0
SLIME_CLOCK served task=3 label=44 result=35634813 live=0
SLIME_CLOCK served task=2 label=44 result=35645871 live=0
SLIME_CLOCK served task=3 label=44 result=35657251 live=0
SLIME_CLOCK served task=2 label=44 result=35668208 live=0
SLIME_CLOCK served task=3 label=44 result=35680125 live=0
SLIME_CLOCK served task=2 label=44 result=35692212 live=0
SLIME_CLOCK served task=3 label=44 result=35702858 live=0
SLIME_CLOCK served task=2 label=44 result=35713102 live=0
SLIME_CLOCK served task=3 label=44 result=35724553 live=0
SLIME_CLOCK served task=2 label=44 result=35735447 live=0
SLIME_CLOCK served task=3 label=44 result=35747113 live=0
SLIME_CLOCK served task=2 label=44 result=35758102 live=0
SLIME_CLOCK served task=3 label=44 result=35769489 live=0
SLIME_CLOCK served task=2 label=44 result=35779868 live=0
SLIME_CLOCK served task=3 label=44 result=35794487 live=0
SLIME_CLOCK served task=2 label=44 result=35810173 live=0
SLIME_CLOCK served task=3 label=44 result=35829150 live=0
SLIME_CLOCK served task=2 label=44 result=35843919 live=0
SLIME_CLOCK served task=3 label=44 result=35859522 live=0
SLIME_CLOCK served task=2 label=44 result=35874344 live=0
SLIME_CLOCK served task=3 label=44 result=35884410 live=0
SLIME_CLOCK served task=2 label=44 result=35893808 live=0
SLIME_CLOCK served task=3 label=44 result=35903797 live=0
SLIME_CLOCK served task=2 label=44 result=35913206 live=0
SLIME_CLOCK served task=3 label=44 result=35923203 live=0
SLIME_CLOCK served task=2 label=44 result=35932761 live=0
SLIME_CLOCK served task=3 label=44 result=35945679 live=0
SLIME_CLOCK served task=2 label=44 result=35956179 live=0
SLIME_CLOCK served task=3 label=44 result=35967117 live=0
SLIME_CLOCK served task=2 label=44 result=35978236 live=0
SLIME_CLOCK served task=3 label=44 result=35993081 live=0
SLIME_CLOCK served task=2 label=44 result=36003419 live=0
SLIME_CLOCK served task=3 label=44 result=36014072 live=0
SLIME_CLOCK served task=2 label=44 result=36024514 live=0
SLIME_CLOCK served task=3 label=44 result=36035553 live=0
SLIME_CLOCK served task=2 label=44 result=36046060 live=0
SLIME_CLOCK served task=3 label=44 result=36057454 live=0
SLIME_CLOCK served task=2 label=44 result=36069053 live=0
SLIME_CLOCK served task=3 label=44 result=36079914 live=0
SLIME_CLOCK served task=2 label=44 result=36089955 live=0
SLIME_CLOCK served task=3 label=44 result=36101067 live=0
SLIME_CLOCK served task=2 label=44 result=36111532 live=0
SLIME_CLOCK served task=3 label=44 result=36122784 live=0
SLIME_CLOCK served task=2 label=44 result=36133039 live=0
SLIME_CLOCK served task=3 label=44 result=36144258 live=0
SLIME_CLOCK served task=2 label=44 result=36156599 live=0
SLIME_CLOCK served task=3 label=44 result=36169551 live=0
SLIME_CLOCK served task=2 label=44 result=36181210 live=0
SLIME_CLOCK served task=3 label=44 result=36194212 live=0
SLIME_CLOCK served task=2 label=44 result=36205515 live=0
SLIME_CLOCK served task=3 label=44 result=36216920 live=0
SLIME_CLOCK served task=2 label=44 result=36227922 live=0
SLIME_CLOCK served task=3 label=44 result=36240101 live=0
SLIME_CLOCK served task=2 label=44 result=36251431 live=0
SLIME_CLOCK served task=3 label=44 result=36262968 live=0
SLIME_CLOCK served task=2 label=44 result=36274110 live=0
SLIME_CLOCK served task=3 label=44 result=36286061 live=0
SLIME_CLOCK served task=2 label=44 result=36297919 live=0
SLIME_CLOCK served task=3 label=44 result=36310654 live=0
SLIME_CLOCK served task=2 label=44 result=36322821 live=0
SLIME_CLOCK served task=3 label=44 result=36340199 live=0
SLIME_CLOCK served task=2 label=44 result=36355514 live=0
SLIME_CLOCK served task=3 label=44 result=36371175 live=0
SLIME_CLOCK served task=2 label=44 result=36385706 live=0
SLIME_CLOCK served task=3 label=44 result=36401192 live=0
SLIME_CLOCK served task=2 label=44 result=36415799 live=0
SLIME_CLOCK served task=3 label=44 result=36431753 live=0
SLIME_CLOCK served task=2 label=44 result=36443810 live=0
SLIME_CLOCK served task=3 label=44 result=36462094 live=0
SLIME_CLOCK served task=2 label=44 result=36478518 live=0
SLIME_CLOCK served task=3 label=44 result=36495709 live=0
SLIME_CLOCK served task=2 label=44 result=36512247 live=0
SLIME_CLOCK served task=3 label=44 result=36529308 live=0
SLIME_CLOCK served task=2 label=44 result=36545592 live=0
SLIME_CLOCK served task=3 label=44 result=36562735 live=0
SLIME_CLOCK served task=2 label=44 result=36580158 live=0
SLIME_CLOCK served task=3 label=44 result=36597040 live=0
SLIME_CLOCK served task=2 label=44 result=36613413 live=0
SLIME_CLOCK served task=3 label=44 result=36630565 live=0
SLIME_CLOCK served task=2 label=44 result=36646768 live=0
SLIME_CLOCK served task=3 label=44 result=36663629 live=0
SLIME_CLOCK served task=2 label=44 result=36680118 live=0
SLIME_CLOCK served task=3 label=44 result=36697484 live=0
SLIME_CLOCK served task=2 label=44 result=36715048 live=0
SLIME_CLOCK served task=3 label=44 result=36732071 live=0
SLIME_CLOCK served task=2 label=44 result=36748610 live=0
SLIME_CLOCK served task=3 label=44 result=36765537 live=0
SLIME_CLOCK served task=2 label=44 result=36781819 live=0
SLIME_CLOCK served task=3 label=44 result=36798717 live=0
SLIME_CLOCK served task=2 label=44 result=36815367 live=0
SLIME_CLOCK served task=3 label=44 result=36834414 live=0
SLIME_CLOCK served task=2 label=44 result=36848969 live=0
SLIME_CLOCK served task=3 label=44 result=36865054 live=0
SLIME_CLOCK served task=2 label=44 result=36880161 live=0
SLIME_CLOCK served task=3 label=44 result=36895949 live=0
SLIME_CLOCK served task=2 label=44 result=36910061 live=0
SLIME_CLOCK served task=3 label=44 result=36921472 live=0
SLIME_CLOCK served task=2 label=44 result=36935497 live=0
SLIME_CLOCK served task=3 label=44 result=36949156 live=0
SLIME_CLOCK served task=2 label=44 result=36966124 live=0
SLIME_CLOCK served task=3 label=44 result=36983246 live=0
SLIME_CLOCK served task=2 label=44 result=37000218 live=0
SLIME_CLOCK served task=3 label=44 result=37017384 live=0
SLIME_CLOCK served task=2 label=44 result=37033804 live=0
SLIME_CLOCK served task=3 label=44 result=37051190 live=0
SLIME_CLOCK served task=2 label=44 result=37067793 live=0
SLIME_CLOCK served task=3 label=44 result=37086141 live=0
SLIME_CLOCK served task=2 label=44 result=37102765 live=0
SLIME_CLOCK served task=3 label=44 result=37120981 live=0
SLIME_CLOCK served task=2 label=44 result=37137539 live=0
SLIME_CLOCK served task=3 label=44 result=37154723 live=0
SLIME_CLOCK served task=2 label=44 result=37171353 live=0
SLIME_CLOCK served task=3 label=44 result=37191484 live=0
SLIME_CLOCK served task=2 label=44 result=37205057 live=0
SLIME_CLOCK served task=3 label=44 result=37221876 live=0
SLIME_CLOCK served task=2 label=44 result=37234803 live=0
SLIME_CLOCK served task=3 label=44 result=37248731 live=0
SLIME_CLOCK served task=2 label=44 result=37261637 live=0
SLIME_CLOCK served task=3 label=44 result=37275300 live=0
SLIME_CLOCK served task=2 label=44 result=37288219 live=0
SLIME_CLOCK served task=3 label=44 result=37300450 live=0
SLIME_CLOCK served task=2 label=44 result=37311036 live=0
SLIME_CLOCK served task=3 label=44 result=37322053 live=0
SLIME_CLOCK served task=2 label=44 result=37332367 live=0
SLIME_CLOCK served task=3 label=44 result=37344659 live=0
SLIME_CLOCK served task=2 label=44 result=37355879 live=0
SLIME_CLOCK served task=3 label=44 result=37370583 live=0
SLIME_CLOCK served task=2 label=44 result=37385116 live=0
SLIME_CLOCK served task=3 label=44 result=37400183 live=0
SLIME_CLOCK served task=2 label=44 result=37414319 live=0
SLIME_CLOCK served task=3 label=44 result=37430025 live=0
SLIME_CLOCK served task=2 label=44 result=37444745 live=0
SLIME_CLOCK served task=3 label=44 result=37460442 live=0
SLIME_CLOCK served task=2 label=44 result=37480888 live=0
SLIME_CLOCK served task=3 label=44 result=37498209 live=0
SLIME_CLOCK served task=2 label=44 result=37513763 live=0
SLIME_CLOCK served task=3 label=44 result=37530665 live=0
SLIME_CLOCK served task=2 label=44 result=37547037 live=0
SLIME_CLOCK served task=3 label=44 result=37559005 live=0
SLIME_CLOCK served task=2 label=44 result=37569452 live=0
SLIME_CLOCK served task=3 label=44 result=37580831 live=0
SLIME_CLOCK served task=2 label=44 result=37592979 live=0
SLIME_CLOCK served task=3 label=44 result=37604158 live=0
SLIME_CLOCK served task=2 label=44 result=37615044 live=0
SLIME_CLOCK served task=3 label=44 result=37626358 live=0
SLIME_CLOCK served task=2 label=44 result=37636701 live=0
SLIME_CLOCK served task=3 label=44 result=37647745 live=0
SLIME_CLOCK served task=2 label=44 result=37658245 live=0
SLIME_CLOCK served task=3 label=44 result=37669247 live=0
SLIME_CLOCK served task=2 label=44 result=37679808 live=0
SLIME_CLOCK served task=3 label=44 result=37691153 live=0
SLIME_CLOCK served task=2 label=44 result=37701610 live=0
SLIME_CLOCK served task=3 label=44 result=37712732 live=0
SLIME_CLOCK served task=2 label=44 result=37724676 live=0
SLIME_CLOCK served task=3 label=44 result=37736307 live=0
SLIME_CLOCK served task=2 label=44 result=37747034 live=0
SLIME_CLOCK served task=3 label=44 result=37758003 live=0
SLIME_CLOCK served task=2 label=44 result=37768546 live=0
SLIME_CLOCK served task=3 label=44 result=37780162 live=0
SLIME_CLOCK served task=2 label=44 result=37791084 live=0
SLIME_CLOCK served task=3 label=44 result=37801905 live=0
SLIME_CLOCK served task=2 label=44 result=37812484 live=0
SLIME_CLOCK served task=3 label=44 result=37825080 live=0
SLIME_CLOCK served task=2 label=44 result=37835584 live=0
SLIME_CLOCK served task=3 label=44 result=37848029 live=0
SLIME_CLOCK served task=2 label=44 result=37859019 live=0
SLIME_CLOCK served task=3 label=44 result=37870911 live=0
SLIME_CLOCK served task=2 label=44 result=37885994 live=0
SLIME_CLOCK served task=3 label=44 result=37901214 live=0
SLIME_CLOCK served task=2 label=44 result=37915761 live=0
SLIME_CLOCK served task=3 label=44 result=37931637 live=0
SLIME_CLOCK served task=2 label=44 result=37945915 live=0
SLIME_CLOCK served task=3 label=44 result=37961244 live=0
SLIME_CLOCK served task=2 label=44 result=37987687 live=0
SLIME_CLOCK served task=3 label=44 result=38004195 live=0
SLIME_CLOCK served task=2 label=44 result=38020751 live=0
SLIME_CLOCK served task=3 label=44 result=38037845 live=0
SLIME_CLOCK served task=2 label=44 result=38054377 live=0
SLIME_CLOCK served task=3 label=44 result=38071453 live=0
SLIME_CLOCK served task=2 label=44 result=38087805 live=0
SLIME_CLOCK served task=3 label=44 result=38105948 live=0
SLIME_CLOCK served task=2 label=44 result=38122634 live=0
SLIME_CLOCK served task=3 label=44 result=38139553 live=0
SLIME_CLOCK served task=2 label=44 result=38155841 live=0
SLIME_CLOCK served task=3 label=44 result=38172585 live=0
SLIME_CLOCK served task=2 label=44 result=38189007 live=0
SLIME_CLOCK served task=3 label=44 result=38205838 live=0
SLIME_CLOCK served task=2 label=44 result=38222009 live=0
SLIME_CLOCK served task=3 label=44 result=38240185 live=0
SLIME_CLOCK served task=2 label=44 result=38256378 live=0
SLIME_CLOCK served task=3 label=44 result=38273145 live=0
SLIME_CLOCK served task=2 label=44 result=38289265 live=0
SLIME_CLOCK served task=3 label=44 result=38306287 live=0
SLIME_CLOCK served task=2 label=44 result=38322362 live=0
SLIME_CLOCK served task=3 label=44 result=38339064 live=0
SLIME_CLOCK served task=2 label=44 result=38357315 live=0
SLIME_CLOCK served task=3 label=44 result=38374445 live=0
SLIME_CLOCK served task=2 label=44 result=38390368 live=0
SLIME_CLOCK served task=3 label=44 result=38406610 live=0
SLIME_CLOCK served task=2 label=44 result=38416472 live=0
SLIME_CLOCK served task=3 label=44 result=38427730 live=0
SLIME_CLOCK served task=2 label=44 result=38437876 live=0
SLIME_CLOCK served task=3 label=44 result=38447800 live=0
SLIME_CLOCK served task=2 label=44 result=38457705 live=0
SLIME_CLOCK served task=3 label=44 result=38467687 live=0
SLIME_CLOCK served task=2 label=44 result=38478548 live=0
SLIME_CLOCK served task=3 label=44 result=38496202 live=0
SLIME_CLOCK served task=2 label=44 result=38513372 live=0
SLIME_CLOCK served task=3 label=44 result=38526687 live=0
SLIME_CLOCK served task=2 label=44 result=38539558 live=0
SLIME_CLOCK served task=3 label=44 result=38553677 live=0
SLIME_CLOCK served task=2 label=44 result=38567956 live=0
SLIME_CLOCK served task=3 label=44 result=38580736 live=0
SLIME_CLOCK served task=2 label=44 result=38590698 live=0
SLIME_CLOCK served task=3 label=44 result=38601200 live=0
SLIME_CLOCK served task=2 label=44 result=38618252 live=0
SLIME_CLOCK served task=3 label=44 result=38631495 live=0
SLIME_CLOCK served task=2 label=44 result=38643019 live=0
SLIME_CLOCK served task=3 label=44 result=38655116 live=0
SLIME_CLOCK served task=2 label=44 result=38666522 live=0
SLIME_CLOCK served task=3 label=44 result=38678739 live=0
SLIME_CLOCK served task=2 label=44 result=38690094 live=0
SLIME_CLOCK served task=3 label=44 result=38702138 live=0
SLIME_CLOCK served task=2 label=44 result=38713035 live=0
SLIME_CLOCK served task=3 label=44 result=38725028 live=0
SLIME_CLOCK served task=2 label=44 result=38737564 live=0
SLIME_CLOCK served task=3 label=44 result=38749908 live=0
SLIME_CLOCK served task=2 label=44 result=38761142 live=0
SLIME_CLOCK served task=3 label=44 result=38772824 live=0
SLIME_CLOCK served task=2 label=44 result=38783947 live=0
SLIME_CLOCK served task=3 label=44 result=38795456 live=0
SLIME_CLOCK served task=2 label=44 result=38806619 live=0
SLIME_CLOCK served task=3 label=44 result=38818086 live=0
SLIME_CLOCK served task=2 label=44 result=38829470 live=0
SLIME_CLOCK served task=3 label=44 result=38840846 live=0
SLIME_CLOCK served task=2 label=44 result=38851580 live=0
SLIME_CLOCK served task=3 label=44 result=38864623 live=0
SLIME_CLOCK served task=2 label=44 result=38876216 live=0
SLIME_CLOCK served task=3 label=44 result=38887774 live=0
SLIME_CLOCK served task=2 label=44 result=38899484 live=0
SLIME_CLOCK served task=3 label=44 result=38910995 live=0
SLIME_CLOCK served task=2 label=44 result=38922482 live=0
SLIME_CLOCK served task=3 label=44 result=38934369 live=0
SLIME_CLOCK served task=2 label=44 result=38946224 live=0
SLIME_CLOCK served task=3 label=44 result=38958880 live=0
SLIME_CLOCK served task=2 label=44 result=38971118 live=0
SLIME_CLOCK served task=3 label=44 result=38984626 live=0
SLIME_CLOCK served task=2 label=44 result=38999188 live=0
SLIME_CLOCK served task=3 label=44 result=39010638 live=0
SLIME_CLOCK served task=2 label=44 result=39021728 live=0
SLIME_CLOCK served task=3 label=44 result=39032482 live=0
SLIME_CLOCK served task=2 label=44 result=39042656 live=0
SLIME_CLOCK served task=3 label=44 result=39053528 live=0
SLIME_CLOCK served task=2 label=44 result=39063683 live=0
SLIME_CLOCK served task=3 label=44 result=39074194 live=0
SLIME_CLOCK served task=2 label=44 result=39084132 live=0
SLIME_CLOCK served task=3 label=44 result=39094637 live=0
SLIME_CLOCK served task=2 label=44 result=39104486 live=0
SLIME_CLOCK served task=3 label=44 result=39118612 live=0
SLIME_CLOCK served task=2 label=44 result=39129521 live=0
SLIME_CLOCK served task=3 label=44 result=39142000 live=0
SLIME_CLOCK served task=2 label=44 result=39152972 live=0
SLIME_CLOCK served task=3 label=44 result=39164510 live=0
SLIME_CLOCK served task=2 label=44 result=39179706 live=0
SLIME_CLOCK served task=3 label=44 result=39197064 live=0
SLIME_CLOCK served task=2 label=44 result=39211745 live=0
SLIME_CLOCK served task=3 label=44 result=39227372 live=0
SLIME_CLOCK served task=2 label=44 result=39245237 live=0
SLIME_CLOCK served task=3 label=44 result=39256446 live=0
SLIME_CLOCK served task=2 label=44 result=39265863 live=0
SLIME_CLOCK served task=3 label=44 result=39276003 live=0
SLIME_CLOCK served task=2 label=44 result=39285939 live=0
SLIME_CLOCK served task=3 label=44 result=39296726 live=0
SLIME_CLOCK served task=2 label=44 result=39307045 live=0
SLIME_CLOCK served task=3 label=44 result=39317546 live=0
SLIME_CLOCK served task=2 label=44 result=39327384 live=0
SLIME_CLOCK served task=3 label=44 result=39337853 live=0
SLIME_CLOCK served task=2 label=44 result=39347740 live=0
SLIME_CLOCK served task=3 label=44 result=39358215 live=0
SLIME_CLOCK served task=2 label=44 result=39371028 live=0
SLIME_CLOCK served task=3 label=44 result=39383213 live=0
SLIME_CLOCK served task=2 label=44 result=39394923 live=0
SLIME_CLOCK served task=3 label=44 result=39407314 live=0
SLIME_CLOCK served task=2 label=44 result=39418934 live=0
SLIME_CLOCK served task=3 label=44 result=39431669 live=0
SLIME_CLOCK served task=2 label=44 result=39443283 live=0
SLIME_CLOCK served task=3 label=44 result=39455640 live=0
SLIME_CLOCK served task=2 label=44 result=39467199 live=0
SLIME_CLOCK served task=3 label=44 result=39479529 live=0
SLIME_CLOCK served task=2 label=44 result=39492996 live=0
SLIME_CLOCK served task=3 label=44 result=39505288 live=0
SLIME_CLOCK served task=2 label=44 result=39517085 live=0
SLIME_CLOCK served task=3 label=44 result=39529325 live=0
SLIME_CLOCK served task=2 label=44 result=39541223 live=0
SLIME_CLOCK served task=3 label=44 result=39553575 live=0
SLIME_CLOCK served task=2 label=44 result=39565333 live=0
SLIME_CLOCK served task=3 label=44 result=39577416 live=0
SLIME_CLOCK served task=2 label=44 result=39588736 live=0
SLIME_CLOCK served task=3 label=44 result=39601157 live=0
SLIME_CLOCK served task=2 label=44 result=39612728 live=0
SLIME_CLOCK served task=3 label=44 result=39634634 live=0
SLIME_CLOCK served task=2 label=44 result=39650915 live=0
SLIME_CLOCK served task=3 label=44 result=39667841 live=0
SLIME_CLOCK served task=2 label=44 result=39684847 live=0
SLIME_CLOCK served task=3 label=44 result=39701744 live=0
SLIME_CLOCK served task=2 label=44 result=39718044 live=0
SLIME_CLOCK served task=3 label=44 result=39734724 live=0
SLIME_CLOCK served task=2 label=44 result=39752352 live=0
SLIME_CLOCK served task=3 label=44 result=39769290 live=0
SLIME_CLOCK served task=2 label=44 result=39785515 live=0
SLIME_CLOCK served task=3 label=44 result=39802573 live=0
SLIME_CLOCK served task=2 label=44 result=39817811 live=0
SLIME_CLOCK served task=3 label=44 result=39833471 live=0
SLIME_CLOCK served task=2 label=44 result=39848079 live=0
SLIME_CLOCK served task=3 label=44 result=39863637 live=0
SLIME_CLOCK served task=2 label=44 result=39881488 live=0
SLIME_CLOCK served task=3 label=44 result=39892238 live=0
SLIME_CLOCK served task=2 label=44 result=39902176 live=0
SLIME_CLOCK served task=3 label=44 result=39912645 live=0
SLIME_CLOCK served task=2 label=44 result=39922567 live=0
SLIME_CLOCK served task=3 label=44 result=39933268 live=0
SLIME_CLOCK served task=2 label=44 result=39943153 live=0
SLIME_CLOCK served task=3 label=44 result=39953637 live=0
SLIME_CLOCK served task=2 label=44 result=39963498 live=0
SLIME_CLOCK served task=3 label=44 result=39973922 live=0
SLIME_CLOCK served task=2 label=44 result=39983760 live=0
SLIME_CLOCK served task=3 label=44 result=39994616 live=0
SLIME_CLOCK served task=2 label=44 result=40007938 live=0
SLIME_CLOCK served task=3 label=44 result=40020524 live=0
SLIME_CLOCK served task=2 label=44 result=40032098 live=0
SLIME_CLOCK served task=3 label=44 result=40044471 live=0
SLIME_CLOCK served task=2 label=44 result=40056504 live=0
SLIME_CLOCK served task=3 label=44 result=40069033 live=0
SLIME_CLOCK served task=2 label=44 result=40080740 live=0
SLIME_CLOCK served task=3 label=44 result=40093206 live=0
SLIME_CLOCK served task=2 label=44 result=40105016 live=0
SLIME_CLOCK served task=3 label=44 result=40117517 live=0
SLIME_CLOCK served task=2 label=44 result=40130596 live=0
SLIME_CLOCK served task=3 label=44 result=40143026 live=0
SLIME_CLOCK served task=2 label=44 result=40154720 live=0
SLIME_CLOCK served task=3 label=44 result=40167128 live=0
SLIME_CLOCK served task=2 label=44 result=40178772 live=0
SLIME_CLOCK served task=3 label=44 result=40191480 live=0
SLIME_CLOCK served task=2 label=44 result=40203020 live=0
SLIME_CLOCK served task=3 label=44 result=40215054 live=0
SLIME_CLOCK served task=2 label=44 result=40228976 live=0
SLIME_CLOCK served task=3 label=44 result=40240066 live=0
SLIME_CLOCK served task=2 label=44 result=40250359 live=0
SLIME_CLOCK served task=3 label=44 result=40265340 live=0
SLIME_CLOCK served task=2 label=44 result=40275376 live=0
SLIME_CLOCK served task=3 label=44 result=40285911 live=0
SLIME_CLOCK served task=2 label=44 result=40296146 live=0
SLIME_CLOCK served task=3 label=44 result=40306872 live=0
SLIME_CLOCK served task=2 label=44 result=40316792 live=0
SLIME_CLOCK served task=3 label=44 result=40327294 live=0
SLIME_CLOCK served task=2 label=44 result=40337191 live=0
SLIME_CLOCK served task=3 label=44 result=40347708 live=0
SLIME_CLOCK served task=2 label=44 result=40357631 live=0
SLIME_CLOCK served task=3 label=44 result=40368502 live=0
SLIME_CLOCK served task=2 label=44 result=40378489 live=0
SLIME_CLOCK served task=3 label=44 result=40397492 live=0
SLIME_CLOCK served task=2 label=44 result=40413729 live=0
SLIME_CLOCK served task=3 label=44 result=40430621 live=0
SLIME_CLOCK served task=2 label=44 result=40441920 live=0
SLIME_CLOCK served task=3 label=44 result=40453751 live=0
SLIME_CLOCK served task=2 label=44 result=40466338 live=0
SLIME_CLOCK served task=3 label=44 result=40480985 live=0
SLIME_CLOCK served task=2 label=44 result=40491679 live=0
SLIME_CLOCK served task=3 label=44 result=40501973 live=0
SLIME_CLOCK served task=2 label=44 result=40516546 live=0
SLIME_CLOCK served task=3 label=44 result=40533377 live=0
SLIME_CLOCK served task=2 label=44 result=40549516 live=0
SLIME_CLOCK served task=3 label=44 result=40566569 live=0
SLIME_CLOCK served task=2 label=44 result=40582856 live=0
SLIME_CLOCK served task=3 label=44 result=40599574 live=0
SLIME_CLOCK served task=2 label=44 result=40615738 live=0
SLIME_CLOCK served task=3 label=44 result=40632615 live=0
SLIME_CLOCK served task=2 label=44 result=40650101 live=0
SLIME_CLOCK served task=3 label=44 result=40666936 live=0
SLIME_CLOCK served task=2 label=44 result=40683264 live=0
SLIME_CLOCK served task=3 label=44 result=40699947 live=0
SLIME_CLOCK served task=2 label=44 result=40716077 live=0
SLIME_CLOCK served task=3 label=44 result=40732666 live=0
SLIME_CLOCK served task=2 label=44 result=40749024 live=0
SLIME_CLOCK served task=3 label=44 result=40766725 live=0
SLIME_CLOCK served task=2 label=44 result=40779408 live=0
SLIME_CLOCK served task=3 label=44 result=40792255 live=0
SLIME_CLOCK served task=2 label=44 result=40804137 live=0
SLIME_CLOCK served task=3 label=44 result=40817239 live=0
SLIME_CLOCK served task=2 label=44 result=40828728 live=0
SLIME_CLOCK served task=3 label=44 result=40841668 live=0
SLIME_CLOCK served task=2 label=44 result=40853736 live=0
SLIME_CLOCK served task=3 label=44 result=40866106 live=0
SLIME_CLOCK served task=2 label=44 result=40878842 live=0
SLIME_CLOCK served task=3 label=44 result=40900911 live=0
SLIME_CLOCK served task=2 label=44 result=40915759 live=0
SLIME_CLOCK served task=3 label=44 result=40931098 live=0
SLIME_CLOCK served task=2 label=44 result=40945158 live=0
SLIME_CLOCK served task=3 label=44 result=40956427 live=0
SLIME_CLOCK served task=2 label=44 result=40970159 live=0
SLIME_CLOCK served task=3 label=44 result=40985609 live=0
SLIME_CLOCK served task=2 label=44 result=41000350 live=0
SLIME_CLOCK served task=2 label=44 result=41019330 live=0
SLIME_CLOCK served task=3 label=44 result=41035826 live=0
SLIME_CLOCK served task=2 label=44 result=41049858 live=0
SLIME_CLOCK served task=3 label=44 result=41065347 live=0
SLIME_CLOCK served task=2 label=44 result=41079342 live=0
SLIME_CLOCK served task=3 label=44 result=41094360 live=0
SLIME_CLOCK served task=2 label=44 result=41108118 live=0
SLIME_CLOCK served task=3 label=44 result=41121272 live=0
SLIME_CLOCK served task=2 label=44 result=41133251 live=0
SLIME_CLOCK served task=3 label=44 result=41150079 live=0
SLIME_CLOCK served task=2 label=44 result=41165200 live=0
SLIME_CLOCK served task=3 label=44 result=41180607 live=0
SLIME_CLOCK served task=2 label=44 result=41194908 live=0
SLIME_CLOCK served task=3 label=44 result=41209859 live=0
SLIME_CLOCK served task=2 label=44 result=41223941 live=0
SLIME_CLOCK served task=3 label=44 result=41239188 live=0
SLIME_CLOCK served task=2 label=44 result=41253829 live=0
SLIME_CLOCK served task=3 label=44 result=41269602 live=0
SLIME_CLOCK served task=2 label=44 result=41283864 live=0
SLIME_CLOCK served task=3 label=44 result=41298857 live=0
SLIME_CLOCK served task=2 label=44 result=41313300 live=0
SLIME_CLOCK served task=3 label=44 result=41328491 live=0
SLIME_CLOCK served task=2 label=44 result=41342887 live=0
SLIME_CLOCK served task=3 label=44 result=41357913 live=0
SLIME_CLOCK served task=2 label=44 result=41372442 live=0
SLIME_CLOCK served task=3 label=44 result=41387749 live=0
SLIME_CLOCK served task=2 label=44 result=41403748 live=0
SLIME_CLOCK served task=3 label=44 result=41418763 live=0
SLIME_CLOCK served task=2 label=44 result=41433373 live=0
SLIME_CLOCK served task=3 label=44 result=41450035 live=0
SLIME_CLOCK served task=2 label=44 result=41466051 live=0
SLIME_CLOCK served task=3 label=44 result=41483313 live=0
SLIME_CLOCK served task=2 label=44 result=41499516 live=0
SLIME_CLOCK served task=3 label=44 result=41515021 live=0
SLIME_CLOCK served task=2 label=44 result=41533452 live=0
SLIME_CLOCK served task=3 label=44 result=41550341 live=0
SLIME_CLOCK served task=2 label=44 result=41566940 live=0
SLIME_CLOCK served task=3 label=44 result=41583872 live=0
SLIME_CLOCK served task=2 label=44 result=41600098 live=0
SLIME_CLOCK served task=3 label=44 result=41617230 live=0
SLIME_CLOCK served task=2 label=44 result=41633810 live=0
SLIME_CLOCK served task=3 label=44 result=41651656 live=0
SLIME_CLOCK served task=2 label=44 result=41668010 live=0
SLIME_CLOCK served task=3 label=44 result=41685048 live=0
SLIME_CLOCK served task=2 label=44 result=41700652 live=0
SLIME_CLOCK served task=3 label=44 result=41717488 live=0
SLIME_CLOCK served task=2 label=44 result=41733560 live=0
SLIME_CLOCK served task=3 label=44 result=41750867 live=0
SLIME_CLOCK served task=2 label=44 result=41767200 live=0
SLIME_CLOCK served task=3 label=44 result=41785369 live=0
SLIME_CLOCK served task=2 label=44 result=41801716 live=0
SLIME_CLOCK served task=3 label=44 result=41818733 live=0
SLIME_CLOCK served task=2 label=44 result=41834989 live=0
SLIME_CLOCK served task=3 label=44 result=41851773 live=0
SLIME_CLOCK served task=2 label=44 result=41868251 live=0
SLIME_CLOCK served task=3 label=44 result=41885196 live=0
SLIME_CLOCK served task=2 label=44 result=41902081 live=0
SLIME_CLOCK served task=3 label=44 result=41919533 live=0
SLIME_CLOCK served task=2 label=44 result=41935962 live=0
SLIME_CLOCK served task=3 label=44 result=41952866 live=0
SLIME_CLOCK served task=2 label=44 result=41969029 live=0
SLIME_CLOCK served task=3 label=44 result=41985720 live=0
SLIME_CLOCK served task=2 label=44 result=41998062 live=0
SLIME_CLOCK served task=3 label=44 result=42008688 live=0
SLIME_CLOCK served task=2 label=44 result=42018664 live=0
SLIME_CLOCK served task=3 label=44 result=42031327 live=0
SLIME_CLOCK served task=2 label=44 result=42080241 live=0
SLIME_CLOCK served task=3 label=44 result=42099663 live=0
SLIME_CLOCK served task=2 label=44 result=42116627 live=0
SLIME_CLOCK served task=3 label=44 result=42130807 live=0
SLIME_CLOCK served task=2 label=44 result=42141391 live=0
SLIME_CLOCK served task=3 label=44 result=42152622 live=0
SLIME_CLOCK served task=2 label=44 result=42164806 live=0
SLIME_CLOCK served task=3 label=44 result=42177071 live=0
SLIME_CLOCK served task=2 label=44 result=42188970 live=0
SLIME_CLOCK served task=3 label=44 result=42200233 live=0
SLIME_CLOCK served task=2 label=44 result=42210525 live=0
SLIME_CLOCK served task=3 label=44 result=42221840 live=0
SLIME_CLOCK served task=2 label=44 result=42232777 live=0
SLIME_CLOCK served task=3 label=44 result=42243789 live=0
SLIME_CLOCK served task=2 label=44 result=42254302 live=0
SLIME_CLOCK served task=3 label=44 result=42265357 live=0
SLIME_CLOCK served task=2 label=44 result=42275629 live=0
SLIME_CLOCK served task=3 label=44 result=42288279 live=0
SLIME_CLOCK served task=2 label=44 result=42298545 live=0
SLIME_CLOCK served task=3 label=44 result=42310103 live=0
SLIME_CLOCK served task=2 label=44 result=42320802 live=0
SLIME_CLOCK served task=3 label=44 result=42332776 live=0
SLIME_CLOCK served task=2 label=44 result=42343842 live=0
SLIME_CLOCK served task=3 label=44 result=42355249 live=0
SLIME_CLOCK served task=2 label=44 result=42365993 live=0
SLIME_CLOCK served task=3 label=44 result=42377341 live=0
SLIME_CLOCK served task=2 label=44 result=42388361 live=0
SLIME_CLOCK served task=3 label=44 result=42399992 live=0
SLIME_CLOCK served task=2 label=44 result=42412239 live=0
SLIME_CLOCK served task=3 label=44 result=42423477 live=0
SLIME_CLOCK served task=2 label=44 result=42434277 live=0
SLIME_CLOCK served task=3 label=44 result=42445494 live=0
SLIME_CLOCK served task=2 label=44 result=42456700 live=0
SLIME_CLOCK served task=3 label=44 result=42468622 live=0
SLIME_CLOCK served task=2 label=44 result=42479062 live=0
SLIME_CLOCK served task=3 label=44 result=42490444 live=0
SLIME_CLOCK served task=2 label=44 result=42501291 live=0
SLIME_CLOCK served task=3 label=44 result=42513414 live=0
SLIME_CLOCK served task=2 label=44 result=42527340 live=0
SLIME_CLOCK served task=3 label=44 result=42546238 live=0
SLIME_CLOCK served task=2 label=44 result=42561757 live=0
SLIME_CLOCK served task=3 label=44 result=42577152 live=0
SLIME_CLOCK served task=2 label=44 result=42591708 live=0
SLIME_CLOCK served task=3 label=44 result=42603237 live=0
SLIME_CLOCK served task=2 label=44 result=42613893 live=0
SLIME_CLOCK served task=3 label=44 result=42625669 live=0
SLIME_CLOCK served task=2 label=44 result=42638237 live=0
SLIME_CLOCK served task=3 label=44 result=42650184 live=0
SLIME_CLOCK served task=2 label=44 result=42660206 live=0
SLIME_CLOCK served task=3 label=44 result=42674637 live=0
SLIME_CLOCK served task=2 label=44 result=42686236 live=0
SLIME_CLOCK served task=3 label=44 result=42697281 live=0
SLIME_CLOCK served task=2 label=44 result=42707636 live=0
SLIME_CLOCK served task=3 label=44 result=42718348 live=0
SLIME_CLOCK served task=2 label=44 result=42728866 live=0
SLIME_CLOCK served task=3 label=44 result=42740040 live=0
SLIME_CLOCK served task=2 label=44 result=42750874 live=0
SLIME_CLOCK served task=3 label=44 result=42762173 live=0
SLIME_CLOCK served task=2 label=44 result=42772580 live=0
SLIME_CLOCK served task=3 label=44 result=42783551 live=0
SLIME_CLOCK served task=2 label=44 result=42795389 live=0
SLIME_CLOCK served task=3 label=44 result=42806360 live=0
SLIME_CLOCK served task=2 label=44 result=42816925 live=0
SLIME_CLOCK served task=3 label=44 result=42828079 live=0
SLIME_CLOCK served task=2 label=44 result=42839125 live=0
SLIME_CLOCK served task=3 label=44 result=42849876 live=0
SLIME_CLOCK served task=2 label=44 result=42861378 live=0
SLIME_CLOCK served task=3 label=44 result=42873682 live=0
SLIME_CLOCK served task=2 label=44 result=42885488 live=0
SLIME_CLOCK served task=3 label=44 result=42897962 live=0
SLIME_CLOCK served task=2 label=44 result=42909824 live=0
SLIME_CLOCK served task=3 label=44 result=42924637 live=0
SLIME_CLOCK served task=2 label=44 result=42936458 live=0
SLIME_CLOCK served task=3 label=44 result=42947298 live=0
SLIME_CLOCK served task=2 label=44 result=42957653 live=0
SLIME_CLOCK served task=3 label=44 result=42969016 live=0
SLIME_CLOCK served task=2 label=44 result=42979675 live=0
SLIME_CLOCK served task=3 label=44 result=42991371 live=0
SLIME_CLOCK served task=2 label=44 result=43002039 live=0
SLIME_CLOCK served task=3 label=44 result=43014074 live=0
SLIME_CLOCK served task=2 label=44 result=43025164 live=0
SLIME_CLOCK served task=3 label=44 result=43036783 live=0
SLIME_CLOCK served task=2 label=44 result=43049327 live=0
SLIME_CLOCK served task=3 label=44 result=43064315 live=0
SLIME_CLOCK served task=2 label=44 result=43077348 live=0
SLIME_CLOCK served task=3 label=44 result=43089308 live=0
SLIME_CLOCK served task=2 label=44 result=43100842 live=0
SLIME_CLOCK served task=3 label=44 result=43114695 live=0
SLIME_CLOCK served task=2 label=44 result=43129483 live=0
SLIME_CLOCK served task=3 label=44 result=43144906 live=0
SLIME_CLOCK served task=2 label=44 result=43159499 live=0
SLIME_CLOCK served task=3 label=44 result=43187065 live=0
SLIME_CLOCK served task=2 label=44 result=43204306 live=0
SLIME_CLOCK served task=3 label=44 result=43217565 live=0
SLIME_CLOCK served task=2 label=44 result=43230866 live=0
SLIME_CLOCK served task=3 label=44 result=43241535 live=0
SLIME_CLOCK served task=2 label=44 result=43252810 live=0
SLIME_CLOCK served task=3 label=44 result=43263764 live=0
SLIME_CLOCK served task=2 label=44 result=43274179 live=0
SLIME_CLOCK served task=3 label=44 result=43285078 live=0
SLIME_CLOCK served task=2 label=44 result=43296582 live=0
SLIME_CLOCK served task=3 label=44 result=43308214 live=0
SLIME_CLOCK served task=2 label=44 result=43319027 live=0
SLIME_CLOCK served task=3 label=44 result=43330706 live=0
SLIME_CLOCK served task=2 label=44 result=43341622 live=0
SLIME_CLOCK served task=3 label=44 result=43353627 live=0
SLIME_CLOCK served task=2 label=44 result=43364375 live=0
SLIME_CLOCK served task=3 label=44 result=43376193 live=0
SLIME_CLOCK served task=2 label=44 result=43387045 live=0
SLIME_CLOCK served task=3 label=44 result=43398675 live=0
SLIME_CLOCK served task=2 label=44 result=43409473 live=0
SLIME_CLOCK served task=3 label=44 result=43421046 live=0
SLIME_CLOCK served task=2 label=44 result=43433829 live=0
SLIME_CLOCK served task=3 label=44 result=43446458 live=0
SLIME_CLOCK served task=2 label=44 result=43458735 live=0
SLIME_CLOCK served task=3 label=44 result=43471294 live=0
SLIME_CLOCK served task=2 label=44 result=43483127 live=0
SLIME_CLOCK served task=3 label=44 result=43495860 live=0
SLIME_CLOCK served task=2 label=44 result=43507784 live=0
SLIME_CLOCK served task=3 label=44 result=43520420 live=0
SLIME_CLOCK served task=2 label=44 result=43532312 live=0
SLIME_CLOCK served task=3 label=44 result=43544838 live=0
SLIME_CLOCK served task=2 label=44 result=43557745 live=0
SLIME_CLOCK served task=3 label=44 result=43569048 live=0
SLIME_CLOCK served task=2 label=44 result=43580331 live=0
SLIME_CLOCK served task=3 label=44 result=43593424 live=0
SLIME_CLOCK served task=2 label=44 result=43607452 live=0
SLIME_CLOCK served task=3 label=44 result=43623518 live=0
SLIME_CLOCK served task=2 label=44 result=43638225 live=0
SLIME_CLOCK served task=3 label=44 result=43653857 live=0
SLIME_CLOCK served task=2 label=44 result=43667914 live=0
SLIME_CLOCK served task=3 label=44 result=43701629 live=0
SLIME_CLOCK served task=2 label=44 result=43728506 live=0
SLIME_CLOCK served task=3 label=44 result=43745393 live=0
SLIME_CLOCK served task=2 label=44 result=43761779 live=0
SLIME_CLOCK served task=3 label=44 result=43778678 live=0
SLIME_CLOCK served task=2 label=44 result=43794979 live=0
SLIME_CLOCK served task=3 label=44 result=43813779 live=0
SLIME_CLOCK served task=2 label=44 result=43830173 live=0
SLIME_CLOCK served task=3 label=44 result=43847164 live=0
SLIME_CLOCK served task=2 label=44 result=43863683 live=0
SLIME_CLOCK served task=3 label=44 result=43881052 live=0
SLIME_CLOCK served task=2 label=44 result=43897256 live=0
SLIME_CLOCK served task=3 label=44 result=43914059 live=0
SLIME_CLOCK served task=2 label=44 result=43931670 live=0
SLIME_CLOCK served task=3 label=44 result=43948758 live=0
SLIME_CLOCK served task=2 label=44 result=43965053 live=0
SLIME_CLOCK served task=3 label=44 result=43981838 live=0
SLIME_CLOCK served task=2 label=44 result=43998355 live=0
SLIME_CLOCK served task=3 label=44 result=44015199 live=0
SLIME_CLOCK served task=2 label=44 result=44031486 live=0
SLIME_CLOCK served task=3 label=44 result=44048270 live=0
SLIME_CLOCK served task=2 label=44 result=44065983 live=0
SLIME_CLOCK served task=3 label=44 result=44082729 live=0
SLIME_CLOCK served task=2 label=44 result=44098980 live=0
SLIME_CLOCK served task=3 label=44 result=44115813 live=0
SLIME_CLOCK served task=2 label=44 result=44132042 live=0
SLIME_CLOCK served task=3 label=44 result=44149076 live=0
SLIME_CLOCK served task=2 label=44 result=44165252 live=0
SLIME_CLOCK served task=3 label=44 result=44184402 live=0
SLIME_CLOCK served task=2 label=44 result=44199122 live=0
SLIME_CLOCK served task=3 label=44 result=44214883 live=0
SLIME_CLOCK served task=2 label=44 result=44229624 live=0
SLIME_CLOCK served task=3 label=44 result=44245799 live=0
SLIME_CLOCK served task=2 label=44 result=44258347 live=0
SLIME_CLOCK served task=3 label=44 result=44268305 live=0
SLIME_CLOCK served task=2 label=44 result=44277972 live=0
SLIME_CLOCK served task=3 label=44 result=44288543 live=0
SLIME_CLOCK served task=2 label=44 result=44298250 live=0
SLIME_CLOCK served task=3 label=44 result=44310460 live=0
SLIME_CLOCK served task=2 label=44 result=44326818 live=0
SLIME_CLOCK served task=3 label=44 result=44343607 live=0
SLIME_CLOCK served task=2 label=44 result=44359857 live=0
SLIME_CLOCK served task=3 label=44 result=44377032 live=0
SLIME_CLOCK served task=2 label=44 result=44393312 live=0
SLIME_CLOCK served task=3 label=44 result=44410081 live=0
SLIME_CLOCK served task=2 label=44 result=44426172 live=0
SLIME_CLOCK served task=3 label=44 result=44444351 live=0
SLIME_CLOCK served task=2 label=44 result=44460626 live=0
SLIME_CLOCK served task=3 label=44 result=44477490 live=0
SLIME_CLOCK served task=2 label=44 result=44494033 live=0
SLIME_CLOCK served task=3 label=44 result=44510805 live=0
SLIME_CLOCK served task=2 label=44 result=44527085 live=0
SLIME_CLOCK served task=3 label=44 result=44543931 live=0
SLIME_CLOCK served task=2 label=44 result=44560283 live=0
SLIME_CLOCK served task=3 label=44 result=44578232 live=0
SLIME_CLOCK served task=2 label=44 result=44594617 live=0
SLIME_CLOCK served task=3 label=44 result=44611418 live=0
SLIME_CLOCK served task=2 label=44 result=44628002 live=0
SLIME_CLOCK served task=3 label=44 result=44644847 live=0
SLIME_CLOCK served task=2 label=44 result=44661797 live=0
SLIME_CLOCK served task=3 label=44 result=44675484 live=0
SLIME_CLOCK served task=2 label=44 result=44692420 live=0
SLIME_CLOCK served task=3 label=44 result=44710126 live=0
SLIME_CLOCK served task=2 label=44 result=44726081 live=0
SLIME_CLOCK served task=3 label=44 result=44741924 live=0
SLIME_CLOCK served task=2 label=44 result=44753998 live=0
SLIME_CLOCK served task=3 label=44 result=44764572 live=0
SLIME_CLOCK served task=2 label=44 result=44776305 live=0
SLIME_CLOCK served task=3 label=44 result=44790093 live=0
SLIME_CLOCK served task=2 label=44 result=44800149 live=0
SLIME_CLOCK served task=3 label=44 result=44811257 live=0
SLIME_CLOCK served task=2 label=44 result=44825950 live=0
SLIME_CLOCK served task=3 label=44 result=44848448 live=0
SLIME_CLOCK served task=3 label=44 result=44887015 live=0
SLIME_CLOCK served task=2 label=44 result=44904396 live=0
SLIME_IO payload dma pages=1 frames=1 writable=true direction=DeviceWrite
SLIME_IO payload frame index=0 slot=1140 paddr=Some(1613045760)
SLIME_IO payload dma pages=1 frames=1 writable=true direction=DeviceRead
SLIME_IO payload frame index=0 slot=1144 paddr=Some(1613062144)
SLIME_CLOCK served task=3 label=44 result=44992150 live=0
SLIME_CLOCK served task=3 label=44 result=45009234 live=0
SLIME_CLOCK served task=2 label=44 result=45025596 live=0
SLIME_CLOCK served task=3 label=44 result=45042367 live=0
SLIME_CLOCK served task=2 label=44 result=45058882 live=0
SLIME_CLOCK served task=3 label=44 result=45076895 live=0
SLIME_CLOCK served task=2 label=44 result=45093250 live=0
SLIME_CLOCK served task=3 label=44 result=45109732 live=0
SLIME_CLOCK served task=2 label=44 result=45126640 live=0
SLIME_CLOCK served task=3 label=44 result=45143682 live=0
SLIME_CLOCK served task=2 label=44 result=45159995 live=0
SLIME_CLOCK served task=3 label=44 result=45176778 live=0
SLIME_CLOCK served task=2 label=44 result=45198337 live=0
SLIME_CLOCK served task=3 label=44 result=45220032 live=0
SLIME_CLOCK served task=2 label=44 result=45242194 live=0
SLIME_CLOCK served task=3 label=44 result=45262333 live=0
SLIME_CLOCK served task=2 label=44 result=45280453 live=0
SLIME_CLOCK served task=3 label=44 result=45300020 live=0
SLIME_CLOCK served task=2 label=44 result=45315748 live=0
SLIME_CLOCK served task=3 label=44 result=45340403 live=0
SLIME_CLOCK served task=2 label=44 result=45356905 live=0
SLIME_CLOCK served task=3 label=44 result=45374603 live=0
SLIME_CLOCK served task=2 label=44 result=45391029 live=0
SLIME_CLOCK served task=3 label=44 result=45407917 live=0
SLIME_CLOCK served task=2 label=44 result=45424229 live=0
SLIME_CLOCK served task=3 label=44 result=45441470 live=0
SLIME_CLOCK served task=2 label=44 result=45459929 live=0
SLIME_CLOCK served task=3 label=44 result=45476941 live=0
SLIME_CLOCK served task=2 label=44 result=45493649 live=0
SLIME_CLOCK served task=3 label=44 result=45510651 live=0
SLIME_CLOCK served task=2 label=44 result=45527186 live=0
SLIME_CLOCK served task=3 label=44 result=45544200 live=0
SLIME_CLOCK served task=2 label=44 result=45560965 live=0
SLIME_CLOCK served task=3 label=44 result=45578893 live=0
SLIME_CLOCK served task=2 label=44 result=45595296 live=0
SLIME_CLOCK served task=3 label=44 result=45611904 live=0
SLIME_CLOCK served task=2 label=44 result=45628469 live=0
SLIME_CLOCK served task=3 label=44 result=45645542 live=0
SLIME_CLOCK served task=2 label=44 result=45661761 live=0
SLIME_CLOCK served task=3 label=44 result=45678735 live=0
SLIME_CLOCK served task=2 label=44 result=45695129 live=0
SLIME_CLOCK served task=3 label=44 result=45713059 live=0
SLIME_CLOCK served task=2 label=44 result=45729364 live=0
SLIME_CLOCK served task=3 label=44 result=45746420 live=0
SLIME_CLOCK served task=2 label=44 result=45763232 live=0
SLIME_CLOCK served task=3 label=44 result=45778669 live=0
SLIME_CLOCK served task=2 label=44 result=45793367 live=0
SLIME_CLOCK served task=3 label=44 result=45809327 live=0
SLIME_CLOCK served task=2 label=44 result=45823993 live=0
SLIME_CLOCK served task=3 label=44 result=45843063 live=0
SLIME_CLOCK served task=2 label=44 result=45855385 live=0
SLIME_CLOCK served task=3 label=44 result=45869981 live=0
SLIME_CLOCK served task=2 label=44 result=45883433 live=0
SLIME_CLOCK served task=3 label=44 result=45893441 live=0
SLIME_CLOCK served task=2 label=44 result=45902793 live=0
SLIME_CLOCK served task=3 label=44 result=45913110 live=0
SLIME_CLOCK served task=2 label=44 result=45922538 live=0
SLIME_CLOCK served task=3 label=44 result=45934964 live=0
SLIME_CLOCK served task=2 label=44 result=45945521 live=0
SLIME_CLOCK served task=3 label=44 result=45955481 live=0
SLIME_CLOCK served task=2 label=44 result=45969780 live=0
SLIME_CLOCK served task=3 label=44 result=45982444 live=0
SLIME_CLOCK served task=2 label=44 result=45994770 live=0
SLIME_CLOCK served task=3 label=44 result=46007215 live=0
SLIME_CLOCK served task=2 label=44 result=46018630 live=0
SLIME_CLOCK served task=3 label=44 result=46031138 live=0
SLIME_CLOCK served task=2 label=44 result=46042918 live=0
SLIME_CLOCK served task=3 label=44 result=46055978 live=0
SLIME_CLOCK served task=2 label=44 result=46067838 live=0
SLIME_CLOCK served task=3 label=44 result=46081787 live=0
SLIME_CLOCK served task=2 label=44 result=46095184 live=0
SLIME_CLOCK served task=3 label=44 result=46107931 live=0
SLIME_CLOCK served task=2 label=44 result=46120235 live=0
SLIME_CLOCK served task=3 label=44 result=46133160 live=0
SLIME_CLOCK served task=2 label=44 result=46145277 live=0
SLIME_CLOCK served task=3 label=44 result=46157787 live=0
SLIME_CLOCK served task=2 label=44 result=46170181 live=0
SLIME_CLOCK served task=3 label=44 result=46183482 live=0
SLIME_CLOCK served task=2 label=44 result=46195468 live=0
SLIME_CLOCK served task=3 label=44 result=46208545 live=0
SLIME_CLOCK served task=2 label=44 result=46221731 live=0
SLIME_CLOCK served task=3 label=44 result=46234603 live=0
SLIME_CLOCK served task=2 label=44 result=46247003 live=0
SLIME_CLOCK served task=3 label=44 result=46259780 live=0
SLIME_CLOCK served task=2 label=44 result=46271994 live=0
SLIME_CLOCK served task=3 label=44 result=46284561 live=0
SLIME_CLOCK served task=2 label=44 result=46298699 live=0
SLIME_CLOCK served task=3 label=44 result=46315501 live=0
SLIME_CLOCK served task=2 label=44 result=46326666 live=0
SLIME_CLOCK served task=3 label=44 result=46340248 live=0
SLIME_CLOCK served task=3 label=44 result=46352353 live=0
SLIME_CLOCK served task=2 label=44 result=46363430 live=0
SLIME_CLOCK served task=3 label=44 result=46379323 live=0
SLIME_CLOCK served task=2 label=44 result=46393876 live=0
SLIME_CLOCK served task=3 label=44 result=46409484 live=0
SLIME_CLOCK served task=2 label=44 result=46424475 live=0
SLIME_CLOCK served task=3 label=44 result=46440737 live=0
SLIME_CLOCK served task=2 label=44 result=46455430 live=0
SLIME_CLOCK served task=3 label=44 result=46474188 live=0
SLIME_CLOCK served task=2 label=44 result=46484692 live=0
SLIME_CLOCK served task=3 label=44 result=46496504 live=0
SLIME_CLOCK served task=2 label=44 result=46507346 live=0
SLIME_CLOCK served task=3 label=44 result=46518787 live=0
SLIME_CLOCK served task=2 label=44 result=46529345 live=0
SLIME_CLOCK served task=3 label=44 result=46541170 live=0
SLIME_CLOCK served task=2 label=44 result=46551510 live=0
SLIME_CLOCK served task=3 label=44 result=46563108 live=0
SLIME_CLOCK served task=2 label=44 result=46573413 live=0
SLIME_CLOCK served task=3 label=44 result=46584953 live=0
SLIME_CLOCK served task=2 label=44 result=46597219 live=0
SLIME_CLOCK served task=3 label=44 result=46608098 live=0
SLIME_CLOCK served task=2 label=44 result=46619273 live=0
SLIME_CLOCK served task=3 label=44 result=46632187 live=0
SLIME_CLOCK served task=2 label=44 result=46644002 live=0
SLIME_CLOCK served task=3 label=44 result=46656550 live=0
SLIME_CLOCK served task=2 label=44 result=46668652 live=0
SLIME_CLOCK served task=3 label=44 result=46680748 live=0
SLIME_CLOCK served task=2 label=44 result=46691541 live=0
SLIME_CLOCK served task=3 label=44 result=46702361 live=0
SLIME_CLOCK served task=2 label=44 result=46712841 live=0
SLIME_CLOCK served task=3 label=44 result=46725108 live=0
SLIME_CLOCK served task=2 label=44 result=46735765 live=0
SLIME_CLOCK served task=3 label=44 result=46747140 live=0
SLIME_CLOCK served task=2 label=44 result=46758938 live=0
SLIME_CLOCK served task=3 label=44 result=46771349 live=0
SLIME_CLOCK served task=2 label=44 result=46783418 live=0
SLIME_CLOCK served task=3 label=44 result=46795200 live=0
SLIME_CLOCK served task=2 label=44 result=46806369 live=0
SLIME_CLOCK served task=3 label=44 result=46817822 live=0
SLIME_CLOCK served task=2 label=44 result=46828656 live=0
SLIME_CLOCK served task=3 label=44 result=46840088 live=0
SLIME_CLOCK served task=2 label=44 result=46854583 live=0
SLIME_CLOCK served task=3 label=44 result=46871566 live=0
SLIME_CLOCK served task=2 label=44 result=46887838 live=0
SLIME_CLOCK served task=3 label=44 result=46903787 live=0
SLIME_CLOCK served task=2 label=44 result=46918712 live=0
SLIME_CLOCK served task=3 label=44 result=46934418 live=0
SLIME_CLOCK served task=2 label=44 result=46944192 live=0
SLIME_CLOCK served task=3 label=44 result=46954265 live=0
SLIME_CLOCK served task=2 label=44 result=46963703 live=0
SLIME_CLOCK served task=3 label=44 result=46976667 live=0
SLIME_CLOCK served task=2 label=44 result=46988394 live=0
SLIME_CLOCK served task=3 label=44 result=47000780 live=0
SLIME_CLOCK served task=2 label=44 result=47011593 live=0
SLIME_CLOCK served task=3 label=44 result=47023083 live=0
SLIME_CLOCK served task=2 label=44 result=47033772 live=0
SLIME_CLOCK served task=3 label=44 result=47045199 live=0
SLIME_CLOCK served task=2 label=44 result=47055913 live=0
SLIME_CLOCK served task=3 label=44 result=47067239 live=0
SLIME_CLOCK served task=2 label=44 result=47078215 live=0
SLIME_CLOCK served task=3 label=44 result=47093218 live=0
SLIME_CLOCK served task=2 label=44 result=47108280 live=0
SLIME_CLOCK served task=3 label=44 result=47123520 live=0
SLIME_CLOCK served task=2 label=44 result=47137749 live=0
SLIME_CLOCK served task=3 label=44 result=47152402 live=0
SLIME_CLOCK served task=2 label=44 result=47166404 live=0
SLIME_CLOCK served task=3 label=44 result=47179132 live=0
SLIME_CLOCK served task=2 label=44 result=47191523 live=0
SLIME_CLOCK served task=3 label=44 result=47204068 live=0
SLIME_CLOCK served task=2 label=44 result=47215841 live=0
SLIME_CLOCK served task=3 label=44 result=47236120 live=0
SLIME_CLOCK served task=2 label=44 result=47250733 live=0
SLIME_CLOCK served task=3 label=44 result=47263327 live=0
SLIME_CLOCK served task=2 label=44 result=47275128 live=0
SLIME_CLOCK served task=3 label=44 result=47287681 live=0
SLIME_CLOCK served task=2 label=44 result=47299432 live=0
SLIME_CLOCK served task=3 label=44 result=47315253 live=0
SLIME_CLOCK served task=2 label=44 result=47329305 live=0
SLIME_CLOCK served task=3 label=44 result=47343006 live=0
SLIME_CLOCK served task=2 label=44 result=47355483 live=0
SLIME_CLOCK served task=3 label=44 result=47370199 live=0
SLIME_CLOCK served task=2 label=44 result=47382837 live=0
SLIME_CLOCK served task=3 label=44 result=47396213 live=0
SLIME_CLOCK served task=2 label=44 result=47408773 live=0
SLIME_CLOCK served task=3 label=44 result=47422029 live=0
SLIME_CLOCK served task=2 label=44 result=47434210 live=0
SLIME_CLOCK served task=3 label=44 result=47446973 live=0
SLIME_CLOCK served task=2 label=44 result=47458709 live=0
SLIME_CLOCK served task=3 label=44 result=47471200 live=0
SLIME_CLOCK served task=2 label=44 result=47482909 live=0
SLIME_CLOCK served task=3 label=44 result=47497010 live=0
SLIME_CLOCK served task=2 label=44 result=47510126 live=0
SLIME_CLOCK served task=3 label=44 result=47523980 live=0
SLIME_CLOCK served task=2 label=44 result=47536751 live=0
SLIME_CLOCK served task=3 label=44 result=47550255 live=0
SLIME_CLOCK served task=2 label=44 result=47563576 live=0
SLIME_CLOCK served task=3 label=44 result=47577224 live=0
SLIME_CLOCK served task=2 label=44 result=47589885 live=0
SLIME_CLOCK served task=3 label=44 result=47603340 live=0
SLIME_CLOCK served task=2 label=44 result=47615968 live=0
SLIME_CLOCK served task=3 label=44 result=47630820 live=0
SLIME_CLOCK served task=2 label=44 result=47642742 live=0
SLIME_CLOCK served task=3 label=44 result=47655207 live=0
SLIME_CLOCK served task=2 label=44 result=47666931 live=0
SLIME_CLOCK served task=3 label=44 result=47679415 live=0
SLIME_CLOCK served task=2 label=44 result=47691361 live=0
SLIME_CLOCK served task=3 label=44 result=47703837 live=0
SLIME_CLOCK served task=2 label=44 result=47715583 live=0
SLIME_CLOCK served task=3 label=44 result=47728052 live=0
SLIME_CLOCK served task=2 label=44 result=47739774 live=0
SLIME_CLOCK served task=3 label=44 result=47754938 live=0
SLIME_CLOCK served task=2 label=44 result=47768212 live=0
SLIME_CLOCK served task=3 label=44 result=47781949 live=0
SLIME_CLOCK served task=2 label=44 result=47795011 live=0
SLIME_CLOCK served task=3 label=44 result=47809111 live=0
SLIME_CLOCK served task=2 label=44 result=47821143 live=0
SLIME_CLOCK served task=3 label=44 result=47833621 live=0
SLIME_CLOCK served task=2 label=44 result=47845363 live=0
SLIME_CLOCK served task=3 label=44 result=47857874 live=0
SLIME_CLOCK served task=2 label=44 result=47869837 live=0
SLIME_CLOCK served task=3 label=44 result=47887503 live=0
SLIME_CLOCK served task=2 label=44 result=47899685 live=0
SLIME_CLOCK served task=3 label=44 result=47912253 live=0
SLIME_CLOCK served task=2 label=44 result=47924044 live=0
SLIME_CLOCK served task=3 label=44 result=47936926 live=0
SLIME_CLOCK served task=2 label=44 result=47948728 live=0
SLIME_CLOCK served task=3 label=44 result=47961226 live=0
SLIME_CLOCK served task=2 label=44 result=47972991 live=0
SLIME_CLOCK served task=3 label=44 result=47985568 live=0
SLIME_CLOCK served task=2 label=44 result=47997616 live=0
SLIME_CLOCK served task=3 label=44 result=48014241 live=0
SLIME_CLOCK served task=2 label=44 result=48028090 live=0
SLIME_CLOCK served task=3 label=44 result=48042798 live=0
SLIME_CLOCK served task=2 label=44 result=48057358 live=0
SLIME_CLOCK served task=3 label=44 result=48071622 live=0
SLIME_CLOCK served task=2 label=44 result=48085072 live=0
SLIME_CLOCK served task=3 label=44 result=48099199 live=0
SLIME_CLOCK served task=2 label=44 result=48112881 live=0
SLIME_CLOCK served task=3 label=44 result=48127245 live=0
SLIME_CLOCK served task=2 label=44 result=48142634 live=0
SLIME_CLOCK served task=3 label=44 result=48157106 live=0
SLIME_CLOCK served task=2 label=44 result=48171186 live=0
SLIME_CLOCK served task=3 label=44 result=48186380 live=0
SLIME_CLOCK served task=2 label=44 result=48200609 live=0
SLIME_CLOCK served task=3 label=44 result=48215705 live=0
SLIME_CLOCK served task=2 label=44 result=48229845 live=0
SLIME_CLOCK served task=3 label=44 result=48245077 live=0
SLIME_CLOCK served task=2 label=44 result=48260053 live=0
SLIME_CLOCK served task=3 label=44 result=48275018 live=0
SLIME_CLOCK served task=2 label=44 result=48286970 live=0
SLIME_CLOCK served task=3 label=44 result=48299511 live=0
SLIME_CLOCK served task=2 label=44 result=48311634 live=0
SLIME_CLOCK served task=3 label=44 result=48324378 live=0
SLIME_CLOCK served task=2 label=44 result=48336116 live=0
SLIME_CLOCK served task=3 label=44 result=48348596 live=0
SLIME_CLOCK served task=2 label=44 result=48360359 live=0
SLIME_CLOCK served task=3 label=44 result=48373033 live=0
SLIME_CLOCK served task=2 label=44 result=48384786 live=0
SLIME_CLOCK served task=3 label=44 result=48408244 live=0
SLIME_CLOCK served task=2 label=44 result=48421005 live=0
SLIME_CLOCK served task=3 label=44 result=48436949 live=0
SLIME_CLOCK served task=2 label=44 result=48452573 live=0
SLIME_CLOCK served task=3 label=44 result=48465383 live=0
SLIME_CLOCK served task=2 label=44 result=48476390 live=0
SLIME_CLOCK served task=3 label=44 result=48487974 live=0
SLIME_CLOCK served task=2 label=44 result=48499149 live=0
SLIME_CLOCK served task=3 label=44 result=48510817 live=0
SLIME_CLOCK served task=2 label=44 result=48522736 live=0
SLIME_CLOCK served task=3 label=44 result=48534561 live=0
SLIME_CLOCK served task=2 label=44 result=48545637 live=0
SLIME_CLOCK served task=3 label=44 result=48557622 live=0
SLIME_CLOCK served task=2 label=44 result=48569093 live=0
SLIME_CLOCK served task=3 label=44 result=48580884 live=0
SLIME_CLOCK served task=2 label=44 result=48592030 live=0
SLIME_CLOCK served task=3 label=44 result=48603128 live=0
SLIME_CLOCK served task=2 label=44 result=48614094 live=0
SLIME_CLOCK served task=3 label=44 result=48625557 live=0
SLIME_CLOCK served task=2 label=44 result=48636683 live=0
SLIME_CLOCK served task=3 label=44 result=48648629 live=0
SLIME_CLOCK served task=2 label=44 result=48660339 live=0
SLIME_CLOCK served task=3 label=44 result=48673060 live=0
SLIME_CLOCK served task=2 label=44 result=48682725 live=0
SLIME_CLOCK served task=3 label=44 result=48692730 live=0
SLIME_CLOCK served task=2 label=44 result=48702151 live=0
SLIME_CLOCK served task=3 label=44 result=48712172 live=0
SLIME_CLOCK served task=2 label=44 result=48721593 live=0
SLIME_CLOCK served task=3 label=44 result=48732008 live=0
SLIME_CLOCK served task=2 label=44 result=48741378 live=0
SLIME_CLOCK served task=3 label=44 result=48751600 live=0
SLIME_CLOCK served task=2 label=44 result=48761026 live=0
SLIME_CLOCK served task=3 label=44 result=48773975 live=0
SLIME_CLOCK served task=2 label=44 result=48786134 live=0
SLIME_CLOCK served task=3 label=44 result=48798684 live=0
SLIME_CLOCK served task=2 label=44 result=48810515 live=0
SLIME_CLOCK served task=3 label=44 result=48824526 live=0
SLIME_CLOCK served task=2 label=44 result=48838581 live=0
SLIME_CLOCK served task=3 label=44 result=48854270 live=0
SLIME_CLOCK served task=2 label=44 result=48869170 live=0
SLIME_CLOCK served task=3 label=44 result=48884225 live=0
SLIME_CLOCK served task=2 label=44 result=48906763 live=0
SLIME_CLOCK served task=3 label=44 result=48922478 live=0
SLIME_CLOCK served task=2 label=44 result=48936294 live=0
SLIME_CLOCK served task=3 label=44 result=48947421 live=0
SLIME_CLOCK served task=2 label=44 result=48957407 live=0
SLIME_CLOCK served task=3 label=44 result=48967909 live=0
SLIME_CLOCK served task=2 label=44 result=48977813 live=0
SLIME_CLOCK served task=3 label=44 result=48988282 live=0
SLIME_CLOCK served task=2 label=44 result=48998408 live=0
SLIME_CLOCK served task=3 label=44 result=49011100 live=0
SLIME_CLOCK served task=2 label=44 result=49022595 live=0
SLIME_CLOCK served task=3 label=44 result=49033783 live=0
SLIME_CLOCK served task=2 label=44 result=49044091 live=0
SLIME_CLOCK served task=3 label=44 result=49055506 live=0
SLIME_CLOCK served task=2 label=44 result=49066031 live=0
SLIME_CLOCK served task=3 label=44 result=49077240 live=0
SLIME_CLOCK served task=2 label=44 result=49087617 live=0
SLIME_CLOCK served task=3 label=44 result=49098537 live=0
SLIME_CLOCK served task=2 label=44 result=49109365 live=0
SLIME_CLOCK served task=3 label=44 result=49121163 live=0
SLIME_CLOCK served task=2 label=44 result=49131851 live=0
SLIME_CLOCK served task=3 label=44 result=49143076 live=0
SLIME_CLOCK served task=2 label=44 result=49154828 live=0
SLIME_CLOCK served task=3 label=44 result=49166330 live=0
SLIME_CLOCK served task=2 label=44 result=49176829 live=0
SLIME_CLOCK served task=3 label=44 result=49188141 live=0
SLIME_CLOCK served task=2 label=44 result=49198855 live=0
SLIME_CLOCK served task=3 label=44 result=49209707 live=0
SLIME_CLOCK served task=2 label=44 result=49220081 live=0
SLIME_CLOCK served task=3 label=44 result=49231384 live=0
SLIME_CLOCK served task=2 label=44 result=49241969 live=0
SLIME_CLOCK served task=3 label=44 result=49253451 live=0
SLIME_CLOCK served task=2 label=44 result=49264559 live=0
SLIME_CLOCK served task=3 label=44 result=49276738 live=0
SLIME_CLOCK served task=2 label=44 result=49287528 live=0
SLIME_CLOCK served task=3 label=44 result=49298504 live=0
SLIME_CLOCK served task=2 label=44 result=49309167 live=0
SLIME_CLOCK served task=3 label=44 result=49320740 live=0
SLIME_CLOCK served task=2 label=44 result=49331285 live=0
SLIME_CLOCK served task=3 label=44 result=49342519 live=0
SLIME_CLOCK served task=2 label=44 result=49353262 live=0
SLIME_CLOCK served task=3 label=44 result=49368589 live=0
SLIME_CLOCK served task=2 label=44 result=49382915 live=0
SLIME_CLOCK served task=3 label=44 result=49395262 live=0
SLIME_CLOCK served task=2 label=44 result=49421689 live=0
SLIME_CLOCK served task=3 label=44 result=49449070 live=0
SLIME_CLOCK served task=2 label=44 result=49463784 live=0
SLIME_CLOCK served task=3 label=44 result=49479354 live=0
SLIME_CLOCK served task=2 label=44 result=49494184 live=0
SLIME_CLOCK served task=3 label=44 result=49506908 live=0
SLIME_CLOCK served task=2 label=44 result=49516300 live=0
SLIME_CLOCK served task=3 label=44 result=49526290 live=0
SLIME_CLOCK served task=2 label=44 result=49538395 live=0
SLIME_CLOCK served task=3 label=44 result=49549732 live=0
SLIME_CLOCK served task=2 label=44 result=49560865 live=0
SLIME_CLOCK served task=3 label=44 result=49571994 live=0
SLIME_CLOCK served task=2 label=44 result=49582107 live=0
SLIME_CLOCK served task=3 label=44 result=49593042 live=0
SLIME_CLOCK served task=2 label=44 result=49604355 live=0
SLIME_CLOCK served task=3 label=44 result=49615815 live=0
SLIME_CLOCK served task=2 label=44 result=49626177 live=0
SLIME_CLOCK served task=3 label=44 result=49637476 live=0
SLIME_CLOCK served task=2 label=44 result=49647868 live=0
SLIME_CLOCK served task=3 label=44 result=49659853 live=0
SLIME_CLOCK served task=2 label=44 result=49670095 live=0
SLIME_CLOCK served task=3 label=44 result=49681532 live=0
SLIME_CLOCK served task=2 label=44 result=49691826 live=0
SLIME_CLOCK served task=3 label=44 result=49702965 live=0
SLIME_CLOCK served task=2 label=44 result=49713240 live=0
SLIME_CLOCK served task=3 label=44 result=49724470 live=0
SLIME_CLOCK served task=2 label=44 result=49735249 live=0
SLIME_CLOCK served task=3 label=44 result=49746513 live=0
SLIME_CLOCK served task=2 label=44 result=49756786 live=0
SLIME_CLOCK served task=3 label=44 result=49767720 live=0
SLIME_CLOCK served task=2 label=44 result=49778164 live=0
SLIME_CLOCK served task=3 label=44 result=49789921 live=0
SLIME_CLOCK served task=2 label=44 result=49800053 live=0
SLIME_CLOCK served task=3 label=44 result=49810971 live=0
SLIME_CLOCK served task=2 label=44 result=49821310 live=0
SLIME_CLOCK served task=3 label=44 result=49833084 live=0
SLIME_CLOCK served task=2 label=44 result=49843529 live=0
SLIME_CLOCK served task=3 label=44 result=49855114 live=0
SLIME_CLOCK served task=2 label=44 result=49865538 live=0
SLIME_CLOCK served task=3 label=44 result=49876602 live=0
SLIME_CLOCK served task=2 label=44 result=49888353 live=0
SLIME_CLOCK served task=3 label=44 result=49902921 live=0
SLIME_CLOCK served task=2 label=44 result=49937873 live=0
SLIME_CLOCK served task=3 label=44 result=49983260 live=0
SLIME_CLOCK served task=2 label=44 result=49998370 live=0
SLIME_CLOCK served task=3 label=44 result=50013792 live=0
SLIME_CLOCK served task=2 label=44 result=50028094 live=0
SLIME_CLOCK served task=3 label=44 result=50045485 live=0
SLIME_CLOCK served task=2 label=44 result=50058528 live=0
SLIME_CLOCK served task=3 label=44 result=50071036 live=0
SLIME_CLOCK served task=2 label=44 result=50081377 live=0
SLIME_CLOCK served task=3 label=44 result=50092373 live=0
SLIME_CLOCK served task=2 label=44 result=50102524 live=0
SLIME_CLOCK served task=3 label=44 result=50113658 live=0
SLIME_CLOCK served task=2 label=44 result=50124293 live=0
SLIME_CLOCK served task=3 label=44 result=50135558 live=0
SLIME_CLOCK served task=2 label=44 result=50146036 live=0
SLIME_CLOCK served task=3 label=44 result=50156772 live=0
SLIME_CLOCK served task=2 label=44 result=50168271 live=0
SLIME_CLOCK served task=3 label=44 result=50179267 live=0
SLIME_CLOCK served task=2 label=44 result=50189881 live=0
SLIME_CLOCK served task=3 label=44 result=50201324 live=0
SLIME_CLOCK served task=2 label=44 result=50211453 live=0
SLIME_CLOCK served task=3 label=44 result=50222191 live=0
SLIME_CLOCK served task=2 label=44 result=50232650 live=0
SLIME_CLOCK served task=3 label=44 result=50243686 live=0
SLIME_CLOCK served task=2 label=44 result=50254195 live=0
SLIME_CLOCK served task=3 label=44 result=50265408 live=0
SLIME_CLOCK served task=2 label=44 result=50275617 live=0
SLIME_CLOCK served task=3 label=44 result=50286648 live=0
SLIME_CLOCK served task=2 label=44 result=50297722 live=0
SLIME_CLOCK served task=3 label=44 result=50309133 live=0
SLIME_CLOCK served task=2 label=44 result=50320342 live=0
SLIME_CLOCK served task=3 label=44 result=50331464 live=0
SLIME_CLOCK served task=2 label=44 result=50341639 live=0
SLIME_CLOCK served task=3 label=44 result=50352681 live=0
SLIME_CLOCK served task=2 label=44 result=50362936 live=0
SLIME_CLOCK served task=3 label=44 result=50373829 live=0
SLIME_CLOCK served task=2 label=44 result=50384307 live=0
SLIME_CLOCK served task=3 label=44 result=50395188 live=0
SLIME_CLOCK served task=2 label=44 result=50405352 live=0
SLIME_CLOCK served task=3 label=44 result=50416178 live=0
SLIME_CLOCK served task=2 label=44 result=50431602 live=0
SLIME_CLOCK served task=3 label=44 result=50447017 live=0
SLIME_CLOCK served task=2 label=44 result=50461731 live=0
SLIME_CLOCK served task=3 label=44 result=50477389 live=0
SLIME_CLOCK served task=2 label=44 result=50491043 live=0
SLIME_CLOCK served task=3 label=44 result=50506788 live=0
SLIME_CLOCK served task=2 label=44 result=50520402 live=0
SLIME_CLOCK served task=3 label=44 result=50534192 live=0
SLIME_CLOCK served task=2 label=44 result=50550033 live=0
SLIME_CLOCK served task=3 label=44 result=50561995 live=0
SLIME_CLOCK served task=2 label=44 result=50573240 live=0
SLIME_CLOCK served task=3 label=44 result=50584269 live=0
SLIME_CLOCK served task=2 label=44 result=50594478 live=0
SLIME_CLOCK served task=3 label=44 result=50605515 live=0
SLIME_CLOCK served task=2 label=44 result=50615772 live=0
SLIME_CLOCK served task=3 label=44 result=50627085 live=0
SLIME_CLOCK served task=2 label=44 result=50637451 live=0
SLIME_CLOCK served task=3 label=44 result=50648516 live=0
SLIME_CLOCK served task=2 label=44 result=50658857 live=0
SLIME_CLOCK served task=3 label=44 result=50669987 live=0
SLIME_CLOCK served task=2 label=44 result=50682438 live=0
SLIME_CLOCK served task=3 label=44 result=50693399 live=0
SLIME_CLOCK served task=2 label=44 result=50704160 live=0
SLIME_CLOCK served task=3 label=44 result=50715019 live=0
SLIME_CLOCK served task=2 label=44 result=50725294 live=0
SLIME_CLOCK served task=3 label=44 result=50736576 live=0
SLIME_CLOCK served task=2 label=44 result=50747787 live=0
SLIME_CLOCK served task=3 label=44 result=50758619 live=0
SLIME_CLOCK served task=2 label=44 result=50768927 live=0
SLIME_CLOCK served task=3 label=44 result=50779882 live=0
SLIME_CLOCK served task=2 label=44 result=50790046 live=0
SLIME_CLOCK served task=3 label=44 result=50802532 live=0
SLIME_CLOCK served task=2 label=44 result=50813339 live=0
SLIME_CLOCK served task=3 label=44 result=50824477 live=0
SLIME_CLOCK served task=2 label=44 result=50834947 live=0
SLIME_CLOCK served task=3 label=44 result=50845737 live=0
SLIME_CLOCK served task=2 label=44 result=50855949 live=0
SLIME_CLOCK served task=3 label=44 result=50867002 live=0
SLIME_CLOCK served task=2 label=44 result=50877736 live=0
SLIME_CLOCK served task=3 label=44 result=50888776 live=0
SLIME_CLOCK served task=2 label=44 result=50898928 live=0
SLIME_CLOCK served task=3 label=44 result=50909887 live=0
SLIME_CLOCK served task=2 label=44 result=50920183 live=0
SLIME_CLOCK served task=3 label=44 result=50933509 live=0
SLIME_CLOCK served task=2 label=44 result=50943946 live=0
SLIME_CLOCK served task=3 label=44 result=50954939 live=0
SLIME_CLOCK served task=2 label=44 result=50967393 live=0
SLIME_CLOCK served task=3 label=44 result=50982620 live=0
SLIME_CLOCK served task=2 label=44 result=50996959 live=0
SLIME_CLOCK served task=3 label=44 result=51007198 live=0
SLIME_CLOCK served task=2 label=44 result=51019769 live=0
SLIME_CLOCK served task=3 label=44 result=51035018 live=0
SLIME_CLOCK served task=2 label=44 result=51051595 live=0
SLIME_CLOCK served task=3 label=44 result=51069789 live=0
SLIME_CLOCK served task=2 label=44 result=51086764 live=0
SLIME_CLOCK served task=3 label=44 result=51104608 live=0
SLIME_CLOCK served task=2 label=44 result=51117222 live=0
SLIME_CLOCK served task=3 label=44 result=51128892 live=0
SLIME_CLOCK served task=2 label=44 result=51139442 live=0
SLIME_CLOCK served task=3 label=44 result=51150488 live=0
SLIME_CLOCK served task=2 label=44 result=51160592 live=0
SLIME_CLOCK served task=3 label=44 result=51171470 live=0
SLIME_CLOCK served task=2 label=44 result=51186235 live=0
SLIME_CLOCK served task=3 label=44 result=51197263 live=0
SLIME_CLOCK served task=2 label=44 result=51208060 live=0
SLIME_CLOCK served task=3 label=44 result=51218868 live=0
SLIME_CLOCK served task=2 label=44 result=51229263 live=0
SLIME_CLOCK served task=3 label=44 result=51240304 live=0
SLIME_CLOCK served task=2 label=44 result=51250839 live=0
SLIME_CLOCK served task=3 label=44 result=51262026 live=0
SLIME_CLOCK served task=2 label=44 result=51272502 live=0
SLIME_CLOCK served task=3 label=44 result=51283530 live=0
SLIME_CLOCK served task=2 label=44 result=51293749 live=0
SLIME_CLOCK served task=3 label=44 result=51305101 live=0
SLIME_CLOCK served task=2 label=44 result=51315345 live=0
SLIME_CLOCK served task=3 label=44 result=51326269 live=0
SLIME_CLOCK served task=2 label=44 result=51336872 live=0
SLIME_CLOCK served task=3 label=44 result=51347821 live=0
SLIME_CLOCK served task=2 label=44 result=51358077 live=0
SLIME_CLOCK served task=3 label=44 result=51369185 live=0
SLIME_CLOCK served task=2 label=44 result=51379498 live=0
SLIME_CLOCK served task=3 label=44 result=51390685 live=0
SLIME_CLOCK served task=2 label=44 result=51401332 live=0
SLIME_CLOCK served task=3 label=44 result=51412686 live=0
SLIME_CLOCK served task=2 label=44 result=51423118 live=0
SLIME_CLOCK served task=3 label=44 result=51435301 live=0
SLIME_CLOCK served task=2 label=44 result=51446050 live=0
SLIME_CLOCK served task=3 label=44 result=51456977 live=0
SLIME_CLOCK served task=2 label=44 result=51467667 live=0
SLIME_CLOCK served task=3 label=44 result=51478415 live=0
SLIME_CLOCK served task=2 label=44 result=51488876 live=0
SLIME_CLOCK served task=3 label=44 result=51504451 live=0
SLIME_CLOCK served task=2 label=44 result=51519055 live=0
SLIME_CLOCK served task=3 label=44 result=51534655 live=0
SLIME_CLOCK served task=2 label=44 result=51549338 live=0
SLIME_CLOCK served task=3 label=44 result=51572963 live=0
SLIME_CLOCK served task=2 label=44 result=51587530 live=0
SLIME_CLOCK served task=3 label=44 result=51604673 live=0
SLIME_CLOCK served task=2 label=44 result=51620115 live=0
SLIME_CLOCK served task=3 label=44 result=51633557 live=0
SLIME_CLOCK served task=2 label=44 result=51644489 live=0
SLIME_CLOCK served task=3 label=44 result=51657179 live=0
SLIME_CLOCK served task=2 label=44 result=51669710 live=0
SLIME_CLOCK served task=3 label=44 result=51680992 live=0
SLIME_CLOCK served task=2 label=44 result=51693119 live=0
SLIME_CLOCK served task=3 label=44 result=51705081 live=0
SLIME_CLOCK served task=2 label=44 result=51715374 live=0
SLIME_CLOCK served task=3 label=44 result=51726284 live=0
SLIME_CLOCK served task=2 label=44 result=51736824 live=0
SLIME_CLOCK served task=3 label=44 result=51748197 live=0
SLIME_CLOCK served task=2 label=44 result=51759132 live=0
SLIME_CLOCK served task=3 label=44 result=51770899 live=0
SLIME_CLOCK served task=2 label=44 result=51781228 live=0
SLIME_CLOCK served task=3 label=44 result=51792160 live=0
SLIME_CLOCK served task=2 label=44 result=51802779 live=0
SLIME_CLOCK served task=3 label=44 result=51815978 live=0
SLIME_CLOCK served task=2 label=44 result=51826576 live=0
SLIME_CLOCK served task=3 label=44 result=51837954 live=0
SLIME_CLOCK served task=2 label=44 result=51848686 live=0
SLIME_CLOCK served task=3 label=44 result=51859901 live=0
SLIME_CLOCK served task=2 label=44 result=51870792 live=0
SLIME_CLOCK served task=3 label=44 result=51882136 live=0
SLIME_CLOCK served task=2 label=44 result=51892476 live=0
SLIME_CLOCK served task=3 label=44 result=51903475 live=0
SLIME_CLOCK served task=2 label=44 result=51913658 live=0
SLIME_CLOCK served task=3 label=44 result=51924486 live=0
SLIME_CLOCK served task=2 label=44 result=51935580 live=0
SLIME_CLOCK served task=3 label=44 result=51946690 live=0
SLIME_CLOCK served task=2 label=44 result=51957269 live=0
SLIME_CLOCK served task=3 label=44 result=51968293 live=0
SLIME_CLOCK served task=2 label=44 result=51978720 live=0
SLIME_CLOCK served task=3 label=44 result=51990051 live=0
SLIME_CLOCK served task=2 label=44 result=52000742 live=0
SLIME_CLOCK served task=3 label=44 result=52011873 live=0
SLIME_CLOCK served task=2 label=44 result=52023971 live=0
SLIME_CLOCK served task=3 label=44 result=52038496 live=0
SLIME_CLOCK served task=2 label=44 result=52053151 live=0
SLIME_CLOCK served task=3 label=44 result=52072414 live=0
SLIME_CLOCK served task=2 label=44 result=52088824 live=0
SLIME_CLOCK served task=3 label=44 result=52104057 live=0
SLIME_CLOCK served task=2 label=44 result=52119417 live=0
SLIME_CLOCK served task=3 label=44 result=52135341 live=0
SLIME_CLOCK served task=2 label=44 result=52149959 live=0
SLIME_CLOCK served task=3 label=44 result=52165191 live=0
SLIME_CLOCK served task=2 label=44 result=52174578 live=0
SLIME_CLOCK served task=3 label=44 result=52184759 live=0
SLIME_CLOCK served task=2 label=44 result=52197951 live=0
SLIME_CLOCK served task=3 label=44 result=52209063 live=0
SLIME_CLOCK served task=2 label=44 result=52219437 live=0
SLIME_CLOCK served task=3 label=44 result=52230293 live=0
SLIME_CLOCK served task=2 label=44 result=52240487 live=0
SLIME_CLOCK served task=3 label=44 result=52251641 live=0
SLIME_CLOCK served task=2 label=44 result=52262233 live=0
SLIME_CLOCK served task=3 label=44 result=52273524 live=0
SLIME_CLOCK served task=2 label=44 result=52284187 live=0
SLIME_CLOCK served task=3 label=44 result=52295608 live=0
SLIME_CLOCK served task=2 label=44 result=52306834 live=0
SLIME_CLOCK served task=3 label=44 result=52318349 live=0
SLIME_CLOCK served task=2 label=44 result=52328662 live=0
SLIME_CLOCK served task=3 label=44 result=52339519 live=0
SLIME_CLOCK served task=2 label=44 result=52350024 live=0
SLIME_CLOCK served task=3 label=44 result=52361255 live=0
SLIME_CLOCK served task=2 label=44 result=52371758 live=0
SLIME_CLOCK served task=3 label=44 result=52383019 live=0
SLIME_CLOCK served task=2 label=44 result=52393355 live=0
SLIME_CLOCK served task=3 label=44 result=52404575 live=0
SLIME_CLOCK served task=2 label=44 result=52415626 live=0
SLIME_CLOCK served task=3 label=44 result=52430903 live=0
SLIME_CLOCK served task=2 label=44 result=52445880 live=0
SLIME_CLOCK served task=2 label=44 result=52459448 live=0
SLIME_CLOCK served task=3 label=44 result=52471206 live=0
SLIME_CLOCK served task=2 label=44 result=52482233 live=0
SLIME_CLOCK served task=3 label=44 result=52493476 live=0
SLIME_CLOCK served task=2 label=44 result=52504354 live=0
SLIME_CLOCK served task=3 label=44 result=52516030 live=0
SLIME_CLOCK served task=2 label=44 result=52527034 live=0
SLIME_CLOCK served task=3 label=44 result=52538969 live=0
SLIME_CLOCK served task=2 label=44 result=52550070 live=0
SLIME_CLOCK served task=3 label=44 result=52562753 live=0
SLIME_CLOCK served task=2 label=44 result=52580348 live=0
SLIME_CLOCK served task=3 label=44 result=52595822 live=0
SLIME_CLOCK served task=2 label=44 result=52610516 live=0
SLIME_CLOCK served task=3 label=44 result=52626363 live=0
SLIME_CLOCK served task=2 label=44 result=52641013 live=0
SLIME_CLOCK served task=3 label=44 result=52656542 live=0
SLIME_CLOCK served task=2 label=44 result=52667585 live=0
SLIME_CLOCK served task=3 label=44 result=52677588 live=0
SLIME_CLOCK served task=2 label=44 result=52688239 live=0
SLIME_CLOCK served task=3 label=44 result=52700189 live=0
SLIME_CLOCK served task=2 label=44 result=52716585 live=0
SLIME_CLOCK served task=3 label=44 result=52733348 live=0
SLIME_CLOCK served task=2 label=44 result=52750040 live=0
SLIME_CLOCK served task=3 label=44 result=52767042 live=0
SLIME_CLOCK served task=2 label=44 result=52783491 live=0
SLIME_CLOCK served task=3 label=44 result=52800494 live=0
SLIME_CLOCK served task=2 label=44 result=52817197 live=0
SLIME_CLOCK served task=3 label=44 result=52835663 live=0
SLIME_CLOCK served task=2 label=44 result=52852276 live=0
SLIME_CLOCK served task=3 label=44 result=52869691 live=0
SLIME_CLOCK served task=2 label=44 result=52886077 live=0
SLIME_CLOCK served task=3 label=44 result=52903183 live=0
SLIME_CLOCK served task=2 label=44 result=52919694 live=0
SLIME_CLOCK served task=3 label=44 result=52936941 live=0
SLIME_CLOCK served task=2 label=44 result=52954881 live=0
SLIME_CLOCK served task=3 label=44 result=52971877 live=0
SLIME_CLOCK served task=2 label=44 result=52988086 live=0
SLIME_CLOCK served task=3 label=44 result=53004483 live=0
SLIME_CLOCK served task=2 label=44 result=53016877 live=0
SLIME_CLOCK served task=3 label=44 result=53030682 live=0
SLIME_CLOCK served task=2 label=44 result=53043526 live=0
SLIME_CLOCK served task=3 label=44 result=53057326 live=0
SLIME_CLOCK served task=2 label=44 result=53071470 live=0
SLIME_CLOCK served task=3 label=44 result=53085139 live=0
SLIME_CLOCK served task=2 label=44 result=53098669 live=0
SLIME_CLOCK served task=3 label=44 result=53113192 live=0
SLIME_CLOCK served task=2 label=44 result=53128189 live=0
SLIME_CLOCK served task=3 label=44 result=53143772 live=0
SLIME_CLOCK served task=2 label=44 result=53158344 live=0
SLIME_CLOCK served task=3 label=44 result=53173879 live=0
SLIME_CLOCK served task=2 label=44 result=53184384 live=0
SLIME_CLOCK served task=3 label=44 result=53194401 live=0
SLIME_CLOCK served task=2 label=44 result=53205088 live=0
SLIME_CLOCK served task=3 label=44 result=53219100 live=0
SLIME_CLOCK served task=2 label=44 result=53229751 live=0
SLIME_CLOCK served task=3 label=44 result=53240808 live=0
SLIME_CLOCK served task=2 label=44 result=53251248 live=0
SLIME_CLOCK served task=3 label=44 result=53262292 live=0
SLIME_CLOCK served task=2 label=44 result=53272661 live=0
SLIME_CLOCK served task=3 label=44 result=53283559 live=0
SLIME_CLOCK served task=2 label=44 result=53295532 live=0
SLIME_CLOCK served task=3 label=44 result=53310977 live=0
SLIME_CLOCK served task=2 label=44 result=53325317 live=0
SLIME_CLOCK served task=3 label=44 result=53356199 live=0
SLIME_CLOCK served task=2 label=44 result=53369981 live=0
SLIME_CLOCK served task=3 label=44 result=53381472 live=0
SLIME_CLOCK served task=2 label=44 result=53392254 live=0
SLIME_CLOCK served task=3 label=44 result=53403638 live=0
SLIME_CLOCK served task=2 label=44 result=53417523 live=0
SLIME_CLOCK served task=3 label=44 result=53429276 live=0
SLIME_CLOCK served task=2 label=44 result=53440263 live=0
SLIME_CLOCK served task=3 label=44 result=53451995 live=0
SLIME_CLOCK served task=2 label=44 result=53464924 live=0
SLIME_CLOCK served task=3 label=44 result=53476532 live=0
SLIME_CLOCK served task=2 label=44 result=53487587 live=0
SLIME_CLOCK served task=3 label=44 result=53499736 live=0
SLIME_CLOCK served task=2 label=44 result=53510757 live=0
SLIME_CLOCK served task=3 label=44 result=53522442 live=0
SLIME_CLOCK served task=2 label=44 result=53533727 live=0
SLIME_CLOCK served task=3 label=44 result=53545611 live=0
SLIME_CLOCK served task=2 label=44 result=53556887 live=0
SLIME_CLOCK served task=3 label=44 result=53568603 live=0
SLIME_CLOCK served task=2 label=44 result=53579689 live=0
SLIME_CLOCK served task=3 label=44 result=53592400 live=0
SLIME_CLOCK served task=2 label=44 result=53602800 live=0
SLIME_CLOCK served task=3 label=44 result=53613457 live=0
SLIME_CLOCK served task=2 label=44 result=53624782 live=0
SLIME_CLOCK served task=3 label=44 result=53635648 live=0
SLIME_CLOCK served task=2 label=44 result=53646033 live=0
SLIME_CLOCK served task=3 label=44 result=53657078 live=0
SLIME_CLOCK served task=2 label=44 result=53667216 live=0
SLIME_CLOCK served task=3 label=44 result=53678552 live=0
SLIME_CLOCK served task=2 label=44 result=53689302 live=0
SLIME_CLOCK served task=3 label=44 result=53699949 live=0
SLIME_CLOCK served task=2 label=44 result=53710192 live=0
SLIME_CLOCK served task=3 label=44 result=53722425 live=0
SLIME_CLOCK served task=2 label=44 result=53732687 live=0
SLIME_CLOCK served task=3 label=44 result=53744025 live=0
SLIME_CLOCK served task=2 label=44 result=53754343 live=0
SLIME_CLOCK served task=3 label=44 result=53766589 live=0
SLIME_CLOCK served task=2 label=44 result=53779243 live=0
SLIME_CLOCK served task=3 label=44 result=53794418 live=0
SLIME_CLOCK served task=2 label=44 result=53809329 live=0
SLIME_CLOCK served task=3 label=44 result=53824959 live=0
SLIME_CLOCK served task=2 label=44 result=53841968 live=0
SLIME_CLOCK served task=3 label=44 result=53866076 live=0
SLIME_CLOCK served task=2 label=44 result=53882843 live=0
SLIME_CLOCK served task=3 label=44 result=53898133 live=0
SLIME_CLOCK served task=2 label=44 result=53909285 live=0
SLIME_CLOCK served task=3 label=44 result=53919655 live=0
SLIME_CLOCK served task=2 label=44 result=53929089 live=0
SLIME_CLOCK served task=3 label=44 result=53939538 live=0
SLIME_CLOCK served task=2 label=44 result=53948963 live=0
SLIME_CLOCK served task=3 label=44 result=53958930 live=0
SLIME_CLOCK served task=2 label=44 result=53971297 live=0
SLIME_CLOCK served task=3 label=44 result=53982323 live=0
SLIME_CLOCK served task=2 label=44 result=53992689 live=0
SLIME_CLOCK served task=3 label=44 result=54003884 live=0
SLIME_CLOCK served task=2 label=44 result=54014470 live=0
SLIME_CLOCK served task=3 label=44 result=54026080 live=0
SLIME_CLOCK served task=2 label=44 result=54036633 live=0
SLIME_CLOCK served task=3 label=44 result=54048224 live=0
SLIME_CLOCK served task=2 label=44 result=54058609 live=0
SLIME_CLOCK served task=3 label=44 result=54069551 live=0
SLIME_CLOCK served task=2 label=44 result=54080844 live=0
SLIME_CLOCK served task=3 label=44 result=54092434 live=0
SLIME_CLOCK served task=2 label=44 result=54104582 live=0
SLIME_CLOCK served task=3 label=44 result=54115799 live=0
SLIME_CLOCK served task=2 label=44 result=54126365 live=0
SLIME_CLOCK served task=3 label=44 result=54137518 live=0
SLIME_CLOCK served task=2 label=44 result=54147974 live=0
SLIME_CLOCK served task=3 label=44 result=54159104 live=0
SLIME_CLOCK served task=2 label=44 result=54169601 live=0
SLIME_CLOCK served task=3 label=44 result=54180817 live=0
SLIME_CLOCK served task=2 label=44 result=54191431 live=0
SLIME_CLOCK served task=3 label=44 result=54202675 live=0
SLIME_CLOCK served task=2 label=44 result=54213576 live=0
SLIME_CLOCK served task=3 label=44 result=54225672 live=0
SLIME_CLOCK served task=2 label=44 result=54236513 live=0
SLIME_CLOCK served task=3 label=44 result=54248151 live=0
SLIME_CLOCK served task=2 label=44 result=54258535 live=0
SLIME_CLOCK served task=3 label=44 result=54269674 live=0
SLIME_CLOCK served task=2 label=44 result=54280042 live=0
SLIME_CLOCK served task=3 label=44 result=54290915 live=0
SLIME_CLOCK served task=2 label=44 result=54300954 live=0
SLIME_CLOCK served task=3 label=44 result=54312309 live=0
SLIME_CLOCK served task=2 label=44 result=54324749 live=0
SLIME_CLOCK served task=3 label=44 result=54338677 live=0
SLIME_CLOCK served task=2 label=44 result=54357575 live=0
SLIME_CLOCK served task=3 label=44 result=54373618 live=0
SLIME_CLOCK served task=2 label=44 result=54388371 live=0
SLIME_CLOCK served task=3 label=44 result=54403757 live=0
SLIME_CLOCK served task=2 label=44 result=54413192 live=0
SLIME_CLOCK served task=3 label=44 result=54423205 live=0
SLIME_CLOCK served task=2 label=44 result=54432820 live=0
SLIME_CLOCK served task=3 label=44 result=54442792 live=0
SLIME_CLOCK served task=2 label=44 result=54452234 live=0
SLIME_CLOCK served task=3 label=44 result=54462214 live=0
SLIME_CLOCK served task=2 label=44 result=54471629 live=0
SLIME_CLOCK served task=3 label=44 result=54485109 live=0
SLIME_CLOCK served task=2 label=44 result=54498031 live=0
SLIME_CLOCK served task=3 label=44 result=54513899 live=0
SLIME_CLOCK served task=2 label=44 result=54528637 live=0
SLIME_CLOCK served task=3 label=44 result=54544238 live=0
SLIME_CLOCK served task=2 label=44 result=54559178 live=0
SLIME_CLOCK served task=3 label=44 result=54572697 live=0
SLIME_CLOCK served task=2 label=44 result=54584586 live=0
SLIME_CLOCK served task=3 label=44 result=54597198 live=0
SLIME_CLOCK served task=2 label=44 result=54612601 live=0
SLIME_CLOCK served task=3 label=44 result=54626882 live=0
SLIME_CLOCK served task=2 label=44 result=54639686 live=0
SLIME_CLOCK served task=3 label=44 result=54653025 live=0
SLIME_CLOCK served task=2 label=44 result=54665910 live=0
SLIME_CLOCK served task=3 label=44 result=54679708 live=0
SLIME_CLOCK served task=2 label=44 result=54692826 live=0
SLIME_CLOCK served task=3 label=44 result=54706223 live=0
SLIME_CLOCK served task=2 label=44 result=54719202 live=0
SLIME_CLOCK served task=3 label=44 result=54734301 live=0
SLIME_CLOCK served task=2 label=44 result=54747538 live=0
SLIME_CLOCK served task=3 label=44 result=54761331 live=0
SLIME_CLOCK served task=2 label=44 result=54774195 live=0
SLIME_CLOCK served task=3 label=44 result=54787543 live=0
SLIME_CLOCK served task=2 label=44 result=54800430 live=0
SLIME_CLOCK served task=3 label=44 result=54814959 live=0
SLIME_CLOCK served task=2 label=44 result=54827855 live=0
SLIME_CLOCK served task=3 label=44 result=54841475 live=0
SLIME_CLOCK served task=2 label=44 result=54855356 live=0
SLIME_CLOCK served task=3 label=44 result=54869271 live=0
SLIME_CLOCK served task=2 label=44 result=54882140 live=0
SLIME_CLOCK served task=3 label=44 result=54895880 live=0
SLIME_CLOCK served task=2 label=44 result=54908805 live=0
SLIME_CLOCK served task=3 label=44 result=54922418 live=0
SLIME_CLOCK served task=2 label=44 result=54935890 live=0
SLIME_CLOCK served task=3 label=44 result=54950492 live=0
SLIME_CLOCK served task=2 label=44 result=54962362 live=0
SLIME_CLOCK served task=3 label=44 result=54975009 live=0
SLIME_CLOCK served task=2 label=44 result=55004996 live=0
SLIME_CLOCK served task=3 label=44 result=55045394 live=0
SLIME_CLOCK served task=2 label=44 result=55085517 live=0
SLIME_CLOCK served task=3 label=44 result=55129109 live=0
SLIME_CLOCK served task=2 label=44 result=55167785 live=0
SLIME_CLOCK served task=3 label=44 result=55206793 live=0
SLIME_CLOCK served task=2 label=44 result=55245114 live=0
SLIME_CLOCK served task=3 label=44 result=55274153 live=0
SLIME_CLOCK served task=2 label=44 result=55286088 live=0
SLIME_CLOCK served task=3 label=44 result=55298713 live=0
SLIME_CLOCK served task=2 label=44 result=55310942 live=0
SLIME_CLOCK served task=3 label=44 result=55323598 live=0
SLIME_CLOCK served task=2 label=44 result=55335458 live=0
SLIME_CLOCK served task=3 label=44 result=55348089 live=0
SLIME_CLOCK served task=2 label=44 result=55359960 live=0
SLIME_CLOCK served task=3 label=44 result=55372832 live=0
SLIME_CLOCK served task=2 label=44 result=55384731 live=0
SLIME_CLOCK served task=3 label=44 result=55397380 live=0
SLIME_CLOCK served task=2 label=44 result=55409234 live=0
SLIME_CLOCK served task=3 label=44 result=55421866 live=0
SLIME_CLOCK served task=2 label=44 result=55433960 live=0
SLIME_CLOCK served task=3 label=44 result=55446621 live=0
SLIME_CLOCK served task=2 label=44 result=55458741 live=0
SLIME_CLOCK served task=3 label=44 result=55471286 live=0
SLIME_CLOCK served task=2 label=44 result=55483055 live=0
SLIME_CLOCK served task=3 label=44 result=55498785 live=0
SLIME_CLOCK served task=2 label=44 result=55538317 live=0
SLIME_CLOCK served task=3 label=44 result=55579199 live=0
SLIME_CLOCK served task=2 label=44 result=55617008 live=0
SLIME_CLOCK served task=3 label=44 result=55632348 live=0
SLIME_CLOCK served task=2 label=44 result=55644271 live=0
SLIME_CLOCK served task=3 label=44 result=55656078 live=0
SLIME_CLOCK served task=2 label=44 result=55667406 live=0
SLIME_CLOCK served task=3 label=44 result=55678776 live=0
SLIME_CLOCK served task=2 label=44 result=55700076 live=0
SLIME_CLOCK served task=3 label=44 result=55754292 live=0
SLIME_CLOCK served task=2 label=44 result=55768941 live=0
SLIME_CLOCK served task=3 label=44 result=55784391 live=0
SLIME_CLOCK served task=2 label=44 result=55798322 live=0
SLIME_CLOCK served task=3 label=44 result=55816578 live=0
SLIME_CLOCK served task=2 label=44 result=55830948 live=0
SLIME_CLOCK served task=3 label=44 result=55846127 live=0
SLIME_CLOCK served task=2 label=44 result=55860271 live=0
SLIME_CLOCK served task=3 label=44 result=55877942 live=0
SLIME_CLOCK served task=2 label=44 result=55893633 live=0
SLIME_CLOCK served task=3 label=44 result=55910805 live=0
SLIME_CLOCK served task=2 label=44 result=55926853 live=0
SLIME_CLOCK served task=3 label=44 result=55944268 live=0
SLIME_CLOCK served task=2 label=44 result=55960689 live=0
SLIME_CLOCK served task=3 label=44 result=55977708 live=0
SLIME_CLOCK served task=2 label=44 result=55994115 live=0
SLIME_CLOCK served task=3 label=44 result=56012748 live=0
SLIME_CLOCK served task=2 label=44 result=56028207 live=0
SLIME_CLOCK served task=3 label=44 result=56044541 live=0
SLIME_CLOCK served task=2 label=44 result=56060573 live=0
SLIME_CLOCK served task=3 label=44 result=56076641 live=0
SLIME_CLOCK served task=2 label=44 result=56092158 live=0
SLIME_CLOCK served task=3 label=44 result=56108636 live=0
SLIME_CLOCK served task=2 label=44 result=56124138 live=0
SLIME_CLOCK served task=3 label=44 result=56142590 live=0
SLIME_CLOCK served task=2 label=44 result=56157685 live=0
SLIME_CLOCK served task=3 label=44 result=56173611 live=0
SLIME_CLOCK served task=2 label=44 result=56229888 live=0
SLIME_CLOCK served task=3 label=44 result=56248754 live=0
SLIME_CLOCK served task=2 label=44 result=56264713 live=0
SLIME_CLOCK served task=3 label=44 result=56277260 live=0
SLIME_CLOCK served task=2 label=44 result=56288456 live=0
SLIME_CLOCK served task=3 label=44 result=56300089 live=0
SLIME_CLOCK served task=2 label=44 result=56311378 live=0
SLIME_CLOCK served task=3 label=44 result=56323008 live=0
SLIME_CLOCK served task=2 label=44 result=56334111 live=0
SLIME_CLOCK served task=3 label=44 result=56345726 live=0
SLIME_CLOCK served task=2 label=44 result=56356749 live=0
SLIME_CLOCK served task=3 label=44 result=56368620 live=0
SLIME_CLOCK served task=2 label=44 result=56380146 live=0
SLIME_CLOCK served task=3 label=44 result=56393244 live=0
SLIME_CLOCK served task=2 label=44 result=56404493 live=0
SLIME_CLOCK served task=3 label=44 result=56416281 live=0
SLIME_CLOCK served task=2 label=44 result=56427300 live=0
SLIME_CLOCK served task=3 label=44 result=56439386 live=0
SLIME_CLOCK served task=2 label=44 result=56450512 live=0
SLIME_CLOCK served task=3 label=44 result=56461985 live=0
SLIME_CLOCK served task=2 label=44 result=56475338 live=0
SLIME_CLOCK served task=3 label=44 result=56491296 live=0
SLIME_CLOCK served task=2 label=44 result=56505239 live=0
SLIME_CLOCK served task=3 label=44 result=56555356 live=0
SLIME_CLOCK served task=2 label=44 result=56599274 live=0
SLIME_CLOCK served task=3 label=44 result=56616312 live=0
SLIME_CLOCK served task=2 label=44 result=56632623 live=0
SLIME_CLOCK served task=3 label=44 result=56649118 live=0
SLIME_CLOCK served task=2 label=44 result=56659565 live=0
SLIME_CLOCK served task=3 label=44 result=56671451 live=0
SLIME_CLOCK served task=2 label=44 result=56683330 live=0
SLIME_CLOCK served task=3 label=44 result=56694912 live=0
SLIME_CLOCK served task=2 label=44 result=56705216 live=0
SLIME_CLOCK served task=3 label=44 result=56716159 live=0
SLIME_CLOCK served task=2 label=44 result=56726589 live=0
SLIME_CLOCK served task=3 label=44 result=56737622 live=0
SLIME_CLOCK served task=2 label=44 result=56748756 live=0
SLIME_CLOCK served task=3 label=44 result=56760410 live=0
SLIME_CLOCK served task=2 label=44 result=56772689 live=0
SLIME_CLOCK served task=3 label=44 result=56785350 live=0
SLIME_CLOCK served task=2 label=44 result=56797067 live=0
SLIME_CLOCK served task=3 label=44 result=56809802 live=0
SLIME_CLOCK served task=2 label=44 result=56821714 live=0
SLIME_CLOCK served task=3 label=44 result=56833638 live=0
SLIME_CLOCK served task=2 label=44 result=56845562 live=0
SLIME_CLOCK served task=3 label=44 result=56856724 live=0
SLIME_CLOCK served task=2 label=44 result=56866853 live=0
SLIME_CLOCK served task=3 label=44 result=56878396 live=0
SLIME_CLOCK served task=2 label=44 result=56891190 live=0
SLIME_CLOCK served task=3 label=44 result=56902412 live=0
SLIME_CLOCK served task=2 label=44 result=56912553 live=0
SLIME_CLOCK served task=3 label=44 result=56924065 live=0
SLIME_CLOCK served task=2 label=44 result=56938783 live=0
SLIME_CLOCK served task=3 label=44 result=56953131 live=0
SLIME_CLOCK served task=2 label=44 result=56965921 live=0
SLIME_CLOCK served task=3 label=44 result=56980043 live=0
SLIME_CLOCK served task=2 label=44 result=56993023 live=0
SLIME_CLOCK served task=3 label=44 result=57006530 live=0
SLIME_CLOCK served task=2 label=44 result=57024718 live=0
SLIME_CLOCK served task=3 label=44 result=57038896 live=0
SLIME_CLOCK served task=2 label=44 result=57051651 live=0
SLIME_CLOCK served task=3 label=44 result=57065605 live=0
SLIME_CLOCK served task=2 label=44 result=57078173 live=0
SLIME_CLOCK served task=3 label=44 result=57089367 live=0
SLIME_CLOCK served task=2 label=44 result=57099497 live=0
SLIME_CLOCK served task=3 label=44 result=57110823 live=0
SLIME_CLOCK served task=2 label=44 result=57121312 live=0
SLIME_CLOCK served task=3 label=44 result=57132470 live=0
SLIME_CLOCK served task=2 label=44 result=57145147 live=0
SLIME_CLOCK served task=3 label=44 result=57155867 live=0
SLIME_CLOCK served task=2 label=44 result=57166111 live=0
SLIME_CLOCK served task=3 label=44 result=57177478 live=0
SLIME_CLOCK served task=2 label=44 result=57188388 live=0
SLIME_CLOCK served task=3 label=44 result=57199235 live=0
SLIME_CLOCK served task=2 label=44 result=57209639 live=0
SLIME_CLOCK served task=3 label=44 result=57220370 live=0
SLIME_CLOCK served task=2 label=44 result=57231378 live=0
SLIME_CLOCK served task=3 label=44 result=57242518 live=0
SLIME_CLOCK served task=2 label=44 result=57252896 live=0
SLIME_CLOCK served task=3 label=44 result=57268963 live=0
SLIME_CLOCK served task=2 label=44 result=57284304 live=0
SLIME_CLOCK served task=3 label=44 result=57301424 live=0
SLIME_CLOCK served task=2 label=44 result=57318076 live=0
SLIME_CLOCK served task=3 label=44 result=57334951 live=0
SLIME_CLOCK served task=2 label=44 result=57348537 live=0
SLIME_CLOCK served task=3 label=44 result=57361072 live=0
SLIME_CLOCK served task=2 label=44 result=57375516 live=0
SLIME_CLOCK served task=3 label=44 result=57389894 live=0
SLIME_CLOCK served task=2 label=44 result=57404364 live=0
SLIME_CLOCK served task=3 label=44 result=57416437 live=0
SLIME_CLOCK served task=2 label=44 result=57428054 live=0
SLIME_CLOCK served task=3 label=44 result=57440540 live=0
SLIME_CLOCK served task=2 label=44 result=57454590 live=0
SLIME_CLOCK served task=3 label=44 result=57469141 live=0
SLIME_CLOCK served task=2 label=44 result=57481789 live=0
SLIME_CLOCK served task=3 label=44 result=57494543 live=0
SLIME_CLOCK served task=2 label=44 result=57507606 live=0
SLIME_CLOCK served task=3 label=44 result=57519768 live=0
SLIME_CLOCK served task=2 label=44 result=57533132 live=0
SLIME_CLOCK served task=3 label=44 result=57544989 live=0
SLIME_CLOCK served task=2 label=44 result=57556596 live=0
SLIME_CLOCK served task=3 label=44 result=57572344 live=0
SLIME_CLOCK served task=2 label=44 result=57587134 live=0
SLIME_CLOCK served task=3 label=44 result=57602227 live=0
SLIME_CLOCK served task=2 label=44 result=57615301 live=0
SLIME_CLOCK served task=3 label=44 result=57630714 live=0
SLIME_CLOCK served task=2 label=44 result=57644138 live=0
SLIME_CLOCK served task=3 label=44 result=57674368 live=0
SLIME_CLOCK served task=2 label=44 result=57690455 live=0
SLIME_CLOCK served task=3 label=44 result=57708260 live=0
SLIME_CLOCK served task=2 label=44 result=57723952 live=0
SLIME_CLOCK served task=3 label=44 result=57740329 live=0
SLIME_CLOCK served task=2 label=44 result=57756642 live=0
SLIME_CLOCK served task=3 label=44 result=57774301 live=0
SLIME_CLOCK served task=2 label=44 result=57792938 live=0
SLIME_CLOCK served task=3 label=44 result=57810535 live=0
SLIME_CLOCK served task=2 label=44 result=57826262 live=0
SLIME_CLOCK served task=3 label=44 result=57841249 live=0
SLIME_CLOCK served task=2 label=44 result=57854637 live=0
SLIME_CLOCK served task=3 label=44 result=57869663 live=0
SLIME_CLOCK served task=2 label=44 result=57884110 live=0
SLIME_CLOCK served task=3 label=44 result=57899694 live=0
SLIME_CLOCK served task=2 label=44 result=57942112 live=0
SLIME_CLOCK served task=3 label=44 result=57991231 live=0
SLIME_CLOCK served task=2 label=44 result=58012192 live=0
SLIME_CLOCK served task=3 label=44 result=58023602 live=0
SLIME_CLOCK served task=2 label=44 result=58035187 live=0
SLIME_CLOCK served task=3 label=44 result=58046335 live=0
SLIME_CLOCK served task=2 label=44 result=58056977 live=0
SLIME_CLOCK served task=3 label=44 result=58070770 live=0
SLIME_CLOCK served task=2 label=44 result=58088368 live=0
SLIME_CLOCK served task=3 label=44 result=58108704 live=0
SLIME_CLOCK served task=2 label=44 result=58129113 live=0
SLIME_CLOCK served task=3 label=44 result=58148918 live=0
SLIME_CLOCK served task=2 label=44 result=58164562 live=0
SLIME_CLOCK served task=3 label=44 result=58175683 live=0
SLIME_CLOCK served task=2 label=44 result=58186252 live=0
SLIME_CLOCK served task=3 label=44 result=58197430 live=0
SLIME_CLOCK served task=2 label=44 result=58208570 live=0
SLIME_CLOCK served task=3 label=44 result=58219633 live=0
SLIME_CLOCK served task=2 label=44 result=58230213 live=0
SLIME_CLOCK served task=3 label=44 result=58241226 live=0
SLIME_CLOCK served task=2 label=44 result=58252521 live=0
SLIME_CLOCK served task=3 label=44 result=58263235 live=0
SLIME_CLOCK served task=2 label=44 result=58273968 live=0
SLIME_CLOCK served task=3 label=44 result=58284945 live=0
SLIME_CLOCK served task=2 label=44 result=58296439 live=0
SLIME_CLOCK served task=3 label=44 result=58307451 live=0
SLIME_CLOCK served task=2 label=44 result=58317695 live=0
SLIME_CLOCK served task=3 label=44 result=58328695 live=0
SLIME_CLOCK served task=2 label=44 result=58339185 live=0
SLIME_CLOCK served task=3 label=44 result=58349724 live=0
SLIME_CLOCK served task=2 label=44 result=58359890 live=0
SLIME_CLOCK served task=3 label=44 result=58370661 live=0
SLIME_CLOCK served task=2 label=44 result=58381177 live=0
SLIME_CLOCK served task=3 label=44 result=58392518 live=0
SLIME_CLOCK served task=2 label=44 result=58403349 live=0
SLIME_CLOCK served task=3 label=44 result=58414973 live=0
SLIME_CLOCK served task=2 label=44 result=58425515 live=0
SLIME_CLOCK served task=3 label=44 result=58436542 live=0
SLIME_CLOCK served task=2 label=44 result=58447317 live=0
SLIME_CLOCK served task=3 label=44 result=58457916 live=0
SLIME_CLOCK served task=2 label=44 result=58468187 live=0
SLIME_CLOCK served task=3 label=44 result=58479170 live=0
SLIME_CLOCK served task=2 label=44 result=58489345 live=0
SLIME_CLOCK served task=3 label=44 result=58500132 live=0
SLIME_CLOCK served task=2 label=44 result=58510832 live=0
SLIME_CLOCK served task=3 label=44 result=58521978 live=0
SLIME_CLOCK served task=2 label=44 result=58532250 live=0
SLIME_CLOCK served task=3 label=44 result=58544020 live=0
SLIME_CLOCK served task=2 label=44 result=58554287 live=0
SLIME_CLOCK served task=3 label=44 result=58565319 live=0
SLIME_CLOCK served task=2 label=44 result=58575556 live=0
SLIME_CLOCK served task=3 label=44 result=58586949 live=0
SLIME_CLOCK served task=2 label=44 result=58600803 live=0
SLIME_CLOCK served task=3 label=44 result=58613039 live=0
SLIME_CLOCK served task=2 label=44 result=58624558 live=0
SLIME_CLOCK served task=3 label=44 result=58636717 live=0
SLIME_CLOCK served task=2 label=44 result=58648508 live=0
SLIME_CLOCK served task=3 label=44 result=58661054 live=0
SLIME_CLOCK served task=2 label=44 result=58674021 live=0
SLIME_CLOCK served task=3 label=44 result=58687153 live=0
SLIME_CLOCK served task=2 label=44 result=58700717 live=0
SLIME_CLOCK served task=3 label=44 result=58711690 live=0
SLIME_CLOCK served task=2 label=44 result=58721895 live=0
SLIME_CLOCK served task=3 label=44 result=58736573 live=0
SLIME_CLOCK served task=2 label=44 result=58751023 live=0
SLIME_CLOCK served task=3 label=44 result=58766528 live=0
SLIME_CLOCK served task=2 label=44 result=58780893 live=0
SLIME_CLOCK served task=3 label=44 result=58798683 live=0
SLIME_CLOCK served task=2 label=44 result=58814296 live=0
SLIME_CLOCK served task=3 label=44 result=58829563 live=0
SLIME_CLOCK served task=2 label=44 result=58846241 live=0
SLIME_CLOCK served task=3 label=44 result=58863295 live=0
SLIME_CLOCK served task=2 label=44 result=58879921 live=0
SLIME_CLOCK served task=3 label=44 result=58897391 live=0
SLIME_CLOCK served task=2 label=44 result=58912934 live=0
SLIME_CLOCK served task=3 label=44 result=58933158 live=0
SLIME_CLOCK served task=2 label=44 result=58951680 live=0
SLIME_CLOCK served task=3 label=44 result=58968721 live=0
SLIME_CLOCK served task=2 label=44 result=58983243 live=0
SLIME_CLOCK served task=3 label=44 result=58999764 live=0
SLIME_CLOCK served task=2 label=44 result=59014062 live=0
SLIME_CLOCK served task=3 label=44 result=59029753 live=0
SLIME_CLOCK served task=2 label=44 result=59044411 live=0
SLIME_CLOCK served task=3 label=44 result=59066533 live=0
SLIME_CLOCK served task=2 label=44 result=59084490 live=0
SLIME_CLOCK served task=3 label=44 result=59100803 live=0
SLIME_CLOCK served task=2 label=44 result=59112268 live=0
SLIME_CLOCK served task=3 label=44 result=59124285 live=0
SLIME_CLOCK served task=2 label=44 result=59134935 live=0
SLIME_CLOCK served task=3 label=44 result=59147216 live=0
SLIME_CLOCK served task=2 label=44 result=59158378 live=0
SLIME_CLOCK served task=3 label=44 result=59169574 live=0
SLIME_CLOCK served task=2 label=44 result=59181233 live=0
SLIME_CLOCK served task=3 label=44 result=59192369 live=0
SLIME_CLOCK served task=2 label=44 result=59202869 live=0
SLIME_CLOCK served task=3 label=44 result=59213937 live=0
SLIME_CLOCK served task=2 label=44 result=59224451 live=0
SLIME_CLOCK served task=3 label=44 result=59235566 live=0
SLIME_CLOCK served task=2 label=44 result=59246558 live=0
SLIME_CLOCK served task=3 label=44 result=59258016 live=0
SLIME_CLOCK served task=2 label=44 result=59268456 live=0
SLIME_CLOCK served task=3 label=44 result=59279433 live=0
SLIME_CLOCK served task=2 label=44 result=59289696 live=0
SLIME_CLOCK served task=3 label=44 result=59301534 live=0
SLIME_CLOCK served task=2 label=44 result=59313657 live=0
SLIME_CLOCK served task=3 label=44 result=59327921 live=0
SLIME_CLOCK served task=2 label=44 result=59339955 live=0
SLIME_CLOCK served task=3 label=44 result=59349880 live=0
SLIME_CLOCK served task=2 label=44 result=59359193 live=0
SLIME_CLOCK served task=3 label=44 result=59369557 live=0
SLIME_CLOCK served task=2 label=44 result=59378907 live=0
SLIME_CLOCK served task=3 label=44 result=59388798 live=0
SLIME_CLOCK served task=2 label=44 result=59398160 live=0
SLIME_CLOCK served task=3 label=44 result=59408076 live=0
SLIME_CLOCK served task=2 label=44 result=59417364 live=0
SLIME_CLOCK served task=3 label=44 result=59429644 live=0
SLIME_CLOCK served task=2 label=44 result=59440858 live=0
SLIME_CLOCK served task=3 label=44 result=59452018 live=0
SLIME_CLOCK served task=2 label=44 result=59462602 live=0
SLIME_CLOCK served task=3 label=44 result=59473691 live=0
SLIME_CLOCK served task=2 label=44 result=59484355 live=0
SLIME_CLOCK served task=3 label=44 result=59495654 live=0
SLIME_CLOCK served task=2 label=44 result=59506005 live=0
SLIME_CLOCK served task=3 label=44 result=59517116 live=0
SLIME_CLOCK served task=2 label=44 result=59527363 live=0
SLIME_CLOCK served task=3 label=44 result=59538635 live=0
SLIME_CLOCK served task=2 label=44 result=59549260 live=0
SLIME_CLOCK served task=3 label=44 result=59561916 live=0
SLIME_CLOCK served task=2 label=44 result=59572584 live=0
SLIME_CLOCK served task=3 label=44 result=59583676 live=0
SLIME_CLOCK served task=2 label=44 result=59594364 live=0
SLIME_CLOCK served task=3 label=44 result=59605372 live=0
SLIME_CLOCK served task=2 label=44 result=59615460 live=0
SLIME_CLOCK served task=3 label=44 result=59626821 live=0
SLIME_CLOCK served task=2 label=44 result=59637084 live=0
SLIME_CLOCK served task=3 label=44 result=59647786 live=0
SLIME_CLOCK served task=2 label=44 result=59658073 live=0
SLIME_CLOCK served task=3 label=44 result=59669499 live=0
SLIME_CLOCK served task=2 label=44 result=59681022 live=0
SLIME_CLOCK served task=3 label=44 result=59691757 live=0
SLIME_CLOCK served task=2 label=44 result=59702073 live=0
SLIME_CLOCK served task=3 label=44 result=59712825 live=0
SLIME_CLOCK served task=2 label=44 result=59723023 live=0
SLIME_CLOCK served task=3 label=44 result=59737735 live=0
SLIME_CLOCK served task=2 label=44 result=59750800 live=0
SLIME_CLOCK served task=3 label=44 result=59767695 live=0
SLIME_CLOCK served task=2 label=44 result=59783895 live=0
SLIME_CLOCK served task=3 label=44 result=59800942 live=0
SLIME_CLOCK served task=2 label=44 result=59818207 live=0
SLIME_CLOCK served task=3 label=44 result=59829216 live=0
SLIME_CLOCK served task=2 label=44 result=59840009 live=0
SLIME_CLOCK served task=3 label=44 result=59851084 live=0
SLIME_CLOCK served task=2 label=44 result=59861456 live=0
SLIME_CLOCK served task=3 label=44 result=59872788 live=0
SLIME_CLOCK served task=2 label=44 result=59885449 live=0
SLIME_CLOCK served task=3 label=44 result=59896589 live=0
SLIME_CLOCK served task=2 label=44 result=59906030 live=0
SLIME_CLOCK served task=3 label=44 result=59916044 live=0
SLIME_CLOCK served task=2 label=44 result=59925618 live=0
SLIME_CLOCK served task=3 label=44 result=59945162 live=0
SLIME_CLOCK served task=2 label=44 result=59961513 live=0
SLIME_CLOCK served task=3 label=44 result=59978948 live=0
SLIME_CLOCK served task=2 label=44 result=59995616 live=0
SLIME_CLOCK served task=3 label=44 result=60013807 live=0
SLIME_CLOCK served task=2 label=44 result=60030144 live=0
SLIME_CLOCK served task=3 label=44 result=60048205 live=0
SLIME_CLOCK served task=2 label=44 result=60068574 live=0
SLIME_CLOCK served task=3 label=44 result=60089893 live=0
SLIME_CLOCK served task=2 label=44 result=60107847 live=0
SLIME_CLOCK served task=3 label=44 result=60125170 live=0
SLIME_CLOCK served task=2 label=44 result=60139806 live=0
SLIME_CLOCK served task=3 label=44 result=60155597 live=0
SLIME_CLOCK served task=2 label=44 result=60169955 live=0
SLIME_CLOCK served task=3 label=44 result=60187746 live=0
SLIME_CLOCK served task=2 label=44 result=60198759 live=0
SLIME_CLOCK served task=3 label=44 result=60213067 live=0
SLIME_CLOCK served task=2 label=44 result=60227357 live=0
SLIME_CLOCK served task=3 label=44 result=60240342 live=0
SLIME_CLOCK served task=2 label=44 result=60255209 live=0
SLIME_CLOCK served task=3 label=44 result=60270367 live=0
SLIME_CLOCK served task=2 label=44 result=60284395 live=0
SLIME_CLOCK served task=3 label=44 result=60299119 live=0
SLIME_CLOCK served task=2 label=44 result=60315504 live=0
SLIME_CLOCK served task=3 label=44 result=60330721 live=0
SLIME_CLOCK served task=2 label=44 result=60345181 live=0
SLIME_CLOCK served task=3 label=44 result=60360059 live=0
SLIME_CLOCK served task=2 label=44 result=60374345 live=0
SLIME_CLOCK served task=3 label=44 result=60389140 live=0
SLIME_CLOCK served task=2 label=44 result=60403532 live=0
SLIME_CLOCK served task=3 label=44 result=60418409 live=0
SLIME_CLOCK served task=2 label=44 result=60432834 live=0
SLIME_CLOCK served task=3 label=44 result=60448654 live=0
SLIME_CLOCK served task=2 label=44 result=60461135 live=0
SLIME_CLOCK served task=3 label=44 result=60472211 live=0
SLIME_CLOCK served task=2 label=44 result=60482551 live=0
SLIME_CLOCK served task=3 label=44 result=60493351 live=0
SLIME_CLOCK served task=2 label=44 result=60503861 live=0
SLIME_CLOCK served task=3 label=44 result=60515273 live=0
SLIME_CLOCK served task=2 label=44 result=60526056 live=0
SLIME_CLOCK served task=3 label=44 result=60536969 live=0
SLIME_CLOCK served task=2 label=44 result=60547428 live=0
SLIME_CLOCK served task=3 label=44 result=60558501 live=0
SLIME_CLOCK served task=2 label=44 result=60570338 live=0
SLIME_CLOCK served task=3 label=44 result=60581177 live=0
SLIME_CLOCK served task=2 label=44 result=60594037 live=0
SLIME_CLOCK served task=3 label=44 result=60610824 live=0
SLIME_CLOCK served task=2 label=44 result=60628315 live=0
SLIME_CLOCK served task=3 label=44 result=60645028 live=0
SLIME_CLOCK served task=2 label=44 result=60676124 live=0
SLIME_CLOCK served task=3 label=44 result=60699115 live=0
SLIME_CLOCK served task=3 label=44 result=60713348 live=0
SLIME_CLOCK served task=2 label=44 result=60725492 live=0
SLIME_IO payload dma pages=1 frames=1 writable=true direction=DeviceWrite
SLIME_IO payload frame index=0 slot=1128 paddr=Some(1612996608)
SLIME_IO payload dma pages=1 frames=1 writable=true direction=DeviceRead
SLIME_IO payload frame index=0 slot=1144 paddr=Some(1613062144)
SLIME_CLOCK served task=3 label=44 result=60805368 live=0
SLIME_CLOCK served task=3 label=44 result=60817572 live=0
SLIME_CLOCK served task=2 label=44 result=60829495 live=0
SLIME_CLOCK served task=3 label=44 result=60840650 live=0
SLIME_CLOCK served task=2 label=44 result=60851246 live=0
SLIME_CLOCK served task=3 label=44 result=60862416 live=0
SLIME_CLOCK served task=2 label=44 result=60873353 live=0
SLIME_CLOCK served task=3 label=44 result=60884354 live=0
SLIME_CLOCK served task=2 label=44 result=60894773 live=0
SLIME_CLOCK served task=3 label=44 result=60906578 live=0
SLIME_CLOCK served task=2 label=44 result=60918471 live=0
SLIME_CLOCK served task=3 label=44 result=60931222 live=0
SLIME_CLOCK served task=2 label=44 result=60943150 live=0
SLIME_CLOCK served task=3 label=44 result=60956721 live=0
SLIME_CLOCK served task=2 label=44 result=60967706 live=0
SLIME_CLOCK served task=3 label=44 result=60978609 live=0
SLIME_CLOCK served task=2 label=44 result=60988779 live=0
SLIME_CLOCK served task=3 label=44 result=60999924 live=0
SLIME_CLOCK served task=2 label=44 result=61010755 live=0
SLIME_CLOCK served task=3 label=44 result=61022323 live=0
SLIME_CLOCK served task=2 label=44 result=61033064 live=0
SLIME_CLOCK served task=3 label=44 result=61044439 live=0
SLIME_CLOCK served task=2 label=44 result=61055355 live=0
SLIME_CLOCK served task=3 label=44 result=61066445 live=0
SLIME_CLOCK served task=2 label=44 result=61078402 live=0
SLIME_CLOCK served task=3 label=44 result=61089268 live=0
SLIME_CLOCK served task=2 label=44 result=61099330 live=0
SLIME_CLOCK served task=3 label=44 result=61111298 live=0
SLIME_CLOCK served task=2 label=44 result=61123507 live=0
SLIME_CLOCK served task=3 label=44 result=61133490 live=0
SLIME_CLOCK served task=2 label=44 result=61142886 live=0
SLIME_CLOCK served task=3 label=44 result=61155006 live=0
SLIME_CLOCK served task=2 label=44 result=61169499 live=0
SLIME_CLOCK served task=3 label=44 result=61185252 live=0
SLIME_CLOCK served task=2 label=44 result=61202043 live=0
SLIME_CLOCK served task=3 label=44 result=61224643 live=0
SLIME_CLOCK served task=2 label=44 result=61235577 live=0
SLIME_CLOCK served task=3 label=44 result=61247202 live=0
SLIME_CLOCK served task=2 label=44 result=61257991 live=0
SLIME_CLOCK served task=3 label=44 result=61269410 live=0
SLIME_CLOCK served task=2 label=44 result=61280760 live=0
SLIME_CLOCK served task=3 label=44 result=61292523 live=0
SLIME_CLOCK served task=2 label=44 result=61303949 live=0
SLIME_CLOCK served task=3 label=44 result=61315845 live=0
SLIME_CLOCK served task=2 label=44 result=61328283 live=0
SLIME_CLOCK served task=3 label=44 result=61340062 live=0
SLIME_CLOCK served task=2 label=44 result=61351481 live=0
SLIME_CLOCK served task=3 label=44 result=61363193 live=0
SLIME_CLOCK served task=2 label=44 result=61374620 live=0
SLIME_CLOCK served task=3 label=44 result=61386342 live=0
SLIME_CLOCK served task=2 label=44 result=61397600 live=0
SLIME_CLOCK served task=3 label=44 result=61409661 live=0
SLIME_CLOCK served task=2 label=44 result=61421317 live=0
SLIME_CLOCK served task=3 label=44 result=61433353 live=0
SLIME_CLOCK served task=2 label=44 result=61444721 live=0
SLIME_CLOCK served task=3 label=44 result=61457322 live=0
SLIME_CLOCK served task=2 label=44 result=61468516 live=0
SLIME_CLOCK served task=3 label=44 result=61480363 live=0
SLIME_CLOCK served task=2 label=44 result=61491458 live=0
SLIME_CLOCK served task=3 label=44 result=61504098 live=0
SLIME_CLOCK served task=2 label=44 result=61515579 live=0
SLIME_CLOCK served task=3 label=44 result=61527562 live=0
SLIME_CLOCK served task=2 label=44 result=61538893 live=0
SLIME_CLOCK served task=3 label=44 result=61550789 live=0
SLIME_CLOCK served task=2 label=44 result=61562054 live=0
SLIME_CLOCK served task=3 label=44 result=61573783 live=0
SLIME_CLOCK served task=2 label=44 result=61586099 live=0
SLIME_CLOCK served task=3 label=44 result=61597973 live=0
SLIME_CLOCK served task=2 label=44 result=61609226 live=0
SLIME_CLOCK served task=3 label=44 result=61622220 live=0
SLIME_CLOCK served task=2 label=44 result=61635623 live=0
SLIME_CLOCK served task=3 label=44 result=61646294 live=0
SLIME_CLOCK served task=2 label=44 result=61656131 live=0
SLIME_CLOCK served task=3 label=44 result=61669163 live=0
SLIME_CLOCK served task=2 label=44 result=61684038 live=0
SLIME_CLOCK served task=3 label=44 result=61699521 live=0
SLIME_CLOCK served task=2 label=44 result=61719392 live=0
SLIME_CLOCK served task=3 label=44 result=61737009 live=0
SLIME_CLOCK served task=2 label=44 result=61748782 live=0
SLIME_CLOCK served task=3 label=44 result=61759873 live=0
SLIME_CLOCK served task=2 label=44 result=61770385 live=0
SLIME_CLOCK served task=3 label=44 result=61782198 live=0
SLIME_CLOCK served task=2 label=44 result=61792593 live=0
SLIME_CLOCK served task=3 label=44 result=61803510 live=0
SLIME_CLOCK served task=2 label=44 result=61814592 live=0
SLIME_CLOCK served task=3 label=44 result=61825861 live=0
SLIME_CLOCK served task=2 label=44 result=61837266 live=0
SLIME_CLOCK served task=3 label=44 result=61848148 live=0
SLIME_CLOCK served task=2 label=44 result=61858419 live=0
SLIME_CLOCK served task=3 label=44 result=61870386 live=0
SLIME_CLOCK served task=2 label=44 result=61880589 live=0
SLIME_CLOCK served task=3 label=44 result=61891755 live=0
SLIME_CLOCK served task=2 label=44 result=61902515 live=0
SLIME_CLOCK served task=3 label=44 result=61913718 live=0
SLIME_CLOCK served task=2 label=44 result=61924020 live=0
SLIME_CLOCK served task=3 label=44 result=61935199 live=0
SLIME_CLOCK served task=2 label=44 result=61945491 live=0
SLIME_CLOCK served task=3 label=44 result=61956447 live=0
SLIME_CLOCK served task=2 label=44 result=61968415 live=0
SLIME_CLOCK served task=3 label=44 result=61979451 live=0
SLIME_CLOCK served task=2 label=44 result=61990309 live=0
SLIME_CLOCK served task=3 label=44 result=62001509 live=0
SLIME_CLOCK served task=2 label=44 result=62012195 live=0
SLIME_CLOCK served task=3 label=44 result=62023371 live=0
SLIME_CLOCK served task=2 label=44 result=62034049 live=0
SLIME_CLOCK served task=3 label=44 result=62045215 live=0
SLIME_CLOCK served task=2 label=44 result=62056255 live=0
SLIME_CLOCK served task=3 label=44 result=62068049 live=0
SLIME_CLOCK served task=2 label=44 result=62079177 live=0
SLIME_CLOCK served task=3 label=44 result=62092718 live=0
SLIME_CLOCK served task=2 label=44 result=62103054 live=0
SLIME_CLOCK served task=3 label=44 result=62114566 live=0
SLIME_CLOCK served task=2 label=44 result=62125127 live=0
SLIME_CLOCK served task=3 label=44 result=62137214 live=0
SLIME_CLOCK served task=2 label=44 result=62151324 live=0
SLIME_CLOCK served task=3 label=44 result=62167130 live=0
SLIME_CLOCK served task=2 label=44 result=62182194 live=0
SLIME_CLOCK served task=3 label=44 result=62198002 live=0
SLIME_CLOCK served task=2 label=44 result=62214660 live=0
SLIME_CLOCK served task=3 label=44 result=62226261 live=0
SLIME_CLOCK served task=2 label=44 result=62236948 live=0
SLIME_CLOCK served task=3 label=44 result=62248802 live=0
SLIME_CLOCK served task=2 label=44 result=62259777 live=0
SLIME_CLOCK served task=3 label=44 result=62272332 live=0
SLIME_CLOCK served task=2 label=44 result=62316688 live=0
SLIME_CLOCK served task=3 label=44 result=62341101 live=0
SLIME_CLOCK served task=2 label=44 result=62357759 live=0
SLIME_CLOCK served task=3 label=44 result=62375129 live=0
SLIME_CLOCK served task=2 label=44 result=62390994 live=0
SLIME_CLOCK served task=3 label=44 result=62403652 live=0
SLIME_CLOCK served task=2 label=44 result=62417621 live=0
SLIME_CLOCK served task=3 label=44 result=62431638 live=0
SLIME_CLOCK served task=2 label=44 result=62444739 live=0
SLIME_CLOCK served task=3 label=44 result=62458481 live=0
SLIME_CLOCK served task=2 label=44 result=62475041 live=0
SLIME_CLOCK served task=3 label=44 result=62488734 live=0
SLIME_CLOCK served task=2 label=44 result=62501098 live=0
SLIME_CLOCK served task=3 label=44 result=62513976 live=0
SLIME_CLOCK served task=2 label=44 result=62526039 live=0
SLIME_CLOCK served task=3 label=44 result=62538889 live=0
SLIME_CLOCK served task=2 label=44 result=62550930 live=0
SLIME_CLOCK served task=3 label=44 result=62563996 live=0
SLIME_CLOCK served task=2 label=44 result=62576103 live=0
SLIME_CLOCK served task=3 label=44 result=62588968 live=0
SLIME_CLOCK served task=2 label=44 result=62604046 live=0
SLIME_CLOCK served task=3 label=44 result=62617901 live=0
SLIME_CLOCK served task=2 label=44 result=62631831 live=0
SLIME_CLOCK served task=3 label=44 result=62645987 live=0
SLIME_CLOCK served task=2 label=44 result=62659563 live=0
SLIME_CLOCK served task=3 label=44 result=62671950 live=0
SLIME_CLOCK served task=2 label=44 result=62683659 live=0
SLIME_CLOCK served task=3 label=44 result=62696131 live=0
SLIME_CLOCK served task=2 label=44 result=62707792 live=0
SLIME_CLOCK served task=3 label=44 result=62720996 live=0
SLIME_CLOCK served task=2 label=44 result=62731556 live=0
SLIME_CLOCK served task=3 label=44 result=62746084 live=0
SLIME_CLOCK served task=2 label=44 result=62759673 live=0
SLIME_CLOCK served task=3 label=44 result=62775860 live=0
SLIME_CLOCK served task=2 label=44 result=62791173 live=0
SLIME_CLOCK served task=3 label=44 result=62807545 live=0
SLIME_CLOCK served task=2 label=44 result=62822611 live=0
SLIME_CLOCK served task=3 label=44 result=62833728 live=0
SLIME_CLOCK served task=2 label=44 result=62844316 live=0
SLIME_CLOCK served task=3 label=44 result=62862959 live=0
SLIME_CLOCK served task=2 label=44 result=62880236 live=0
SLIME_CLOCK served task=3 label=44 result=62897552 live=0
SLIME_CLOCK served task=2 label=44 result=62914467 live=0
SLIME_CLOCK served task=3 label=44 result=62931937 live=0
SLIME_CLOCK served task=2 label=44 result=62948543 live=0
SLIME_CLOCK served task=3 label=44 result=62965557 live=0
SLIME_CLOCK served task=2 label=44 result=62984367 live=0
SLIME_CLOCK served task=3 label=44 result=63001546 live=0
SLIME_CLOCK served task=2 label=44 result=63017970 live=0
SLIME_CLOCK served task=3 label=44 result=63035041 live=0
SLIME_CLOCK served task=2 label=44 result=63051463 live=0
SLIME_CLOCK served task=3 label=44 result=63068685 live=0
SLIME_CLOCK served task=2 label=44 result=63084914 live=0
SLIME_CLOCK served task=3 label=44 result=63103335 live=0
SLIME_CLOCK served task=2 label=44 result=63120100 live=0
SLIME_CLOCK served task=3 label=44 result=63137101 live=0
SLIME_CLOCK served task=2 label=44 result=63153586 live=0
SLIME_CLOCK served task=3 label=44 result=63170559 live=0
SLIME_CLOCK served task=2 label=44 result=63187064 live=0
SLIME_CLOCK served task=3 label=44 result=63204155 live=0
SLIME_CLOCK served task=2 label=44 result=63220584 live=0
SLIME_CLOCK served task=3 label=44 result=63238777 live=0
SLIME_CLOCK served task=2 label=44 result=63255477 live=0
SLIME_CLOCK served task=3 label=44 result=63272611 live=0
SLIME_CLOCK served task=2 label=44 result=63289145 live=0
SLIME_CLOCK served task=3 label=44 result=63307351 live=0
SLIME_CLOCK served task=2 label=44 result=63321677 live=0
SLIME_CLOCK served task=3 label=44 result=63337095 live=0
SLIME_CLOCK served task=2 label=44 result=63351546 live=0
SLIME_CLOCK served task=3 label=44 result=63380617 live=0
SLIME_CLOCK served task=2 label=44 result=63398014 live=0
SLIME_CLOCK served task=3 label=44 result=63416641 live=0
SLIME_CLOCK served task=2 label=44 result=63427304 live=0
SLIME_CLOCK served task=3 label=44 result=63438433 live=0
SLIME_CLOCK served task=2 label=44 result=63448934 live=0
SLIME_CLOCK served task=3 label=44 result=63460329 live=0
SLIME_CLOCK served task=2 label=44 result=63470772 live=0
SLIME_CLOCK served task=3 label=44 result=63482796 live=0
SLIME_CLOCK served task=2 label=44 result=63493946 live=0
SLIME_CLOCK served task=3 label=44 result=63505197 live=0
SLIME_CLOCK served task=2 label=44 result=63516020 live=0
SLIME_CLOCK served task=3 label=44 result=63527302 live=0
SLIME_CLOCK served task=2 label=44 result=63537669 live=0
SLIME_CLOCK served task=3 label=44 result=63548555 live=0
SLIME_CLOCK served task=2 label=44 result=63559119 live=0
SLIME_CLOCK served task=3 label=44 result=63570458 live=0
SLIME_CLOCK served task=2 label=44 result=63580920 live=0
SLIME_CLOCK served task=3 label=44 result=63592019 live=0
SLIME_CLOCK served task=2 label=44 result=63602693 live=0
SLIME_CLOCK served task=3 label=44 result=63615099 live=0
SLIME_CLOCK served task=2 label=44 result=63625966 live=0
SLIME_CLOCK served task=3 label=44 result=63637205 live=0
SLIME_CLOCK served task=2 label=44 result=63647776 live=0
SLIME_CLOCK served task=3 label=44 result=63658867 live=0
SLIME_CLOCK served task=2 label=44 result=63669156 live=0
SLIME_CLOCK served task=3 label=44 result=63680292 live=0
SLIME_CLOCK served task=2 label=44 result=63694337 live=0
SLIME_CLOCK served task=3 label=44 result=63705327 live=0
SLIME_CLOCK served task=2 label=44 result=63715732 live=0
SLIME_CLOCK served task=3 label=44 result=63726528 live=0
SLIME_CLOCK served task=2 label=44 result=63738521 live=0
SLIME_CLOCK served task=3 label=44 result=63749764 live=0
SLIME_CLOCK served task=2 label=44 result=63760004 live=0
SLIME_CLOCK served task=3 label=44 result=63771062 live=0
SLIME_CLOCK served task=2 label=44 result=63785556 live=0
SLIME_CLOCK served task=3 label=44 result=63800894 live=0
SLIME_CLOCK served task=2 label=44 result=63815802 live=0
SLIME_CLOCK served task=3 label=44 result=63831582 live=0
SLIME_CLOCK served task=2 label=44 result=63846394 live=0
SLIME_CLOCK served task=3 label=44 result=63862092 live=0
SLIME_CLOCK served task=2 label=44 result=63880525 live=0
SLIME_CLOCK served task=3 label=44 result=63891372 live=0
SLIME_CLOCK served task=2 label=44 result=63901405 live=0
SLIME_CLOCK served task=3 label=44 result=63912245 live=0
SLIME_CLOCK served task=2 label=44 result=63922246 live=0
SLIME_CLOCK served task=3 label=44 result=63933064 live=0
SLIME_CLOCK served task=2 label=44 result=63943028 live=0
SLIME_CLOCK served task=3 label=44 result=63953578 live=0
SLIME_CLOCK served task=2 label=44 result=63963538 live=0
SLIME_CLOCK served task=3 label=44 result=63974079 live=0
SLIME_CLOCK served task=2 label=44 result=63984021 live=0
SLIME_CLOCK served task=3 label=44 result=63997471 live=0
SLIME_CLOCK served task=2 label=44 result=64008661 live=0
SLIME_CLOCK served task=3 label=44 result=64020492 live=0
SLIME_CLOCK served task=2 label=44 result=64031908 live=0
SLIME_CLOCK served task=3 label=44 result=64044149 live=0
SLIME_CLOCK served task=2 label=44 result=64055516 live=0
SLIME_CLOCK served task=3 label=44 result=64067160 live=0
SLIME_CLOCK served task=2 label=44 result=64078372 live=0
SLIME_CLOCK served task=3 label=44 result=64090832 live=0
SLIME_CLOCK served task=2 label=44 result=64102358 live=0
SLIME_CLOCK served task=3 label=44 result=64113926 live=0
SLIME_CLOCK served task=2 label=44 result=64126908 live=0
SLIME_CLOCK served task=3 label=44 result=64139003 live=0
SLIME_CLOCK served task=2 label=44 result=64150061 live=0
SLIME_CLOCK served task=3 label=44 result=64162623 live=0
SLIME_CLOCK served task=2 label=44 result=64173707 live=0
SLIME_CLOCK served task=3 label=44 result=64185592 live=0
SLIME_CLOCK served task=2 label=44 result=64196815 live=0
SLIME_CLOCK served task=3 label=44 result=64208582 live=0
SLIME_CLOCK served task=2 label=44 result=64219590 live=0
SLIME_CLOCK served task=3 label=44 result=64231342 live=0
SLIME_CLOCK served task=2 label=44 result=64242493 live=0
SLIME_CLOCK served task=3 label=44 result=64256489 live=0
SLIME_CLOCK served task=2 label=44 result=64268250 live=0
SLIME_CLOCK served task=3 label=44 result=64280061 live=0
SLIME_CLOCK served task=2 label=44 result=64292413 live=0
SLIME_CLOCK served task=3 label=44 result=64306397 live=0
SLIME_CLOCK served task=2 label=44 result=64322844 live=0
SLIME_CLOCK served task=3 label=44 result=64339530 live=0
SLIME_CLOCK served task=2 label=44 result=64354164 live=0
SLIME_CLOCK served task=3 label=44 result=64370107 live=0
SLIME_CLOCK served task=2 label=44 result=64412124 live=0
SLIME_CLOCK served task=3 label=44 result=64423948 live=0
SLIME_CLOCK served task=2 label=44 result=64436316 live=0
SLIME_CLOCK served task=3 label=44 result=64451448 live=0
SLIME_CLOCK served task=2 label=44 result=64465742 live=0
SLIME_CLOCK served task=3 label=44 result=64481174 live=0
SLIME_CLOCK served task=2 label=44 result=64495796 live=0
SLIME_CLOCK served task=3 label=44 result=64512377 live=0
SLIME_CLOCK served task=2 label=44 result=64526747 live=0
SLIME_CLOCK served task=3 label=44 result=64542467 live=0
SLIME_CLOCK served task=2 label=44 result=64557250 live=0
SLIME_CLOCK served task=3 label=44 result=64572709 live=0
SLIME_CLOCK served task=2 label=44 result=64587354 live=0
SLIME_CLOCK served task=3 label=44 result=64602883 live=0
SLIME_CLOCK served task=2 label=44 result=64618780 live=0
SLIME_CLOCK served task=3 label=44 result=64638500 live=0
SLIME_CLOCK served task=2 label=44 result=64654498 live=0
SLIME_CLOCK served task=3 label=44 result=64671356 live=0
SLIME_CLOCK served task=2 label=44 result=64687571 live=0
SLIME_CLOCK served task=3 label=44 result=64704210 live=0
SLIME_CLOCK served task=2 label=44 result=64720439 live=0
SLIME_CLOCK served task=3 label=44 result=64735849 live=0
SLIME_CLOCK served task=2 label=44 result=64751513 live=0
SLIME_CLOCK served task=3 label=44 result=64767563 live=0
SLIME_CLOCK served task=2 label=44 result=64782192 live=0
SLIME_CLOCK served task=3 label=44 result=64797667 live=0
SLIME_CLOCK served task=2 label=44 result=64813827 live=0
SLIME_CLOCK served task=3 label=44 result=64829671 live=0
SLIME_CLOCK served task=2 label=44 result=64844631 live=0
SLIME_CLOCK served task=3 label=44 result=64860850 live=0
SLIME_CLOCK served task=2 label=44 result=64876567 live=0
SLIME_CLOCK served task=3 label=44 result=64896539 live=0
SLIME_CLOCK served task=2 label=44 result=64909376 live=0
SLIME_CLOCK served task=3 label=44 result=64921974 live=0
SLIME_CLOCK served task=2 label=44 result=64933918 live=0
SLIME_CLOCK served task=3 label=44 result=64946251 live=0
SLIME_CLOCK served task=2 label=44 result=64959863 live=0
SLIME_CLOCK served task=3 label=44 result=64972288 live=0
SLIME_CLOCK served task=2 label=44 result=64983341 live=0
SLIME_CLOCK served task=3 label=44 result=64994994 live=0
SLIME_CLOCK served task=2 label=44 result=65006583 live=0
SLIME_CLOCK served task=3 label=44 result=65018058 live=0
SLIME_CLOCK served task=2 label=44 result=65028423 live=0
SLIME_CLOCK served task=3 label=44 result=65039533 live=0
SLIME_CLOCK served task=2 label=44 result=65050408 live=0
SLIME_CLOCK served task=3 label=44 result=65062428 live=0
SLIME_CLOCK served task=2 label=44 result=65073339 live=0
SLIME_CLOCK served task=3 label=44 result=65084471 live=0
SLIME_CLOCK served task=2 label=44 result=65095400 live=0
SLIME_CLOCK served task=3 label=44 result=65106651 live=0
SLIME_CLOCK served task=2 label=44 result=65118253 live=0
SLIME_CLOCK served task=3 label=44 result=65129129 live=0
SLIME_CLOCK served task=2 label=44 result=65141719 live=0
SLIME_CLOCK served task=3 label=44 result=65153088 live=0
SLIME_CLOCK served task=2 label=44 result=65163528 live=0
SLIME_CLOCK served task=3 label=44 result=65174603 live=0
SLIME_CLOCK served task=2 label=44 result=65185638 live=0
SLIME_CLOCK served task=3 label=44 result=65196797 live=0
SLIME_CLOCK served task=2 label=44 result=65207928 live=0
SLIME_CLOCK served task=3 label=44 result=65219672 live=0
SLIME_CLOCK served task=2 label=44 result=65230638 live=0
SLIME_CLOCK served task=3 label=44 result=65242146 live=0
SLIME_CLOCK served task=2 label=44 result=65252541 live=0
SLIME_CLOCK served task=3 label=44 result=65265206 live=0
SLIME_CLOCK served task=2 label=44 result=65275998 live=0
SLIME_CLOCK served task=3 label=44 result=65287148 live=0
SLIME_CLOCK served task=2 label=44 result=65297843 live=0
SLIME_CLOCK served task=3 label=44 result=65309613 live=0
SLIME_CLOCK served task=2 label=44 result=65323319 live=0
SLIME_CLOCK served task=3 label=44 result=65340686 live=0
SLIME_CLOCK served task=2 label=44 result=65357304 live=0
SLIME_CLOCK served task=3 label=44 result=65375353 live=0
SLIME_CLOCK served task=2 label=44 result=65400704 live=0
SLIME_CLOCK served task=3 label=44 result=65420345 live=0
SLIME_CLOCK served task=2 label=44 result=65436822 live=0
SLIME_CLOCK served task=3 label=44 result=65455877 live=0
SLIME_CLOCK served task=2 label=44 result=65470045 live=0
SLIME_CLOCK served task=3 label=44 result=65484197 live=0
SLIME_CLOCK served task=2 label=44 result=65495526 live=0
SLIME_CLOCK served task=3 label=44 result=65506688 live=0
SLIME_CLOCK served task=2 label=44 result=65518798 live=0
SLIME_CLOCK served task=3 label=44 result=65529939 live=0
SLIME_CLOCK served task=2 label=44 result=65540418 live=0
SLIME_CLOCK served task=3 label=44 result=65551808 live=0
SLIME_CLOCK served task=2 label=44 result=65562326 live=0
SLIME_CLOCK served task=3 label=44 result=65573577 live=0
SLIME_CLOCK served task=2 label=44 result=65583966 live=0
SLIME_CLOCK served task=3 label=44 result=65595269 live=0
SLIME_CLOCK served task=2 label=44 result=65605621 live=0
SLIME_CLOCK served task=3 label=44 result=65616702 live=0
SLIME_CLOCK served task=2 label=44 result=65627504 live=0
SLIME_CLOCK served task=3 label=44 result=65638613 live=0
SLIME_CLOCK served task=2 label=44 result=65650585 live=0
SLIME_CLOCK served task=3 label=44 result=65661520 live=0
SLIME_CLOCK served task=2 label=44 result=65672156 live=0
SLIME_CLOCK served task=3 label=44 result=65683681 live=0
SLIME_CLOCK served task=2 label=44 result=65694135 live=0
SLIME_CLOCK served task=3 label=44 result=65705669 live=0
SLIME_CLOCK served task=2 label=44 result=65715885 live=0
SLIME_CLOCK served task=3 label=44 result=65727672 live=0
SLIME_CLOCK served task=2 label=44 result=65738609 live=0
SLIME_CLOCK served task=3 label=44 result=65750551 live=0
SLIME_CLOCK served task=2 label=44 result=65761474 live=0
SLIME_CLOCK served task=3 label=44 result=65774466 live=0
SLIME_CLOCK served task=2 label=44 result=65785444 live=0
SLIME_CLOCK served task=3 label=44 result=65797025 live=0
SLIME_CLOCK served task=2 label=44 result=65808404 live=0
SLIME_CLOCK served task=3 label=44 result=65820377 live=0
SLIME_CLOCK served task=2 label=44 result=65832282 live=0
SLIME_CLOCK served task=3 label=44 result=65845924 live=0
SLIME_CLOCK served task=2 label=44 result=65860730 live=0
SLIME_CLOCK served task=3 label=44 result=65876907 live=0
SLIME_CLOCK served task=2 label=44 result=65891961 live=0
SLIME_CLOCK served task=3 label=44 result=65936622 live=0
SLIME_CLOCK served task=2 label=44 result=65948900 live=0
SLIME_CLOCK served task=3 label=44 result=65961924 live=0
SLIME_CLOCK served task=2 label=44 result=65973581 live=0
SLIME_CLOCK served task=3 label=44 result=65985991 live=0
SLIME_CLOCK served task=2 label=44 result=65997853 live=0
SLIME_CLOCK served task=3 label=44 result=66010064 live=0
SLIME_CLOCK served task=2 label=44 result=66021252 live=0
SLIME_CLOCK served task=3 label=44 result=66034294 live=0
SLIME_CLOCK served task=2 label=44 result=66045749 live=0
SLIME_CLOCK served task=3 label=44 result=66057592 live=0
SLIME_CLOCK served task=2 label=44 result=66068558 live=0
SLIME_CLOCK served task=3 label=44 result=66080433 live=0
SLIME_CLOCK served task=2 label=44 result=66091609 live=0
SLIME_CLOCK served task=3 label=44 result=66103733 live=0
SLIME_CLOCK served task=2 label=44 result=66114985 live=0
SLIME_CLOCK served task=3 label=44 result=66127233 live=0
SLIME_CLOCK served task=2 label=44 result=66137948 live=0
SLIME_CLOCK served task=3 label=44 result=66149989 live=0
SLIME_CLOCK served task=2 label=44 result=66160923 live=0
SLIME_CLOCK served task=3 label=44 result=66172737 live=0
SLIME_CLOCK served task=2 label=44 result=66184260 live=0
SLIME_CLOCK served task=3 label=44 result=66195991 live=0
SLIME_CLOCK served task=2 label=44 result=66209643 live=0
SLIME_CLOCK served task=3 label=44 result=66220934 live=0
SLIME_CLOCK served task=2 label=44 result=66231679 live=0
SLIME_CLOCK served task=3 label=44 result=66242779 live=0
SLIME_CLOCK served task=2 label=44 result=66253144 live=0
SLIME_CLOCK served task=3 label=44 result=66264344 live=0
SLIME_CLOCK served task=2 label=44 result=66275046 live=0
SLIME_CLOCK served task=3 label=44 result=66287089 live=0
SLIME_CLOCK served task=2 label=44 result=66297263 live=0
SLIME_CLOCK served task=3 label=44 result=66308510 live=0
SLIME_CLOCK served task=2 label=44 result=66318862 live=0
SLIME_CLOCK served task=3 label=44 result=66330367 live=0
SLIME_CLOCK served task=2 label=44 result=66340780 live=0
SLIME_CLOCK served task=3 label=44 result=66352113 live=0
SLIME_CLOCK served task=2 label=44 result=66364195 live=0
SLIME_CLOCK served task=3 label=44 result=66381562 live=0
SLIME_CLOCK served task=2 label=44 result=66397986 live=0
SLIME_CLOCK served task=3 label=44 result=66411263 live=0
SLIME_CLOCK served task=2 label=44 result=66422286 live=0
SLIME_CLOCK served task=3 label=44 result=66434180 live=0
SLIME_CLOCK served task=2 label=44 result=66444988 live=0
SLIME_CLOCK served task=3 label=44 result=66456182 live=0
SLIME_CLOCK served task=2 label=44 result=66466992 live=0
SLIME_CLOCK served task=3 label=44 result=66484332 live=0
SLIME_CLOCK served task=2 label=44 result=66500939 live=0
SLIME_CLOCK served task=3 label=44 result=66518944 live=0
SLIME_CLOCK served task=2 label=44 result=66531321 live=0
SLIME_CLOCK served task=3 label=44 result=66544728 live=0
SLIME_CLOCK served task=2 label=44 result=66558245 live=0
SLIME_CLOCK served task=3 label=44 result=66573141 live=0
SLIME_CLOCK served task=2 label=44 result=66587815 live=0
SLIME_CLOCK served task=3 label=44 result=66604979 live=0
SLIME_CLOCK served task=2 label=44 result=66622012 live=0
SLIME_CLOCK served task=3 label=44 result=66633060 live=0
SLIME_CLOCK served task=2 label=44 result=66643054 live=0
SLIME_CLOCK served task=3 label=44 result=66653663 live=0
SLIME_CLOCK served task=2 label=44 result=66663659 live=0
SLIME_CLOCK served task=3 label=44 result=66674252 live=0
SLIME_CLOCK served task=2 label=44 result=66684396 live=0
SLIME_CLOCK served task=3 label=44 result=66694963 live=0
SLIME_CLOCK served task=2 label=44 result=66704901 live=0
SLIME_CLOCK served task=3 label=44 result=66719647 live=0
SLIME_CLOCK served task=2 label=44 result=66731475 live=0
SLIME_CLOCK served task=3 label=44 result=66744231 live=0
SLIME_CLOCK served task=2 label=44 result=66755727 live=0
SLIME_CLOCK served task=3 label=44 result=66767766 live=0
SLIME_CLOCK served task=2 label=44 result=66779270 live=0
SLIME_CLOCK served task=3 label=44 result=66791766 live=0
SLIME_CLOCK served task=2 label=44 result=66803178 live=0
SLIME_CLOCK served task=3 label=44 result=66815716 live=0
SLIME_CLOCK served task=2 label=44 result=66827365 live=0
SLIME_CLOCK served task=3 label=44 result=66843190 live=0
SLIME_CLOCK served task=2 label=44 result=66859360 live=0
SLIME_CLOCK served task=3 label=44 result=66876422 live=0
SLIME_CLOCK served task=2 label=44 result=66892645 live=0
SLIME_CLOCK served task=3 label=44 result=66909259 live=0
SLIME_CLOCK served task=2 label=44 result=66925490 live=0
SLIME_CLOCK served task=3 label=44 result=66942751 live=0
SLIME_CLOCK served task=2 label=44 result=66959085 live=0
SLIME_CLOCK served task=3 label=44 result=66977136 live=0
SLIME_CLOCK served task=2 label=44 result=66992444 live=0
SLIME_CLOCK served task=3 label=44 result=67008093 live=0
SLIME_CLOCK served task=2 label=44 result=67018061 live=0
SLIME_CLOCK served task=3 label=44 result=67028782 live=0
SLIME_CLOCK served task=2 label=44 result=67039062 live=0
SLIME_CLOCK served task=3 label=44 result=67053450 live=0
SLIME_CLOCK served task=2 label=44 result=67068181 live=0
SLIME_CLOCK served task=3 label=44 result=67083556 live=0
SLIME_CLOCK served task=2 label=44 result=67106404 live=0
SLIME_CLOCK served task=3 label=44 result=67123969 live=0
SLIME_CLOCK served task=2 label=44 result=67140081 live=0
SLIME_CLOCK served task=3 label=44 result=67153819 live=0
SLIME_CLOCK served task=2 label=44 result=67165371 live=0
SLIME_CLOCK served task=3 label=44 result=67177977 live=0
SLIME_CLOCK served task=2 label=44 result=67189478 live=0
SLIME_CLOCK served task=3 label=44 result=67201579 live=0
SLIME_CLOCK served task=2 label=44 result=67212618 live=0
SLIME_CLOCK served task=3 label=44 result=67226805 live=0
SLIME_CLOCK served task=2 label=44 result=67237962 live=0
SLIME_CLOCK served task=3 label=44 result=67250743 live=0
SLIME_CLOCK served task=2 label=44 result=67262876 live=0
SLIME_CLOCK served task=3 label=44 result=67275397 live=0
SLIME_CLOCK served task=2 label=44 result=67286747 live=0
SLIME_CLOCK served task=3 label=44 result=67298559 live=0
SLIME_CLOCK served task=2 label=44 result=67309727 live=0
SLIME_CLOCK served task=3 label=44 result=67321607 live=0
SLIME_CLOCK served task=2 label=44 result=67333018 live=0
SLIME_CLOCK served task=3 label=44 result=67346021 live=0
SLIME_CLOCK served task=2 label=44 result=67357896 live=0
SLIME_CLOCK served task=3 label=44 result=67370263 live=0
SLIME_CLOCK served task=2 label=44 result=67381738 live=0
SLIME_CLOCK served task=3 label=44 result=67393721 live=0
SLIME_CLOCK served task=2 label=44 result=67405421 live=0
SLIME_CLOCK served task=3 label=44 result=67417321 live=0
SLIME_CLOCK served task=2 label=44 result=67428420 live=0
SLIME_CLOCK served task=3 label=44 result=67443449 live=0
SLIME_CLOCK served task=2 label=44 result=67455294 live=0
SLIME_CLOCK served task=3 label=44 result=67466718 live=0
SLIME_CLOCK served task=2 label=44 result=67478442 live=0
SLIME_CLOCK served task=3 label=44 result=67490033 live=0
SLIME_CLOCK served task=2 label=44 result=67501227 live=0
SLIME_CLOCK served task=3 label=44 result=67516000 live=0
SLIME_CLOCK served task=2 label=44 result=67533573 live=0
SLIME_CLOCK served task=3 label=44 result=67551249 live=0
SLIME_CLOCK served task=2 label=44 result=67566056 live=0
SLIME_CLOCK served task=3 label=44 result=67582368 live=0
SLIME_CLOCK served task=2 label=44 result=67605774 live=0
SLIME_CLOCK served task=3 label=44 result=67623453 live=0
SLIME_CLOCK served task=2 label=44 result=67639644 live=0
SLIME_CLOCK served task=3 label=44 result=67655491 live=0
SLIME_CLOCK served task=2 label=44 result=67670228 live=0
SLIME_CLOCK served task=3 label=44 result=67685964 live=0
SLIME_CLOCK served task=2 label=44 result=67700357 live=0
SLIME_CLOCK served task=3 label=44 result=67715684 live=0
SLIME_CLOCK served task=2 label=44 result=67735622 live=0
SLIME_CLOCK served task=3 label=44 result=67754283 live=0
SLIME_CLOCK served task=2 label=44 result=67770959 live=0
SLIME_CLOCK served task=3 label=44 result=67788646 live=0
SLIME_CLOCK served task=2 label=44 result=67804319 live=0
SLIME_CLOCK served task=3 label=44 result=67822254 live=0
SLIME_CLOCK served task=2 label=44 result=67838150 live=0
SLIME_CLOCK served task=3 label=44 result=67857316 live=0
SLIME_CLOCK served task=2 label=44 result=67873733 live=0
SLIME_CLOCK served task=3 label=44 result=67891592 live=0
SLIME_CLOCK served task=2 label=44 result=67907678 live=0
SLIME_CLOCK served task=3 label=44 result=67924911 live=0
SLIME_CLOCK served task=2 label=44 result=67941453 live=0
SLIME_CLOCK served task=3 label=44 result=67959036 live=0
SLIME_CLOCK served task=2 label=44 result=67974997 live=0
SLIME_CLOCK served task=3 label=44 result=67994173 live=0
SLIME_CLOCK served task=2 label=44 result=68011828 live=0
SLIME_CLOCK served task=3 label=44 result=68029946 live=0
SLIME_CLOCK served task=2 label=44 result=68048129 live=0
SLIME_CLOCK served task=3 label=44 result=68065723 live=0
SLIME_CLOCK served task=2 label=44 result=68080874 live=0
SLIME_CLOCK served task=3 label=44 result=68096652 live=0
SLIME_CLOCK served task=2 label=44 result=68120716 live=0
SLIME_CLOCK served task=3 label=44 result=68134661 live=0
SLIME_CLOCK served task=2 label=44 result=68144910 live=0
SLIME_CLOCK served task=3 label=44 result=68155683 live=0
SLIME_CLOCK served task=2 label=44 result=68166100 live=0
SLIME_CLOCK served task=3 label=44 result=68176768 live=0
SLIME_CLOCK served task=2 label=44 result=68187315 live=0
SLIME_CLOCK served task=3 label=44 result=68197971 live=0
SLIME_CLOCK served task=2 label=44 result=68208069 live=0
SLIME_CLOCK served task=3 label=44 result=68218751 live=0
SLIME_CLOCK served task=2 label=44 result=68229110 live=0
SLIME_CLOCK served task=3 label=44 result=68243320 live=0
SLIME_CLOCK served task=2 label=44 result=68254924 live=0
SLIME_CLOCK served task=3 label=44 result=68267134 live=0
SLIME_CLOCK served task=2 label=44 result=68278978 live=0
SLIME_CLOCK served task=3 label=44 result=68291708 live=0
SLIME_CLOCK served task=2 label=44 result=68303838 live=0
SLIME_CLOCK served task=3 label=44 result=68317324 live=0
SLIME_CLOCK served task=2 label=44 result=68330140 live=0
SLIME_CLOCK served task=3 label=44 result=68343216 live=0
SLIME_CLOCK served task=2 label=44 result=68355460 live=0
SLIME_CLOCK served task=3 label=44 result=68369245 live=0
SLIME_CLOCK served task=2 label=44 result=68380642 live=0
SLIME_CLOCK served task=3 label=44 result=68392519 live=0
SLIME_CLOCK served task=2 label=44 result=68404406 live=0
SLIME_CLOCK served task=3 label=44 result=68417097 live=0
SLIME_CLOCK served task=2 label=44 result=68427972 live=0
SLIME_CLOCK served task=3 label=44 result=68440234 live=0
SLIME_CLOCK served task=2 label=44 result=68451231 live=0
SLIME_CLOCK served task=3 label=44 result=68463143 live=0
SLIME_CLOCK served task=2 label=44 result=68475092 live=0
SLIME_CLOCK served task=3 label=44 result=68487949 live=0
SLIME_CLOCK served task=2 label=44 result=68500376 live=0
SLIME_CLOCK served task=3 label=44 result=68512005 live=0
SLIME_CLOCK served task=2 label=44 result=68523140 live=0
SLIME_CLOCK served task=3 label=44 result=68534855 live=0
SLIME_CLOCK served task=2 label=44 result=68546301 live=0
SLIME_CLOCK served task=3 label=44 result=68560521 live=0
SLIME_CLOCK served task=2 label=44 result=68570226 live=0
SLIME_CLOCK served task=3 label=44 result=68580498 live=0
SLIME_CLOCK served task=2 label=44 result=68590161 live=0
SLIME_CLOCK served task=3 label=44 result=68600415 live=0
SLIME_CLOCK served task=2 label=44 result=68610250 live=0
SLIME_CLOCK served task=3 label=44 result=68629557 live=0
SLIME_CLOCK served task=2 label=44 result=68646264 live=0
SLIME_CLOCK served task=3 label=44 result=68663479 live=0
SLIME_CLOCK served task=2 label=44 result=68681294 live=0
SLIME_CLOCK served task=3 label=44 result=68696917 live=0
SLIME_CLOCK served task=2 label=44 result=68709883 live=0
SLIME_CLOCK served task=3 label=44 result=68725176 live=0
SLIME_CLOCK served task=2 label=44 result=68735546 live=0
SLIME_CLOCK served task=3 label=44 result=68755117 live=0
SLIME_CLOCK served task=2 label=44 result=68771919 live=0
SLIME_CLOCK served task=3 label=44 result=68789350 live=0
SLIME_CLOCK served task=2 label=44 result=68807428 live=0
SLIME_CLOCK served task=3 label=44 result=68822617 live=0
SLIME_CLOCK served task=2 label=44 result=68836317 live=0
SLIME_CLOCK served task=3 label=44 result=68850370 live=0
SLIME_CLOCK served task=2 label=44 result=68863597 live=0
SLIME_CLOCK served task=3 label=44 result=68879361 live=0
SLIME_CLOCK served task=2 label=44 result=68892652 live=0
SLIME_CLOCK served task=3 label=44 result=68906646 live=0
SLIME_CLOCK served task=2 label=44 result=68920238 live=0
SLIME_CLOCK served task=3 label=44 result=68934361 live=0
SLIME_CLOCK served task=2 label=44 result=68947472 live=0
SLIME_CLOCK served task=3 label=44 result=68961427 live=0
SLIME_CLOCK served task=2 label=44 result=68974464 live=0
SLIME_CLOCK served task=3 label=44 result=68988559 live=0
SLIME_CLOCK served task=2 label=44 result=69004392 live=0
SLIME_CLOCK served task=3 label=44 result=69018603 live=0
SLIME_CLOCK served task=2 label=44 result=69031885 live=0
SLIME_CLOCK served task=3 label=44 result=69046224 live=0
SLIME_CLOCK served task=2 label=44 result=69059829 live=0
SLIME_CLOCK served task=3 label=44 result=69073469 live=0
SLIME_CLOCK served task=2 label=44 result=69085312 live=0
SLIME_CLOCK served task=3 label=44 result=69097500 live=0
SLIME_CLOCK served task=2 label=44 result=69109648 live=0
SLIME_CLOCK served task=2 label=44 result=69122969 live=0
SLIME_CLOCK served task=3 label=44 result=69135355 live=0
SLIME_CLOCK served task=2 label=44 result=69149098 live=0
SLIME_CLOCK served task=3 label=44 result=69160545 live=0
SLIME_CLOCK served task=2 label=44 result=69170705 live=0
SLIME_CLOCK served task=3 label=44 result=69183127 live=0
SLIME_CLOCK served task=2 label=44 result=69197923 live=0
SLIME_CLOCK served task=3 label=44 result=69214103 live=0
SLIME_CLOCK served task=2 label=44 result=69229250 live=0
SLIME_CLOCK served task=3 label=44 result=69245407 live=0
SLIME_CLOCK served task=2 label=44 result=69262836 live=0
SLIME_CLOCK served task=3 label=44 result=69277213 live=0
SLIME_CLOCK served task=2 label=44 result=69289625 live=0
SLIME_CLOCK served task=3 label=44 result=69301557 live=0
SLIME_CLOCK served task=2 label=44 result=69313859 live=0
SLIME_CLOCK served task=3 label=44 result=69326198 live=0
SLIME_CLOCK served task=2 label=44 result=69337659 live=0
SLIME_CLOCK served task=3 label=44 result=69350022 live=0
SLIME_CLOCK served task=2 label=44 result=69361913 live=0
SLIME_CLOCK served task=3 label=44 result=69374441 live=0
SLIME_CLOCK served task=2 label=44 result=69387231 live=0
SLIME_CLOCK served task=3 label=44 result=69399377 live=0
SLIME_CLOCK served task=2 label=44 result=69410597 live=0
SLIME_CLOCK served task=3 label=44 result=69423103 live=0
SLIME_CLOCK served task=2 label=44 result=69434908 live=0
SLIME_CLOCK served task=3 label=44 result=69446739 live=0
SLIME_CLOCK served task=2 label=44 result=69457741 live=0
SLIME_CLOCK served task=3 label=44 result=69469554 live=0
SLIME_CLOCK served task=2 label=44 result=69481055 live=0
SLIME_CLOCK served task=3 label=44 result=69493049 live=0
SLIME_CLOCK served task=2 label=44 result=69505215 live=0
SLIME_CLOCK served task=3 label=44 result=69517112 live=0
SLIME_CLOCK served task=2 label=44 result=69528348 live=0
SLIME_CLOCK served task=3 label=44 result=69540038 live=0
SLIME_CLOCK served task=2 label=44 result=69551533 live=0
SLIME_CLOCK served task=3 label=44 result=69565516 live=0
SLIME_CLOCK served task=2 label=44 result=69579397 live=0
SLIME_CLOCK served task=3 label=44 result=69594219 live=0
SLIME_CLOCK served task=2 label=44 result=69608021 live=0
SLIME_CLOCK served task=3 label=44 result=69623096 live=0
SLIME_CLOCK served task=2 label=44 result=69636303 live=0
SLIME_CLOCK served task=3 label=44 result=69650116 live=0
SLIME_CLOCK served task=2 label=44 result=69664849 live=0
SLIME_CLOCK served task=3 label=44 result=69682700 live=0
SLIME_CLOCK served task=2 label=44 result=69697696 live=0
SLIME_CLOCK served task=3 label=44 result=69713234 live=0
SLIME_CLOCK served task=2 label=44 result=69727714 live=0
SLIME_CLOCK served task=3 label=44 result=69743528 live=0
SLIME_CLOCK served task=2 label=44 result=69760484 live=0
SLIME_CLOCK served task=3 label=44 result=69773791 live=0
SLIME_CLOCK served task=2 label=44 result=69786818 live=0
SLIME_CLOCK served task=3 label=44 result=69801816 live=0
SLIME_CLOCK served task=2 label=44 result=69819036 live=0
SLIME_CLOCK served task=3 label=44 result=69836370 live=0
SLIME_CLOCK served task=2 label=44 result=69852781 live=0
SLIME_CLOCK served task=3 label=44 result=69870382 live=0
SLIME_CLOCK served task=2 label=44 result=69888239 live=0
SLIME_CLOCK served task=3 label=44 result=69905454 live=0
SLIME_CLOCK served task=2 label=44 result=69921902 live=0
SLIME_CLOCK served task=3 label=44 result=69939120 live=0
SLIME_CLOCK served task=2 label=44 result=69955464 live=0
SLIME_CLOCK served task=3 label=44 result=69972433 live=0
SLIME_CLOCK served task=2 label=44 result=69989216 live=0
SLIME_CLOCK served task=3 label=44 result=70006690 live=0
SLIME_CLOCK served task=2 label=44 result=70024502 live=0
SLIME_CLOCK served task=3 label=44 result=70041744 live=0
SLIME_CLOCK served task=2 label=44 result=70058883 live=0
SLIME_CLOCK served task=3 label=44 result=70075858 live=0
SLIME_CLOCK served task=2 label=44 result=70092357 live=0
SLIME_CLOCK served task=3 label=44 result=70109385 live=0
SLIME_CLOCK served task=2 label=44 result=70126147 live=0
SLIME_CLOCK served task=3 label=44 result=70144912 live=0
SLIME_CLOCK served task=2 label=44 result=70161283 live=0
SLIME_CLOCK served task=3 label=44 result=70178209 live=0
SLIME_CLOCK served task=2 label=44 result=70194053 live=0
SLIME_CLOCK served task=3 label=44 result=70211546 live=0
SLIME_CLOCK served task=2 label=44 result=70228130 live=0
SLIME_CLOCK served task=3 label=44 result=70245637 live=0
SLIME_CLOCK served task=2 label=44 result=70261557 live=0
SLIME_CLOCK served task=3 label=44 result=70276942 live=0
SLIME_CLOCK served task=2 label=44 result=70291400 live=0
SLIME_CLOCK served task=3 label=44 result=70309804 live=0
SLIME_CLOCK served task=2 label=44 result=70336861 live=0
SLIME_CLOCK served task=3 label=44 result=70355099 live=0
SLIME_CLOCK served task=2 label=44 result=70373538 live=0
SLIME_CLOCK served task=3 label=44 result=70387189 live=0
SLIME_CLOCK served task=2 label=44 result=70398760 live=0
SLIME_CLOCK served task=3 label=44 result=70410873 live=0
SLIME_CLOCK served task=2 label=44 result=70421899 live=0
SLIME_CLOCK served task=3 label=44 result=70434718 live=0
SLIME_CLOCK served task=2 label=44 result=70445426 live=0
SLIME_CLOCK served task=3 label=44 result=70456649 live=0
SLIME_CLOCK served task=2 label=44 result=70467499 live=0
SLIME_CLOCK served task=3 label=44 result=70479220 live=0
SLIME_CLOCK served task=2 label=44 result=70490428 live=0
SLIME_CLOCK served task=3 label=44 result=70501784 live=0
SLIME_CLOCK served task=2 label=44 result=70512221 live=0
SLIME_CLOCK served task=3 label=44 result=70523227 live=0
SLIME_CLOCK served task=2 label=44 result=70533572 live=0
SLIME_CLOCK served task=3 label=44 result=70544782 live=0
SLIME_CLOCK served task=2 label=44 result=70554985 live=0
SLIME_CLOCK served task=3 label=44 result=70567157 live=0
SLIME_CLOCK served task=2 label=44 result=70577543 live=0
SLIME_CLOCK served task=3 label=44 result=70588567 live=0
SLIME_CLOCK served task=2 label=44 result=70598771 live=0
SLIME_CLOCK served task=3 label=44 result=70609602 live=0
SLIME_CLOCK served task=2 label=44 result=70620447 live=0
SLIME_CLOCK served task=3 label=44 result=70632033 live=0
SLIME_CLOCK served task=2 label=44 result=70642416 live=0
SLIME_CLOCK served task=3 label=44 result=70653495 live=0
SLIME_CLOCK served task=2 label=44 result=70663922 live=0
SLIME_CLOCK served task=3 label=44 result=70675895 live=0
SLIME_CLOCK served task=2 label=44 result=70688857 live=0
SLIME_CLOCK served task=3 label=44 result=70700988 live=0
SLIME_CLOCK served task=2 label=44 result=70712852 live=0
SLIME_CLOCK served task=3 label=44 result=70724936 live=0
SLIME_CLOCK served task=2 label=44 result=70736535 live=0
SLIME_CLOCK served task=3 label=44 result=70748737 live=0
SLIME_CLOCK served task=2 label=44 result=70760088 live=0
SLIME_CLOCK served task=3 label=44 result=70772019 live=0
SLIME_CLOCK served task=2 label=44 result=70785878 live=0
SLIME_CLOCK served task=3 label=44 result=70801765 live=0
SLIME_CLOCK served task=2 label=44 result=70823266 live=0
SLIME_CLOCK served task=3 label=44 result=70856639 live=0
SLIME_CLOCK served task=2 label=44 result=70867079 live=0
SLIME_CLOCK served task=3 label=44 result=70878973 live=0
SLIME_CLOCK served task=2 label=44 result=70888982 live=0
SLIME_CLOCK served task=3 label=44 result=70899518 live=0
SLIME_CLOCK served task=2 label=44 result=70909441 live=0
SLIME_CLOCK served task=3 label=44 result=70920015 live=0
SLIME_CLOCK served task=2 label=44 result=70930260 live=0
SLIME_CLOCK served task=3 label=44 result=70942810 live=0
SLIME_CLOCK served task=2 label=44 result=70955802 live=0
SLIME_CLOCK served task=3 label=44 result=70969162 live=0
SLIME_CLOCK served task=2 label=44 result=70981630 live=0
SLIME_CLOCK served task=3 label=44 result=70995140 live=0
SLIME_CLOCK served task=2 label=44 result=71007252 live=0
SLIME_CLOCK served task=3 label=44 result=71020556 live=0
SLIME_CLOCK served task=2 label=44 result=71033034 live=0
SLIME_CLOCK served task=3 label=44 result=71046312 live=0
SLIME_CLOCK served task=2 label=44 result=71059291 live=0
SLIME_CLOCK served task=3 label=44 result=71073241 live=0
SLIME_CLOCK served task=2 label=44 result=71085740 live=0
SLIME_CLOCK served task=3 label=44 result=71098957 live=0
SLIME_CLOCK served task=2 label=44 result=71111555 live=0
SLIME_CLOCK served task=3 label=44 result=71125036 live=0
SLIME_CLOCK served task=2 label=44 result=71137346 live=0
SLIME_CLOCK served task=3 label=44 result=71150543 live=0
SLIME_CLOCK served task=2 label=44 result=71163071 live=0
SLIME_CLOCK served task=3 label=44 result=71176066 live=0
SLIME_CLOCK served task=2 label=44 result=71188708 live=0
SLIME_CLOCK served task=3 label=44 result=71205830 live=0
SLIME_CLOCK served task=2 label=44 result=71218358 live=0
SLIME_CLOCK served task=3 label=44 result=71231383 live=0
SLIME_CLOCK served task=2 label=44 result=71243912 live=0
SLIME_CLOCK served task=3 label=44 result=71256803 live=0
SLIME_CLOCK served task=2 label=44 result=71268870 live=0
SLIME_CLOCK served task=3 label=44 result=71281139 live=0
SLIME_CLOCK served task=2 label=44 result=71295269 live=0
SLIME_CLOCK served task=3 label=44 result=71305533 live=0
SLIME_CLOCK served task=2 label=44 result=71315022 live=0
SLIME_CLOCK served task=3 label=44 result=71328459 live=0
SLIME_CLOCK served task=2 label=44 result=71342247 live=0
SLIME_CLOCK served task=3 label=44 result=71358009 live=0
SLIME_CLOCK served task=2 label=44 result=71372957 live=0
SLIME_CLOCK served task=3 label=44 result=71388583 live=0
SLIME_CLOCK served task=2 label=44 result=71403211 live=0
SLIME_CLOCK served task=3 label=44 result=71418783 live=0
SLIME_CLOCK served task=2 label=44 result=71429503 live=0
SLIME_CLOCK served task=3 label=44 result=71439824 live=0
SLIME_CLOCK served task=2 label=44 result=71451689 live=0
SLIME_CLOCK served task=3 label=44 result=71463211 live=0
SLIME_CLOCK served task=2 label=44 result=71474073 live=0
SLIME_CLOCK served task=3 label=44 result=71485611 live=0
SLIME_CLOCK served task=2 label=44 result=71496285 live=0
SLIME_CLOCK served task=3 label=44 result=71507848 live=0
SLIME_CLOCK served task=2 label=44 result=71518558 live=0
SLIME_CLOCK served task=3 label=44 result=71529824 live=0
SLIME_CLOCK served task=2 label=44 result=71541459 live=0
SLIME_CLOCK served task=3 label=44 result=71553161 live=0
SLIME_CLOCK served task=2 label=44 result=71564712 live=0
SLIME_CLOCK served task=3 label=44 result=71577938 live=0
SLIME_CLOCK served task=2 label=44 result=71588612 live=0
SLIME_CLOCK served task=3 label=44 result=71599602 live=0
SLIME_CLOCK served task=2 label=44 result=71610040 live=0
SLIME_CLOCK served task=3 label=44 result=71621536 live=0
SLIME_CLOCK served task=2 label=44 result=71632351 live=0
SLIME_CLOCK served task=3 label=44 result=71643403 live=0
SLIME_CLOCK served task=2 label=44 result=71653890 live=0
SLIME_CLOCK served task=3 label=44 result=71665236 live=0
SLIME_CLOCK served task=2 label=44 result=71676148 live=0
SLIME_CLOCK served task=3 label=44 result=71687930 live=0
SLIME_CLOCK served task=2 label=44 result=71698389 live=0
SLIME_CLOCK served task=3 label=44 result=71711470 live=0
SLIME_CLOCK served task=2 label=44 result=71722125 live=0
SLIME_CLOCK served task=3 label=44 result=71733783 live=0
SLIME_CLOCK served task=2 label=44 result=71744562 live=0
SLIME_CLOCK served task=3 label=44 result=71756137 live=0
SLIME_CLOCK served task=2 label=44 result=71766694 live=0
SLIME_CLOCK served task=3 label=44 result=71777998 live=0
SLIME_CLOCK served task=2 label=44 result=71788656 live=0
SLIME_CLOCK served task=3 label=44 result=71799987 live=0
SLIME_CLOCK served task=2 label=44 result=71812212 live=0
SLIME_CLOCK served task=3 label=44 result=71829915 live=0
SLIME_CLOCK served task=2 label=44 result=71846394 live=0
SLIME_CLOCK served task=3 label=44 result=71862799 live=0
SLIME_CLOCK served task=2 label=44 result=71876895 live=0
SLIME_CLOCK served task=3 label=44 result=71893159 live=0
SLIME_CLOCK served task=2 label=44 result=71908207 live=0
SLIME_CLOCK served task=3 label=44 result=71924495 live=0
SLIME_CLOCK served task=2 label=44 result=71939396 live=0
SLIME_CLOCK served task=3 label=44 result=71958145 live=0
SLIME_CLOCK served task=2 label=44 result=71975030 live=0
SLIME_CLOCK served task=3 label=44 result=71992766 live=0
SLIME_CLOCK served task=2 label=44 result=72008915 live=0
SLIME_CLOCK served task=3 label=44 result=72025501 live=0
SLIME_CLOCK served task=2 label=44 result=72042695 live=0
SLIME_CLOCK served task=3 label=44 result=72060551 live=0
SLIME_CLOCK served task=2 label=44 result=72076510 live=0
SLIME_CLOCK served task=3 label=44 result=72095047 live=0
SLIME_CLOCK served task=2 label=44 result=72111045 live=0
SLIME_CLOCK served task=3 label=44 result=72127754 live=0
SLIME_CLOCK served task=2 label=44 result=72143704 live=0
SLIME_CLOCK served task=3 label=44 result=72160130 live=0
SLIME_CLOCK served task=2 label=44 result=72176720 live=0
SLIME_CLOCK served task=3 label=44 result=72194499 live=0
SLIME_CLOCK served task=2 label=44 result=72211121 live=0
SLIME_CLOCK served task=2 label=44 result=72228208 live=0
SLIME_CLOCK served task=3 label=44 result=72245152 live=0
SLIME_CLOCK served task=2 label=44 result=72260799 live=0
SLIME_CLOCK served task=3 label=44 result=72277916 live=0
SLIME_CLOCK served task=2 label=44 result=72294022 live=0
SLIME_CLOCK served task=3 label=44 result=72312296 live=0
SLIME_CLOCK served task=2 label=44 result=72330747 live=0
SLIME_CLOCK served task=3 label=44 result=72353891 live=0
SLIME_CLOCK served task=2 label=44 result=72369477 live=0
SLIME_CLOCK served task=3 label=44 result=72385689 live=0
SLIME_CLOCK served task=2 label=44 result=72400443 live=0
SLIME_CLOCK served task=3 label=44 result=72416421 live=0
SLIME_CLOCK served task=2 label=44 result=72431906 live=0
SLIME_CLOCK served task=3 label=44 result=72447705 live=0
SLIME_CLOCK served task=2 label=44 result=72462559 live=0
SLIME_CLOCK served task=3 label=44 result=72478452 live=0
SLIME_CLOCK served task=2 label=44 result=72493378 live=0
SLIME_CLOCK served task=3 label=44 result=72505831 live=0
SLIME_CLOCK served task=2 label=44 result=72517909 live=0
SLIME_CLOCK served task=3 label=44 result=72530741 live=0
SLIME_CLOCK served task=2 label=44 result=72542851 live=0
SLIME_CLOCK served task=3 label=44 result=72555871 live=0
SLIME_CLOCK served task=2 label=44 result=72567489 live=0
SLIME_CLOCK served task=3 label=44 result=72580506 live=0
SLIME_CLOCK served task=2 label=44 result=72593670 live=0
SLIME_CLOCK served task=3 label=44 result=72606411 live=0
SLIME_CLOCK served task=2 label=44 result=72618648 live=0
SLIME_CLOCK served task=3 label=44 result=72631069 live=0
SLIME_CLOCK served task=2 label=44 result=72643218 live=0
SLIME_CLOCK served task=3 label=44 result=72655746 live=0
SLIME_CLOCK served task=2 label=44 result=72667690 live=0
SLIME_CLOCK served task=3 label=44 result=72680648 live=0
SLIME_CLOCK served task=2 label=44 result=72692612 live=0
SLIME_CLOCK served task=3 label=44 result=72705115 live=0
SLIME_CLOCK served task=2 label=44 result=72717282 live=0
SLIME_CLOCK served task=3 label=44 result=72731099 live=0
SLIME_CLOCK served task=2 label=44 result=72743198 live=0
SLIME_CLOCK served task=3 label=44 result=72755730 live=0
SLIME_CLOCK served task=2 label=44 result=72767402 live=0
SLIME_CLOCK served task=3 label=44 result=72779549 live=0
SLIME_CLOCK served task=2 label=44 result=72791527 live=0
SLIME_CLOCK served task=3 label=44 result=72804079 live=0
SLIME_CLOCK served task=2 label=44 result=72816262 live=0
SLIME_CLOCK served task=3 label=44 result=72828846 live=0
SLIME_CLOCK served task=2 label=44 result=72839829 live=0
SLIME_CLOCK served task=3 label=44 result=72856675 live=0
SLIME_CLOCK served task=2 label=44 result=72871628 live=0
SLIME_CLOCK served task=3 label=44 result=72887245 live=0
SLIME_CLOCK served task=2 label=44 result=72902036 live=0
SLIME_CLOCK served task=3 label=44 result=72917805 live=0
SLIME_CLOCK served task=2 label=44 result=72930288 live=0
SLIME_CLOCK served task=3 label=44 result=72940497 live=0
SLIME_CLOCK served task=2 label=44 result=72950159 live=0
SLIME_CLOCK served task=3 label=44 result=72960374 live=0
SLIME_CLOCK served task=2 label=44 result=72969895 live=0
SLIME_CLOCK served task=3 label=44 result=72983521 live=0
SLIME_CLOCK served task=2 label=44 result=72994721 live=0
SLIME_CLOCK served task=3 label=44 result=73006141 live=0
SLIME_CLOCK served task=2 label=44 result=73016374 live=0
SLIME_CLOCK served task=3 label=44 result=73027646 live=0
SLIME_CLOCK served task=2 label=44 result=73037972 live=0
SLIME_CLOCK served task=3 label=44 result=73049092 live=0
SLIME_CLOCK served task=2 label=44 result=73059713 live=0
SLIME_CLOCK served task=3 label=44 result=73070850 live=0
SLIME_CLOCK served task=2 label=44 result=73086229 live=0
SLIME_CLOCK served task=3 label=44 result=73103459 live=0
SLIME_CLOCK served task=3 label=44 result=73121771 live=0
SLIME_CLOCK served task=2 label=44 result=73135945 live=0
SLIME_CLOCK served task=3 label=44 result=73151210 live=0
SLIME_CLOCK served task=2 label=44 result=73165481 live=0
SLIME_CLOCK served task=3 label=44 result=73181268 live=0
SLIME_CLOCK served task=2 label=44 result=73195575 live=0
SLIME_CLOCK served task=3 label=44 result=73206631 live=0
SLIME_CLOCK served task=2 label=44 result=73216418 live=0
SLIME_CLOCK served task=3 label=44 result=73435041 live=0
SLIME_CLOCK served task=2 label=44 result=73447647 live=0
SLIME_CLOCK served task=3 label=44 result=73459907 live=0
SLIME_CLOCK served task=2 label=44 result=73473789 live=0
SLIME_CLOCK served task=3 label=44 result=73490288 live=0
SLIME_CLOCK served task=2 label=44 result=73508928 live=0
SLIME_CLOCK served task=3 label=44 result=73521987 live=0
SLIME_CLOCK served task=2 label=44 result=73533754 live=0
SLIME_CLOCK served task=3 label=44 result=73546224 live=0
SLIME_CLOCK served task=2 label=44 result=73556306 live=0
SLIME_CLOCK served task=3 label=44 result=73570427 live=0
SLIME_CLOCK served task=2 label=44 result=73581487 live=0
SLIME_CLOCK served task=3 label=44 result=73592957 live=0
SLIME_CLOCK served task=2 label=44 result=73603820 live=0
SLIME_CLOCK served task=3 label=44 result=73615281 live=0
SLIME_CLOCK served task=2 label=44 result=73626422 live=0
SLIME_CLOCK served task=3 label=44 result=73637998 live=0
SLIME_CLOCK served task=2 label=44 result=73649437 live=0
SLIME_CLOCK served task=3 label=44 result=73661217 live=0
SLIME_CLOCK served task=2 label=44 result=73672575 live=0
SLIME_CLOCK served task=3 label=44 result=73684633 live=0
SLIME_CLOCK served task=2 label=44 result=73697413 live=0
SLIME_CLOCK served task=3 label=44 result=73710675 live=0
SLIME_CLOCK served task=2 label=44 result=73724646 live=0
SLIME_CLOCK served task=3 label=44 result=73737335 live=0
SLIME_CLOCK served task=2 label=44 result=73749775 live=0
SLIME_CLOCK served task=3 label=44 result=73762308 live=0
SLIME_CLOCK served task=2 label=44 result=73774088 live=0
SLIME_CLOCK served task=3 label=44 result=73786348 live=0
SLIME_CLOCK served task=2 label=44 result=73798187 live=0
SLIME_CLOCK served task=3 label=44 result=73811736 live=0
SLIME_CLOCK served task=2 label=44 result=73824540 live=0
SLIME_CLOCK served task=3 label=44 result=73837522 live=0
SLIME_CLOCK served task=2 label=44 result=73849953 live=0
SLIME_CLOCK served task=3 label=44 result=73862870 live=0
SLIME_CLOCK served task=2 label=44 result=73875444 live=0
SLIME_CLOCK served task=3 label=44 result=73887898 live=0
SLIME_CLOCK served task=2 label=44 result=73899971 live=0
SLIME_CLOCK served task=3 label=44 result=73912492 live=0
SLIME_CLOCK served task=2 label=44 result=73924188 live=0
SLIME_CLOCK served task=3 label=44 result=73936822 live=0
SLIME_CLOCK served task=2 label=44 result=73950215 live=0
SLIME_CLOCK served task=3 label=44 result=73963076 live=0
SLIME_CLOCK served task=2 label=44 result=73975313 live=0
SLIME_CLOCK served task=3 label=44 result=73987802 live=0
SLIME_CLOCK served task=2 label=44 result=73999988 live=0
SLIME_CLOCK served task=3 label=44 result=74015648 live=0
SLIME_CLOCK served task=2 label=44 result=74030090 live=0
SLIME_CLOCK served task=3 label=44 result=74045641 live=0
SLIME_CLOCK served task=2 label=44 result=74060552 live=0
SLIME_CLOCK served task=3 label=44 result=74080484 live=0
SLIME_CLOCK served task=2 label=44 result=74094370 live=0
SLIME_CLOCK served task=3 label=44 result=74106875 live=0
SLIME_CLOCK served task=2 label=44 result=74119163 live=0
SLIME_CLOCK served task=3 label=44 result=74131620 live=0
SLIME_CLOCK served task=2 label=44 result=74143500 live=0
SLIME_CLOCK served task=3 label=44 result=74156047 live=0
SLIME_CLOCK served task=2 label=44 result=74170494 live=0
SLIME_CLOCK served task=3 label=44 result=74186468 live=0
SLIME_CLOCK served task=2 label=44 result=74205582 live=0
SLIME_CLOCK served task=3 label=44 result=74224013 live=0
SLIME_CLOCK served task=2 label=44 result=74240615 live=0
SLIME_CLOCK served task=3 label=44 result=74252746 live=0
SLIME_CLOCK served task=2 label=44 result=74263393 live=0
SLIME_CLOCK served task=3 label=44 result=74274801 live=0
SLIME_CLOCK served task=2 label=44 result=74290002 live=0
SLIME_CLOCK served task=3 label=44 result=74304616 live=0
SLIME_CLOCK served task=2 label=44 result=74319853 live=0
SLIME_CLOCK served task=3 label=44 result=74355488 live=0
SLIME_CLOCK served task=2 label=44 result=74371960 live=0
SLIME_CLOCK served task=3 label=44 result=74389473 live=0
SLIME_CLOCK served task=2 label=44 result=74404002 live=0
SLIME_CLOCK served task=3 label=44 result=74419115 live=0
SLIME_CLOCK served task=2 label=44 result=74433980 live=0
SLIME_CLOCK served task=3 label=44 result=74450481 live=0
SLIME_CLOCK served task=2 label=44 result=74464752 live=0
SLIME_CLOCK served task=3 label=44 result=74479934 live=0
SLIME_CLOCK served task=2 label=44 result=74494511 live=0
SLIME_CLOCK served task=3 label=44 result=74509670 live=0
SLIME_CLOCK served task=2 label=44 result=74523965 live=0
SLIME_CLOCK served task=3 label=44 result=74539000 live=0
SLIME_CLOCK served task=2 label=44 result=74553140 live=0
SLIME_CLOCK served task=3 label=44 result=74568830 live=0
SLIME_CLOCK served task=2 label=44 result=74584385 live=0
SLIME_CLOCK served task=3 label=44 result=74599532 live=0
SLIME_CLOCK served task=2 label=44 result=74613831 live=0
SLIME_CLOCK served task=3 label=44 result=74629108 live=0
SLIME_CLOCK served task=2 label=44 result=74643402 live=0
SLIME_CLOCK served task=3 label=44 result=74658454 live=0
SLIME_CLOCK served task=2 label=44 result=74672864 live=0
SLIME_CLOCK served task=3 label=44 result=74688175 live=0
SLIME_CLOCK served task=2 label=44 result=74703663 live=0
SLIME_CLOCK served task=3 label=44 result=74718887 live=0
SLIME_CLOCK served task=2 label=44 result=74733111 live=0
SLIME_CLOCK served task=3 label=44 result=74748775 live=0
SLIME_CLOCK served task=2 label=44 result=74762805 live=0
SLIME_CLOCK served task=3 label=44 result=74777504 live=0
SLIME_CLOCK served task=2 label=44 result=74791678 live=0
SLIME_CLOCK served task=3 label=44 result=74807317 live=0
SLIME_CLOCK served task=2 label=44 result=74821641 live=0
SLIME_CLOCK served task=3 label=44 result=74864204 live=0
SLIME_CLOCK served task=2 label=44 result=74891296 live=0
SLIME_CLOCK served task=3 label=44 result=74904483 live=0
SLIME_CLOCK served task=2 label=44 result=74916604 live=0
SLIME_CLOCK served task=3 label=44 result=74929057 live=0
SLIME_CLOCK served task=2 label=44 result=74941394 live=0
SLIME_CLOCK served task=3 label=44 result=74957504 live=0
SLIME_CLOCK served task=2 label=44 result=74969408 live=0
SLIME_CLOCK served task=3 label=44 result=74982031 live=0
SLIME_CLOCK served task=2 label=44 result=74994268 live=0
SLIME_CLOCK served task=3 label=44 result=75006632 live=0
SLIME_CLOCK served task=2 label=44 result=75018659 live=0
SLIME_CLOCK served task=3 label=44 result=75031156 live=0
SLIME_CLOCK served task=2 label=44 result=75043264 live=0
SLIME_CLOCK served task=3 label=44 result=75056247 live=0
SLIME_CLOCK served task=2 label=44 result=75068126 live=0
SLIME_CLOCK served task=3 label=44 result=75081581 live=0
SLIME_CLOCK served task=2 label=44 result=75093706 live=0
SLIME_CLOCK served task=3 label=44 result=75105712 live=0
SLIME_CLOCK served task=2 label=44 result=75117678 live=0
SLIME_CLOCK served task=3 label=44 result=75130231 live=0
SLIME_CLOCK served task=2 label=44 result=75142141 live=0
SLIME_CLOCK served task=3 label=44 result=75154633 live=0
SLIME_CLOCK served task=2 label=44 result=75166496 live=0
SLIME_CLOCK served task=3 label=44 result=75178944 live=0
SLIME_CLOCK served task=2 label=44 result=75190654 live=0
SLIME_CLOCK served task=3 label=44 result=75203107 live=0
SLIME_CLOCK served task=2 label=44 result=75216112 live=0
SLIME_CLOCK served task=3 label=44 result=75228715 live=0
SLIME_CLOCK served task=2 label=44 result=75240792 live=0
SLIME_CLOCK served task=3 label=44 result=75257201 live=0
SLIME_CLOCK served task=2 label=44 result=75271462 live=0
SLIME_CLOCK served task=3 label=44 result=75285348 live=0
SLIME_CLOCK served task=2 label=44 result=75294733 live=0
SLIME_CLOCK served task=3 label=44 result=75304720 live=0
SLIME_CLOCK served task=2 label=44 result=75314466 live=0
SLIME_CLOCK served task=3 label=44 result=75324425 live=0
SLIME_CLOCK served task=2 label=44 result=75335894 live=0
SLIME_CLOCK served task=3 label=44 result=75347090 live=0
SLIME_CLOCK served task=2 label=44 result=75357550 live=0
SLIME_CLOCK served task=3 label=44 result=75368988 live=0
SLIME_CLOCK served task=2 label=44 result=75379546 live=0
SLIME_CLOCK served task=3 label=44 result=75390561 live=0
SLIME_CLOCK served task=2 label=44 result=75403027 live=0
SLIME_CLOCK served task=3 label=44 result=75418316 live=0
SLIME_CLOCK served task=2 label=44 result=75432820 live=0
SLIME_CLOCK served task=3 label=44 result=75447865 live=0
SLIME_CLOCK served task=2 label=44 result=75470205 live=0
SLIME_CLOCK served task=3 label=44 result=75483258 live=0
SLIME_CLOCK served task=2 label=44 result=75495011 live=0
SLIME_CLOCK served task=3 label=44 result=75507368 live=0
SLIME_CLOCK served task=2 label=44 result=75521113 live=0
SLIME_CLOCK served task=3 label=44 result=75534186 live=0
SLIME_CLOCK served task=2 label=44 result=75545977 live=0
SLIME_CLOCK served task=3 label=44 result=75558746 live=0
SLIME_CLOCK served task=2 label=44 result=75570509 live=0
SLIME_CLOCK served task=3 label=44 result=75583029 live=0
SLIME_CLOCK served task=2 label=44 result=75597971 live=0
SLIME_CLOCK served task=3 label=44 result=75612418 live=0
SLIME_CLOCK served task=2 label=44 result=75626012 live=0
SLIME_CLOCK served task=3 label=44 result=75640299 live=0
SLIME_CLOCK served task=2 label=44 result=75653764 live=0
SLIME_CLOCK served task=3 label=44 result=75667974 live=0
SLIME_CLOCK served task=2 label=44 result=75681977 live=0
SLIME_CLOCK served task=3 label=44 result=75696170 live=0
SLIME_CLOCK served task=2 label=44 result=75709733 live=0
SLIME_CLOCK served task=3 label=44 result=75725643 live=0
SLIME_CLOCK served task=2 label=44 result=75739224 live=0
SLIME_CLOCK served task=3 label=44 result=75753874 live=0
SLIME_CLOCK served task=2 label=44 result=75767369 live=0
SLIME_CLOCK served task=3 label=44 result=75780280 live=0
SLIME_CLOCK served task=2 label=44 result=75792326 live=0
SLIME_CLOCK served task=3 label=44 result=75805567 live=0
SLIME_CLOCK served task=2 label=44 result=75817553 live=0
SLIME_CLOCK served task=3 label=44 result=75830178 live=0
SLIME_CLOCK served task=2 label=44 result=75843383 live=0
SLIME_CLOCK served task=3 label=44 result=75856216 live=0
SLIME_CLOCK served task=2 label=44 result=75869234 live=0
SLIME_CLOCK served task=3 label=44 result=75886328 live=0
SLIME_CLOCK served task=2 label=44 result=75900687 live=0
SLIME_CLOCK served task=3 label=44 result=75915063 live=0
SLIME_CLOCK served task=2 label=44 result=75926749 live=0
SLIME_CLOCK served task=3 label=44 result=75942358 live=0
SLIME_CLOCK served task=2 label=44 result=75956735 live=0
SLIME_CLOCK served task=3 label=44 result=75976022 live=0
SLIME_CLOCK served task=2 label=44 result=75993725 live=0
SLIME_CLOCK served task=3 label=44 result=76011500 live=0
SLIME_CLOCK served task=2 label=44 result=76026778 live=0
SLIME_CLOCK served task=3 label=44 result=76039358 live=0
SLIME_CLOCK served task=2 label=44 result=76050870 live=0
SLIME_CLOCK served task=3 label=44 result=76063381 live=0
SLIME_CLOCK served task=2 label=44 result=76075055 live=0
SLIME_CLOCK served task=3 label=44 result=76086808 live=0
SLIME_CLOCK served task=2 label=44 result=76099711 live=0
SLIME_CLOCK served task=3 label=44 result=76111901 live=0
SLIME_CLOCK served task=2 label=44 result=76123818 live=0
SLIME_CLOCK served task=3 label=44 result=76134851 live=0
SLIME_CLOCK served task=2 label=44 result=76145318 live=0
SLIME_CLOCK served task=3 label=44 result=76156387 live=0
SLIME_CLOCK served task=2 label=44 result=76166859 live=0
SLIME_CLOCK served task=3 label=44 result=76178189 live=0
SLIME_CLOCK served task=2 label=44 result=76188967 live=0
SLIME_CLOCK served task=3 label=44 result=76200191 live=0
SLIME_CLOCK served task=2 label=44 result=76210785 live=0
SLIME_CLOCK served task=3 label=44 result=76222754 live=0
SLIME_CLOCK served task=2 label=44 result=76233553 live=0
SLIME_CLOCK served task=3 label=44 result=76245338 live=0
SLIME_CLOCK served task=2 label=44 result=76257403 live=0
SLIME_CLOCK served task=3 label=44 result=76270190 live=0
SLIME_CLOCK served task=2 label=44 result=76282639 live=0
SLIME_CLOCK served task=3 label=44 result=76295279 live=0
SLIME_CLOCK served task=2 label=44 result=76308154 live=0
SLIME_CLOCK served task=3 label=44 result=76320720 live=0
SLIME_CLOCK served task=2 label=44 result=76332880 live=0
SLIME_CLOCK served task=3 label=44 result=76345985 live=0
SLIME_CLOCK served task=2 label=44 result=76359586 live=0
SLIME_CLOCK served task=3 label=44 result=76372781 live=0
SLIME_CLOCK served task=2 label=44 result=76384295 live=0
SLIME_CLOCK served task=3 label=44 result=76397037 live=0
SLIME_CLOCK served task=2 label=44 result=76410771 live=0
SLIME_CLOCK served task=3 label=44 result=76428142 live=0
SLIME_CLOCK served task=2 label=44 result=76444451 live=0
SLIME_CLOCK served task=3 label=44 result=76459799 live=0
SLIME_CLOCK served task=2 label=44 result=76474194 live=0
SLIME_CLOCK served task=3 label=44 result=76502503 live=0
SLIME_CLOCK served task=3 label=44 result=76520050 live=0
SLIME_CLOCK served task=2 label=44 result=76531262 live=0
SLIME_IO payload dma pages=1 frames=1 writable=true direction=DeviceWrite
SLIME_IO payload frame index=0 slot=1132 paddr=Some(1613012992)
SLIME_IO payload dma pages=1 frames=1 writable=true direction=DeviceRead
SLIME_IO payload frame index=0 slot=1144 paddr=Some(1613062144)
SLIME_CLOCK served task=3 label=44 result=76605954 live=0
SLIME_CLOCK served task=3 label=44 result=76619162 live=0
SLIME_CLOCK served task=2 label=44 result=76630338 live=0
SLIME_CLOCK served task=3 label=44 result=76642657 live=0
SLIME_CLOCK served task=2 label=44 result=76653711 live=0
SLIME_CLOCK served task=3 label=44 result=76665900 live=0
SLIME_CLOCK served task=2 label=44 result=76677253 live=0
SLIME_CLOCK served task=3 label=44 result=76689527 live=0
SLIME_CLOCK served task=2 label=44 result=76701443 live=0
SLIME_CLOCK served task=3 label=44 result=76714325 live=0
SLIME_CLOCK served task=2 label=44 result=76726730 live=0
SLIME_CLOCK served task=3 label=44 result=76739605 live=0
SLIME_CLOCK served task=2 label=44 result=76753036 live=0
SLIME_CLOCK served task=3 label=44 result=76765842 live=0
SLIME_CLOCK served task=2 label=44 result=76778274 live=0
SLIME_CLOCK served task=3 label=44 result=76791202 live=0
SLIME_CLOCK served task=2 label=44 result=76803275 live=0
SLIME_CLOCK served task=3 label=44 result=76816327 live=0
SLIME_CLOCK served task=2 label=44 result=76828585 live=0
SLIME_CLOCK served task=3 label=44 result=76841421 live=0
SLIME_CLOCK served task=2 label=44 result=76853930 live=0
SLIME_CLOCK served task=3 label=44 result=76867839 live=0
SLIME_CLOCK served task=2 label=44 result=76879768 live=0
SLIME_CLOCK served task=3 label=44 result=76892405 live=0
SLIME_CLOCK served task=2 label=44 result=76904299 live=0
SLIME_CLOCK served task=3 label=44 result=76916929 live=0
SLIME_CLOCK served task=2 label=44 result=76928506 live=0
SLIME_CLOCK served task=3 label=44 result=76942215 live=0
SLIME_CLOCK served task=2 label=44 result=76952220 live=0
SLIME_CLOCK served task=3 label=44 result=76963000 live=0
SLIME_CLOCK served task=2 label=44 result=76976204 live=0
SLIME_CLOCK served task=3 label=44 result=76991787 live=0
SLIME_CLOCK served task=2 label=44 result=77007265 live=0
SLIME_CLOCK served task=3 label=44 result=77023256 live=0
SLIME_CLOCK served task=2 label=44 result=77038087 live=0
SLIME_CLOCK served task=3 label=44 result=77053668 live=0
SLIME_CLOCK served task=2 label=44 result=77072030 live=0
SLIME_CLOCK served task=3 label=44 result=77084369 live=0
SLIME_CLOCK served task=2 label=44 result=77096130 live=0
SLIME_CLOCK served task=3 label=44 result=77108718 live=0
SLIME_CLOCK served task=2 label=44 result=77122266 live=0
SLIME_CLOCK served task=3 label=44 result=77134570 live=0
SLIME_CLOCK served task=2 label=44 result=77146140 live=0
SLIME_CLOCK served task=3 label=44 result=77158648 live=0
SLIME_CLOCK served task=2 label=44 result=77170102 live=0
SLIME_CLOCK served task=3 label=44 result=77182011 live=0
SLIME_CLOCK served task=2 label=44 result=77192886 live=0
SLIME_CLOCK served task=3 label=44 result=77203770 live=0
SLIME_CLOCK served task=2 label=44 result=77213998 live=0
SLIME_CLOCK served task=3 label=44 result=77224926 live=0
SLIME_CLOCK served task=2 label=44 result=77235728 live=0
SLIME_CLOCK served task=3 label=44 result=77248625 live=0
SLIME_CLOCK served task=2 label=44 result=77259527 live=0
SLIME_CLOCK served task=3 label=44 result=77270304 live=0
SLIME_CLOCK served task=2 label=44 result=77280746 live=0
SLIME_CLOCK served task=3 label=44 result=77291811 live=0
SLIME_CLOCK served task=2 label=44 result=77303116 live=0
SLIME_CLOCK served task=3 label=44 result=77315584 live=0
SLIME_CLOCK served task=2 label=44 result=77326084 live=0
SLIME_CLOCK served task=3 label=44 result=77336773 live=0
SLIME_CLOCK served task=2 label=44 result=77347651 live=0
SLIME_CLOCK served task=3 label=44 result=77359439 live=0
SLIME_CLOCK served task=2 label=44 result=77370091 live=0
SLIME_CLOCK served task=3 label=44 result=77383027 live=0
SLIME_CLOCK served task=2 label=44 result=77393817 live=0
SLIME_CLOCK served task=3 label=44 result=77405157 live=0
SLIME_CLOCK served task=2 label=44 result=77415507 live=0
SLIME_CLOCK served task=3 label=44 result=77427009 live=0
SLIME_CLOCK served task=2 label=44 result=77437921 live=0
SLIME_CLOCK served task=3 label=44 result=77450090 live=0
SLIME_CLOCK served task=2 label=44 result=77462670 live=0
SLIME_CLOCK served task=3 label=44 result=77477602 live=0
SLIME_CLOCK served task=2 label=44 result=77491942 live=0
SLIME_CLOCK served task=3 label=44 result=77511310 live=0
SLIME_CLOCK served task=2 label=44 result=77527285 live=0
SLIME_CLOCK served task=3 label=44 result=77545208 live=0
SLIME_CLOCK served task=2 label=44 result=77564323 live=0
SLIME_CLOCK served task=3 label=44 result=77584720 live=0
SLIME_CLOCK served task=2 label=44 result=77603999 live=0
SLIME_CLOCK served task=3 label=44 result=77620535 live=0
SLIME_CLOCK served task=2 label=44 result=77636612 live=0
SLIME_CLOCK served task=3 label=44 result=77652473 live=0
SLIME_CLOCK served task=2 label=44 result=77666919 live=0
SLIME_CLOCK served task=3 label=44 result=77682610 live=0
SLIME_CLOCK served task=2 label=44 result=77697150 live=0
SLIME_CLOCK served task=3 label=44 result=77712573 live=0
SLIME_CLOCK served task=2 label=44 result=77727150 live=0
SLIME_CLOCK served task=3 label=44 result=77742512 live=0
SLIME_CLOCK served task=2 label=44 result=77758803 live=0
SLIME_CLOCK served task=3 label=44 result=77774328 live=0
SLIME_CLOCK served task=2 label=44 result=77788731 live=0
SLIME_CLOCK served task=3 label=44 result=77804320 live=0
SLIME_CLOCK served task=2 label=44 result=77819188 live=0
SLIME_CLOCK served task=3 label=44 result=77834836 live=0
SLIME_CLOCK served task=2 label=44 result=77849325 live=0
SLIME_CLOCK served task=3 label=44 result=77865086 live=0
SLIME_CLOCK served task=2 label=44 result=77881069 live=0
SLIME_CLOCK served task=3 label=44 result=77896888 live=0
SLIME_CLOCK served task=2 label=44 result=77911507 live=0
SLIME_CLOCK served task=3 label=44 result=77927143 live=0
SLIME_CLOCK served task=2 label=44 result=77941912 live=0
SLIME_CLOCK served task=3 label=44 result=77957134 live=0
SLIME_CLOCK served task=2 label=44 result=77969500 live=0
SLIME_CLOCK served task=3 label=44 result=77979643 live=0
SLIME_CLOCK served task=2 label=44 result=77989140 live=0
SLIME_CLOCK served task=3 label=44 result=77999819 live=0
SLIME_CLOCK served task=2 label=44 result=78013045 live=0
SLIME_CLOCK served task=3 label=44 result=78025601 live=0
SLIME_CLOCK served task=2 label=44 result=78037164 live=0
SLIME_CLOCK served task=3 label=44 result=78049457 live=0
SLIME_CLOCK served task=2 label=44 result=78061115 live=0
SLIME_CLOCK served task=3 label=44 result=78073199 live=0
SLIME_CLOCK served task=2 label=44 result=78083941 live=0
SLIME_CLOCK served task=3 label=44 result=78098726 live=0
SLIME_CLOCK served task=2 label=44 result=78113297 live=0
SLIME_CLOCK served task=3 label=44 result=78129011 live=0
SLIME_CLOCK served task=2 label=44 result=78172243 live=0
SLIME_CLOCK served task=3 label=44 result=78202871 live=0
SLIME_CLOCK served task=2 label=44 result=78216424 live=0
SLIME_CLOCK served task=3 label=44 result=78231544 live=0
SLIME_CLOCK served task=2 label=44 result=78246157 live=0
SLIME_CLOCK served task=3 label=44 result=78256529 live=0
SLIME_CLOCK served task=2 label=44 result=78269510 live=0
SLIME_CLOCK served task=3 label=44 result=78281262 live=0
SLIME_CLOCK served task=2 label=44 result=78292126 live=0
SLIME_CLOCK served task=3 label=44 result=78303487 live=0
SLIME_CLOCK served task=2 label=44 result=78315126 live=0
SLIME_CLOCK served task=3 label=44 result=78326910 live=0
SLIME_CLOCK served task=2 label=44 result=78337722 live=0
SLIME_CLOCK served task=3 label=44 result=78349064 live=0
SLIME_CLOCK served task=2 label=44 result=78359867 live=0
SLIME_CLOCK served task=3 label=44 result=78371696 live=0
SLIME_CLOCK served task=2 label=44 result=78382617 live=0
SLIME_CLOCK served task=3 label=44 result=78395710 live=0
SLIME_CLOCK served task=2 label=44 result=78406865 live=0
SLIME_CLOCK served task=3 label=44 result=78418729 live=0
SLIME_CLOCK served task=2 label=44 result=78430213 live=0
SLIME_CLOCK served task=3 label=44 result=78442603 live=0
SLIME_CLOCK served task=2 label=44 result=78457908 live=0
SLIME_CLOCK served task=3 label=44 result=78472277 live=0
SLIME_CLOCK served task=2 label=44 result=78483791 live=0
SLIME_CLOCK served task=3 label=44 result=78495568 live=0
SLIME_CLOCK served task=2 label=44 result=78507119 live=0
SLIME_CLOCK served task=3 label=44 result=78520624 live=0
SLIME_CLOCK served task=2 label=44 result=78531895 live=0
SLIME_CLOCK served task=3 label=44 result=78543641 live=0
SLIME_CLOCK served task=2 label=44 result=78554733 live=0
SLIME_CLOCK served task=3 label=44 result=78566689 live=0
SLIME_CLOCK served task=2 label=44 result=78577893 live=0
SLIME_CLOCK served task=3 label=44 result=78589517 live=0
SLIME_CLOCK served task=2 label=44 result=78600740 live=0
SLIME_CLOCK served task=3 label=44 result=78612526 live=0
SLIME_CLOCK served task=2 label=44 result=78623743 live=0
SLIME_CLOCK served task=3 label=44 result=78635297 live=0
SLIME_CLOCK served task=2 label=44 result=78648427 live=0
SLIME_CLOCK served task=3 label=44 result=78660470 live=0
SLIME_CLOCK served task=2 label=44 result=78671593 live=0
SLIME_CLOCK served task=3 label=44 result=78683748 live=0
SLIME_CLOCK served task=2 label=44 result=78694954 live=0
SLIME_CLOCK served task=3 label=44 result=78709312 live=0
SLIME_CLOCK served task=2 label=44 result=78721542 live=0
SLIME_CLOCK served task=3 label=44 result=78736449 live=0
SLIME_CLOCK served task=2 label=44 result=78748328 live=0
SLIME_CLOCK served task=3 label=44 result=78760810 live=0
SLIME_CLOCK served task=2 label=44 result=78773715 live=0
SLIME_CLOCK served task=3 label=44 result=78786175 live=0
SLIME_CLOCK served task=2 label=44 result=78798040 live=0
SLIME_CLOCK served task=3 label=44 result=78810477 live=0
SLIME_CLOCK served task=2 label=44 result=78820650 live=0
SLIME_CLOCK served task=3 label=44 result=78831597 live=0
SLIME_CLOCK served task=2 label=44 result=78842541 live=0
SLIME_CLOCK served task=3 label=44 result=78854498 live=0
SLIME_CLOCK served task=2 label=44 result=78866166 live=0
SLIME_CLOCK served task=3 label=44 result=78881392 live=0
SLIME_CLOCK served task=2 label=44 result=78899437 live=0
SLIME_CLOCK served task=3 label=44 result=78917033 live=0
SLIME_CLOCK served task=2 label=44 result=78933751 live=0
SLIME_CLOCK served task=3 label=44 result=78951090 live=0
SLIME_CLOCK served task=2 label=44 result=78962147 live=0
SLIME_CLOCK served task=3 label=44 result=78973507 live=0
SLIME_CLOCK served task=2 label=44 result=78983907 live=0
SLIME_CLOCK served task=3 label=44 result=78994961 live=0
SLIME_CLOCK served task=2 label=44 result=79005914 live=0
SLIME_CLOCK served task=3 label=44 result=79020594 live=0
SLIME_CLOCK served task=2 label=44 result=79032180 live=0
SLIME_CLOCK served task=3 label=44 result=79042788 live=0
SLIME_CLOCK served task=2 label=44 result=79052744 live=0
SLIME_CLOCK served task=3 label=44 result=79063714 live=0
SLIME_CLOCK served task=2 label=44 result=79073685 live=0
SLIME_CLOCK served task=3 label=44 result=79084261 live=0
SLIME_CLOCK served task=2 label=44 result=79094246 live=0
SLIME_CLOCK served task=3 label=44 result=79104844 live=0
SLIME_CLOCK served task=2 label=44 result=79114822 live=0
SLIME_CLOCK served task=3 label=44 result=79125742 live=0
SLIME_CLOCK served task=2 label=44 result=79135684 live=0
SLIME_CLOCK served task=3 label=44 result=79149136 live=0
SLIME_CLOCK served task=2 label=44 result=79198290 live=0
SLIME_CLOCK served task=3 label=44 result=79225195 live=0
SLIME_CLOCK served task=2 label=44 result=79237877 live=0
SLIME_CLOCK served task=3 label=44 result=79250968 live=0
SLIME_CLOCK served task=2 label=44 result=79262358 live=0
SLIME_CLOCK served task=3 label=44 result=79275434 live=0
SLIME_CLOCK served task=2 label=44 result=79287364 live=0
SLIME_CLOCK served task=3 label=44 result=79299458 live=0
SLIME_CLOCK served task=2 label=44 result=79311613 live=0
SLIME_CLOCK served task=3 label=44 result=79323914 live=0
SLIME_CLOCK served task=2 label=44 result=79335550 live=0
SLIME_CLOCK served task=3 label=44 result=79347803 live=0
SLIME_CLOCK served task=2 label=44 result=79359781 live=0
SLIME_CLOCK served task=3 label=44 result=79372447 live=0
SLIME_CLOCK served task=2 label=44 result=79384254 live=0
SLIME_CLOCK served task=3 label=44 result=79396563 live=0
SLIME_CLOCK served task=2 label=44 result=79409328 live=0
SLIME_CLOCK served task=3 label=44 result=79421604 live=0
SLIME_CLOCK served task=2 label=44 result=79433884 live=0
SLIME_CLOCK served task=3 label=44 result=79446151 live=0
SLIME_CLOCK served task=2 label=44 result=79457924 live=0
SLIME_CLOCK served task=3 label=44 result=79470360 live=0
SLIME_CLOCK served task=2 label=44 result=79482212 live=0
SLIME_CLOCK served task=3 label=44 result=79494903 live=0
SLIME_CLOCK served task=2 label=44 result=79507095 live=0
SLIME_CLOCK served task=3 label=44 result=79519046 live=0
SLIME_CLOCK served task=2 label=44 result=79532010 live=0
SLIME_CLOCK served task=3 label=44 result=79544429 live=0
SLIME_CLOCK served task=2 label=44 result=79556633 live=0
SLIME_CLOCK served task=3 label=44 result=79569335 live=0
SLIME_CLOCK served task=2 label=44 result=79581084 live=0
SLIME_CLOCK served task=3 label=44 result=79593368 live=0
SLIME_CLOCK served task=2 label=44 result=79605130 live=0
SLIME_CLOCK served task=3 label=44 result=79617725 live=0
SLIME_CLOCK served task=2 label=44 result=79631887 live=0
SLIME_CLOCK served task=3 label=44 result=79646955 live=0
SLIME_CLOCK served task=2 label=44 result=79665243 live=0
SLIME_CLOCK served task=3 label=44 result=79683526 live=0
SLIME_CLOCK served task=2 label=44 result=79702293 live=0
SLIME_CLOCK served task=3 label=44 result=79719297 live=0
SLIME_CLOCK served task=2 label=44 result=79731329 live=0
SLIME_CLOCK served task=3 label=44 result=79743817 live=0
SLIME_CLOCK served task=2 label=44 result=79755797 live=0
SLIME_CLOCK served task=3 label=44 result=79768237 live=0
SLIME_CLOCK served task=2 label=44 result=79782948 live=0
SLIME_CLOCK served task=3 label=44 result=79799095 live=0
SLIME_CLOCK served task=2 label=44 result=79813898 live=0
SLIME_CLOCK served task=3 label=44 result=79829081 live=0
SLIME_CLOCK served task=2 label=44 result=79843538 live=0
SLIME_CLOCK served task=3 label=44 result=79857198 live=0
SLIME_CLOCK served task=2 label=44 result=79866618 live=0
SLIME_CLOCK served task=3 label=44 result=79877998 live=0
SLIME_CLOCK served task=2 label=44 result=79890013 live=0
SLIME_CLOCK served task=3 label=44 result=79899958 live=0
SLIME_CLOCK served task=2 label=44 result=79911835 live=0
SLIME_CLOCK served task=3 label=44 result=79923337 live=0
SLIME_CLOCK served task=2 label=44 result=79934376 live=0
SLIME_CLOCK served task=3 label=44 result=79946030 live=0
SLIME_CLOCK served task=2 label=44 result=79956899 live=0
SLIME_CLOCK served task=3 label=44 result=79968443 live=0
SLIME_CLOCK served task=2 label=44 result=79979493 live=0
SLIME_CLOCK served task=3 label=44 result=79990913 live=0
SLIME_CLOCK served task=2 label=44 result=80001993 live=0
SLIME_CLOCK served task=3 label=44 result=80013535 live=0
SLIME_CLOCK served task=2 label=44 result=80025055 live=0
SLIME_CLOCK served task=3 label=44 result=80038331 live=0
SLIME_CLOCK served task=2 label=44 result=80050157 live=0
SLIME_CLOCK served task=3 label=44 result=80062559 live=0
SLIME_CLOCK served task=2 label=44 result=80074150 live=0
SLIME_CLOCK served task=3 label=44 result=80086699 live=0
SLIME_CLOCK served task=2 label=44 result=80098513 live=0
SLIME_CLOCK served task=3 label=44 result=80110529 live=0
SLIME_CLOCK served task=2 label=44 result=80122401 live=0
SLIME_CLOCK served task=3 label=44 result=80133912 live=0
SLIME_CLOCK served task=2 label=44 result=80144731 live=0
SLIME_CLOCK served task=3 label=44 result=80156482 live=0
SLIME_CLOCK served task=2 label=44 result=80168612 live=0
SLIME_CLOCK served task=3 label=44 result=80180288 live=0
SLIME_CLOCK served task=2 label=44 result=80191693 live=0
SLIME_CLOCK served task=3 label=44 result=80203969 live=0
SLIME_CLOCK served task=2 label=44 result=80216036 live=0
SLIME_CLOCK served task=3 label=44 result=80228908 live=0
SLIME_CLOCK served task=2 label=44 result=80244288 live=0
SLIME_CLOCK served task=3 label=44 result=80259689 live=0
SLIME_CLOCK served task=2 label=44 result=80273886 live=0
SLIME_CLOCK served task=3 label=44 result=80291486 live=0
SLIME_CLOCK served task=2 label=44 result=80306856 live=0
SLIME_CLOCK served task=3 label=44 result=80322527 live=0
SLIME_CLOCK served task=2 label=44 result=80337162 live=0
SLIME_CLOCK served task=3 label=44 result=80349245 live=0
SLIME_CLOCK served task=2 label=44 result=80358906 live=0
SLIME_CLOCK served task=3 label=44 result=80372060 live=0
SLIME_CLOCK served task=2 label=44 result=80387100 live=0
SLIME_CLOCK served task=3 label=44 result=80402478 live=0
SLIME_CLOCK served task=2 label=44 result=80423110 live=0
SLIME_CLOCK served task=3 label=44 result=80446658 live=0
SLIME_CLOCK served task=2 label=44 result=80457674 live=0
SLIME_CLOCK served task=3 label=44 result=80472665 live=0
SLIME_CLOCK served task=2 label=44 result=80487409 live=0
SLIME_CLOCK served task=3 label=44 result=80503152 live=0
SLIME_CLOCK served task=2 label=44 result=80517727 live=0
SLIME_CLOCK served task=3 label=44 result=80533058 live=0
SLIME_CLOCK served task=2 label=44 result=80548915 live=0
SLIME_CLOCK served task=3 label=44 result=80564818 live=0
SLIME_CLOCK served task=2 label=44 result=80579383 live=0
SLIME_CLOCK served task=3 label=44 result=80594805 live=0
SLIME_CLOCK served task=2 label=44 result=80609360 live=0
SLIME_CLOCK served task=3 label=44 result=80625148 live=0
SLIME_CLOCK served task=2 label=44 result=80639764 live=0
SLIME_CLOCK served task=3 label=44 result=80655284 live=0
SLIME_CLOCK served task=2 label=44 result=80670211 live=0
SLIME_CLOCK served task=2 label=44 result=80686578 live=0
SLIME_CLOCK served task=3 label=44 result=80702099 live=0
SLIME_CLOCK served task=2 label=44 result=80716726 live=0
SLIME_CLOCK served task=3 label=44 result=80732201 live=0
SLIME_CLOCK served task=2 label=44 result=80747066 live=0
SLIME_CLOCK served task=3 label=44 result=80762519 live=0
SLIME_CLOCK served task=2 label=44 result=80777104 live=0
SLIME_CLOCK served task=3 label=44 result=80792569 live=0
SLIME_CLOCK served task=2 label=44 result=80809548 live=0
SLIME_CLOCK served task=3 label=44 result=80825281 live=0
SLIME_CLOCK served task=2 label=44 result=80839605 live=0
SLIME_CLOCK served task=3 label=44 result=80854883 live=0
SLIME_CLOCK served task=2 label=44 result=80864534 live=0
SLIME_CLOCK served task=3 label=44 result=80878958 live=0
SLIME_CLOCK served task=2 label=44 result=80893749 live=0
SLIME_CLOCK served task=3 label=44 result=80909473 live=0
SLIME_CLOCK served task=2 label=44 result=80926669 live=0
SLIME_CLOCK served task=3 label=44 result=80948969 live=0
SLIME_CLOCK served task=2 label=44 result=80960157 live=0
SLIME_CLOCK served task=3 label=44 result=80971645 live=0
SLIME_CLOCK served task=2 label=44 result=80982757 live=0
SLIME_CLOCK served task=3 label=44 result=80994774 live=0
SLIME_CLOCK served task=2 label=44 result=81005919 live=0
SLIME_CLOCK served task=3 label=44 result=81017431 live=0
SLIME_CLOCK served task=2 label=44 result=81028375 live=0
SLIME_CLOCK served task=3 label=44 result=81039857 live=0
SLIME_CLOCK served task=2 label=44 result=81051772 live=0
SLIME_CLOCK served task=3 label=44 result=81063840 live=0
SLIME_CLOCK served task=2 label=44 result=81076709 live=0
SLIME_CLOCK served task=3 label=44 result=81091986 live=0
SLIME_CLOCK served task=2 label=44 result=81106284 live=0
SLIME_CLOCK served task=3 label=44 result=81122523 live=0
SLIME_CLOCK served task=2 label=44 result=81137280 live=0
SLIME_CLOCK served task=3 label=44 result=81153012 live=0
SLIME_CLOCK served task=2 label=44 result=81167735 live=0
SLIME_CLOCK served task=3 label=44 result=81186532 live=0
SLIME_CLOCK served task=2 label=44 result=81197990 live=0
SLIME_CLOCK served task=3 label=44 result=81208357 live=0
SLIME_CLOCK served task=2 label=44 result=81217855 live=0
SLIME_CLOCK served task=3 label=44 result=81231138 live=0
SLIME_CLOCK served task=2 label=44 result=81240907 live=0
SLIME_CLOCK served task=3 label=44 result=81251458 live=0
SLIME_CLOCK served task=2 label=44 result=81260871 live=0
SLIME_CLOCK served task=3 label=44 result=81271211 live=0
SLIME_CLOCK served task=2 label=44 result=81280699 live=0
SLIME_CLOCK served task=3 label=44 result=81290706 live=0
SLIME_CLOCK served task=2 label=44 result=81300128 live=0
SLIME_CLOCK served task=3 label=44 result=81316398 live=0
SLIME_CLOCK served task=2 label=44 result=81332989 live=0
SLIME_CLOCK served task=3 label=44 result=81350250 live=0
SLIME_CLOCK served task=2 label=44 result=81366809 live=0
SLIME_CLOCK served task=3 label=44 result=81384222 live=0
SLIME_CLOCK served task=2 label=44 result=81400698 live=0
SLIME_CLOCK served task=3 label=44 result=81417821 live=0
SLIME_CLOCK served task=2 label=44 result=81436234 live=0
SLIME_CLOCK served task=3 label=44 result=81453223 live=0
SLIME_CLOCK served task=2 label=44 result=81469797 live=0
SLIME_CLOCK served task=3 label=44 result=81486810 live=0
SLIME_CLOCK served task=2 label=44 result=81503675 live=0
SLIME_CLOCK served task=3 label=44 result=81520703 live=0
SLIME_CLOCK served task=2 label=44 result=81537758 live=0
SLIME_CLOCK served task=3 label=44 result=81552925 live=0
SLIME_CLOCK served task=2 label=44 result=81577967 live=0
SLIME_CLOCK served task=3 label=44 result=81594552 live=0
SLIME_CLOCK served task=2 label=44 result=81609375 live=0
SLIME_CLOCK served task=3 label=44 result=81625384 live=0
SLIME_CLOCK served task=2 label=44 result=81640198 live=0
SLIME_CLOCK served task=3 label=44 result=81654393 live=0
SLIME_CLOCK served task=2 label=44 result=81663906 live=0
SLIME_CLOCK served task=3 label=44 result=81673991 live=0
SLIME_CLOCK served task=2 label=44 result=81683985 live=0
SLIME_CLOCK served task=3 label=44 result=81700901 live=0
SLIME_CLOCK served task=2 label=44 result=81715605 live=0
SLIME_CLOCK served task=3 label=44 result=81730968 live=0
SLIME_CLOCK served task=2 label=44 result=81745977 live=0
SLIME_CLOCK served task=3 label=44 result=81761665 live=0
SLIME_CLOCK served task=2 label=44 result=81776422 live=0
SLIME_CLOCK served task=3 label=44 result=81791861 live=0
SLIME_CLOCK served task=2 label=44 result=81801404 live=0
SLIME_CLOCK served task=3 label=44 result=81816399 live=0
SLIME_CLOCK served task=2 label=44 result=81827283 live=0
SLIME_CLOCK served task=3 label=44 result=81838633 live=0
SLIME_CLOCK served task=2 label=44 result=81849269 live=0
SLIME_CLOCK served task=3 label=44 result=81860386 live=0
SLIME_CLOCK served task=2 label=44 result=81871255 live=0
SLIME_CLOCK served task=3 label=44 result=81882271 live=0
SLIME_CLOCK served task=2 label=44 result=81892537 live=0
SLIME_CLOCK served task=3 label=44 result=81903762 live=0
SLIME_CLOCK served task=2 label=44 result=81914185 live=0
SLIME_CLOCK served task=3 label=44 result=81926111 live=0
SLIME_CLOCK served task=2 label=44 result=81937123 live=0
SLIME_CLOCK served task=3 label=44 result=81950547 live=0
SLIME_CLOCK served task=2 label=44 result=81961704 live=0
SLIME_CLOCK served task=3 label=44 result=81978365 live=0
SLIME_CLOCK served task=2 label=44 result=81989616 live=0
SLIME_CLOCK served task=3 label=44 result=82001779 live=0
SLIME_CLOCK served task=2 label=44 result=82013121 live=0
SLIME_CLOCK served task=3 label=44 result=82025005 live=0
SLIME_CLOCK served task=2 label=44 result=82037414 live=0
SLIME_CLOCK served task=3 label=44 result=82048940 live=0
SLIME_CLOCK served task=2 label=44 result=82060479 live=0
SLIME_CLOCK served task=3 label=44 result=82074197 live=0
SLIME_CLOCK served task=2 label=44 result=82085574 live=0
SLIME_CLOCK served task=3 label=44 result=82097421 live=0
SLIME_CLOCK served task=2 label=44 result=82109111 live=0
SLIME_CLOCK served task=3 label=44 result=82120381 live=0
SLIME_CLOCK served task=2 label=44 result=82131282 live=0
SLIME_CLOCK served task=3 label=44 result=82143532 live=0
SLIME_CLOCK served task=2 label=44 result=82154662 live=0
SLIME_CLOCK served task=3 label=44 result=82167166 live=0
SLIME_CLOCK served task=2 label=44 result=82176690 live=0
SLIME_CLOCK served task=3 label=44 result=82190314 live=0
SLIME_CLOCK served task=2 label=44 result=82212575 live=0
SLIME_CLOCK served task=3 label=44 result=82231031 live=0
SLIME_CLOCK served task=2 label=44 result=82247938 live=0
SLIME_CLOCK served task=3 label=44 result=82261724 live=0
SLIME_CLOCK served task=2 label=44 result=82272475 live=0
SLIME_CLOCK served task=3 label=44 result=82284240 live=0
SLIME_CLOCK served task=2 label=44 result=82295390 live=0
SLIME_CLOCK served task=3 label=44 result=82310142 live=0
SLIME_CLOCK served task=2 label=44 result=82326490 live=0
SLIME_CLOCK served task=3 label=44 result=82377145 live=0
SLIME_CLOCK served task=2 label=44 result=82426303 live=0
SLIME_CLOCK served task=3 label=44 result=82464698 live=0
SLIME_CLOCK served task=2 label=44 result=82506188 live=0
SLIME_CLOCK served task=3 label=44 result=82538749 live=0
SLIME_CLOCK served task=2 label=44 result=82571557 live=0
SLIME_CLOCK served task=3 label=44 result=82604528 live=0
SLIME_CLOCK served task=2 label=44 result=82627556 live=0
SLIME_CLOCK served task=3 label=44 result=82638399 live=0
SLIME_CLOCK served task=2 label=44 result=82649261 live=0
SLIME_CLOCK served task=3 label=44 result=82660999 live=0
SLIME_CLOCK served task=2 label=44 result=82671266 live=0
SLIME_CLOCK served task=3 label=44 result=82683295 live=0
SLIME_CLOCK served task=2 label=44 result=82694381 live=0
SLIME_CLOCK served task=3 label=44 result=82706613 live=0
SLIME_CLOCK served task=2 label=44 result=82718089 live=0
SLIME_CLOCK served task=3 label=44 result=82730301 live=0
SLIME_CLOCK served task=2 label=44 result=82741692 live=0
SLIME_CLOCK served task=3 label=44 result=82755928 live=0
SLIME_CLOCK served task=2 label=44 result=82769105 live=0
SLIME_CLOCK served task=3 label=44 result=82784791 live=0
SLIME_CLOCK served task=2 label=44 result=82799119 live=0
SLIME_CLOCK served task=3 label=44 result=82813828 live=0
SLIME_CLOCK served task=2 label=44 result=82825612 live=0
SLIME_CLOCK served task=3 label=44 result=82841339 live=0
SLIME_CLOCK served task=2 label=44 result=82856079 live=0
SLIME_CLOCK served task=3 label=44 result=82871673 live=0
SLIME_CLOCK served task=2 label=44 result=82885737 live=0
SLIME_CLOCK served task=3 label=44 result=82901071 live=0
SLIME_CLOCK served task=2 label=44 result=82915437 live=0
SLIME_CLOCK served task=3 label=44 result=82932773 live=0
SLIME_CLOCK served task=2 label=44 result=82949934 live=0
SLIME_CLOCK served task=3 label=44 result=82965878 live=0
SLIME_CLOCK served task=2 label=44 result=82980172 live=0
SLIME_CLOCK served task=3 label=44 result=82990277 live=0
SLIME_CLOCK served task=2 label=44 result=83004057 live=0
SLIME_CLOCK served task=3 label=44 result=83016966 live=0
SLIME_CLOCK served task=2 label=44 result=83028980 live=0
SLIME_CLOCK served task=3 label=44 result=83040233 live=0
SLIME_CLOCK served task=2 label=44 result=83050886 live=0
SLIME_CLOCK served task=3 label=44 result=83062282 live=0
SLIME_CLOCK served task=2 label=44 result=83073766 live=0
SLIME_CLOCK served task=3 label=44 result=83086020 live=0
SLIME_CLOCK served task=2 label=44 result=83097826 live=0
SLIME_CLOCK served task=3 label=44 result=83110420 live=0
SLIME_CLOCK served task=2 label=44 result=83124046 live=0
SLIME_CLOCK served task=3 label=44 result=83135986 live=0
SLIME_CLOCK served task=2 label=44 result=83146431 live=0
SLIME_CLOCK served task=3 label=44 result=83157207 live=0
SLIME_CLOCK served task=2 label=44 result=83168259 live=0
SLIME_CLOCK served task=3 label=44 result=83180667 live=0
SLIME_CLOCK served task=2 label=44 result=83192037 live=0
SLIME_CLOCK served task=3 label=44 result=83203815 live=0
SLIME_CLOCK served task=2 label=44 result=83215519 live=0
SLIME_CLOCK served task=3 label=44 result=83227130 live=0
SLIME_CLOCK served task=2 label=44 result=83238841 live=0
SLIME_CLOCK served task=3 label=44 result=83253855 live=0
SLIME_CLOCK served task=2 label=44 result=83267995 live=0
SLIME_CLOCK served task=3 label=44 result=83283331 live=0
SLIME_CLOCK served task=2 label=44 result=83297750 live=0
SLIME_CLOCK served task=3 label=44 result=83313341 live=0
SLIME_CLOCK served task=2 label=44 result=83327707 live=0
SLIME_CLOCK served task=3 label=44 result=83338367 live=0
SLIME_CLOCK served task=2 label=44 result=83347807 live=0
SLIME_CLOCK served task=3 label=44 result=83357785 live=0
SLIME_CLOCK served task=2 label=44 result=83367181 live=0
SLIME_CLOCK served task=3 label=44 result=83380579 live=0
SLIME_CLOCK served task=2 label=44 result=83390013 live=0
SLIME_CLOCK served task=3 label=44 result=83400489 live=0
SLIME_CLOCK served task=2 label=44 result=83440545 live=0
SLIME_CLOCK served task=3 label=44 result=83491945 live=0
SLIME_CLOCK served task=2 label=44 result=83514448 live=0
SLIME_CLOCK served task=3 label=44 result=83532211 live=0
SLIME_CLOCK served task=2 label=44 result=83550389 live=0
SLIME_CLOCK served task=3 label=44 result=83567729 live=0
SLIME_CLOCK served task=2 label=44 result=83581449 live=0
SLIME_CLOCK served task=3 label=44 result=83594162 live=0
SLIME_CLOCK served task=2 label=44 result=83606213 live=0
SLIME_CLOCK served task=3 label=44 result=83619283 live=0
SLIME_CLOCK served task=2 label=44 result=83631164 live=0
SLIME_CLOCK served task=3 label=44 result=83643953 live=0
SLIME_CLOCK served task=2 label=44 result=83656086 live=0
SLIME_CLOCK served task=3 label=44 result=83669730 live=0
SLIME_CLOCK served task=2 label=44 result=83682226 live=0
SLIME_CLOCK served task=3 label=44 result=83694821 live=0
SLIME_CLOCK served task=2 label=44 result=83707060 live=0
SLIME_CLOCK served task=3 label=44 result=83719668 live=0
SLIME_CLOCK served task=2 label=44 result=83731731 live=0
SLIME_CLOCK served task=3 label=44 result=83744713 live=0
SLIME_CLOCK served task=2 label=44 result=83757138 live=0
SLIME_CLOCK served task=3 label=44 result=83769823 live=0
SLIME_CLOCK served task=2 label=44 result=83781782 live=0
SLIME_CLOCK served task=3 label=44 result=83795212 live=0
SLIME_CLOCK served task=2 label=44 result=83807686 live=0
SLIME_CLOCK served task=3 label=44 result=83821630 live=0
SLIME_CLOCK served task=2 label=44 result=83837688 live=0
SLIME_CLOCK served task=3 label=44 result=83852630 live=0
SLIME_CLOCK served task=2 label=44 result=83868151 live=0
SLIME_CLOCK served task=3 label=44 result=83884073 live=0
SLIME_CLOCK served task=2 label=44 result=83898785 live=0
SLIME_CLOCK served task=3 label=44 result=83916368 live=0
SLIME_CLOCK served task=2 label=44 result=83958459 live=0
SLIME_CLOCK served task=3 label=44 result=83975742 live=0
SLIME_CLOCK served task=2 label=44 result=83992800 live=0
SLIME_CLOCK served task=3 label=44 result=84006187 live=0
SLIME_CLOCK served task=2 label=44 result=84015761 live=0
SLIME_CLOCK served task=3 label=44 result=84025876 live=0
SLIME_CLOCK served task=2 label=44 result=84035347 live=0
SLIME_CLOCK served task=3 label=44 result=84050456 live=0
SLIME_CLOCK served task=2 label=44 result=84067271 live=0
SLIME_CLOCK served task=3 label=44 result=84084731 live=0
SLIME_CLOCK served task=2 label=44 result=84101151 live=0
SLIME_CLOCK served task=3 label=44 result=84118417 live=0
SLIME_CLOCK served task=2 label=44 result=84135076 live=0
SLIME_CLOCK served task=3 label=44 result=84152415 live=0
SLIME_CLOCK served task=2 label=44 result=84169774 live=0
SLIME_CLOCK served task=3 label=44 result=84187265 live=0
SLIME_CLOCK served task=2 label=44 result=84204340 live=0
SLIME_CLOCK served task=3 label=44 result=84221910 live=0
SLIME_CLOCK served task=2 label=44 result=84238820 live=0
SLIME_CLOCK served task=3 label=44 result=84256532 live=0
SLIME_CLOCK served task=2 label=44 result=84273245 live=0
SLIME_CLOCK served task=3 label=44 result=84290504 live=0
SLIME_CLOCK served task=2 label=44 result=84308594 live=0
SLIME_CLOCK served task=3 label=44 result=84325708 live=0
SLIME_CLOCK served task=2 label=44 result=84342320 live=0
SLIME_CLOCK served task=3 label=44 result=84359467 live=0
SLIME_CLOCK served task=2 label=44 result=84376765 live=0
SLIME_CLOCK served task=3 label=44 result=84390141 live=0
SLIME_CLOCK served task=2 label=44 result=84399782 live=0
SLIME_CLOCK served task=3 label=44 result=84410040 live=0
SLIME_CLOCK served task=2 label=44 result=84422193 live=0
SLIME_CLOCK served task=3 label=44 result=84472074 live=0
SLIME_CLOCK served task=2 label=44 result=84488862 live=0
SLIME_CLOCK served task=3 label=44 result=84506768 live=0
SLIME_CLOCK served task=2 label=44 result=84524020 live=0
SLIME_CLOCK served task=3 label=44 result=84539818 live=0
SLIME_CLOCK served task=2 label=44 result=84552069 live=0
SLIME_CLOCK served task=3 label=44 result=84563787 live=0
SLIME_CLOCK served task=2 label=44 result=84574469 live=0
SLIME_CLOCK served task=3 label=44 result=84586715 live=0
SLIME_CLOCK served task=2 label=44 result=84598056 live=0
SLIME_CLOCK served task=3 label=44 result=84609572 live=0
SLIME_CLOCK served task=2 label=44 result=84620825 live=0
SLIME_CLOCK served task=3 label=44 result=84632984 live=0
SLIME_CLOCK served task=2 label=44 result=84643372 live=0
SLIME_CLOCK served task=3 label=44 result=84654265 live=0
SLIME_CLOCK served task=2 label=44 result=84664821 live=0
SLIME_CLOCK served task=3 label=44 result=84677541 live=0
SLIME_CLOCK served task=2 label=44 result=84688821 live=0
SLIME_CLOCK served task=3 label=44 result=84700358 live=0
SLIME_CLOCK served task=2 label=44 result=84710922 live=0
SLIME_CLOCK served task=3 label=44 result=84722779 live=0
SLIME_CLOCK served task=2 label=44 result=84733963 live=0
SLIME_CLOCK served task=3 label=44 result=84746271 live=0
SLIME_CLOCK served task=2 label=44 result=84757725 live=0
SLIME_CLOCK served task=3 label=44 result=84770238 live=0
SLIME_CLOCK served task=2 label=44 result=84781163 live=0
SLIME_CLOCK served task=3 label=44 result=84792843 live=0
SLIME_CLOCK served task=2 label=44 result=84804740 live=0
SLIME_CLOCK served task=3 label=44 result=84816405 live=0
SLIME_CLOCK served task=2 label=44 result=84827564 live=0
SLIME_CLOCK served task=3 label=44 result=84839202 live=0
SLIME_CLOCK served task=2 label=44 result=84850457 live=0
SLIME_CLOCK served task=3 label=44 result=84862042 live=0
SLIME_CLOCK served task=2 label=44 result=84872914 live=0
SLIME_CLOCK served task=3 label=44 result=84884792 live=0
SLIME_CLOCK served task=2 label=44 result=84895739 live=0
SLIME_CLOCK served task=3 label=44 result=84910336 live=0
SLIME_CLOCK served task=2 label=44 result=84924515 live=0
SLIME_CLOCK served task=3 label=44 result=84944325 live=0
SLIME_CLOCK served task=2 label=44 result=84959460 live=0
SLIME_CLOCK served task=3 label=44 result=84974936 live=0
SLIME_CLOCK served task=2 label=44 result=84989318 live=0
SLIME_CLOCK served task=3 label=44 result=85005702 live=0
SLIME_CLOCK served task=2 label=44 result=85022217 live=0
SLIME_CLOCK served task=3 label=44 result=85039727 live=0
SLIME_CLOCK served task=2 label=44 result=85059264 live=0
SLIME_CLOCK served task=3 label=44 result=85076830 live=0
SLIME_CLOCK served task=2 label=44 result=85092593 live=0
SLIME_CLOCK served task=3 label=44 result=85109026 live=0
SLIME_CLOCK served task=2 label=44 result=85124985 live=0
SLIME_CLOCK served task=3 label=44 result=85141471 live=0
SLIME_CLOCK served task=2 label=44 result=85157087 live=0
SLIME_CLOCK served task=3 label=44 result=85173614 live=0
SLIME_CLOCK served task=2 label=44 result=85190891 live=0
SLIME_CLOCK served task=3 label=44 result=85207550 live=0
SLIME_CLOCK served task=2 label=44 result=85223176 live=0
SLIME_CLOCK served task=3 label=44 result=85239785 live=0
SLIME_CLOCK served task=2 label=44 result=85255469 live=0
SLIME_CLOCK served task=3 label=44 result=85271940 live=0
SLIME_CLOCK served task=2 label=44 result=85287392 live=0
SLIME_CLOCK served task=3 label=44 result=85303722 live=0
SLIME_CLOCK served task=2 label=44 result=85320752 live=0
SLIME_CLOCK served task=3 label=44 result=85337290 live=0
SLIME_CLOCK served task=2 label=44 result=85352981 live=0
SLIME_CLOCK served task=3 label=44 result=85369772 live=0
SLIME_CLOCK served task=2 label=44 result=85385169 live=0
SLIME_CLOCK served task=3 label=44 result=85401652 live=0
SLIME_CLOCK served task=2 label=44 result=85417150 live=0
SLIME_CLOCK served task=3 label=44 result=85433419 live=0
SLIME_CLOCK served task=2 label=44 result=85454317 live=0
SLIME_CLOCK served task=3 label=44 result=85471758 live=0
SLIME_CLOCK served task=2 label=44 result=85486143 live=0
SLIME_CLOCK served task=3 label=44 result=85501820 live=0
SLIME_CLOCK served task=2 label=44 result=85516763 live=0
SLIME_CLOCK served task=3 label=44 result=85532406 live=0
SLIME_CLOCK served task=2 label=44 result=85547064 live=0
SLIME_CLOCK served task=3 label=44 result=85564816 live=0
SLIME_CLOCK served task=2 label=44 result=85579527 live=0
SLIME_CLOCK served task=3 label=44 result=85590963 live=0
SLIME_CLOCK served task=2 label=44 result=85601718 live=0
SLIME_CLOCK served task=3 label=44 result=85612803 live=0
SLIME_CLOCK served task=2 label=44 result=85623522 live=0
SLIME_CLOCK served task=3 label=44 result=85634710 live=0
SLIME_CLOCK served task=2 label=44 result=85645573 live=0
SLIME_CLOCK served task=3 label=44 result=85656875 live=0
SLIME_CLOCK served task=2 label=44 result=85671925 live=0
SLIME_CLOCK served task=3 label=44 result=85688763 live=0
SLIME_CLOCK served task=2 label=44 result=85705964 live=0
SLIME_CLOCK served task=3 label=44 result=85723218 live=0
SLIME_CLOCK served task=2 label=44 result=85739538 live=0
SLIME_CLOCK served task=3 label=44 result=85757411 live=0
SLIME_CLOCK served task=2 label=44 result=85774638 live=0
SLIME_CLOCK served task=3 label=44 result=85793180 live=0
SLIME_CLOCK served task=2 label=44 result=85811090 live=0
SLIME_CLOCK served task=3 label=44 result=85831972 live=0
SLIME_CLOCK served task=2 label=44 result=85843658 live=0
SLIME_CLOCK served task=3 label=44 result=85855133 live=0
SLIME_CLOCK served task=2 label=44 result=85865410 live=0
SLIME_CLOCK served task=3 label=44 result=85876928 live=0
SLIME_CLOCK served task=2 label=44 result=85887779 live=0
SLIME_CLOCK served task=3 label=44 result=85898980 live=0
SLIME_CLOCK served task=2 label=44 result=85909432 live=0
SLIME_CLOCK served task=3 label=44 result=85920439 live=0
SLIME_CLOCK served task=2 label=44 result=85931057 live=0
SLIME_CLOCK served task=3 label=44 result=85944217 live=0
SLIME_CLOCK served task=2 label=44 result=85959864 live=0
SLIME_CLOCK served task=3 label=44 result=85977745 live=0
SLIME_CLOCK served task=2 label=44 result=85993748 live=0
SLIME_CLOCK served task=3 label=44 result=86009305 live=0
SLIME_CLOCK served task=2 label=44 result=86023860 live=0
SLIME_CLOCK served task=3 label=44 result=86039325 live=0
SLIME_CLOCK served task=2 label=44 result=86053726 live=0
SLIME_CLOCK served task=3 label=44 result=86071710 live=0
SLIME_CLOCK served task=2 label=44 result=86097430 live=0
SLIME_CLOCK served task=3 label=44 result=86108825 live=0
SLIME_CLOCK served task=2 label=44 result=86119815 live=0
SLIME_CLOCK served task=3 label=44 result=86131082 live=0
SLIME_CLOCK served task=2 label=44 result=86145541 live=0
SLIME_CLOCK served task=3 label=44 result=86161256 live=0
SLIME_CLOCK served task=2 label=44 result=86172590 live=0
SLIME_CLOCK served task=3 label=44 result=86184217 live=0
SLIME_CLOCK served task=2 label=44 result=86194682 live=0
SLIME_CLOCK served task=3 label=44 result=86208089 live=0
SLIME_CLOCK served task=2 label=44 result=86221942 live=0
SLIME_CLOCK served task=3 label=44 result=86232960 live=0
SLIME_CLOCK served task=2 label=44 result=86243779 live=0
SLIME_CLOCK served task=3 label=44 result=86254846 live=0
SLIME_CLOCK served task=2 label=44 result=86265209 live=0
SLIME_CLOCK served task=3 label=44 result=86276700 live=0
SLIME_CLOCK served task=2 label=44 result=86287263 live=0
SLIME_CLOCK served task=3 label=44 result=86298272 live=0
SLIME_CLOCK served task=2 label=44 result=86308902 live=0
SLIME_CLOCK served task=3 label=44 result=86320165 live=0
SLIME_CLOCK served task=2 label=44 result=86332306 live=0
SLIME_CLOCK served task=3 label=44 result=86343583 live=0
SLIME_CLOCK served task=2 label=44 result=86354460 live=0
SLIME_CLOCK served task=3 label=44 result=86365442 live=0
SLIME_CLOCK served task=2 label=44 result=86376092 live=0
SLIME_CLOCK served task=3 label=44 result=86387200 live=0
SLIME_CLOCK served task=2 label=44 result=86397932 live=0
SLIME_CLOCK served task=3 label=44 result=86409234 live=0
SLIME_CLOCK served task=2 label=44 result=86419732 live=0
SLIME_CLOCK served task=3 label=44 result=86431101 live=0
SLIME_CLOCK served task=2 label=44 result=86442313 live=0
SLIME_CLOCK served task=3 label=44 result=86454634 live=0
SLIME_CLOCK served task=2 label=44 result=86465425 live=0
SLIME_CLOCK served task=3 label=44 result=86476070 live=0
SLIME_CLOCK served task=2 label=44 result=86488008 live=0
SLIME_CLOCK served task=3 label=44 result=86500584 live=0
SLIME_CLOCK served task=2 label=44 result=86511236 live=0
SLIME_CLOCK served task=3 label=44 result=86526525 live=0
SLIME_CLOCK served task=2 label=44 result=86541232 live=0
SLIME_CLOCK served task=3 label=44 result=86557137 live=0
SLIME_CLOCK served task=2 label=44 result=86571863 live=0
SLIME_CLOCK served task=3 label=44 result=86590228 live=0
SLIME_CLOCK served task=2 label=44 result=86602059 live=0
SLIME_CLOCK served task=3 label=44 result=86614677 live=0
SLIME_CLOCK served task=2 label=44 result=86626660 live=0
SLIME_CLOCK served task=3 label=44 result=86639018 live=0
SLIME_CLOCK served task=2 label=44 result=86649796 live=0
SLIME_CLOCK served task=3 label=44 result=86662585 live=0
SLIME_CLOCK served task=2 label=44 result=86677070 live=0
SLIME_CLOCK served task=3 label=44 result=86692648 live=0
SLIME_CLOCK served task=2 label=44 result=86715598 live=0
SLIME_CLOCK served task=3 label=44 result=86739012 live=0
SLIME_CLOCK served task=2 label=44 result=86750846 live=0
SLIME_CLOCK served task=3 label=44 result=86763246 live=0
SLIME_CLOCK served task=2 label=44 result=86776136 live=0
SLIME_CLOCK served task=3 label=44 result=86786161 live=0
SLIME_CLOCK served task=2 label=44 result=86795539 live=0
SLIME_CLOCK served task=3 label=44 result=86805713 live=0
SLIME_CLOCK served task=2 label=44 result=86815084 live=0
SLIME_CLOCK served task=3 label=44 result=86825276 live=0
SLIME_CLOCK served task=2 label=44 result=86837863 live=0
SLIME_CLOCK served task=3 label=44 result=86849446 live=0
SLIME_CLOCK served task=2 label=44 result=86860291 live=0
SLIME_CLOCK served task=3 label=44 result=86872302 live=0
SLIME_CLOCK served task=2 label=44 result=86883325 live=0
SLIME_CLOCK served task=3 label=44 result=86895288 live=0
SLIME_CLOCK served task=2 label=44 result=86906541 live=0
SLIME_CLOCK served task=3 label=44 result=86918242 live=0
SLIME_CLOCK served task=2 label=44 result=86929261 live=0
SLIME_CLOCK served task=3 label=44 result=86940782 live=0
SLIME_CLOCK served task=2 label=44 result=86951965 live=0
SLIME_CLOCK served task=3 label=44 result=86964631 live=0
SLIME_CLOCK served task=2 label=44 result=86975736 live=0
SLIME_CLOCK served task=3 label=44 result=86987240 live=0
SLIME_CLOCK served task=2 label=44 result=86998375 live=0
SLIME_CLOCK served task=3 label=44 result=87010131 live=0
SLIME_CLOCK served task=2 label=44 result=87021068 live=0
SLIME_CLOCK served task=3 label=44 result=87033161 live=0
SLIME_CLOCK served task=2 label=44 result=87044239 live=0
SLIME_CLOCK served task=3 label=44 result=87056125 live=0
SLIME_CLOCK served task=2 label=44 result=87067208 live=0
SLIME_CLOCK served task=3 label=44 result=87079078 live=0
SLIME_CLOCK served task=2 label=44 result=87091720 live=0
SLIME_CLOCK served task=3 label=44 result=87104090 live=0
SLIME_CLOCK served task=2 label=44 result=87115367 live=0
SLIME_CLOCK served task=3 label=44 result=87127753 live=0
SLIME_CLOCK served task=2 label=44 result=87142217 live=0
SLIME_CLOCK served task=3 label=44 result=87159860 live=0
SLIME_CLOCK served task=2 label=44 result=87176110 live=0
SLIME_CLOCK served task=3 label=44 result=87193311 live=0
SLIME_CLOCK served task=2 label=44 result=87208821 live=0
SLIME_CLOCK served task=3 label=44 result=87249774 live=0
SLIME_CLOCK served task=2 label=44 result=87267100 live=0
SLIME_CLOCK served task=3 label=44 result=87284194 live=0
SLIME_CLOCK served task=2 label=44 result=87299814 live=0
SLIME_CLOCK served task=3 label=44 result=87316654 live=0
SLIME_CLOCK served task=2 label=44 result=87332971 live=0
SLIME_CLOCK served task=3 label=44 result=87352020 live=0
SLIME_CLOCK served task=2 label=44 result=87368699 live=0
SLIME_CLOCK served task=3 label=44 result=87387493 live=0
SLIME_CLOCK served task=2 label=44 result=87404441 live=0
SLIME_CLOCK served task=3 label=44 result=87421772 live=0
SLIME_CLOCK served task=2 label=44 result=87438624 live=0
SLIME_CLOCK served task=3 label=44 result=87456195 live=0
SLIME_CLOCK served task=2 label=44 result=87474411 live=0
SLIME_CLOCK served task=3 label=44 result=87491833 live=0
SLIME_CLOCK served task=2 label=44 result=87508841 live=0
SLIME_CLOCK served task=3 label=44 result=87527019 live=0
SLIME_CLOCK served task=2 label=44 result=87544011 live=0
SLIME_CLOCK served task=3 label=44 result=87562158 live=0
SLIME_CLOCK served task=2 label=44 result=87578954 live=0
SLIME_CLOCK served task=3 label=44 result=87597957 live=0
SLIME_CLOCK served task=2 label=44 result=87614218 live=0
SLIME_CLOCK served task=3 label=44 result=87631308 live=0
SLIME_CLOCK served task=2 label=44 result=87648300 live=0
SLIME_CLOCK served task=3 label=44 result=87667246 live=0
SLIME_CLOCK served task=2 label=44 result=87686701 live=0
SLIME_CLOCK served task=3 label=44 result=87704883 live=0
SLIME_CLOCK served task=2 label=44 result=87720936 live=0
SLIME_CLOCK served task=3 label=44 result=87762724 live=0
SLIME_CLOCK served task=2 label=44 result=87797880 live=0
SLIME_CLOCK served task=3 label=44 result=87810336 live=0
SLIME_CLOCK served task=2 label=44 result=87821275 live=0
SLIME_CLOCK served task=3 label=44 result=87832735 live=0
SLIME_CLOCK served task=2 label=44 result=87843287 live=0
SLIME_CLOCK served task=3 label=44 result=87855501 live=0
SLIME_CLOCK served task=2 label=44 result=87866338 live=0
SLIME_CLOCK served task=3 label=44 result=87878122 live=0
SLIME_CLOCK served task=2 label=44 result=87888921 live=0
SLIME_CLOCK served task=3 label=44 result=87900248 live=0
SLIME_CLOCK served task=2 label=44 result=87911008 live=0
SLIME_CLOCK served task=3 label=44 result=87922419 live=0
SLIME_CLOCK served task=2 label=44 result=87933221 live=0
SLIME_CLOCK served task=3 label=44 result=87944262 live=0
SLIME_CLOCK served task=2 label=44 result=87954686 live=0
SLIME_CLOCK served task=3 label=44 result=87966150 live=0
SLIME_CLOCK served task=2 label=44 result=87977008 live=0
SLIME_CLOCK served task=3 label=44 result=87989595 live=0
SLIME_CLOCK served task=2 label=44 result=88003099 live=0
SLIME_CLOCK served task=3 label=44 result=88014732 live=0
SLIME_CLOCK served task=2 label=44 result=88025351 live=0
SLIME_CLOCK served task=3 label=44 result=88036755 live=0
SLIME_CLOCK served task=2 label=44 result=88047592 live=0
SLIME_CLOCK served task=3 label=44 result=88059093 live=0
SLIME_CLOCK served task=2 label=44 result=88069443 live=0
SLIME_CLOCK served task=3 label=44 result=88080462 live=0
SLIME_CLOCK served task=2 label=44 result=88090789 live=0
SLIME_CLOCK served task=3 label=44 result=88101785 live=0
SLIME_CLOCK served task=2 label=44 result=88114089 live=0
SLIME_CLOCK served task=3 label=44 result=88125672 live=0
SLIME_CLOCK served task=2 label=44 result=88136200 live=0
SLIME_CLOCK served task=3 label=44 result=88147530 live=0
SLIME_CLOCK served task=2 label=44 result=88158182 live=0
SLIME_CLOCK served task=3 label=44 result=88169623 live=0
SLIME_CLOCK served task=2 label=44 result=88180830 live=0
SLIME_CLOCK served task=3 label=44 result=88194357 live=0
SLIME_CLOCK served task=2 label=44 result=88208840 live=0
SLIME_CLOCK served task=3 label=44 result=88223527 live=0
SLIME_CLOCK served task=2 label=44 result=88233487 live=0
SLIME_CLOCK served task=3 label=44 result=88278452 live=0
SLIME_CLOCK served task=2 label=44 result=88293227 live=0
SLIME_CLOCK served task=3 label=44 result=88309059 live=0
SLIME_CLOCK served task=2 label=44 result=88323526 live=0
SLIME_CLOCK served task=3 label=44 result=88338885 live=0
SLIME_CLOCK served task=2 label=44 result=88353252 live=0
SLIME_CLOCK served task=3 label=44 result=88365512 live=0
SLIME_CLOCK served task=2 label=44 result=88376896 live=0
SLIME_CLOCK served task=3 label=44 result=88387907 live=0
SLIME_CLOCK served task=2 label=44 result=88398437 live=0
SLIME_CLOCK served task=3 label=44 result=88409169 live=0
SLIME_CLOCK served task=2 label=44 result=88419599 live=0
SLIME_CLOCK served task=3 label=44 result=88430630 live=0
SLIME_CLOCK served task=2 label=44 result=88441017 live=0
SLIME_CLOCK served task=3 label=44 result=88452426 live=0
SLIME_CLOCK served task=2 label=44 result=88462925 live=0
SLIME_CLOCK served task=3 label=44 result=88473866 live=0
SLIME_CLOCK served task=2 label=44 result=88484060 live=0
SLIME_CLOCK served task=3 label=44 result=88496804 live=0
SLIME_CLOCK served task=2 label=44 result=88507106 live=0
SLIME_CLOCK served task=3 label=44 result=88518542 live=0
SLIME_CLOCK served task=2 label=44 result=88528770 live=0
SLIME_CLOCK served task=3 label=44 result=88539814 live=0
SLIME_CLOCK served task=2 label=44 result=88550116 live=0
SLIME_CLOCK served task=3 label=44 result=88561669 live=0
SLIME_CLOCK served task=2 label=44 result=88571878 live=0
SLIME_CLOCK served task=3 label=44 result=88583177 live=0
SLIME_CLOCK served task=2 label=44 result=88593368 live=0
SLIME_CLOCK served task=3 label=44 result=88605042 live=0
SLIME_CLOCK served task=2 label=44 result=88616412 live=0
SLIME_CLOCK served task=3 label=44 result=88633499 live=0
SLIME_CLOCK served task=2 label=44 result=88647374 live=0
SLIME_CLOCK served task=3 label=44 result=88661577 live=0
SLIME_CLOCK served task=2 label=44 result=88674550 live=0
SLIME_CLOCK served task=3 label=44 result=88689037 live=0
SLIME_CLOCK served task=2 label=44 result=88702358 live=0
SLIME_CLOCK served task=3 label=44 result=88713564 live=0
SLIME_CLOCK served task=2 label=44 result=88727426 live=0
SLIME_CLOCK served task=3 label=44 result=88746545 live=0
SLIME_CLOCK served task=2 label=44 result=88774404 live=0
SLIME_CLOCK served task=3 label=44 result=88789126 live=0
SLIME_CLOCK served task=2 label=44 result=88798622 live=0
SLIME_CLOCK served task=3 label=44 result=88811106 live=0
SLIME_CLOCK served task=2 label=44 result=88827484 live=0
SLIME_CLOCK served task=3 label=44 result=88844039 live=0
SLIME_CLOCK served task=2 label=44 result=88860459 live=0
SLIME_CLOCK served task=3 label=44 result=88879033 live=0
SLIME_CLOCK served task=2 label=44 result=88895542 live=0
SLIME_CLOCK served task=3 label=44 result=88912584 live=0
SLIME_CLOCK served task=2 label=44 result=88928992 live=0
SLIME_CLOCK served task=3 label=44 result=88946214 live=0
SLIME_CLOCK served task=2 label=44 result=88962499 live=0
SLIME_CLOCK served task=3 label=44 result=88980365 live=0
SLIME_CLOCK served task=2 label=44 result=88995066 live=0
SLIME_CLOCK served task=3 label=44 result=89042257 live=0
SLIME_CLOCK served task=2 label=44 result=89057486 live=0
SLIME_CLOCK served task=3 label=44 result=89070248 live=0
SLIME_CLOCK served task=2 label=44 result=89082356 live=0
SLIME_CLOCK served task=3 label=44 result=89094985 live=0
SLIME_CLOCK served task=2 label=44 result=89106827 live=0
SLIME_CLOCK served task=3 label=44 result=89119747 live=0
SLIME_CLOCK served task=2 label=44 result=89134650 live=0
SLIME_CLOCK served task=3 label=44 result=89149553 live=0
SLIME_CLOCK served task=2 label=44 result=89162830 live=0
SLIME_CLOCK served task=3 label=44 result=89177295 live=0
SLIME_CLOCK served task=2 label=44 result=89191207 live=0
SLIME_CLOCK served task=3 label=44 result=89205717 live=0
SLIME_CLOCK served task=2 label=44 result=89219304 live=0
SLIME_CLOCK served task=3 label=44 result=89233707 live=0
SLIME_CLOCK served task=2 label=44 result=89247696 live=0
SLIME_CLOCK served task=3 label=44 result=89265035 live=0
SLIME_CLOCK served task=2 label=44 result=89276970 live=0
SLIME_CLOCK served task=3 label=44 result=89289650 live=0
SLIME_CLOCK served task=2 label=44 result=89301689 live=0
SLIME_CLOCK served task=3 label=44 result=89314049 live=0
SLIME_CLOCK served task=2 label=44 result=89325958 live=0
SLIME_CLOCK served task=3 label=44 result=89338557 live=0
SLIME_CLOCK served task=2 label=44 result=89350384 live=0
SLIME_CLOCK served task=3 label=44 result=89362948 live=0
SLIME_CLOCK served task=2 label=44 result=89374965 live=0
SLIME_CLOCK served task=3 label=44 result=89390959 live=0
SLIME_CLOCK served task=2 label=44 result=89404659 live=0
SLIME_CLOCK served task=3 label=44 result=89419043 live=0
SLIME_CLOCK served task=2 label=44 result=89433263 live=0
SLIME_CLOCK served task=3 label=44 result=89447989 live=0
SLIME_CLOCK served task=2 label=44 result=89459872 live=0
SLIME_CLOCK served task=3 label=44 result=89472472 live=0
SLIME_CLOCK served task=2 label=44 result=89484291 live=0
SLIME_CLOCK served task=3 label=44 result=89497534 live=0
SLIME_CLOCK served task=2 label=44 result=89512801 live=0
SLIME_CLOCK served task=3 label=44 result=89553397 live=0
SLIME_CLOCK served task=2 label=44 result=89577429 live=0
SLIME_CLOCK served task=3 label=44 result=89596279 live=0
SLIME_CLOCK served task=2 label=44 result=89612348 live=0
SLIME_CLOCK served task=3 label=44 result=89626260 live=0
SLIME_CLOCK served task=2 label=44 result=89637086 live=0
SLIME_CLOCK served task=3 label=44 result=89648183 live=0
SLIME_CLOCK served task=2 label=44 result=89658355 live=0
SLIME_CLOCK served task=3 label=44 result=89672933 live=0
SLIME_CLOCK served task=2 label=44 result=89687905 live=0
SLIME_CLOCK served task=3 label=44 result=89703811 live=0
SLIME_CLOCK served task=2 label=44 result=89718536 live=0
SLIME_CLOCK served task=3 label=44 result=89734132 live=0
SLIME_CLOCK served task=2 label=44 result=89744045 live=0
SLIME_CLOCK served task=3 label=44 result=89754042 live=0
SLIME_CLOCK served task=2 label=44 result=89765721 live=0
SLIME_CLOCK served task=3 label=44 result=89777835 live=0
SLIME_CLOCK served task=2 label=44 result=89789224 live=0
SLIME_CLOCK served task=3 label=44 result=89801294 live=0
SLIME_CLOCK served task=2 label=44 result=89812110 live=0
SLIME_CLOCK served task=3 label=44 result=89823101 live=0
SLIME_CLOCK served task=2 label=44 result=89833253 live=0
SLIME_CLOCK served task=3 label=44 result=89844562 live=0
SLIME_CLOCK served task=2 label=44 result=89856026 live=0
SLIME_CLOCK served task=3 label=44 result=89867414 live=0
SLIME_CLOCK served task=2 label=44 result=89878098 live=0
SLIME_CLOCK served task=3 label=44 result=89889884 live=0
SLIME_CLOCK served task=2 label=44 result=89900391 live=0
SLIME_CLOCK served task=3 label=44 result=89911682 live=0
SLIME_CLOCK served task=2 label=44 result=89923474 live=0
SLIME_CLOCK served task=3 label=44 result=89934714 live=0
SLIME_CLOCK served task=2 label=44 result=89944859 live=0
SLIME_CLOCK served task=3 label=44 result=89955877 live=0
SLIME_CLOCK served task=2 label=44 result=89966729 live=0
SLIME_CLOCK served task=3 label=44 result=89979955 live=0
SLIME_CLOCK served task=2 label=44 result=89989289 live=0
SLIME_CLOCK served task=3 label=44 result=89999385 live=0
SLIME_CLOCK served task=2 label=44 result=90008734 live=0
SLIME_CLOCK served task=3 label=44 result=90021175 live=0
SLIME_CLOCK served task=2 label=44 result=90031401 live=0
SLIME_CLOCK served task=3 label=44 result=90043525 live=0
SLIME_CLOCK served task=2 label=44 result=90054973 live=0
SLIME_CLOCK served task=3 label=44 result=90066807 live=0
SLIME_CLOCK served task=2 label=44 result=90078304 live=0
SLIME_CLOCK served task=3 label=44 result=90090379 live=0
SLIME_CLOCK served task=2 label=44 result=90102073 live=0
SLIME_CLOCK served task=3 label=44 result=90114232 live=0
SLIME_CLOCK served task=2 label=44 result=90127411 live=0
SLIME_CLOCK served task=3 label=44 result=90139352 live=0
SLIME_CLOCK served task=2 label=44 result=90152351 live=0
SLIME_CLOCK served task=3 label=44 result=90164979 live=0
SLIME_CLOCK served task=2 label=44 result=90176764 live=0
SLIME_CLOCK served task=3 label=44 result=90189182 live=0
SLIME_CLOCK served task=2 label=44 result=90201223 live=0
SLIME_CLOCK served task=3 label=44 result=90212697 live=0
SLIME_CLOCK served task=2 label=44 result=90222986 live=0
SLIME_CLOCK served task=3 label=44 result=90233967 live=0
SLIME_CLOCK served task=2 label=44 result=90244583 live=0
SLIME_CLOCK served task=3 label=44 result=90255884 live=0
SLIME_CLOCK served task=2 label=44 result=90266345 live=0
SLIME_CLOCK served task=3 label=44 result=90278407 live=0
SLIME_CLOCK served task=2 label=44 result=90292732 live=0
SLIME_CLOCK served task=3 label=44 result=90309990 live=0
SLIME_CLOCK served task=2 label=44 result=90324372 live=0
SLIME_CLOCK served task=3 label=44 result=90339472 live=0
SLIME_CLOCK served task=2 label=44 result=90353849 live=0
SLIME_CLOCK served task=3 label=44 result=90369433 live=0
SLIME_CLOCK served task=2 label=44 result=90385383 live=0
SLIME_CLOCK served task=3 label=44 result=90398206 live=0
SLIME_CLOCK served task=2 label=44 result=90409491 live=0
SLIME_CLOCK served task=3 label=44 result=90421136 live=0
SLIME_CLOCK served task=2 label=44 result=90432538 live=0
SLIME_CLOCK served task=3 label=44 result=90444317 live=0
SLIME_CLOCK served task=2 label=44 result=90455409 live=0
SLIME_CLOCK served task=3 label=44 result=90466886 live=0
SLIME_CLOCK served task=2 label=44 result=90477946 live=0
SLIME_CLOCK served task=3 label=44 result=90489500 live=0
SLIME_CLOCK served task=2 label=44 result=90500951 live=0
SLIME_CLOCK served task=3 label=44 result=90512636 live=0
SLIME_CLOCK served task=2 label=44 result=90525065 live=0
SLIME_CLOCK served task=3 label=44 result=90537074 live=0
SLIME_CLOCK served task=2 label=44 result=90548263 live=0
SLIME_CLOCK served task=3 label=44 result=90560269 live=0
SLIME_CLOCK served task=2 label=44 result=90571532 live=0
SLIME_CLOCK served task=3 label=44 result=90583330 live=0
SLIME_CLOCK served task=2 label=44 result=90594485 live=0
SLIME_CLOCK served task=3 label=44 result=90606177 live=0
SLIME_CLOCK served task=2 label=44 result=90617383 live=0
SLIME_CLOCK served task=3 label=44 result=90629281 live=0
SLIME_CLOCK served task=2 label=44 result=90640416 live=0
SLIME_CLOCK served task=3 label=44 result=90653601 live=0
SLIME_CLOCK served task=2 label=44 result=90664888 live=0
SLIME_CLOCK served task=3 label=44 result=90676762 live=0
SLIME_CLOCK served task=2 label=44 result=90688013 live=0
SLIME_CLOCK served task=3 label=44 result=90700034 live=0
SLIME_CLOCK served task=2 label=44 result=90711454 live=0
SLIME_CLOCK served task=3 label=44 result=90723166 live=0
SLIME_CLOCK served task=2 label=44 result=90734528 live=0
SLIME_CLOCK served task=3 label=44 result=90750928 live=0
SLIME_CLOCK served task=2 label=44 result=90765561 live=0
SLIME_CLOCK served task=3 label=44 result=90784102 live=0
SLIME_CLOCK served task=2 label=44 result=90800261 live=0
SLIME_CLOCK served task=3 label=44 result=90817324 live=0
SLIME_CLOCK served task=2 label=44 result=90829374 live=0
SLIME_CLOCK served task=3 label=44 result=90840572 live=0
SLIME_CLOCK served task=2 label=44 result=90850899 live=0
SLIME_CLOCK served task=3 label=44 result=90862287 live=0
SLIME_CLOCK served task=2 label=44 result=90872990 live=0
SLIME_CLOCK served task=3 label=44 result=90884122 live=0
SLIME_CLOCK served task=2 label=44 result=90897913 live=0
SLIME_CLOCK served task=3 label=44 result=90936133 live=0
SLIME_CLOCK served task=2 label=44 result=90967320 live=0
SLIME_CLOCK served task=3 label=44 result=90978529 live=0
SLIME_CLOCK served task=2 label=44 result=90990050 live=0
SLIME_CLOCK served task=3 label=44 result=91002864 live=0
SLIME_CLOCK served task=2 label=44 result=91013783 live=0
SLIME_CLOCK served task=3 label=44 result=91025734 live=0
SLIME_CLOCK served task=2 label=44 result=91037318 live=0
SLIME_CLOCK served task=3 label=44 result=91048092 live=0
SLIME_CLOCK served task=2 label=44 result=91058579 live=0
SLIME_CLOCK served task=3 label=44 result=91069425 live=0
SLIME_CLOCK served task=2 label=44 result=91079797 live=0
SLIME_CLOCK served task=3 label=44 result=91091451 live=0
SLIME_CLOCK served task=2 label=44 result=91101739 live=0
SLIME_CLOCK served task=3 label=44 result=91112399 live=0
SLIME_CLOCK served task=2 label=44 result=91122875 live=0
SLIME_CLOCK served task=3 label=44 result=91133876 live=0
SLIME_CLOCK served task=2 label=44 result=91144337 live=0
SLIME_CLOCK served task=3 label=44 result=91156449 live=0
SLIME_CLOCK served task=2 label=44 result=91167091 live=0
SLIME_CLOCK served task=3 label=44 result=91178125 live=0
SLIME_CLOCK served task=2 label=44 result=91188880 live=0
SLIME_CLOCK served task=3 label=44 result=91199834 live=0
SLIME_CLOCK served task=2 label=44 result=91210133 live=0
SLIME_CLOCK served task=3 label=44 result=91221661 live=0
SLIME_CLOCK served task=2 label=44 result=91232264 live=0
SLIME_CLOCK served task=3 label=44 result=91243484 live=0
SLIME_CLOCK served task=2 label=44 result=91253931 live=0
SLIME_CLOCK served task=3 label=44 result=91264991 live=0
SLIME_CLOCK served task=2 label=44 result=91275446 live=0
SLIME_CLOCK served task=3 label=44 result=91287843 live=0
SLIME_CLOCK served task=2 label=44 result=91299095 live=0
SLIME_CLOCK served task=3 label=44 result=91310842 live=0
SLIME_CLOCK served task=2 label=44 result=91321766 live=0
SLIME_CLOCK served task=3 label=44 result=91333867 live=0
SLIME_CLOCK served task=2 label=44 result=91345706 live=0
SLIME_CLOCK served task=3 label=44 result=91360843 live=0
SLIME_CLOCK served task=2 label=44 result=91375141 live=0
SLIME_CLOCK served task=3 label=44 result=91386239 live=0
SLIME_CLOCK served task=2 label=44 result=91395731 live=0
SLIME_CLOCK served task=3 label=44 result=91405834 live=0
SLIME_CLOCK served task=2 label=44 result=91422901 live=0
SLIME_CLOCK served task=3 label=44 result=91440154 live=0
SLIME_CLOCK served task=2 label=44 result=91456536 live=0
SLIME_CLOCK served task=3 label=44 result=91473651 live=0
SLIME_CLOCK served task=2 label=44 result=91490076 live=0
SLIME_CLOCK served task=3 label=44 result=91507083 live=0
SLIME_CLOCK served task=2 label=44 result=91523234 live=0
SLIME_CLOCK served task=3 label=44 result=91541616 live=0
SLIME_CLOCK served task=2 label=44 result=91558173 live=0
SLIME_CLOCK served task=3 label=44 result=91575158 live=0
SLIME_CLOCK served task=2 label=44 result=91591371 live=0
SLIME_CLOCK served task=3 label=44 result=91608146 live=0
SLIME_CLOCK served task=2 label=44 result=91624397 live=0
SLIME_CLOCK served task=3 label=44 result=91641329 live=0
SLIME_CLOCK served task=2 label=44 result=91657582 live=0
SLIME_CLOCK served task=3 label=44 result=91675365 live=0
SLIME_CLOCK served task=2 label=44 result=91691835 live=0
SLIME_CLOCK served task=3 label=44 result=91708690 live=0
SLIME_CLOCK served task=2 label=44 result=91723924 live=0
SLIME_CLOCK served task=3 label=44 result=91739311 live=0
SLIME_CLOCK served task=2 label=44 result=91753870 live=0
SLIME_CLOCK served task=3 label=44 result=91768986 live=0
SLIME_CLOCK served task=2 label=44 result=91783329 live=0
SLIME_CLOCK served task=3 label=44 result=91798544 live=0
SLIME_CLOCK served task=2 label=44 result=91813198 live=0
SLIME_CLOCK served task=3 label=44 result=91827971 live=0
SLIME_CLOCK served task=2 label=44 result=91842272 live=0
SLIME_CLOCK served task=3 label=44 result=91857453 live=0
SLIME_CLOCK served task=2 label=44 result=91877521 live=0
SLIME_CLOCK served task=3 label=44 result=91894730 live=0
SLIME_CLOCK served task=2 label=44 result=91905280 live=0
SLIME_CLOCK served task=3 label=44 result=91915374 live=0
SLIME_CLOCK served task=2 label=44 result=91924872 live=0
SLIME_CLOCK served task=3 label=44 result=91941487 live=0
SLIME_CLOCK served task=2 label=44 result=91957963 live=0
SLIME_CLOCK served task=3 label=44 result=91974887 live=0
SLIME_CLOCK served task=2 label=44 result=91991229 live=0
SLIME_CLOCK served task=3 label=44 result=92009767 live=0
SLIME_CLOCK served task=2 label=44 result=92026216 live=0
SLIME_CLOCK served task=3 label=44 result=92042907 live=0
SLIME_CLOCK served task=2 label=44 result=92059461 live=0
SLIME_CLOCK served task=3 label=44 result=92076641 live=0
SLIME_CLOCK served task=2 label=44 result=92093430 live=0
SLIME_CLOCK served task=3 label=44 result=92110663 live=0
SLIME_CLOCK served task=2 label=44 result=92128725 live=0
SLIME_CLOCK served task=3 label=44 result=92145988 live=0
SLIME_CLOCK served task=2 label=44 result=92162633 live=0
SLIME_CLOCK served task=3 label=44 result=92179950 live=0
SLIME_CLOCK served task=2 label=44 result=92196638 live=0
SLIME_CLOCK served task=3 label=44 result=92212622 live=0
SLIME_CLOCK served task=2 label=44 result=92227161 live=0
SLIME_CLOCK served task=3 label=44 result=92242787 live=0
SLIME_CLOCK served task=2 label=44 result=92264220 live=0
SLIME_CLOCK served task=3 label=44 result=92302480 live=0
SLIME_CLOCK served task=3 label=44 result=92324884 live=0
SLIME_CLOCK served task=2 label=44 result=92342721 live=0
SLIME_IO payload dma pages=1 frames=1 writable=true direction=DeviceWrite
SLIME_IO payload frame index=0 slot=1136 paddr=Some(1613029376)
SLIME_IO payload dma pages=1 frames=1 writable=true direction=DeviceRead
SLIME_IO payload frame index=0 slot=1144 paddr=Some(1613062144)
SLIME_CLOCK served task=3 label=44 result=92424272 live=0
SLIME_CLOCK served task=3 label=44 result=92435903 live=0
SLIME_CLOCK served task=2 label=44 result=92447632 live=0
SLIME_CLOCK served task=3 label=44 result=92459619 live=0
SLIME_CLOCK served task=2 label=44 result=92470908 live=0
SLIME_CLOCK served task=3 label=44 result=92482742 live=0
SLIME_CLOCK served task=2 label=44 result=92493874 live=0
SLIME_CLOCK served task=3 label=44 result=92507614 live=0
SLIME_CLOCK served task=2 label=44 result=92517808 live=0
SLIME_CLOCK served task=3 label=44 result=92528423 live=0
SLIME_CLOCK served task=2 label=44 result=92538398 live=0
SLIME_CLOCK served task=3 label=44 result=92548946 live=0
SLIME_CLOCK served task=2 label=44 result=92561401 live=0
SLIME_CLOCK served task=3 label=44 result=92578420 live=0
SLIME_CLOCK served task=2 label=44 result=92595078 live=0
SLIME_CLOCK served task=3 label=44 result=92612237 live=0
SLIME_CLOCK served task=2 label=44 result=92628937 live=0
SLIME_CLOCK served task=3 label=44 result=92647284 live=0
SLIME_CLOCK served task=2 label=44 result=92664016 live=0
SLIME_CLOCK served task=3 label=44 result=92681545 live=0
SLIME_CLOCK served task=2 label=44 result=92698038 live=0
SLIME_CLOCK served task=3 label=44 result=92716023 live=0
SLIME_CLOCK served task=2 label=44 result=92728347 live=0
SLIME_CLOCK served task=3 label=44 result=92738963 live=0
SLIME_CLOCK served task=2 label=44 result=92749221 live=0
SLIME_CLOCK served task=3 label=44 result=92778569 live=0
SLIME_CLOCK served task=2 label=44 result=92810372 live=0
SLIME_CLOCK served task=3 label=44 result=92825671 live=0
SLIME_CLOCK served task=2 label=44 result=92837304 live=0
SLIME_CLOCK served task=3 label=44 result=92850238 live=0
SLIME_CLOCK served task=2 label=44 result=92862722 live=0
SLIME_CLOCK served task=3 label=44 result=92875028 live=0
SLIME_CLOCK served task=2 label=44 result=92886612 live=0
SLIME_CLOCK served task=3 label=44 result=92897667 live=0
SLIME_CLOCK served task=2 label=44 result=92908571 live=0
SLIME_CLOCK served task=3 label=44 result=92919743 live=0
SLIME_CLOCK served task=2 label=44 result=92930779 live=0
SLIME_CLOCK served task=3 label=44 result=92941444 live=0
SLIME_CLOCK served task=2 label=44 result=92951562 live=0
SLIME_CLOCK served task=3 label=44 result=92963107 live=0
SLIME_CLOCK served task=2 label=44 result=92973213 live=0
SLIME_CLOCK served task=3 label=44 result=92984397 live=0
SLIME_CLOCK served task=2 label=44 result=92995476 live=0
SLIME_CLOCK served task=3 label=44 result=93007186 live=0
SLIME_CLOCK served task=2 label=44 result=93018925 live=0
SLIME_CLOCK served task=3 label=44 result=93030391 live=0
SLIME_CLOCK served task=2 label=44 result=93040893 live=0
SLIME_CLOCK served task=3 label=44 result=93051757 live=0
SLIME_CLOCK served task=2 label=44 result=93063048 live=0
SLIME_CLOCK served task=3 label=44 result=93074136 live=0
SLIME_CLOCK served task=2 label=44 result=93084261 live=0
SLIME_CLOCK served task=3 label=44 result=93095577 live=0
SLIME_CLOCK served task=2 label=44 result=93106206 live=0
SLIME_CLOCK served task=3 label=44 result=93117893 live=0
SLIME_CLOCK served task=2 label=44 result=93128681 live=0
SLIME_CLOCK served task=3 label=44 result=93140636 live=0
SLIME_CLOCK served task=2 label=44 result=93150896 live=0
SLIME_CLOCK served task=3 label=44 result=93161629 live=0
SLIME_CLOCK served task=2 label=44 result=93171907 live=0
SLIME_CLOCK served task=3 label=44 result=93182851 live=0
SLIME_CLOCK served task=2 label=44 result=93192978 live=0
SLIME_CLOCK served task=3 label=44 result=93204256 live=0
SLIME_CLOCK served task=2 label=44 result=93215129 live=0
SLIME_CLOCK served task=3 label=44 result=93228747 live=0
SLIME_CLOCK served task=2 label=44 result=93246097 live=0
SLIME_CLOCK served task=3 label=44 result=93264724 live=0
SLIME_CLOCK served task=2 label=44 result=93281001 live=0
SLIME_CLOCK served task=3 label=44 result=93297766 live=0
SLIME_CLOCK served task=2 label=44 result=93313517 live=0
SLIME_CLOCK served task=3 label=44 result=93329853 live=0
SLIME_CLOCK served task=2 label=44 result=93345837 live=0
SLIME_CLOCK served task=3 label=44 result=93361481 live=0
SLIME_CLOCK served task=2 label=44 result=93376223 live=0
SLIME_CLOCK served task=3 label=44 result=93394238 live=0
SLIME_CLOCK served task=2 label=44 result=93410270 live=0
SLIME_CLOCK served task=3 label=44 result=93427422 live=0
SLIME_CLOCK served task=2 label=44 result=93443855 live=0
SLIME_CLOCK served task=3 label=44 result=93461265 live=0
SLIME_CLOCK served task=2 label=44 result=93479420 live=0
SLIME_CLOCK served task=3 label=44 result=93497394 live=0
SLIME_CLOCK served task=2 label=44 result=93513262 live=0
SLIME_CLOCK served task=3 label=44 result=93532306 live=0
SLIME_CLOCK served task=2 label=44 result=93548371 live=0
SLIME_CLOCK served task=3 label=44 result=93565562 live=0
SLIME_CLOCK served task=2 label=44 result=93581994 live=0
SLIME_CLOCK served task=3 label=44 result=93599806 live=0
SLIME_CLOCK served task=2 label=44 result=93616423 live=0
SLIME_CLOCK served task=3 label=44 result=93634332 live=0
SLIME_CLOCK served task=2 label=44 result=93653443 live=0
SLIME_CLOCK served task=3 label=44 result=93670602 live=0
SLIME_CLOCK served task=2 label=44 result=93687223 live=0
SLIME_CLOCK served task=3 label=44 result=93705178 live=0
SLIME_CLOCK served task=2 label=44 result=93721525 live=0
SLIME_CLOCK served task=3 label=44 result=93737219 live=0
SLIME_CLOCK served task=2 label=44 result=93752925 live=0
SLIME_CLOCK served task=3 label=44 result=93771156 live=0
SLIME_CLOCK served task=2 label=44 result=93787624 live=0
SLIME_CLOCK served task=3 label=44 result=93805800 live=0
SLIME_CLOCK served task=2 label=44 result=93820899 live=0
SLIME_CLOCK served task=3 label=44 result=93836952 live=0
SLIME_CLOCK served task=2 label=44 result=93851524 live=0
SLIME_CLOCK served task=3 label=44 result=93864416 live=0
SLIME_CLOCK served task=2 label=44 result=93878651 live=0
SLIME_CLOCK served task=3 label=44 result=93890888 live=0
SLIME_CLOCK served task=2 label=44 result=93902621 live=0
SLIME_CLOCK served task=3 label=44 result=93914794 live=0
SLIME_CLOCK served task=2 label=44 result=93925668 live=0
SLIME_CLOCK served task=3 label=44 result=93937973 live=0
SLIME_CLOCK served task=2 label=44 result=93949310 live=0
SLIME_CLOCK served task=3 label=44 result=93960840 live=0
SLIME_CLOCK served task=2 label=44 result=93972218 live=0
SLIME_CLOCK served task=3 label=44 result=93983734 live=0
SLIME_CLOCK served task=2 label=44 result=93997338 live=0
SLIME_CLOCK served task=3 label=44 result=94010057 live=0
SLIME_CLOCK served task=2 label=44 result=94021492 live=0
SLIME_CLOCK served task=3 label=44 result=94033768 live=0
SLIME_CLOCK served task=2 label=44 result=94050024 live=0
SLIME_CLOCK served task=3 label=44 result=94065115 live=0
SLIME_CLOCK served task=2 label=44 result=94078340 live=0
SLIME_CLOCK served task=3 label=44 result=94090690 live=0
SLIME_CLOCK served task=2 label=44 result=94102406 live=0
SLIME_CLOCK served task=3 label=44 result=94114573 live=0
SLIME_CLOCK served task=2 label=44 result=94127349 live=0
SLIME_CLOCK served task=3 label=44 result=94139447 live=0
SLIME_CLOCK served task=2 label=44 result=94150942 live=0
SLIME_CLOCK served task=3 label=44 result=94162464 live=0
SLIME_CLOCK served task=2 label=44 result=94172875 live=0
SLIME_CLOCK served task=3 label=44 result=94184357 live=0
SLIME_CLOCK served task=2 label=44 result=94195713 live=0
SLIME_CLOCK served task=3 label=44 result=94207877 live=0
SLIME_CLOCK served task=2 label=44 result=94218754 live=0
SLIME_CLOCK served task=3 label=44 result=94229654 live=0
SLIME_CLOCK served task=2 label=44 result=94240364 live=0
SLIME_CLOCK served task=3 label=44 result=94253102 live=0
SLIME_CLOCK served task=2 label=44 result=94263477 live=0
SLIME_CLOCK served task=3 label=44 result=94274684 live=0
SLIME_CLOCK served task=2 label=44 result=94288823 live=0
SLIME_CLOCK served task=3 label=44 result=94305760 live=0
SLIME_CLOCK served task=2 label=44 result=94320453 live=0
SLIME_CLOCK served task=3 label=44 result=94336332 live=0
SLIME_CLOCK served task=2 label=44 result=94351844 live=0
SLIME_CLOCK served task=3 label=44 result=94368501 live=0
SLIME_CLOCK served task=2 label=44 result=94388967 live=0
SLIME_CLOCK served task=3 label=44 result=94406647 live=0
SLIME_CLOCK served task=2 label=44 result=94423069 live=0
SLIME_CLOCK served task=3 label=44 result=94440539 live=0
SLIME_CLOCK served task=2 label=44 result=94456247 live=0
SLIME_CLOCK served task=3 label=44 result=94473558 live=0
SLIME_CLOCK served task=2 label=44 result=94489594 live=0
SLIME_CLOCK served task=3 label=44 result=94508492 live=0
SLIME_CLOCK served task=2 label=44 result=94527388 live=0
SLIME_CLOCK served task=3 label=44 result=94544528 live=0
SLIME_CLOCK served task=2 label=44 result=94561185 live=0
SLIME_CLOCK served task=3 label=44 result=94578899 live=0
SLIME_CLOCK served task=2 label=44 result=94595609 live=0
SLIME_CLOCK served task=3 label=44 result=94612925 live=0
SLIME_CLOCK served task=2 label=44 result=94631228 live=0
SLIME_CLOCK served task=3 label=44 result=94649010 live=0
SLIME_CLOCK served task=2 label=44 result=94665454 live=0
SLIME_CLOCK served task=3 label=44 result=94682959 live=0
SLIME_CLOCK served task=2 label=44 result=94699933 live=0
SLIME_CLOCK served task=3 label=44 result=94717808 live=0
SLIME_CLOCK served task=2 label=44 result=94733760 live=0
SLIME_CLOCK served task=3 label=44 result=94751358 live=0
SLIME_CLOCK served task=2 label=44 result=94771464 live=0
SLIME_CLOCK served task=3 label=44 result=94790449 live=0
SLIME_CLOCK served task=2 label=44 result=94808315 live=0
SLIME_CLOCK served task=3 label=44 result=94829002 live=0
SLIME_CLOCK served task=2 label=44 result=94847042 live=0
SLIME_CLOCK served task=3 label=44 result=94863851 live=0
SLIME_CLOCK served task=2 label=44 result=94879012 live=0
SLIME_CLOCK served task=3 label=44 result=94899790 live=0
SLIME_CLOCK served task=2 label=44 result=94914156 live=0
SLIME_CLOCK served task=3 label=44 result=94925348 live=0
SLIME_CLOCK served task=2 label=44 result=94935813 live=0
SLIME_CLOCK served task=3 label=44 result=94946595 live=0
SLIME_CLOCK served task=2 label=44 result=94956738 live=0
SLIME_CLOCK served task=3 label=44 result=94967881 live=0
SLIME_CLOCK served task=2 label=44 result=94977899 live=0
SLIME_CLOCK served task=3 label=44 result=94988779 live=0
SLIME_CLOCK served task=2 label=44 result=94999116 live=0
SLIME_CLOCK served task=3 label=44 result=95009999 live=0
SLIME_CLOCK served task=2 label=44 result=95022920 live=0
SLIME_CLOCK served task=3 label=44 result=95035891 live=0
SLIME_CLOCK served task=2 label=44 result=95047036 live=0
SLIME_CLOCK served task=3 label=44 result=95059610 live=0
SLIME_CLOCK served task=2 label=44 result=95070556 live=0
SLIME_CLOCK served task=3 label=44 result=95082408 live=0
SLIME_CLOCK served task=2 label=44 result=95093498 live=0
SLIME_CLOCK served task=3 label=44 result=95105136 live=0
SLIME_CLOCK served task=2 label=44 result=95116573 live=0
SLIME_CLOCK served task=3 label=44 result=95129071 live=0
SLIME_CLOCK served task=2 label=44 result=95140810 live=0
SLIME_CLOCK served task=3 label=44 result=95153266 live=0
SLIME_CLOCK served task=2 label=44 result=95164520 live=0
SLIME_CLOCK served task=3 label=44 result=95176593 live=0
SLIME_CLOCK served task=2 label=44 result=95188190 live=0
SLIME_CLOCK served task=3 label=44 result=95199523 live=0
SLIME_CLOCK served task=2 label=44 result=95210387 live=0
SLIME_CLOCK served task=3 label=44 result=95222982 live=0
SLIME_CLOCK served task=2 label=44 result=95234265 live=0
SLIME_CLOCK served task=3 label=44 result=95246639 live=0
SLIME_CLOCK served task=2 label=44 result=95257752 live=0
SLIME_CLOCK served task=3 label=44 result=95270847 live=0
SLIME_CLOCK served task=2 label=44 result=95281876 live=0
SLIME_CLOCK served task=3 label=44 result=95293722 live=0
SLIME_CLOCK served task=2 label=44 result=95305617 live=0
SLIME_CLOCK served task=3 label=44 result=95317404 live=0
SLIME_CLOCK served task=2 label=44 result=95330392 live=0
SLIME_CLOCK served task=3 label=44 result=95347186 live=0
SLIME_CLOCK served task=2 label=44 result=95361959 live=0
SLIME_CLOCK served task=3 label=44 result=95378234 live=0
SLIME_CLOCK served task=3 label=44 result=95398510 live=0
SLIME_CLOCK served task=2 label=44 result=95419809 live=0
SLIME_CLOCK served task=3 label=44 result=95439008 live=0
SLIME_CLOCK served task=2 label=44 result=95455766 live=0
SLIME_CLOCK served task=3 label=44 result=95473743 live=0
SLIME_CLOCK served task=2 label=44 result=95489714 live=0
SLIME_CLOCK served task=3 label=44 result=95507194 live=0
SLIME_CLOCK served task=2 label=44 result=95525194 live=0
SLIME_CLOCK served task=3 label=44 result=95542664 live=0
SLIME_CLOCK served task=2 label=44 result=95560954 live=0
SLIME_CLOCK served task=3 label=44 result=95578594 live=0
SLIME_CLOCK served task=2 label=44 result=95595801 live=0
SLIME_CLOCK served task=3 label=44 result=95613445 live=0
SLIME_CLOCK served task=2 label=44 result=95630221 live=0
SLIME_CLOCK served task=3 label=44 result=95648748 live=0
SLIME_CLOCK served task=2 label=44 result=95665804 live=0
SLIME_CLOCK served task=3 label=44 result=95682993 live=0
SLIME_CLOCK served task=2 label=44 result=95700075 live=0
SLIME_CLOCK served task=3 label=44 result=95718035 live=0
SLIME_CLOCK served task=2 label=44 result=95735629 live=0
SLIME_CLOCK served task=3 label=44 result=95753179 live=0
SLIME_CLOCK served task=2 label=44 result=95769845 live=0
SLIME_CLOCK served task=3 label=44 result=95789608 live=0
SLIME_CLOCK served task=2 label=44 result=95806599 live=0
SLIME_CLOCK served task=3 label=44 result=95823852 live=0
SLIME_CLOCK served task=2 label=44 result=95841994 live=0
SLIME_CLOCK served task=3 label=44 result=95861240 live=0
SLIME_CLOCK served task=2 label=44 result=95878348 live=0
SLIME_CLOCK served task=3 label=44 result=95895302 live=0
SLIME_CLOCK served task=2 label=44 result=95929037 live=0
SLIME_CLOCK served task=3 label=44 result=95946710 live=0
SLIME_CLOCK served task=2 label=44 result=95961916 live=0
SLIME_CLOCK served task=3 label=44 result=95973769 live=0
SLIME_CLOCK served task=2 label=44 result=95983347 live=0
SLIME_CLOCK served task=3 label=44 result=95993799 live=0
SLIME_CLOCK served task=2 label=44 result=96003389 live=0
SLIME_CLOCK served task=3 label=44 result=96013548 live=0
SLIME_CLOCK served task=2 label=44 result=96023164 live=0
SLIME_CLOCK served task=3 label=44 result=96035659 live=0
SLIME_CLOCK served task=2 label=44 result=96046443 live=0
SLIME_CLOCK served task=3 label=44 result=96058089 live=0
SLIME_CLOCK served task=2 label=44 result=96068757 live=0
SLIME_CLOCK served task=3 label=44 result=96079935 live=0
SLIME_CLOCK served task=2 label=44 result=96090374 live=0
SLIME_CLOCK served task=3 label=44 result=96102109 live=0
SLIME_CLOCK served task=2 label=44 result=96112304 live=0
SLIME_CLOCK served task=3 label=44 result=96123462 live=0
SLIME_CLOCK served task=2 label=44 result=96133804 live=0
SLIME_CLOCK served task=3 label=44 result=96144922 live=0
SLIME_CLOCK served task=2 label=44 result=96156553 live=0
SLIME_CLOCK served task=3 label=44 result=96168348 live=0
SLIME_CLOCK served task=2 label=44 result=96179085 live=0
SLIME_CLOCK served task=3 label=44 result=96190510 live=0
SLIME_CLOCK served task=2 label=44 result=96201265 live=0
SLIME_CLOCK served task=3 label=44 result=96212736 live=0
SLIME_CLOCK served task=2 label=44 result=96223628 live=0
SLIME_CLOCK served task=3 label=44 result=96234656 live=0
SLIME_CLOCK served task=2 label=44 result=96245417 live=0
SLIME_CLOCK served task=3 label=44 result=96257189 live=0
SLIME_CLOCK served task=2 label=44 result=96270937 live=0
SLIME_CLOCK served task=3 label=44 result=96283857 live=0
SLIME_CLOCK served task=2 label=44 result=96294354 live=0
SLIME_CLOCK served task=3 label=44 result=96305225 live=0
SLIME_CLOCK served task=2 label=44 result=96315724 live=0
SLIME_CLOCK served task=3 label=44 result=96327161 live=0
SLIME_CLOCK served task=2 label=44 result=96337831 live=0
SLIME_CLOCK served task=3 label=44 result=96348600 live=0
SLIME_CLOCK served task=2 label=44 result=96359702 live=0
SLIME_CLOCK served task=3 label=44 result=96371604 live=0
SLIME_CLOCK served task=2 label=44 result=96385634 live=0
SLIME_CLOCK served task=3 label=44 result=96398089 live=0
SLIME_CLOCK served task=2 label=44 result=96411179 live=0
SLIME_CLOCK served task=2 label=44 result=96459827 live=0
SLIME_CLOCK served task=3 label=44 result=96477995 live=0
SLIME_CLOCK served task=2 label=44 result=96495284 live=0
SLIME_CLOCK served task=3 label=44 result=96512195 live=0
SLIME_CLOCK served task=2 label=44 result=96524511 live=0
SLIME_CLOCK served task=3 label=44 result=96538358 live=0
SLIME_CLOCK served task=2 label=44 result=96550812 live=0
SLIME_CLOCK served task=3 label=44 result=96563786 live=0
SLIME_CLOCK served task=2 label=44 result=96575835 live=0
SLIME_CLOCK served task=3 label=44 result=96588773 live=0
SLIME_CLOCK served task=2 label=44 result=96600367 live=0
SLIME_CLOCK served task=3 label=44 result=96613251 live=0
SLIME_CLOCK served task=2 label=44 result=96625612 live=0
SLIME_CLOCK served task=3 label=44 result=96638401 live=0
SLIME_CLOCK served task=2 label=44 result=96650353 live=0
SLIME_CLOCK served task=3 label=44 result=96664075 live=0
SLIME_CLOCK served task=2 label=44 result=96676354 live=0
SLIME_CLOCK served task=3 label=44 result=96689384 live=0
SLIME_CLOCK served task=2 label=44 result=96701282 live=0
SLIME_CLOCK served task=3 label=44 result=96714311 live=0
SLIME_CLOCK served task=2 label=44 result=96726637 live=0
SLIME_CLOCK served task=3 label=44 result=96739566 live=0
SLIME_CLOCK served task=2 label=44 result=96751941 live=0
SLIME_CLOCK served task=3 label=44 result=96764732 live=0
SLIME_CLOCK served task=2 label=44 result=96776863 live=0
SLIME_CLOCK served task=3 label=44 result=96790751 live=0
SLIME_CLOCK served task=2 label=44 result=96803041 live=0
SLIME_CLOCK served task=3 label=44 result=96815863 live=0
SLIME_CLOCK served task=2 label=44 result=96827941 live=0
SLIME_CLOCK served task=3 label=44 result=96840969 live=0
SLIME_CLOCK served task=2 label=44 result=96853324 live=0
SLIME_CLOCK served task=3 label=44 result=96865996 live=0
SLIME_CLOCK served task=2 label=44 result=96878606 live=0
SLIME_CLOCK served task=3 label=44 result=96895186 live=0
SLIME_CLOCK served task=2 label=44 result=96909924 live=0
SLIME_CLOCK served task=3 label=44 result=96929366 live=0
SLIME_CLOCK served task=2 label=44 result=96944049 live=0
SLIME_CLOCK served task=3 label=44 result=96959483 live=0
SLIME_CLOCK served task=2 label=44 result=96973819 live=0
SLIME_CLOCK served task=3 label=44 result=96988918 live=0
SLIME_CLOCK served task=2 label=44 result=96999849 live=0
SLIME_CLOCK served task=3 label=44 result=97010453 live=0
SLIME_CLOCK served task=2 label=44 result=97020448 live=0
SLIME_CLOCK served task=3 label=44 result=97031045 live=0
SLIME_CLOCK served task=2 label=44 result=97042474 live=0
SLIME_CLOCK served task=3 label=44 result=97054796 live=0
SLIME_CLOCK served task=2 label=44 result=97066189 live=0
SLIME_CLOCK served task=3 label=44 result=97078022 live=0
SLIME_CLOCK served task=2 label=44 result=97089019 live=0
SLIME_CLOCK served task=3 label=44 result=97101123 live=0
SLIME_CLOCK served task=2 label=44 result=97112154 live=0
SLIME_CLOCK served task=3 label=44 result=97123988 live=0
SLIME_CLOCK served task=2 label=44 result=97136092 live=0
SLIME_CLOCK served task=3 label=44 result=97148898 live=0
SLIME_CLOCK served task=2 label=44 result=97159777 live=0
SLIME_CLOCK served task=3 label=44 result=97173066 live=0
SLIME_CLOCK served task=2 label=44 result=97184327 live=0
SLIME_CLOCK served task=3 label=44 result=97195924 live=0
SLIME_CLOCK served task=2 label=44 result=97207671 live=0
SLIME_CLOCK served task=3 label=44 result=97219516 live=0
SLIME_CLOCK served task=2 label=44 result=97231219 live=0
SLIME_CLOCK served task=3 label=44 result=97243927 live=0
SLIME_CLOCK served task=2 label=44 result=97255009 live=0
SLIME_CLOCK served task=3 label=44 result=97266960 live=0
SLIME_CLOCK served task=2 label=44 result=97278845 live=0
SLIME_CLOCK served task=3 label=44 result=97291197 live=0
SLIME_CLOCK served task=2 label=44 result=97303936 live=0
SLIME_CLOCK served task=3 label=44 result=97316664 live=0
SLIME_CLOCK served task=2 label=44 result=97328157 live=0
SLIME_CLOCK served task=3 label=44 result=97340474 live=0
SLIME_CLOCK served task=2 label=44 result=97351987 live=0
SLIME_CLOCK served task=3 label=44 result=97364399 live=0
SLIME_CLOCK served task=2 label=44 result=97376337 live=0
SLIME_CLOCK served task=3 label=44 result=97387703 live=0
SLIME_CLOCK served task=2 label=44 result=97398893 live=0
SLIME_CLOCK served task=3 label=44 result=97411383 live=0
SLIME_CLOCK served task=2 label=44 result=97430833 live=0
SLIME_CLOCK served task=3 label=44 result=97448634 live=0
SLIME_CLOCK served task=2 label=44 result=97462682 live=0
SLIME_CLOCK served task=3 label=44 result=97477925 live=0
SLIME_CLOCK served task=2 label=44 result=97492134 live=0
SLIME_CLOCK served task=3 label=44 result=97507588 live=0
SLIME_CLOCK served task=2 label=44 result=97521978 live=0
SLIME_CLOCK served task=3 label=44 result=97537388 live=0
SLIME_CLOCK served task=2 label=44 result=97554999 live=0
SLIME_CLOCK served task=3 label=44 result=97572229 live=0
SLIME_CLOCK served task=2 label=44 result=97583633 live=0
SLIME_CLOCK served task=3 label=44 result=97594862 live=0
SLIME_CLOCK served task=2 label=44 result=97605569 live=0
SLIME_CLOCK served task=3 label=44 result=97616706 live=0
SLIME_CLOCK served task=2 label=44 result=97628183 live=0
SLIME_CLOCK served task=3 label=44 result=97639354 live=0
SLIME_CLOCK served task=2 label=44 result=97650192 live=0
SLIME_CLOCK served task=3 label=44 result=97661003 live=0
SLIME_CLOCK served task=2 label=44 result=97671235 live=0
SLIME_CLOCK served task=3 label=44 result=97683833 live=0
SLIME_CLOCK served task=2 label=44 result=97694082 live=0
SLIME_CLOCK served task=3 label=44 result=97705777 live=0
SLIME_CLOCK served task=2 label=44 result=97716364 live=0
SLIME_CLOCK served task=3 label=44 result=97727339 live=0
SLIME_CLOCK served task=2 label=44 result=97737618 live=0
SLIME_CLOCK served task=3 label=44 result=97748895 live=0
SLIME_CLOCK served task=2 label=44 result=97759873 live=0
SLIME_CLOCK served task=3 label=44 result=97771886 live=0
SLIME_CLOCK served task=2 label=44 result=97783629 live=0
SLIME_CLOCK served task=3 label=44 result=97795927 live=0
SLIME_CLOCK served task=2 label=44 result=97808697 live=0
SLIME_CLOCK served task=3 label=44 result=97820948 live=0
SLIME_CLOCK served task=2 label=44 result=97832345 live=0
SLIME_CLOCK served task=3 label=44 result=97843548 live=0
SLIME_CLOCK served task=2 label=44 result=97853853 live=0
SLIME_CLOCK served task=3 label=44 result=97864921 live=0
SLIME_CLOCK served task=2 label=44 result=97875768 live=0
SLIME_CLOCK served task=3 label=44 result=97887121 live=0
SLIME_CLOCK served task=2 label=44 result=97897466 live=0
SLIME_CLOCK served task=3 label=44 result=97909639 live=0
SLIME_CLOCK served task=2 label=44 result=97922309 live=0
SLIME_CLOCK served task=3 label=44 result=97942175 live=0
SLIME_CLOCK served task=2 label=44 result=97956156 live=0
SLIME_CLOCK served task=3 label=44 result=97969082 live=0
SLIME_CLOCK served task=2 label=44 result=97981606 live=0
SLIME_CLOCK served task=3 label=44 result=97994788 live=0
SLIME_CLOCK served task=2 label=44 result=98006458 live=0
SLIME_CLOCK served task=3 label=44 result=98018919 live=0
SLIME_CLOCK served task=2 label=44 result=98030291 live=0
SLIME_CLOCK served task=3 label=44 result=98041952 live=0
SLIME_CLOCK served task=2 label=44 result=98053124 live=0
SLIME_CLOCK served task=3 label=44 result=98066198 live=0
SLIME_CLOCK served task=2 label=44 result=98077207 live=0
SLIME_CLOCK served task=3 label=44 result=98089099 live=0
SLIME_CLOCK served task=2 label=44 result=98100398 live=0
SLIME_CLOCK served task=3 label=44 result=98111947 live=0
SLIME_CLOCK served task=2 label=44 result=98123407 live=0
SLIME_CLOCK served task=3 label=44 result=98135153 live=0
SLIME_CLOCK served task=2 label=44 result=98145873 live=0
SLIME_CLOCK served task=3 label=44 result=98158379 live=0
SLIME_CLOCK served task=2 label=44 result=98170115 live=0
SLIME_CLOCK served task=3 label=44 result=98183444 live=0
SLIME_CLOCK served task=2 label=44 result=98195281 live=0
SLIME_CLOCK served task=3 label=44 result=98207587 live=0
SLIME_CLOCK served task=2 label=44 result=98221933 live=0
SLIME_CLOCK served task=3 label=44 result=98237579 live=0
SLIME_CLOCK served task=2 label=44 result=98252354 live=0
SLIME_CLOCK served task=3 label=44 result=98269321 live=0
SLIME_CLOCK served task=2 label=44 result=98286029 live=0
SLIME_CLOCK served task=3 label=44 result=98303413 live=0
SLIME_CLOCK served task=2 label=44 result=98325368 live=0
SLIME_CLOCK served task=3 label=44 result=98341533 live=0
SLIME_CLOCK served task=2 label=44 result=98355321 live=0
SLIME_CLOCK served task=3 label=44 result=98369903 live=0
SLIME_CLOCK served task=2 label=44 result=98383338 live=0
SLIME_CLOCK served task=3 label=44 result=98397616 live=0
SLIME_CLOCK served task=2 label=44 result=98411016 live=0
SLIME_CLOCK served task=3 label=44 result=98425257 live=0
SLIME_CLOCK served task=2 label=44 result=98440588 live=0
SLIME_CLOCK served task=3 label=44 result=98454905 live=0
SLIME_CLOCK served task=2 label=44 result=98468280 live=0
SLIME_CLOCK served task=3 label=44 result=98482488 live=0
SLIME_CLOCK served task=2 label=44 result=98496528 live=0
SLIME_CLOCK served task=3 label=44 result=98511078 live=0
SLIME_CLOCK served task=2 label=44 result=98524432 live=0
SLIME_CLOCK served task=3 label=44 result=98538674 live=0
SLIME_CLOCK served task=2 label=44 result=98552072 live=0
SLIME_CLOCK served task=3 label=44 result=98568868 live=0
SLIME_CLOCK served task=2 label=44 result=98584605 live=0
SLIME_CLOCK served task=3 label=44 result=98601438 live=0
SLIME_CLOCK served task=2 label=44 result=98617144 live=0
SLIME_CLOCK served task=3 label=44 result=98633962 live=0
SLIME_CLOCK served task=2 label=44 result=98649641 live=0
SLIME_CLOCK served task=3 label=44 result=98666074 live=0
SLIME_CLOCK served task=2 label=44 result=98682305 live=0
SLIME_CLOCK served task=3 label=44 result=98698116 live=0
SLIME_CLOCK served task=2 label=44 result=98712780 live=0
SLIME_CLOCK served task=3 label=44 result=98728619 live=0
SLIME_CLOCK served task=2 label=44 result=98745662 live=0
SLIME_CLOCK served task=3 label=44 result=98760796 live=0
SLIME_CLOCK served task=2 label=44 result=98772602 live=0
SLIME_CLOCK served task=3 label=44 result=98785061 live=0
SLIME_CLOCK served task=2 label=44 result=98795665 live=0
SLIME_CLOCK served task=3 label=44 result=98807527 live=0
SLIME_CLOCK served task=2 label=44 result=98817852 live=0
SLIME_CLOCK served task=3 label=44 result=98828964 live=0
SLIME_CLOCK served task=2 label=44 result=98842782 live=0
SLIME_CLOCK served task=3 label=44 result=98858228 live=0
SLIME_CLOCK served task=2 label=44 result=98875246 live=0
SLIME_CLOCK served task=3 label=44 result=98923729 live=0
SLIME_CLOCK served task=2 label=44 result=98935169 live=0
SLIME_CLOCK served task=3 label=44 result=98946966 live=0
SLIME_CLOCK served task=2 label=44 result=98957665 live=0
SLIME_CLOCK served task=3 label=44 result=98968955 live=0
SLIME_CLOCK served task=2 label=44 result=98979549 live=0
SLIME_CLOCK served task=3 label=44 result=98990506 live=0
SLIME_CLOCK served task=2 label=44 result=99003305 live=0
SLIME_CLOCK served task=3 label=44 result=99014208 live=0
SLIME_CLOCK served task=2 label=44 result=99024312 live=0
SLIME_CLOCK served task=3 label=44 result=99035568 live=0
SLIME_CLOCK served task=2 label=44 result=99047600 live=0
SLIME_CLOCK served task=3 label=44 result=99060183 live=0
SLIME_CLOCK served task=2 label=44 result=99071723 live=0
SLIME_CLOCK served task=3 label=44 result=99083776 live=0
SLIME_CLOCK served task=2 label=44 result=99095455 live=0
SLIME_CLOCK served task=3 label=44 result=99107597 live=0
SLIME_CLOCK served task=2 label=44 result=99119424 live=0
SLIME_CLOCK served task=3 label=44 result=99132810 live=0
SLIME_CLOCK served task=2 label=44 result=99144127 live=0
SLIME_CLOCK served task=3 label=44 result=99156389 live=0
SLIME_CLOCK served task=2 label=44 result=99167951 live=0
SLIME_CLOCK served task=3 label=44 result=99180743 live=0
SLIME_CLOCK served task=2 label=44 result=99192410 live=0
SLIME_CLOCK served task=3 label=44 result=99204498 live=0
SLIME_CLOCK served task=2 label=44 result=99216234 live=0
SLIME_CLOCK served task=3 label=44 result=99228557 live=0
SLIME_CLOCK served task=2 label=44 result=99240046 live=0
SLIME_CLOCK served task=3 label=44 result=99253683 live=0
SLIME_CLOCK served task=2 label=44 result=99265299 live=0
SLIME_CLOCK served task=3 label=44 result=99277698 live=0
SLIME_CLOCK served task=2 label=44 result=99289180 live=0
SLIME_CLOCK served task=3 label=44 result=99304421 live=0
SLIME_CLOCK served task=2 label=44 result=99319260 live=0
SLIME_CLOCK served task=3 label=44 result=99334816 live=0
SLIME_CLOCK served task=2 label=44 result=99349487 live=0
SLIME_CLOCK served task=3 label=44 result=99365095 live=0
SLIME_CLOCK served task=2 label=44 result=99376342 live=0
SLIME_CLOCK served task=3 label=44 result=99389433 live=0
SLIME_CLOCK served task=2 label=44 result=99399968 live=0
SLIME_CLOCK served task=3 label=44 result=99411345 live=0
SLIME_CLOCK served task=2 label=44 result=99423901 live=0
SLIME_CLOCK served task=3 label=44 result=99439359 live=0
SLIME_CLOCK served task=2 label=44 result=99453651 live=0
SLIME_CLOCK served task=3 label=44 result=99468619 live=0
SLIME_CLOCK served task=2 label=44 result=99482862 live=0
SLIME_CLOCK served task=3 label=44 result=99495955 live=0
SLIME_CLOCK served task=2 label=44 result=99506798 live=0
SLIME_CLOCK served task=3 label=44 result=99525006 live=0
SLIME_CLOCK served task=2 label=44 result=99537131 live=0
SLIME_CLOCK served task=3 label=44 result=99547140 live=0
SLIME_CLOCK served task=2 label=44 result=99557680 live=0
SLIME_CLOCK served task=3 label=44 result=99574774 live=0
SLIME_CLOCK served task=2 label=44 result=99591198 live=0
SLIME_CLOCK served task=3 label=44 result=99608278 live=0
SLIME_CLOCK served task=2 label=44 result=99624920 live=0
SLIME_CLOCK served task=3 label=44 result=99642974 live=0
SLIME_CLOCK served task=2 label=44 result=99659369 live=0
SLIME_CLOCK served task=3 label=44 result=99676781 live=0
SLIME_CLOCK served task=2 label=44 result=99693553 live=0
SLIME_CLOCK served task=3 label=44 result=99710471 live=0
SLIME_CLOCK served task=2 label=44 result=99726696 live=0
SLIME_CLOCK served task=3 label=44 result=99744017 live=0
SLIME_CLOCK served task=2 label=44 result=99761764 live=0
SLIME_CLOCK served task=3 label=44 result=99778897 live=0
SLIME_CLOCK served task=2 label=44 result=99795405 live=0
SLIME_CLOCK served task=3 label=44 result=99813060 live=0
SLIME_CLOCK served task=2 label=44 result=99829559 live=0
SLIME_CLOCK served task=3 label=44 result=99846499 live=0
SLIME_CLOCK served task=2 label=44 result=99862837 live=0
SLIME_CLOCK served task=3 label=44 result=99880561 live=0
SLIME_CLOCK served task=2 label=44 result=99894108 live=0
SLIME_CLOCK served task=3 label=44 result=99905260 live=0
SLIME_CLOCK served task=2 label=44 result=99915369 live=0
SLIME_CLOCK served task=3 label=44 result=99925972 live=0
SLIME_CLOCK served task=2 label=44 result=99937262 live=0
SLIME_CLOCK served task=3 label=44 result=99952897 live=0
SLIME_CLOCK served task=2 label=44 result=99967758 live=0
SLIME_CLOCK served task=3 label=44 result=99983614 live=0
SLIME_CLOCK served task=2 label=44 result=99998700 live=0
SLIME_CLOCK served task=3 label=44 result=100012806 live=0
SLIME_CLOCK served task=2 label=44 result=100029081 live=0
SLIME_CLOCK served task=3 label=44 result=100039496 live=0
SLIME_CLOCK served task=2 label=44 result=100049123 live=0
SLIME_CLOCK served task=3 label=44 result=100061750 live=0
SLIME_CLOCK served task=2 label=44 result=100076401 live=0
SLIME_CLOCK served task=3 label=44 result=100091959 live=0
SLIME_CLOCK served task=2 label=44 result=100106870 live=0
SLIME_CLOCK served task=3 label=44 result=100123033 live=0
SLIME_CLOCK served task=2 label=44 result=100137993 live=0
SLIME_CLOCK served task=3 label=44 result=100170040 live=0
SLIME_CLOCK served task=2 label=44 result=100186987 live=0
SLIME_CLOCK served task=3 label=44 result=100204275 live=0
SLIME_CLOCK served task=2 label=44 result=100221028 live=0
SLIME_CLOCK served task=3 label=44 result=100238552 live=0
SLIME_CLOCK served task=2 label=44 result=100255315 live=0
SLIME_CLOCK served task=3 label=44 result=100273850 live=0
SLIME_CLOCK served task=2 label=44 result=100290645 live=0
SLIME_CLOCK served task=3 label=44 result=100308167 live=0
SLIME_CLOCK served task=2 label=44 result=100324949 live=0
SLIME_CLOCK served task=3 label=44 result=100342185 live=0
SLIME_CLOCK served task=2 label=44 result=100358972 live=0
SLIME_CLOCK served task=3 label=44 result=100376377 live=0
SLIME_CLOCK served task=2 label=44 result=100393936 live=0
SLIME_CLOCK served task=3 label=44 result=100411187 live=0
SLIME_CLOCK served task=2 label=44 result=100427770 live=0
SLIME_CLOCK served task=3 label=44 result=100445531 live=0
SLIME_CLOCK served task=2 label=44 result=100462134 live=0
SLIME_CLOCK served task=3 label=44 result=100479265 live=0
SLIME_CLOCK served task=2 label=44 result=100496066 live=0
SLIME_CLOCK served task=3 label=44 result=100513181 live=0
SLIME_CLOCK served task=2 label=44 result=100530992 live=0
SLIME_CLOCK served task=3 label=44 result=100548124 live=0
SLIME_CLOCK served task=2 label=44 result=100564831 live=0
SLIME_CLOCK served task=3 label=44 result=100583078 live=0
SLIME_CLOCK served task=2 label=44 result=100598001 live=0
SLIME_CLOCK served task=3 label=44 result=100612841 live=0
SLIME_CLOCK served task=2 label=44 result=100628301 live=0
SLIME_CLOCK served task=3 label=44 result=100644225 live=0
SLIME_CLOCK served task=2 label=44 result=100662781 live=0
SLIME_CLOCK served task=3 label=44 result=100678331 live=0
SLIME_CLOCK served task=2 label=44 result=100693546 live=0
SLIME_CLOCK served task=3 label=44 result=100705700 live=0
SLIME_CLOCK served task=2 label=44 result=100715247 live=0
SLIME_CLOCK served task=3 label=44 result=100725425 live=0
SLIME_CLOCK served task=2 label=44 result=100735028 live=0
SLIME_CLOCK served task=3 label=44 result=100745380 live=0
SLIME_CLOCK served task=2 label=44 result=100754899 live=0
SLIME_CLOCK served task=3 label=44 result=100765023 live=0
SLIME_CLOCK served task=2 label=44 result=100776982 live=0
SLIME_CLOCK served task=3 label=44 result=100788608 live=0
SLIME_CLOCK served task=2 label=44 result=100799445 live=0
SLIME_CLOCK served task=3 label=44 result=100810853 live=0
SLIME_CLOCK served task=2 label=44 result=100821682 live=0
SLIME_CLOCK served task=3 label=44 result=100832998 live=0
SLIME_CLOCK served task=2 label=44 result=100843486 live=0
SLIME_CLOCK served task=3 label=44 result=100854636 live=0
SLIME_CLOCK served task=2 label=44 result=100864913 live=0
SLIME_CLOCK served task=3 label=44 result=100876148 live=0
SLIME_CLOCK served task=2 label=44 result=100886429 live=0
SLIME_CLOCK served task=3 label=44 result=100897587 live=0
SLIME_CLOCK served task=2 label=44 result=100909031 live=0
SLIME_CLOCK served task=3 label=44 result=100920381 live=0
SLIME_CLOCK served task=2 label=44 result=100930767 live=0
SLIME_CLOCK served task=3 label=44 result=100943472 live=0
SLIME_CLOCK served task=2 label=44 result=100955784 live=0
SLIME_CLOCK served task=3 label=44 result=100968523 live=0
SLIME_CLOCK served task=2 label=44 result=100980613 live=0
SLIME_CLOCK served task=3 label=44 result=100993607 live=0
SLIME_CLOCK served task=2 label=44 result=101005779 live=0
SLIME_CLOCK served task=3 label=44 result=101018215 live=0
SLIME_CLOCK served task=2 label=44 result=101031410 live=0
SLIME_CLOCK served task=3 label=44 result=101043801 live=0
SLIME_CLOCK served task=2 label=44 result=101055750 live=0
SLIME_CLOCK served task=3 label=44 result=101071441 live=0
SLIME_CLOCK served task=2 label=44 result=101086117 live=0
SLIME_CLOCK served task=3 label=44 result=101101945 live=0
SLIME_CLOCK served task=2 label=44 result=101116790 live=0
SLIME_CLOCK served task=3 label=44 result=101132770 live=0
SLIME_CLOCK served task=2 label=44 result=101144694 live=0
SLIME_CLOCK served task=3 label=44 result=101158929 live=0
SLIME_CLOCK served task=2 label=44 result=101170595 live=0
SLIME_CLOCK served task=3 label=44 result=101182044 live=0
SLIME_CLOCK served task=2 label=44 result=101192708 live=0
SLIME_CLOCK served task=3 label=44 result=101206850 live=0
SLIME_CLOCK served task=2 label=44 result=101217482 live=0
SLIME_CLOCK served task=3 label=44 result=101228857 live=0
SLIME_CLOCK served task=2 label=44 result=101243106 live=0
SLIME_CLOCK served task=3 label=44 result=101253262 live=0
SLIME_CLOCK served task=2 label=44 result=101262752 live=0
SLIME_CLOCK served task=3 label=44 result=101272799 live=0
SLIME_CLOCK served task=2 label=44 result=101284864 live=0
SLIME_CLOCK served task=3 label=44 result=101295981 live=0
SLIME_CLOCK served task=2 label=44 result=101306866 live=0
SLIME_CLOCK served task=3 label=44 result=101318076 live=0
SLIME_CLOCK served task=2 label=44 result=101328700 live=0
SLIME_CLOCK served task=3 label=44 result=101339911 live=0
SLIME_CLOCK served task=2 label=44 result=101350283 live=0
SLIME_CLOCK served task=3 label=44 result=101361406 live=0
SLIME_CLOCK served task=2 label=44 result=101372420 live=0
SLIME_CLOCK served task=3 label=44 result=101383482 live=0
SLIME_CLOCK served task=2 label=44 result=101393770 live=0
SLIME_CLOCK served task=3 label=44 result=101404978 live=0
SLIME_CLOCK served task=2 label=44 result=101416560 live=0
SLIME_CLOCK served task=3 label=44 result=101427766 live=0
SLIME_CLOCK served task=2 label=44 result=101438587 live=0
SLIME_CLOCK served task=3 label=44 result=101449534 live=0
SLIME_CLOCK served task=2 label=44 result=101460153 live=0
SLIME_CLOCK served task=3 label=44 result=101471066 live=0
SLIME_CLOCK served task=2 label=44 result=101481417 live=0
SLIME_CLOCK served task=3 label=44 result=101492453 live=0
SLIME_CLOCK served task=2 label=44 result=101503070 live=0
SLIME_CLOCK served task=3 label=44 result=101514163 live=0
SLIME_CLOCK served task=2 label=44 result=101524553 live=0
SLIME_CLOCK served task=3 label=44 result=101536485 live=0
SLIME_CLOCK served task=2 label=44 result=101547119 live=0
SLIME_CLOCK served task=3 label=44 result=101558386 live=0
SLIME_CLOCK served task=2 label=44 result=101569084 live=0
SLIME_CLOCK served task=3 label=44 result=101584138 live=0
SLIME_CLOCK served task=2 label=44 result=101600524 live=0
SLIME_CLOCK served task=3 label=44 result=101616033 live=0
SLIME_CLOCK served task=2 label=44 result=101631145 live=0
SLIME_CLOCK served task=3 label=44 result=101647754 live=0
SLIME_CLOCK served task=2 label=44 result=101667309 live=0
SLIME_CLOCK served task=3 label=44 result=101685613 live=0
SLIME_CLOCK served task=2 label=44 result=101703244 live=0
SLIME_CLOCK served task=3 label=44 result=101720433 live=0
SLIME_CLOCK served task=2 label=44 result=101736656 live=0
SLIME_CLOCK served task=3 label=44 result=101753981 live=0
SLIME_CLOCK served task=2 label=44 result=101769728 live=0
SLIME_CLOCK served task=3 label=44 result=101787161 live=0
SLIME_CLOCK served task=2 label=44 result=101806875 live=0
SLIME_CLOCK served task=3 label=44 result=101824380 live=0
SLIME_CLOCK served task=2 label=44 result=101840702 live=0
SLIME_CLOCK served task=3 label=44 result=101858656 live=0
SLIME_CLOCK served task=2 label=44 result=101876125 live=0
SLIME_CLOCK served task=3 label=44 result=101893700 live=0
SLIME_CLOCK served task=2 label=44 result=101910101 live=0
SLIME_CLOCK served task=3 label=44 result=101929665 live=0
SLIME_CLOCK served task=2 label=44 result=101946929 live=0
SLIME_CLOCK served task=3 label=44 result=101964717 live=0
SLIME_CLOCK served task=2 label=44 result=101981104 live=0
SLIME_CLOCK served task=3 label=44 result=101999416 live=0
SLIME_CLOCK served task=2 label=44 result=102015956 live=0
SLIME_CLOCK served task=3 label=44 result=102033691 live=0
SLIME_CLOCK served task=2 label=44 result=102051026 live=0
SLIME_CLOCK served task=3 label=44 result=102069050 live=0
SLIME_CLOCK served task=2 label=44 result=102087179 live=0
SLIME_CLOCK served task=3 label=44 result=102107002 live=0
SLIME_CLOCK served task=2 label=44 result=102124850 live=0
SLIME_CLOCK served task=3 label=44 result=102142491 live=0
SLIME_CLOCK served task=2 label=44 result=102158123 live=0
SLIME_CLOCK served task=3 label=44 result=102180295 live=0
SLIME_CLOCK served task=2 label=44 result=102209149 live=0
SLIME_CLOCK served task=3 label=44 result=102224183 live=0
SLIME_CLOCK served task=2 label=44 result=102235664 live=0
SLIME_CLOCK served task=3 label=44 result=102247634 live=0
SLIME_CLOCK served task=2 label=44 result=102259114 live=0
SLIME_CLOCK served task=3 label=44 result=102270436 live=0
SLIME_CLOCK served task=2 label=44 result=102280863 live=0
SLIME_CLOCK served task=3 label=44 result=102292539 live=0
SLIME_CLOCK served task=2 label=44 result=102306225 live=0
SLIME_CLOCK served task=3 label=44 result=102317229 live=0
SLIME_CLOCK served task=2 label=44 result=102328325 live=0
SLIME_CLOCK served task=3 label=44 result=102339295 live=0
SLIME_CLOCK served task=2 label=44 result=102349995 live=0
SLIME_CLOCK served task=3 label=44 result=102361376 live=0
SLIME_CLOCK served task=2 label=44 result=102374928 live=0
SLIME_CLOCK served task=3 label=44 result=102387011 live=0
SLIME_CLOCK served task=2 label=44 result=102397925 live=0
SLIME_CLOCK served task=3 label=44 result=102409232 live=0
SLIME_CLOCK served task=2 label=44 result=102420894 live=0
SLIME_CLOCK served task=3 label=44 result=102437775 live=0
SLIME_CLOCK served task=2 label=44 result=102450960 live=0
SLIME_CLOCK served task=3 label=44 result=102465369 live=0
SLIME_CLOCK served task=2 label=44 result=102478582 live=0
SLIME_CLOCK served task=3 label=44 result=102489984 live=0
SLIME_CLOCK served task=2 label=44 result=102500641 live=0
SLIME_CLOCK served task=3 label=44 result=102511799 live=0
SLIME_CLOCK served task=2 label=44 result=102522278 live=0
SLIME_CLOCK served task=3 label=44 result=102533430 live=0
SLIME_CLOCK served task=2 label=44 result=102543783 live=0
SLIME_CLOCK served task=3 label=44 result=102556663 live=0
SLIME_CLOCK served task=2 label=44 result=102567115 live=0
SLIME_CLOCK served task=3 label=44 result=102578102 live=0
SLIME_CLOCK served task=2 label=44 result=102588862 live=0
SLIME_CLOCK served task=3 label=44 result=102600502 live=0
SLIME_CLOCK served task=2 label=44 result=102612925 live=0
SLIME_CLOCK served task=3 label=44 result=102628405 live=0
SLIME_CLOCK served task=2 label=44 result=102643308 live=0
SLIME_CLOCK served task=3 label=44 result=102658706 live=0
SLIME_CLOCK served task=2 label=44 result=102673631 live=0
SLIME_CLOCK served task=3 label=44 result=102690695 live=0
SLIME_CLOCK served task=2 label=44 result=102705550 live=0
SLIME_CLOCK served task=3 label=44 result=102720766 live=0
SLIME_CLOCK served task=2 label=44 result=102735270 live=0
SLIME_CLOCK served task=3 label=44 result=102753044 live=0
SLIME_CLOCK served task=2 label=44 result=102769352 live=0
SLIME_CLOCK served task=3 label=44 result=102780890 live=0
SLIME_CLOCK served task=2 label=44 result=102791228 live=0
SLIME_CLOCK served task=3 label=44 result=102802702 live=0
SLIME_CLOCK served task=2 label=44 result=102816197 live=0
SLIME_CLOCK served task=3 label=44 result=102828687 live=0
SLIME_CLOCK served task=2 label=44 result=102839966 live=0
SLIME_CLOCK served task=3 label=44 result=102852653 live=0
SLIME_CLOCK served task=2 label=44 result=102865047 live=0
SLIME_CLOCK served task=3 label=44 result=102877944 live=0
SLIME_CLOCK served task=2 label=44 result=102889459 live=0
SLIME_CLOCK served task=3 label=44 result=102902296 live=0
SLIME_CLOCK served task=2 label=44 result=102914423 live=0
SLIME_CLOCK served task=3 label=44 result=102925568 live=0
SLIME_CLOCK served task=2 label=44 result=102937273 live=0
SLIME_CLOCK served task=3 label=44 result=102948590 live=0
SLIME_CLOCK served task=2 label=44 result=102959639 live=0
SLIME_CLOCK served task=3 label=44 result=102970975 live=0
SLIME_CLOCK served task=2 label=44 result=102981646 live=0
SLIME_CLOCK served task=3 label=44 result=102992847 live=0
SLIME_CLOCK served task=2 label=44 result=103003662 live=0
SLIME_CLOCK served task=3 label=44 result=103014729 live=0
SLIME_CLOCK served task=2 label=44 result=103025343 live=0
SLIME_CLOCK served task=3 label=44 result=103036871 live=0
SLIME_CLOCK served task=2 label=44 result=103047463 live=0
SLIME_CLOCK served task=3 label=44 result=103058683 live=0
SLIME_CLOCK served task=2 label=44 result=103070739 live=0
SLIME_CLOCK served task=3 label=44 result=103082365 live=0
SLIME_CLOCK served task=2 label=44 result=103093315 live=0
SLIME_CLOCK served task=3 label=44 result=103106193 live=0
SLIME_CLOCK served task=2 label=44 result=103118723 live=0
SLIME_CLOCK served task=3 label=44 result=103132782 live=0
SLIME_CLOCK served task=2 label=44 result=103147455 live=0
SLIME_CLOCK served task=3 label=44 result=103162868 live=0
SLIME_CLOCK served task=2 label=44 result=103172799 live=0
SLIME_CLOCK served task=3 label=44 result=103183366 live=0
SLIME_CLOCK served task=2 label=44 result=103196628 live=0
SLIME_CLOCK served task=3 label=44 result=103208606 live=0
SLIME_CLOCK served task=2 label=44 result=103219209 live=0
SLIME_CLOCK served task=3 label=44 result=103230679 live=0
SLIME_CLOCK served task=2 label=44 result=103241448 live=0
SLIME_CLOCK served task=3 label=44 result=103252615 live=0
SLIME_CLOCK served task=2 label=44 result=103264381 live=0
SLIME_CLOCK served task=3 label=44 result=103279432 live=0
SLIME_CLOCK served task=2 label=44 result=103294169 live=0
SLIME_CLOCK served task=3 label=44 result=103309745 live=0
SLIME_CLOCK served task=2 label=44 result=103324352 live=0
SLIME_CLOCK served task=3 label=44 result=103338863 live=0
SLIME_CLOCK served task=2 label=44 result=103348425 live=0
SLIME_CLOCK served task=3 label=44 result=103358709 live=0
SLIME_CLOCK served task=2 label=44 result=103369598 live=0
SLIME_CLOCK served task=3 label=44 result=103389157 live=0
SLIME_CLOCK served task=2 label=44 result=103405934 live=0
SLIME_CLOCK served task=3 label=44 result=103420725 live=0
SLIME_CLOCK served task=2 label=44 result=103434766 live=0
SLIME_CLOCK served task=3 label=44 result=103449642 live=0
SLIME_CLOCK served task=2 label=44 result=103463990 live=0
SLIME_CLOCK served task=3 label=44 result=103478726 live=0
SLIME_CLOCK served task=2 label=44 result=103492447 live=0
SLIME_CLOCK served task=3 label=44 result=103507086 live=0
SLIME_CLOCK served task=2 label=44 result=103524271 live=0
SLIME_CLOCK served task=3 label=44 result=103538670 live=0
SLIME_CLOCK served task=2 label=44 result=103552722 live=0
SLIME_CLOCK served task=3 label=44 result=103567865 live=0
SLIME_CLOCK served task=2 label=44 result=103581852 live=0
SLIME_CLOCK served task=3 label=44 result=103596886 live=0
SLIME_CLOCK served task=2 label=44 result=103611014 live=0
SLIME_CLOCK served task=3 label=44 result=103626065 live=0
SLIME_CLOCK served task=2 label=44 result=103642453 live=0
SLIME_CLOCK served task=3 label=44 result=103657219 live=0
SLIME_CLOCK served task=2 label=44 result=103668782 live=0
SLIME_CLOCK served task=3 label=44 result=103680669 live=0
SLIME_CLOCK served task=2 label=44 result=103690983 live=0
SLIME_CLOCK served task=3 label=44 result=103702921 live=0
SLIME_CLOCK served task=2 label=44 result=103713274 live=0
SLIME_CLOCK served task=3 label=44 result=103724869 live=0
SLIME_CLOCK served task=2 label=44 result=103737901 live=0
SLIME_CLOCK served task=3 label=44 result=103752484 live=0
SLIME_CLOCK served task=2 label=44 result=103765482 live=0
SLIME_CLOCK served task=3 label=44 result=103780426 live=0
SLIME_CLOCK served task=2 label=44 result=103795229 live=0
SLIME_CLOCK served task=3 label=44 result=103810480 live=0
SLIME_CLOCK served task=2 label=44 result=103820037 live=0
SLIME_CLOCK served task=3 label=44 result=103830503 live=0
SLIME_CLOCK served task=2 label=44 result=103843117 live=0
SLIME_CLOCK served task=3 label=44 result=103853822 live=0
SLIME_CLOCK served task=2 label=44 result=103863850 live=0
SLIME_CLOCK served task=3 label=44 result=103874911 live=0
SLIME_CLOCK served task=2 label=44 result=103884971 live=0
SLIME_CLOCK served task=3 label=44 result=103899320 live=0
SLIME_CLOCK served task=2 label=44 result=103910772 live=0
SLIME_CLOCK served task=3 label=44 result=103922772 live=0
SLIME_CLOCK served task=2 label=44 result=103934369 live=0
SLIME_CLOCK served task=3 label=44 result=103946306 live=0
SLIME_CLOCK served task=2 label=44 result=103958064 live=0
SLIME_CLOCK served task=3 label=44 result=103970329 live=0
SLIME_CLOCK served task=2 label=44 result=103982307 live=0
SLIME_CLOCK served task=3 label=44 result=103994302 live=0
SLIME_CLOCK served task=2 label=44 result=104005868 live=0
SLIME_CLOCK served task=3 label=44 result=104018914 live=0
SLIME_CLOCK served task=2 label=44 result=104030450 live=0
SLIME_CLOCK served task=3 label=44 result=104042303 live=0
SLIME_CLOCK served task=2 label=44 result=104054192 live=0
SLIME_CLOCK served task=3 label=44 result=104066852 live=0
SLIME_CLOCK served task=2 label=44 result=104078108 live=0
SLIME_CLOCK served task=3 label=44 result=104090190 live=0
SLIME_CLOCK served task=2 label=44 result=104101289 live=0
SLIME_CLOCK served task=3 label=44 result=104113723 live=0
SLIME_CLOCK served task=2 label=44 result=104124975 live=0
SLIME_CLOCK served task=3 label=44 result=104137040 live=0
SLIME_CLOCK served task=2 label=44 result=104150581 live=0
SLIME_CLOCK served task=3 label=44 result=104161684 live=0
SLIME_CLOCK served task=2 label=44 result=104172048 live=0
SLIME_CLOCK served task=3 label=44 result=104184569 live=0
SLIME_CLOCK served task=2 label=44 result=104196536 live=0
SLIME_CLOCK served task=3 label=44 result=104208809 live=0
SLIME_CLOCK served task=2 label=44 result=104220557 live=0
SLIME_CLOCK served task=3 label=44 result=104232800 live=0
SLIME_CLOCK served task=2 label=44 result=104244823 live=0
SLIME_CLOCK served task=3 label=44 result=104257075 live=0
SLIME_CLOCK served task=2 label=44 result=104270749 live=0
SLIME_CLOCK served task=3 label=44 result=104290504 live=0
SLIME_CLOCK served task=2 label=44 result=104305080 live=0
SLIME_CLOCK served task=3 label=44 result=104320583 live=0
SLIME_CLOCK served task=2 label=44 result=104335251 live=0
SLIME_CLOCK served task=3 label=44 result=104350438 live=0
SLIME_CLOCK served task=2 label=44 result=104365314 live=0
SLIME_CLOCK served task=3 label=44 result=104381165 live=0
SLIME_CLOCK served task=2 label=44 result=104390714 live=0
SLIME_CLOCK served task=3 label=44 result=104402913 live=0
SLIME_CLOCK served task=2 label=44 result=104414796 live=0
SLIME_CLOCK served task=3 label=44 result=104427392 live=0
SLIME_CLOCK served task=2 label=44 result=104439550 live=0
SLIME_CLOCK served task=3 label=44 result=104451779 live=0
SLIME_CLOCK served task=2 label=44 result=104463470 live=0
SLIME_CLOCK served task=3 label=44 result=104475693 live=0
SLIME_CLOCK served task=2 label=44 result=104487583 live=0
SLIME_CLOCK served task=3 label=44 result=104500026 live=0
SLIME_CLOCK served task=2 label=44 result=104511608 live=0
SLIME_CLOCK served task=3 label=44 result=104523726 live=0
SLIME_CLOCK served task=2 label=44 result=104536521 live=0
SLIME_CLOCK served task=3 label=44 result=104548668 live=0
SLIME_CLOCK served task=2 label=44 result=104560521 live=0
SLIME_CLOCK served task=3 label=44 result=104572637 live=0
SLIME_CLOCK served task=2 label=44 result=104584557 live=0
SLIME_CLOCK served task=3 label=44 result=104596769 live=0
SLIME_CLOCK served task=2 label=44 result=104608265 live=0
SLIME_CLOCK served task=3 label=44 result=104620513 live=0
SLIME_CLOCK served task=2 label=44 result=104632221 live=0
SLIME_CLOCK served task=3 label=44 result=104644543 live=0
SLIME_CLOCK served task=2 label=44 result=104657191 live=0
SLIME_CLOCK served task=3 label=44 result=104669497 live=0
SLIME_CLOCK served task=2 label=44 result=104681487 live=0
SLIME_CLOCK served task=3 label=44 result=104693469 live=0
SLIME_CLOCK served task=2 label=44 result=104705149 live=0
SLIME_CLOCK served task=3 label=44 result=104717504 live=0
SLIME_CLOCK served task=2 label=44 result=104729085 live=0
SLIME_CLOCK served task=3 label=44 result=104741353 live=0
SLIME_CLOCK served task=2 label=44 result=104753130 live=0
SLIME_CLOCK served task=3 label=44 result=104765105 live=0
SLIME_CLOCK served task=2 label=44 result=104777507 live=0
SLIME_CLOCK served task=3 label=44 result=104800286 live=0
SLIME_CLOCK served task=2 label=44 result=104817359 live=0
SLIME_CLOCK served task=3 label=44 result=104832199 live=0
SLIME_CLOCK served task=2 label=44 result=104846641 live=0
SLIME_CLOCK served task=3 label=44 result=104862034 live=0
SLIME_CLOCK served task=2 label=44 result=104876605 live=0
SLIME_CLOCK served task=3 label=44 result=104891816 live=0
SLIME_CLOCK served task=2 label=44 result=104904569 live=0
SLIME_CLOCK served task=3 label=44 result=104917396 live=0
SLIME_CLOCK served task=2 label=44 result=104928511 live=0
SLIME_CLOCK served task=3 label=44 result=104943176 live=0
SLIME_CLOCK served task=2 label=44 result=104954088 live=0
SLIME_CLOCK served task=3 label=44 result=104965206 live=0
SLIME_CLOCK served task=2 label=44 result=104975677 live=0
SLIME_CLOCK served task=3 label=44 result=104987828 live=0
SLIME_CLOCK served task=2 label=44 result=105000921 live=0
SLIME_CLOCK served task=3 label=44 result=105011057 live=0
SLIME_CLOCK served task=2 label=44 result=105020489 live=0
SLIME_CLOCK served task=3 label=44 result=105030538 live=0
SLIME_CLOCK served task=2 label=44 result=105042961 live=0
SLIME_CLOCK served task=3 label=44 result=105054216 live=0
SLIME_CLOCK served task=2 label=44 result=105065004 live=0
SLIME_CLOCK served task=3 label=44 result=105075972 live=0
SLIME_CLOCK served task=2 label=44 result=105086226 live=0
SLIME_CLOCK served task=3 label=44 result=105096999 live=0
SLIME_CLOCK served task=2 label=44 result=105107889 live=0
SLIME_CLOCK served task=3 label=44 result=105119282 live=0
SLIME_CLOCK served task=2 label=44 result=105129901 live=0
SLIME_CLOCK served task=3 label=44 result=105141069 live=0
SLIME_CLOCK served task=2 label=44 result=105151667 live=0
SLIME_CLOCK served task=3 label=44 result=105163610 live=0
SLIME_CLOCK served task=2 label=44 result=105174441 live=0
SLIME_CLOCK served task=3 label=44 result=105185983 live=0
SLIME_CLOCK served task=2 label=44 result=105196307 live=0
SLIME_CLOCK served task=3 label=44 result=105207887 live=0
SLIME_CLOCK served task=2 label=44 result=105219071 live=0
SLIME_CLOCK served task=3 label=44 result=105230404 live=0
SLIME_CLOCK served task=2 label=44 result=105241355 live=0
SLIME_CLOCK served task=3 label=44 result=105253418 live=0
SLIME_CLOCK served task=2 label=44 result=105264195 live=0
SLIME_CLOCK served task=3 label=44 result=105275664 live=0
SLIME_CLOCK served task=2 label=44 result=105286175 live=0
SLIME_CLOCK served task=3 label=44 result=105302413 live=0
SLIME_CLOCK served task=2 label=44 result=105317593 live=0
SLIME_CLOCK served task=3 label=44 result=105333483 live=0
SLIME_CLOCK served task=2 label=44 result=105347677 live=0
SLIME_CLOCK served task=3 label=44 result=105363482 live=0
SLIME_CLOCK served task=2 label=44 result=105378214 live=0
SLIME_CLOCK served task=3 label=44 result=105393769 live=0
SLIME_CLOCK served task=2 label=44 result=105408499 live=0
SLIME_CLOCK served task=3 label=44 result=105428041 live=0
SLIME_CLOCK served task=2 label=44 result=105443499 live=0
SLIME_CLOCK served task=3 label=44 result=105455189 live=0
SLIME_CLOCK served task=2 label=44 result=105465877 live=0
SLIME_CLOCK served task=3 label=44 result=105476928 live=0
SLIME_CLOCK served task=2 label=44 result=105487379 live=0
SLIME_CLOCK served task=3 label=44 result=105498944 live=0
SLIME_CLOCK served task=2 label=44 result=105509351 live=0
SLIME_CLOCK served task=3 label=44 result=105520405 live=0
SLIME_CLOCK served task=2 label=44 result=105531154 live=0
SLIME_CLOCK served task=3 label=44 result=105543061 live=0
SLIME_CLOCK served task=2 label=44 result=105553529 live=0
SLIME_CLOCK served task=3 label=44 result=105564889 live=0
SLIME_CLOCK served task=2 label=44 result=105575379 live=0
SLIME_CLOCK served task=3 label=44 result=105586463 live=0
SLIME_CLOCK served task=2 label=44 result=105596930 live=0
SLIME_CLOCK served task=3 label=44 result=105607927 live=0
SLIME_CLOCK served task=2 label=44 result=105618579 live=0
SLIME_CLOCK served task=3 label=44 result=105629597 live=0
SLIME_CLOCK served task=2 label=44 result=105640023 live=0
SLIME_CLOCK served task=3 label=44 result=105651129 live=0
SLIME_CLOCK served task=2 label=44 result=105661902 live=0
SLIME_CLOCK served task=3 label=44 result=105674377 live=0
SLIME_CLOCK served task=2 label=44 result=105685844 live=0
SLIME_CLOCK served task=3 label=44 result=105697396 live=0
SLIME_CLOCK served task=2 label=44 result=105708061 live=0
SLIME_CLOCK served task=3 label=44 result=105719150 live=0
SLIME_CLOCK served task=2 label=44 result=105729720 live=0
SLIME_CLOCK served task=3 label=44 result=105740620 live=0
SLIME_CLOCK served task=2 label=44 result=105751028 live=0
SLIME_CLOCK served task=3 label=44 result=105762260 live=0
SLIME_CLOCK served task=2 label=44 result=105772669 live=0
SLIME_CLOCK served task=3 label=44 result=105783586 live=0
SLIME_CLOCK served task=2 label=44 result=105794915 live=0
SLIME_CLOCK served task=3 label=44 result=105808307 live=0
SLIME_CLOCK served task=2 label=44 result=105822309 live=0
SLIME_CLOCK served task=3 label=44 result=105835185 live=0
SLIME_CLOCK served task=2 label=44 result=105848691 live=0
SLIME_CLOCK served task=3 label=44 result=105864221 live=0
SLIME_CLOCK served task=2 label=44 result=105878982 live=0
SLIME_CLOCK served task=3 label=44 result=105894687 live=0
SLIME_CLOCK served task=2 label=44 result=105909571 live=0
SLIME_CLOCK served task=3 label=44 result=105928318 live=0
SLIME_CLOCK served task=2 label=44 result=105945050 live=0
SLIME_CLOCK served task=3 label=44 result=105957212 live=0
SLIME_CLOCK served task=2 label=44 result=105969033 live=0
SLIME_CLOCK served task=3 label=44 result=105981492 live=0
SLIME_CLOCK served task=2 label=44 result=105993706 live=0
SLIME_CLOCK served task=3 label=44 result=106006274 live=0
SLIME_CLOCK served task=2 label=44 result=106018419 live=0
SLIME_CLOCK served task=3 label=44 result=106030844 live=0
SLIME_CLOCK served task=2 label=44 result=106042850 live=0
SLIME_CLOCK served task=3 label=44 result=106057009 live=0
SLIME_CLOCK served task=2 label=44 result=106068854 live=0
SLIME_CLOCK served task=3 label=44 result=106081528 live=0
SLIME_CLOCK served task=2 label=44 result=106093709 live=0
SLIME_CLOCK served task=3 label=44 result=106106167 live=0
SLIME_CLOCK served task=2 label=44 result=106118713 live=0
SLIME_CLOCK served task=3 label=44 result=106131245 live=0
SLIME_CLOCK served task=2 label=44 result=106143451 live=0
SLIME_CLOCK served task=3 label=44 result=106156187 live=0
SLIME_CLOCK served task=2 label=44 result=106167984 live=0
SLIME_CLOCK served task=3 label=44 result=106182784 live=0
SLIME_CLOCK served task=2 label=44 result=106194958 live=0
SLIME_CLOCK served task=3 label=44 result=106207647 live=0
SLIME_CLOCK served task=2 label=44 result=106219888 live=0
SLIME_CLOCK served task=3 label=44 result=106232352 live=0
SLIME_CLOCK served task=2 label=44 result=106244880 live=0
SLIME_CLOCK served task=3 label=44 result=106257443 live=0
SLIME_CLOCK served task=2 label=44 result=106269468 live=0
SLIME_CLOCK served task=3 label=44 result=106282193 live=0
SLIME_CLOCK served task=2 label=44 result=106294262 live=0
SLIME_CLOCK served task=3 label=44 result=106308419 live=0
SLIME_CLOCK served task=2 label=44 result=106323423 live=0
SLIME_CLOCK served task=3 label=44 result=106338700 live=0
SLIME_CLOCK served task=2 label=44 result=106353447 live=0
SLIME_CLOCK served task=3 label=44 result=106369593 live=0
SLIME_CLOCK served task=2 label=44 result=106387162 live=0
SLIME_CLOCK served task=3 label=44 result=106405615 live=0
SLIME_CLOCK served task=2 label=44 result=106418812 live=0
SLIME_CLOCK served task=3 label=44 result=106431514 live=0
SLIME_CLOCK served task=2 label=44 result=106442565 live=0
SLIME_CLOCK served task=3 label=44 result=106454455 live=0
SLIME_CLOCK served task=2 label=44 result=106468843 live=0
SLIME_CLOCK served task=3 label=44 result=106484338 live=0
SLIME_CLOCK served task=2 label=44 result=106499161 live=0
SLIME_CLOCK served task=3 label=44 result=106514470 live=0
SLIME_CLOCK served task=2 label=44 result=106528997 live=0
SLIME_CLOCK served task=3 label=44 result=106541263 live=0
SLIME_CLOCK served task=2 label=44 result=106554621 live=0
SLIME_CLOCK served task=3 label=44 result=106566911 live=0
SLIME_CLOCK served task=2 label=44 result=106580246 live=0
SLIME_CLOCK served task=3 label=44 result=106594980 live=0
SLIME_CLOCK served task=2 label=44 result=106608891 live=0
SLIME_CLOCK served task=3 label=44 result=106623955 live=0
SLIME_CLOCK served task=2 label=44 result=106637760 live=0
SLIME_CLOCK served task=3 label=44 result=106652521 live=0
SLIME_CLOCK served task=2 label=44 result=106666328 live=0
SLIME_CLOCK served task=3 label=44 result=106683217 live=0
SLIME_CLOCK served task=2 label=44 result=106697889 live=0
SLIME_CLOCK served task=3 label=44 result=106713339 live=0
SLIME_CLOCK served task=2 label=44 result=106727470 live=0
SLIME_CLOCK served task=3 label=44 result=106742737 live=0
SLIME_CLOCK served task=2 label=44 result=106756921 live=0
SLIME_CLOCK served task=3 label=44 result=106771420 live=0
SLIME_CLOCK served task=2 label=44 result=106785336 live=0
SLIME_CLOCK served task=3 label=44 result=106799866 live=0
SLIME_CLOCK served task=2 label=44 result=106815698 live=0
SLIME_CLOCK served task=3 label=44 result=106829920 live=0
SLIME_CLOCK served task=2 label=44 result=106842811 live=0
SLIME_CLOCK served task=3 label=44 result=106856411 live=0
SLIME_CLOCK served task=2 label=44 result=106869506 live=0
SLIME_CLOCK served task=3 label=44 result=106882986 live=0
SLIME_CLOCK served task=2 label=44 result=106895738 live=0
SLIME_CLOCK served task=3 label=44 result=106909415 live=0
SLIME_CLOCK served task=2 label=44 result=106921517 live=0
SLIME_CLOCK served task=3 label=44 result=106936256 live=0
SLIME_CLOCK served task=2 label=44 result=106950170 live=0
SLIME_CLOCK served task=3 label=44 result=106964925 live=0
SLIME_CLOCK served task=2 label=44 result=106978904 live=0
SLIME_CLOCK served task=3 label=44 result=106994077 live=0
SLIME_CLOCK served task=2 label=44 result=107007839 live=0
SLIME_CLOCK served task=3 label=44 result=107022218 live=0
SLIME_CLOCK served task=2 label=44 result=107036066 live=0
SLIME_CLOCK served task=3 label=44 result=107049889 live=0
SLIME_CLOCK served task=2 label=44 result=107072327 live=0
SLIME_CLOCK served task=3 label=44 result=107111955 live=0
SLIME_CLOCK served task=2 label=44 result=107128521 live=0
SLIME_CLOCK served task=3 label=44 result=107142584 live=0
SLIME_CLOCK served task=2 label=44 result=107155588 live=0
SLIME_CLOCK served task=3 label=44 result=107169091 live=0
SLIME_CLOCK served task=2 label=44 result=107182187 live=0
SLIME_CLOCK served task=3 label=44 result=107197182 live=0
SLIME_CLOCK served task=2 label=44 result=107210121 live=0
SLIME_CLOCK served task=3 label=44 result=107223682 live=0
SLIME_CLOCK served task=2 label=44 result=107236508 live=0
SLIME_CLOCK served task=3 label=44 result=107250461 live=0
SLIME_CLOCK served task=2 label=44 result=107263341 live=0
SLIME_CLOCK served task=3 label=44 result=107276908 live=0
SLIME_CLOCK served task=2 label=44 result=107289689 live=0
SLIME_CLOCK served task=3 label=44 result=107303233 live=0
SLIME_CLOCK served task=2 label=44 result=107318163 live=0
SLIME_CLOCK served task=3 label=44 result=107332129 live=0
SLIME_CLOCK served task=2 label=44 result=107345093 live=0
SLIME_CLOCK served task=3 label=44 result=107358527 live=0
SLIME_CLOCK served task=2 label=44 result=107372052 live=0
SLIME_CLOCK served task=3 label=44 result=107386990 live=0
SLIME_CLOCK served task=2 label=44 result=107401106 live=0
SLIME_CLOCK served task=3 label=44 result=107415957 live=0
SLIME_CLOCK served task=2 label=44 result=107430832 live=0
SLIME_CLOCK served task=3 label=44 result=107446812 live=0
SLIME_CLOCK served task=2 label=44 result=107460791 live=0
SLIME_CLOCK served task=3 label=44 result=107475335 live=0
SLIME_CLOCK served task=2 label=44 result=107488964 live=0
SLIME_CLOCK served task=3 label=44 result=107503621 live=0
SLIME_CLOCK served task=2 label=44 result=107515613 live=0
SLIME_CLOCK served task=3 label=44 result=107528379 live=0
SLIME_CLOCK served task=2 label=44 result=107540298 live=0
SLIME_CLOCK served task=3 label=44 result=107553000 live=0
SLIME_CLOCK served task=2 label=44 result=107567547 live=0
SLIME_CLOCK served task=3 label=44 result=107615066 live=0
SLIME_CLOCK served task=2 label=44 result=107655633 live=0
SLIME_CLOCK served task=3 label=44 result=107693150 live=0
SLIME_CLOCK served task=2 label=44 result=107708121 live=0
SLIME_CLOCK served task=3 label=44 result=107723247 live=0
SLIME_CLOCK served task=2 label=44 result=107735478 live=0
SLIME_CLOCK served task=3 label=44 result=107748466 live=0
SLIME_CLOCK served task=2 label=44 result=107760423 live=0
SLIME_CLOCK served task=3 label=44 result=107773113 live=0
SLIME_CLOCK served task=2 label=44 result=107785051 live=0
SLIME_CLOCK served task=3 label=44 result=107797725 live=0
SLIME_CLOCK served task=2 label=44 result=107809911 live=0
SLIME_CLOCK served task=3 label=44 result=107824779 live=0
SLIME_CLOCK served task=2 label=44 result=107839058 live=0
SLIME_CLOCK served task=3 label=44 result=107854048 live=0
SLIME_CLOCK served task=2 label=44 result=107868469 live=0
SLIME_CLOCK served task=3 label=44 result=107883334 live=0
SLIME_CLOCK served task=2 label=44 result=107897664 live=0
SLIME_CLOCK served task=3 label=44 result=107912494 live=0
SLIME_CLOCK served task=2 label=44 result=107926714 live=0
SLIME_CLOCK served task=3 label=44 result=107941633 live=0
SLIME_CLOCK served task=2 label=44 result=107957310 live=0
SLIME_CLOCK served task=3 label=44 result=107972374 live=0
SLIME_CLOCK served task=2 label=44 result=107986285 live=0
SLIME_CLOCK served task=3 label=44 result=108000687 live=0
SLIME_CLOCK served task=2 label=44 result=108013595 live=0
SLIME_CLOCK served task=3 label=44 result=108027195 live=0
SLIME_CLOCK served task=2 label=44 result=108040117 live=0
SLIME_CLOCK served task=3 label=44 result=108053661 live=0
SLIME_CLOCK served task=2 label=44 result=108066758 live=0
SLIME_CLOCK served task=3 label=44 result=108082135 live=0
SLIME_CLOCK served task=2 label=44 result=108096591 live=0
SLIME_CLOCK served task=3 label=44 result=108117774 live=0
SLIME_CLOCK served task=3 label=44 result=108133824 live=0
SLIME_CLOCK served task=2 label=44 result=108145780 live=0
SLIME_IO payload dma pages=1 frames=1 writable=true direction=DeviceWrite
SLIME_IO payload frame index=0 slot=1140 paddr=Some(1613045760)
SLIME_IO payload dma pages=1 frames=1 writable=true direction=DeviceRead
SLIME_IO payload frame index=0 slot=1144 paddr=Some(1613062144)
SLIME_CLOCK served task=3 label=44 result=108240967 live=0
SLIME_CLOCK served task=3 label=44 result=108261103 live=0
SLIME_CLOCK served task=2 label=44 result=108274777 live=0
SLIME_CLOCK served task=3 label=44 result=108286206 live=0
SLIME_CLOCK served task=2 label=44 result=108296643 live=0
SLIME_CLOCK served task=3 label=44 result=108308352 live=0
SLIME_CLOCK served task=2 label=44 result=108318719 live=0
SLIME_CLOCK served task=3 label=44 result=108331114 live=0
SLIME_CLOCK served task=2 label=44 result=108341750 live=0
SLIME_CLOCK served task=3 label=44 result=108351934 live=0
SLIME_CLOCK served task=2 label=44 result=108361411 live=0
SLIME_CLOCK served task=3 label=44 result=108371650 live=0
SLIME_CLOCK served task=2 label=44 result=108381090 live=0
SLIME_CLOCK served task=3 label=44 result=108391817 live=0
SLIME_CLOCK served task=2 label=44 result=108401324 live=0
SLIME_CLOCK served task=3 label=44 result=108411419 live=0
SLIME_CLOCK served task=2 label=44 result=108420839 live=0
SLIME_CLOCK served task=3 label=44 result=108431680 live=0
SLIME_CLOCK served task=2 label=44 result=108443180 live=0
SLIME_CLOCK served task=3 label=44 result=108456517 live=0
SLIME_CLOCK served task=2 label=44 result=108468645 live=0
SLIME_CLOCK served task=3 label=44 result=108481354 live=0
SLIME_CLOCK served task=2 label=44 result=108494963 live=0
SLIME_CLOCK served task=3 label=44 result=108511568 live=0
SLIME_CLOCK served task=2 label=44 result=108525718 live=0
SLIME_CLOCK served task=3 label=44 result=108540245 live=0
SLIME_CLOCK served task=2 label=44 result=108553646 live=0
SLIME_CLOCK served task=3 label=44 result=108565807 live=0
SLIME_CLOCK served task=2 label=44 result=108576930 live=0
SLIME_CLOCK served task=3 label=44 result=108590597 live=0
SLIME_CLOCK served task=2 label=44 result=108601604 live=0
SLIME_CLOCK served task=3 label=44 result=108613847 live=0
SLIME_CLOCK served task=2 label=44 result=108625852 live=0
SLIME_CLOCK served task=3 label=44 result=108640242 live=0
SLIME_CLOCK served task=2 label=44 result=108656741 live=0
SLIME_CLOCK served task=3 label=44 result=108674024 live=0
SLIME_CLOCK served task=2 label=44 result=108691260 live=0
SLIME_CLOCK served task=3 label=44 result=108702122 live=0
SLIME_CLOCK served task=2 label=44 result=108716030 live=0
SLIME_CLOCK served task=3 label=44 result=108728974 live=0
SLIME_CLOCK served task=2 label=44 result=108741634 live=0
SLIME_CLOCK served task=3 label=44 result=108757242 live=0
SLIME_CLOCK served task=2 label=44 result=108771607 live=0
SLIME_CLOCK served task=3 label=44 result=108784203 live=0
SLIME_CLOCK served task=2 label=44 result=108797626 live=0
SLIME_CLOCK served task=3 label=44 result=108813694 live=0
SLIME_CLOCK served task=2 label=44 result=108828177 live=0
SLIME_CLOCK served task=3 label=44 result=108859925 live=0
SLIME_CLOCK served task=2 label=44 result=108871476 live=0
SLIME_CLOCK served task=3 label=44 result=108885159 live=0
SLIME_CLOCK served task=2 label=44 result=108898359 live=0
SLIME_CLOCK served task=3 label=44 result=108911256 live=0
SLIME_CLOCK served task=2 label=44 result=108923194 live=0
SLIME_CLOCK served task=3 label=44 result=108936111 live=0
SLIME_CLOCK served task=2 label=44 result=108948036 live=0
SLIME_CLOCK served task=3 label=44 result=108960721 live=0
SLIME_CLOCK served task=2 label=44 result=108976315 live=0
SLIME_CLOCK served task=3 label=44 result=108990113 live=0
SLIME_CLOCK served task=2 label=44 result=109003556 live=0
SLIME_CLOCK served task=3 label=44 result=109017351 live=0
SLIME_CLOCK served task=2 label=44 result=109030492 live=0
SLIME_CLOCK served task=3 label=44 result=109044269 live=0
SLIME_CLOCK served task=2 label=44 result=109057609 live=0
SLIME_CLOCK served task=3 label=44 result=109071437 live=0
SLIME_CLOCK served task=2 label=44 result=109084568 live=0
SLIME_CLOCK served task=3 label=44 result=109100514 live=0
SLIME_CLOCK served task=2 label=44 result=109113693 live=0
SLIME_CLOCK served task=3 label=44 result=109127133 live=0
SLIME_CLOCK served task=2 label=44 result=109138153 live=0
SLIME_CLOCK served task=3 label=44 result=109149972 live=0
SLIME_CLOCK served task=2 label=44 result=109160759 live=0
SLIME_CLOCK served task=3 label=44 result=109172232 live=0
SLIME_CLOCK served task=2 label=44 result=109183579 live=0
SLIME_CLOCK served task=3 label=44 result=109194948 live=0
SLIME_CLOCK served task=2 label=44 result=109205923 live=0
SLIME_CLOCK served task=3 label=44 result=109217743 live=0
SLIME_CLOCK served task=2 label=44 result=109228623 live=0
SLIME_CLOCK served task=3 label=44 result=109239657 live=0
SLIME_CLOCK served task=2 label=44 result=109250358 live=0
SLIME_CLOCK served task=3 label=44 result=109262810 live=0
SLIME_CLOCK served task=2 label=44 result=109275128 live=0
SLIME_CLOCK served task=3 label=44 result=109285851 live=0
SLIME_CLOCK served task=2 label=44 result=109295873 live=0
SLIME_CLOCK served task=3 label=44 result=109309532 live=0
SLIME_CLOCK served task=2 label=44 result=109324189 live=0
SLIME_CLOCK served task=3 label=44 result=109339740 live=0
SLIME_CLOCK served task=2 label=44 result=109370874 live=0
SLIME_CLOCK served task=3 label=44 result=109383416 live=0
SLIME_CLOCK served task=2 label=44 result=109394412 live=0
SLIME_CLOCK served task=3 label=44 result=109405738 live=0
SLIME_CLOCK served task=2 label=44 result=109416093 live=0
SLIME_CLOCK served task=3 label=44 result=109427084 live=0
SLIME_CLOCK served task=2 label=44 result=109437839 live=0
SLIME_CLOCK served task=3 label=44 result=109448652 live=0
SLIME_CLOCK served task=2 label=44 result=109459196 live=0
SLIME_CLOCK served task=3 label=44 result=109471595 live=0
SLIME_CLOCK served task=2 label=44 result=109482258 live=0
SLIME_CLOCK served task=3 label=44 result=109493765 live=0
SLIME_CLOCK served task=2 label=44 result=109504244 live=0
SLIME_CLOCK served task=3 label=44 result=109515474 live=0
SLIME_CLOCK served task=2 label=44 result=109526025 live=0
SLIME_CLOCK served task=3 label=44 result=109537145 live=0
SLIME_CLOCK served task=2 label=44 result=109548105 live=0
SLIME_CLOCK served task=3 label=44 result=109559560 live=0
SLIME_CLOCK served task=2 label=44 result=109570270 live=0
SLIME_CLOCK served task=3 label=44 result=109581349 live=0
SLIME_CLOCK served task=2 label=44 result=109591703 live=0
SLIME_CLOCK served task=3 label=44 result=109603726 live=0
SLIME_CLOCK served task=2 label=44 result=109614241 live=0
SLIME_CLOCK served task=3 label=44 result=109626127 live=0
SLIME_CLOCK served task=2 label=44 result=109636587 live=0
SLIME_CLOCK served task=3 label=44 result=109647761 live=0
SLIME_CLOCK served task=2 label=44 result=109658314 live=0
SLIME_CLOCK served task=3 label=44 result=109669401 live=0
SLIME_CLOCK served task=2 label=44 result=109679721 live=0
SLIME_CLOCK served task=3 label=44 result=109690986 live=0
SLIME_CLOCK served task=2 label=44 result=109701194 live=0
SLIME_CLOCK served task=3 label=44 result=109712231 live=0
SLIME_CLOCK served task=2 label=44 result=109723745 live=0
SLIME_CLOCK served task=3 label=44 result=109734812 live=0
SLIME_CLOCK served task=2 label=44 result=109745476 live=0
SLIME_CLOCK served task=3 label=44 result=109756386 live=0
SLIME_CLOCK served task=2 label=44 result=109767114 live=0
SLIME_CLOCK served task=3 label=44 result=109780207 live=0
SLIME_CLOCK served task=2 label=44 result=109797240 live=0
SLIME_CLOCK served task=3 label=44 result=109817029 live=0
SLIME_CLOCK served task=2 label=44 result=109831440 live=0
SLIME_CLOCK served task=3 label=44 result=109846820 live=0
SLIME_CLOCK served task=2 label=44 result=109861677 live=0
SLIME_CLOCK served task=3 label=44 result=109877165 live=0
SLIME_CLOCK served task=2 label=44 result=109887025 live=0
SLIME_CLOCK served task=3 label=44 result=109897077 live=0
SLIME_CLOCK served task=2 label=44 result=109906577 live=0
SLIME_CLOCK served task=3 label=44 result=109916652 live=0
SLIME_CLOCK served task=2 label=44 result=109926127 live=0
SLIME_CLOCK served task=3 label=44 result=109938414 live=0
SLIME_CLOCK served task=2 label=44 result=109948792 live=0
SLIME_CLOCK served task=3 label=44 result=109959595 live=0
SLIME_CLOCK served task=2 label=44 result=109969912 live=0
SLIME_CLOCK served task=3 label=44 result=109980823 live=0
SLIME_CLOCK served task=2 label=44 result=109991947 live=0
SLIME_CLOCK served task=3 label=44 result=110005297 live=0
SLIME_CLOCK served task=2 label=44 result=110015756 live=0
SLIME_CLOCK served task=3 label=44 result=110027723 live=0
SLIME_CLOCK served task=2 label=44 result=110038639 live=0
SLIME_CLOCK served task=3 label=44 result=110049449 live=0
SLIME_CLOCK served task=2 label=44 result=110059927 live=0
SLIME_CLOCK served task=3 label=44 result=110071103 live=0
SLIME_CLOCK served task=2 label=44 result=110081747 live=0
SLIME_CLOCK served task=3 label=44 result=110092984 live=0
SLIME_CLOCK served task=2 label=44 result=110103355 live=0
SLIME_CLOCK served task=3 label=44 result=110114356 live=0
SLIME_CLOCK served task=2 label=44 result=110126555 live=0
SLIME_CLOCK served task=3 label=44 result=110138052 live=0
SLIME_CLOCK served task=2 label=44 result=110148420 live=0
SLIME_CLOCK served task=3 label=44 result=110159530 live=0
SLIME_CLOCK served task=2 label=44 result=110169857 live=0
SLIME_CLOCK served task=3 label=44 result=110180990 live=0
SLIME_CLOCK served task=2 label=44 result=110191197 live=0
SLIME_CLOCK served task=3 label=44 result=110202272 live=0
SLIME_CLOCK served task=2 label=44 result=110212483 live=0
SLIME_CLOCK served task=3 label=44 result=110223943 live=0
SLIME_CLOCK served task=2 label=44 result=110234499 live=0
SLIME_CLOCK served task=3 label=44 result=110245562 live=0
SLIME_CLOCK served task=2 label=44 result=110257186 live=0
SLIME_CLOCK served task=3 label=44 result=110268247 live=0
SLIME_CLOCK served task=2 label=44 result=110278815 live=0
SLIME_CLOCK served task=3 label=44 result=110289943 live=0
SLIME_CLOCK served task=2 label=44 result=110303717 live=0
SLIME_CLOCK served task=3 label=44 result=110314244 live=0
SLIME_CLOCK served task=2 label=44 result=110323771 live=0
SLIME_CLOCK served task=3 label=44 result=110336766 live=0
SLIME_CLOCK served task=2 label=44 result=110351749 live=0
SLIME_CLOCK served task=3 label=44 result=110367426 live=0
SLIME_CLOCK served task=2 label=44 result=110389843 live=0
SLIME_CLOCK served task=3 label=44 result=110405592 live=0
SLIME_CLOCK served task=2 label=44 result=110420240 live=0
SLIME_CLOCK served task=3 label=44 result=110433293 live=0
SLIME_CLOCK served task=2 label=44 result=110444071 live=0
SLIME_CLOCK served task=3 label=44 result=110459888 live=0
SLIME_CLOCK served task=2 label=44 result=110474472 live=0
SLIME_CLOCK served task=3 label=44 result=110490109 live=0
SLIME_CLOCK served task=2 label=44 result=110506017 live=0
SLIME_CLOCK served task=3 label=44 result=110521788 live=0
SLIME_CLOCK served task=2 label=44 result=110536419 live=0
SLIME_CLOCK served task=3 label=44 result=110552231 live=0
SLIME_CLOCK served task=2 label=44 result=110567262 live=0
SLIME_CLOCK served task=3 label=44 result=110582867 live=0
SLIME_CLOCK served task=2 label=44 result=110597466 live=0
SLIME_CLOCK served task=3 label=44 result=110612923 live=0
SLIME_CLOCK served task=3 label=44 result=110630733 live=0
SLIME_CLOCK served task=2 label=44 result=110645440 live=0
SLIME_CLOCK served task=3 label=44 result=110660962 live=0
SLIME_CLOCK served task=2 label=44 result=110675413 live=0
SLIME_CLOCK served task=3 label=44 result=110691094 live=0
SLIME_CLOCK served task=2 label=44 result=110705873 live=0
SLIME_CLOCK served task=3 label=44 result=110721380 live=0
SLIME_CLOCK served task=2 label=44 result=110736008 live=0
SLIME_CLOCK served task=3 label=44 result=110751791 live=0
SLIME_CLOCK served task=2 label=44 result=110768328 live=0
SLIME_CLOCK served task=3 label=44 result=110783748 live=0
SLIME_CLOCK served task=2 label=44 result=110798558 live=0
SLIME_CLOCK served task=3 label=44 result=110815427 live=0
SLIME_CLOCK served task=2 label=44 result=110830059 live=0
SLIME_CLOCK served task=3 label=44 result=110845019 live=0
SLIME_CLOCK served task=2 label=44 result=110858330 live=0
SLIME_CLOCK served task=3 label=44 result=110874282 live=0
SLIME_CLOCK served task=2 label=44 result=110897526 live=0
SLIME_CLOCK served task=3 label=44 result=110914136 live=0
SLIME_CLOCK served task=2 label=44 result=110929062 live=0
SLIME_CLOCK served task=3 label=44 result=110945428 live=0
SLIME_CLOCK served task=2 label=44 result=110960329 live=0
SLIME_CLOCK served task=3 label=44 result=110971444 live=0
SLIME_CLOCK served task=2 label=44 result=110981566 live=0
SLIME_CLOCK served task=3 label=44 result=110992516 live=0
SLIME_CLOCK served task=2 label=44 result=111002778 live=0
SLIME_CLOCK served task=3 label=44 result=111016020 live=0
SLIME_CLOCK served task=2 label=44 result=111027124 live=0
SLIME_CLOCK served task=3 label=44 result=111039032 live=0
SLIME_CLOCK served task=2 label=44 result=111049886 live=0
SLIME_CLOCK served task=3 label=44 result=111061930 live=0
SLIME_CLOCK served task=2 label=44 result=111072847 live=0
SLIME_CLOCK served task=3 label=44 result=111084391 live=0
SLIME_CLOCK served task=2 label=44 result=111094812 live=0
SLIME_CLOCK served task=3 label=44 result=111106365 live=0
SLIME_CLOCK served task=2 label=44 result=111117122 live=0
SLIME_CLOCK served task=3 label=44 result=111128739 live=0
SLIME_CLOCK served task=2 label=44 result=111141087 live=0
SLIME_CLOCK served task=3 label=44 result=111152275 live=0
SLIME_CLOCK served task=2 label=44 result=111162592 live=0
SLIME_CLOCK served task=3 label=44 result=111173581 live=0
SLIME_CLOCK served task=2 label=44 result=111184329 live=0
SLIME_CLOCK served task=3 label=44 result=111195712 live=0
SLIME_CLOCK served task=2 label=44 result=111206075 live=0
SLIME_CLOCK served task=3 label=44 result=111217437 live=0
SLIME_CLOCK served task=2 label=44 result=111227705 live=0
SLIME_CLOCK served task=3 label=44 result=111238947 live=0
SLIME_CLOCK served task=2 label=44 result=111249816 live=0
SLIME_CLOCK served task=3 label=44 result=111260738 live=0
SLIME_CLOCK served task=2 label=44 result=111272266 live=0
SLIME_CLOCK served task=3 label=44 result=111283317 live=0
SLIME_CLOCK served task=2 label=44 result=111293673 live=0
SLIME_CLOCK served task=3 label=44 result=111304663 live=0
SLIME_CLOCK served task=2 label=44 result=111316553 live=0
SLIME_CLOCK served task=3 label=44 result=111332992 live=0
SLIME_CLOCK served task=2 label=44 result=111347663 live=0
SLIME_CLOCK served task=3 label=44 result=111363174 live=0
SLIME_CLOCK served task=2 label=44 result=111378111 live=0
SLIME_CLOCK served task=3 label=44 result=111402849 live=0
SLIME_CLOCK served task=2 label=44 result=111420305 live=0
SLIME_CLOCK served task=3 label=44 result=111435926 live=0
SLIME_CLOCK served task=2 label=44 result=111446206 live=0
SLIME_CLOCK served task=3 label=44 result=111456929 live=0
SLIME_CLOCK served task=2 label=44 result=111466975 live=0
SLIME_CLOCK served task=3 label=44 result=111477636 live=0
SLIME_CLOCK served task=2 label=44 result=111487727 live=0
SLIME_CLOCK served task=3 label=44 result=111498689 live=0
SLIME_CLOCK served task=2 label=44 result=111508793 live=0
SLIME_CLOCK served task=3 label=44 result=111521621 live=0
SLIME_CLOCK served task=2 label=44 result=111533039 live=0
SLIME_CLOCK served task=3 label=44 result=111545188 live=0
SLIME_CLOCK served task=2 label=44 result=111556916 live=0
SLIME_CLOCK served task=3 label=44 result=111568466 live=0
SLIME_CLOCK served task=2 label=44 result=111580013 live=0
SLIME_CLOCK served task=3 label=44 result=111591909 live=0
SLIME_CLOCK served task=2 label=44 result=111603651 live=0
SLIME_CLOCK served task=3 label=44 result=111615642 live=0
SLIME_CLOCK served task=2 label=44 result=111627372 live=0
SLIME_CLOCK served task=3 label=44 result=111639545 live=0
SLIME_CLOCK served task=2 label=44 result=111652314 live=0
SLIME_CLOCK served task=3 label=44 result=111664263 live=0
SLIME_CLOCK served task=2 label=44 result=111675507 live=0
SLIME_CLOCK served task=3 label=44 result=111687922 live=0
SLIME_CLOCK served task=2 label=44 result=111698699 live=0
SLIME_CLOCK served task=3 label=44 result=111710543 live=0
SLIME_CLOCK served task=2 label=44 result=111721723 live=0
SLIME_CLOCK served task=3 label=44 result=111733774 live=0
SLIME_CLOCK served task=2 label=44 result=111745354 live=0
SLIME_CLOCK served task=3 label=44 result=111757339 live=0
SLIME_CLOCK served task=2 label=44 result=111768341 live=0
SLIME_CLOCK served task=3 label=44 result=111781492 live=0
SLIME_CLOCK served task=2 label=44 result=111792550 live=0
SLIME_CLOCK served task=3 label=44 result=111804778 live=0
SLIME_CLOCK served task=2 label=44 result=111816210 live=0
SLIME_CLOCK served task=3 label=44 result=111827756 live=0
SLIME_CLOCK served task=2 label=44 result=111839929 live=0
SLIME_CLOCK served task=3 label=44 result=111856609 live=0
SLIME_CLOCK served task=2 label=44 result=111868898 live=0
SLIME_CLOCK served task=3 label=44 result=111880261 live=0
SLIME_CLOCK served task=2 label=44 result=111892423 live=0
SLIME_CLOCK served task=3 label=44 result=111908296 live=0
SLIME_CLOCK served task=2 label=44 result=111933648 live=0
SLIME_CLOCK served task=3 label=44 result=111951818 live=0
SLIME_CLOCK served task=2 label=44 result=111971593 live=0
SLIME_CLOCK served task=3 label=44 result=111992092 live=0
SLIME_CLOCK served task=2 label=44 result=112011176 live=0
SLIME_CLOCK served task=3 label=44 result=112027861 live=0
SLIME_CLOCK served task=2 label=44 result=112042197 live=0
SLIME_CLOCK served task=3 label=44 result=112053190 live=0
SLIME_CLOCK served task=2 label=44 result=112064331 live=0
SLIME_CLOCK served task=3 label=44 result=112075994 live=0
SLIME_CLOCK served task=2 label=44 result=112086531 live=0
SLIME_CLOCK served task=3 label=44 result=112097622 live=0
SLIME_CLOCK served task=2 label=44 result=112107958 live=0
SLIME_CLOCK served task=3 label=44 result=112119378 live=0
SLIME_CLOCK served task=2 label=44 result=112130102 live=0
SLIME_CLOCK served task=3 label=44 result=112141675 live=0
SLIME_CLOCK served task=2 label=44 result=112152368 live=0
SLIME_CLOCK served task=3 label=44 result=112163782 live=0
SLIME_CLOCK served task=2 label=44 result=112175658 live=0
SLIME_CLOCK served task=3 label=44 result=112187253 live=0
SLIME_CLOCK served task=2 label=44 result=112197775 live=0
SLIME_CLOCK served task=3 label=44 result=112208908 live=0
SLIME_CLOCK served task=2 label=44 result=112219292 live=0
SLIME_CLOCK served task=3 label=44 result=112230706 live=0
SLIME_CLOCK served task=2 label=44 result=112241405 live=0
SLIME_CLOCK served task=3 label=44 result=112253037 live=0
SLIME_CLOCK served task=2 label=44 result=112264020 live=0
SLIME_CLOCK served task=3 label=44 result=112275016 live=0
SLIME_CLOCK served task=2 label=44 result=112285582 live=0
SLIME_CLOCK served task=3 label=44 result=112297866 live=0
SLIME_CLOCK served task=2 label=44 result=112308713 live=0
SLIME_CLOCK served task=3 label=44 result=112320021 live=0
SLIME_CLOCK served task=2 label=44 result=112331080 live=0
SLIME_CLOCK served task=3 label=44 result=112342366 live=0
SLIME_CLOCK served task=2 label=44 result=112352860 live=0
SLIME_CLOCK served task=3 label=44 result=112367507 live=0
SLIME_CLOCK served task=2 label=44 result=112381316 live=0
SLIME_CLOCK served task=3 label=44 result=112397446 live=0
SLIME_CLOCK served task=2 label=44 result=112412504 live=0
SLIME_CLOCK served task=3 label=44 result=112451012 live=0
SLIME_CLOCK served task=2 label=44 result=112466185 live=0
SLIME_CLOCK served task=3 label=44 result=112481731 live=0
SLIME_CLOCK served task=2 label=44 result=112496822 live=0
SLIME_CLOCK served task=3 label=44 result=112511026 live=0
SLIME_CLOCK served task=2 label=44 result=112520540 live=0
SLIME_CLOCK served task=3 label=44 result=112533466 live=0
SLIME_CLOCK served task=2 label=44 result=112543505 live=0
SLIME_CLOCK served task=3 label=44 result=112556820 live=0
SLIME_CLOCK served task=2 label=44 result=112567307 live=0
SLIME_CLOCK served task=3 label=44 result=112578816 live=0
SLIME_CLOCK served task=2 label=44 result=112590038 live=0
SLIME_CLOCK served task=3 label=44 result=112601425 live=0
SLIME_CLOCK served task=2 label=44 result=112611732 live=0
SLIME_CLOCK served task=3 label=44 result=112623291 live=0
SLIME_CLOCK served task=2 label=44 result=112633758 live=0
SLIME_CLOCK served task=3 label=44 result=112644810 live=0
SLIME_CLOCK served task=2 label=44 result=112655234 live=0
SLIME_CLOCK served task=3 label=44 result=112666744 live=0
SLIME_CLOCK served task=2 label=44 result=112678234 live=0
SLIME_CLOCK served task=3 label=44 result=112689451 live=0
SLIME_CLOCK served task=2 label=44 result=112699936 live=0
SLIME_CLOCK served task=3 label=44 result=112710765 live=0
SLIME_CLOCK served task=2 label=44 result=112721751 live=0
SLIME_CLOCK served task=3 label=44 result=112733198 live=0
SLIME_CLOCK served task=2 label=44 result=112744260 live=0
SLIME_CLOCK served task=3 label=44 result=112755715 live=0
SLIME_CLOCK served task=2 label=44 result=112766247 live=0
SLIME_CLOCK served task=3 label=44 result=112777052 live=0
SLIME_CLOCK served task=2 label=44 result=112787826 live=0
SLIME_CLOCK served task=3 label=44 result=112800266 live=0
SLIME_CLOCK served task=2 label=44 result=112811000 live=0
SLIME_CLOCK served task=3 label=44 result=112822278 live=0
SLIME_CLOCK served task=2 label=44 result=112833184 live=0
SLIME_CLOCK served task=3 label=44 result=112844644 live=0
SLIME_CLOCK served task=2 label=44 result=112855360 live=0
SLIME_CLOCK served task=3 label=44 result=112868413 live=0
SLIME_CLOCK served task=2 label=44 result=112878809 live=0
SLIME_CLOCK served task=3 label=44 result=112892055 live=0
SLIME_CLOCK served task=2 label=44 result=112906353 live=0
SLIME_CLOCK served task=3 label=44 result=112922142 live=0
SLIME_CLOCK served task=2 label=44 result=112967513 live=0
SLIME_CLOCK served task=3 label=44 result=112986813 live=0
SLIME_CLOCK served task=2 label=44 result=112999546 live=0
SLIME_CLOCK served task=3 label=44 result=113010533 live=0
SLIME_CLOCK served task=2 label=44 result=113020547 live=0
SLIME_CLOCK served task=3 label=44 result=113031250 live=0
SLIME_CLOCK served task=2 label=44 result=113041373 live=0
SLIME_CLOCK served task=3 label=44 result=113053783 live=0
SLIME_CLOCK served task=2 label=44 result=113065587 live=0
SLIME_CLOCK served task=3 label=44 result=113077799 live=0
SLIME_CLOCK served task=2 label=44 result=113088869 live=0
SLIME_CLOCK served task=3 label=44 result=113100501 live=0
SLIME_CLOCK served task=2 label=44 result=113111579 live=0
SLIME_CLOCK served task=3 label=44 result=113123915 live=0
SLIME_CLOCK served task=2 label=44 result=113135388 live=0
SLIME_CLOCK served task=3 label=44 result=113147201 live=0
SLIME_CLOCK served task=2 label=44 result=113158514 live=0
SLIME_CLOCK served task=3 label=44 result=113170612 live=0
SLIME_CLOCK served task=2 label=44 result=113183266 live=0
SLIME_CLOCK served task=3 label=44 result=113195309 live=0
SLIME_CLOCK served task=2 label=44 result=113206561 live=0
SLIME_CLOCK served task=3 label=44 result=113218502 live=0
SLIME_CLOCK served task=2 label=44 result=113229086 live=0
SLIME_CLOCK served task=3 label=44 result=113240078 live=0
SLIME_CLOCK served task=2 label=44 result=113251594 live=0
SLIME_CLOCK served task=3 label=44 result=113262563 live=0
SLIME_CLOCK served task=2 label=44 result=113273647 live=0
SLIME_CLOCK served task=3 label=44 result=113285525 live=0
SLIME_CLOCK served task=2 label=44 result=113295938 live=0
SLIME_CLOCK served task=3 label=44 result=113308610 live=0
SLIME_CLOCK served task=2 label=44 result=113319677 live=0
SLIME_CLOCK served task=3 label=44 result=113331643 live=0
SLIME_CLOCK served task=2 label=44 result=113343498 live=0
SLIME_CLOCK served task=3 label=44 result=113358391 live=0
SLIME_CLOCK served task=2 label=44 result=113369632 live=0
SLIME_CLOCK served task=3 label=44 result=113381006 live=0
SLIME_CLOCK served task=2 label=44 result=113391428 live=0
SLIME_CLOCK served task=3 label=44 result=113402829 live=0
SLIME_CLOCK served task=2 label=44 result=113417117 live=0
SLIME_CLOCK served task=3 label=44 result=113437211 live=0
SLIME_CLOCK served task=2 label=44 result=113450408 live=0
SLIME_CLOCK served task=3 label=44 result=113465671 live=0
SLIME_CLOCK served task=2 label=44 result=113480516 live=0
SLIME_CLOCK served task=3 label=44 result=113496685 live=0
SLIME_CLOCK served task=2 label=44 result=113511828 live=0
SLIME_CLOCK served task=3 label=44 result=113527843 live=0
SLIME_CLOCK served task=2 label=44 result=113542617 live=0
SLIME_CLOCK served task=3 label=44 result=113555089 live=0
SLIME_CLOCK served task=2 label=44 result=113572512 live=0
SLIME_CLOCK served task=3 label=44 result=113584865 live=0
SLIME_CLOCK served task=2 label=44 result=113595560 live=0
SLIME_CLOCK served task=3 label=44 result=113607517 live=0
SLIME_CLOCK served task=2 label=44 result=113618503 live=0
SLIME_CLOCK served task=3 label=44 result=113630491 live=0
SLIME_CLOCK served task=2 label=44 result=113641802 live=0
SLIME_CLOCK served task=3 label=44 result=113653712 live=0
SLIME_CLOCK served task=2 label=44 result=113664143 live=0
SLIME_CLOCK served task=3 label=44 result=113675385 live=0
SLIME_CLOCK served task=2 label=44 result=113686250 live=0
SLIME_CLOCK served task=3 label=44 result=113698908 live=0
SLIME_CLOCK served task=2 label=44 result=113709917 live=0
SLIME_CLOCK served task=3 label=44 result=113721408 live=0
SLIME_CLOCK served task=2 label=44 result=113732528 live=0
SLIME_CLOCK served task=3 label=44 result=113744281 live=0
SLIME_CLOCK served task=2 label=44 result=113755047 live=0
SLIME_CLOCK served task=3 label=44 result=113766417 live=0
SLIME_CLOCK served task=2 label=44 result=113777826 live=0
SLIME_CLOCK served task=3 label=44 result=113790164 live=0
SLIME_CLOCK served task=2 label=44 result=113800828 live=0
SLIME_CLOCK served task=3 label=44 result=113812126 live=0
SLIME_CLOCK served task=2 label=44 result=113823588 live=0
SLIME_CLOCK served task=3 label=44 result=113834401 live=0
SLIME_CLOCK served task=2 label=44 result=113845270 live=0
SLIME_CLOCK served task=3 label=44 result=113856585 live=0
SLIME_CLOCK served task=2 label=44 result=113867003 live=0
SLIME_CLOCK served task=3 label=44 result=113878555 live=0
SLIME_CLOCK served task=2 label=44 result=113889473 live=0
SLIME_CLOCK served task=3 label=44 result=113901379 live=0
SLIME_CLOCK served task=2 label=44 result=113912040 live=0
SLIME_CLOCK served task=3 label=44 result=113923704 live=0
SLIME_CLOCK served task=2 label=44 result=113938087 live=0
SLIME_CLOCK served task=3 label=44 result=113961649 live=0
SLIME_CLOCK served task=2 label=44 result=113976571 live=0
SLIME_CLOCK served task=3 label=44 result=113992559 live=0
SLIME_CLOCK served task=2 label=44 result=114007528 live=0
SLIME_CLOCK served task=3 label=44 result=114023142 live=0
SLIME_CLOCK served task=2 label=44 result=114033662 live=0
SLIME_CLOCK served task=3 label=44 result=114043698 live=0
SLIME_CLOCK served task=2 label=44 result=114053153 live=0
SLIME_CLOCK served task=3 label=44 result=114064740 live=0
SLIME_CLOCK served task=2 label=44 result=114086992 live=0
SLIME_CLOCK served task=3 label=44 result=114102591 live=0
SLIME_CLOCK served task=2 label=44 result=114117223 live=0
SLIME_CLOCK served task=3 label=44 result=114133124 live=0
SLIME_CLOCK served task=2 label=44 result=114143634 live=0
SLIME_CLOCK served task=3 label=44 result=114153846 live=0
SLIME_CLOCK served task=2 label=44 result=114163348 live=0
SLIME_CLOCK served task=3 label=44 result=114173779 live=0
SLIME_CLOCK served task=2 label=44 result=114183562 live=0
SLIME_CLOCK served task=3 label=44 result=114193661 live=0
SLIME_CLOCK served task=2 label=44 result=114211868 live=0
SLIME_CLOCK served task=3 label=44 result=114229047 live=0
SLIME_CLOCK served task=2 label=44 result=114246250 live=0
SLIME_CLOCK served task=3 label=44 result=114263756 live=0
SLIME_CLOCK served task=2 label=44 result=114280500 live=0
SLIME_CLOCK served task=3 label=44 result=114297749 live=0
SLIME_CLOCK served task=2 label=44 result=114314780 live=0
SLIME_CLOCK served task=3 label=44 result=114333666 live=0
SLIME_CLOCK served task=2 label=44 result=114350327 live=0
SLIME_CLOCK served task=3 label=44 result=114367212 live=0
SLIME_CLOCK served task=2 label=44 result=114384428 live=0
SLIME_CLOCK served task=3 label=44 result=114401380 live=0
SLIME_CLOCK served task=2 label=44 result=114417999 live=0
SLIME_CLOCK served task=3 label=44 result=114435482 live=0
SLIME_CLOCK served task=2 label=44 result=114453451 live=0
SLIME_CLOCK served task=3 label=44 result=114470601 live=0
SLIME_CLOCK served task=2 label=44 result=114487476 live=0
SLIME_CLOCK served task=3 label=44 result=114504230 live=0
SLIME_CLOCK served task=2 label=44 result=114520859 live=0
SLIME_CLOCK served task=3 label=44 result=114538616 live=0
SLIME_CLOCK served task=2 label=44 result=114553198 live=0
SLIME_CLOCK served task=3 label=44 result=114568775 live=0
SLIME_CLOCK served task=2 label=44 result=114584671 live=0
SLIME_CLOCK served task=3 label=44 result=114601040 live=0
SLIME_CLOCK served task=2 label=44 result=114613417 live=0
SLIME_CLOCK served task=3 label=44 result=114628916 live=0
SLIME_CLOCK served task=2 label=44 result=114642871 live=0
SLIME_CLOCK served task=3 label=44 result=114653158 live=0
SLIME_CLOCK served task=2 label=44 result=114662716 live=0
SLIME_CLOCK served task=3 label=44 result=114673116 live=0
SLIME_CLOCK served task=2 label=44 result=114683940 live=0
SLIME_CLOCK served task=3 label=44 result=114696292 live=0
SLIME_CLOCK served task=2 label=44 result=114710640 live=0
SLIME_CLOCK served task=3 label=44 result=114727909 live=0
SLIME_CLOCK served task=2 label=44 result=114744840 live=0
SLIME_CLOCK served task=3 label=44 result=114761939 live=0
SLIME_CLOCK served task=2 label=44 result=114778696 live=0
SLIME_CLOCK served task=3 label=44 result=114796047 live=0
SLIME_CLOCK served task=2 label=44 result=114812914 live=0
SLIME_CLOCK served task=3 label=44 result=114831228 live=0
SLIME_CLOCK served task=2 label=44 result=114847894 live=0
SLIME_CLOCK served task=3 label=44 result=114865252 live=0
SLIME_CLOCK served task=2 label=44 result=114882589 live=0
SLIME_CLOCK served task=3 label=44 result=114899823 live=0
SLIME_CLOCK served task=2 label=44 result=114916496 live=0
SLIME_CLOCK served task=3 label=44 result=114934008 live=0
SLIME_CLOCK served task=2 label=44 result=114950505 live=0
SLIME_CLOCK served task=3 label=44 result=114969401 live=0
SLIME_CLOCK served task=2 label=44 result=114986207 live=0
SLIME_CLOCK served task=3 label=44 result=115003711 live=0
SLIME_CLOCK served task=2 label=44 result=115020344 live=0
SLIME_CLOCK served task=3 label=44 result=115037569 live=0
SLIME_CLOCK served task=2 label=44 result=115054367 live=0
SLIME_CLOCK served task=3 label=44 result=115071718 live=0
SLIME_CLOCK served task=2 label=44 result=115082414 live=0
SLIME_CLOCK served task=3 label=44 result=115101084 live=0
SLIME_CLOCK served task=2 label=44 result=115118165 live=0
SLIME_CLOCK served task=3 label=44 result=115135638 live=0
SLIME_CLOCK served task=2 label=44 result=115152239 live=0
SLIME_CLOCK served task=3 label=44 result=115169299 live=0
SLIME_CLOCK served task=2 label=44 result=115186209 live=0
SLIME_CLOCK served task=3 label=44 result=115203594 live=0
SLIME_CLOCK served task=2 label=44 result=115227688 live=0
SLIME_CLOCK served task=3 label=44 result=115271027 live=0
SLIME_CLOCK served task=2 label=44 result=115285062 live=0
SLIME_CLOCK served task=3 label=44 result=115298204 live=0
SLIME_CLOCK served task=2 label=44 result=115310886 live=0
SLIME_CLOCK served task=3 label=44 result=115322080 live=0
SLIME_CLOCK served task=2 label=44 result=115335050 live=0
SLIME_CLOCK served task=3 label=44 result=115350902 live=0
SLIME_CLOCK served task=2 label=44 result=115363811 live=0
SLIME_CLOCK served task=3 label=44 result=115377665 live=0
SLIME_CLOCK served task=2 label=44 result=115390743 live=0
SLIME_CLOCK served task=3 label=44 result=115404389 live=0
SLIME_CLOCK served task=2 label=44 result=115417181 live=0
SLIME_CLOCK served task=3 label=44 result=115431473 live=0
SLIME_CLOCK served task=2 label=44 result=115444310 live=0
SLIME_CLOCK served task=3 label=44 result=115457896 live=0
SLIME_CLOCK served task=2 label=44 result=115473360 live=0
SLIME_CLOCK served task=3 label=44 result=115487080 live=0
SLIME_CLOCK served task=2 label=44 result=115500154 live=0
SLIME_CLOCK served task=3 label=44 result=115513764 live=0
SLIME_CLOCK served task=2 label=44 result=115526560 live=0
SLIME_CLOCK served task=3 label=44 result=115540119 live=0
SLIME_CLOCK served task=2 label=44 result=115552873 live=0
SLIME_CLOCK served task=3 label=44 result=115567018 live=0
SLIME_CLOCK served task=2 label=44 result=115578690 live=0
SLIME_CLOCK served task=3 label=44 result=115590026 live=0
SLIME_CLOCK served task=2 label=44 result=115601490 live=0
SLIME_CLOCK served task=3 label=44 result=115612530 live=0
SLIME_CLOCK served task=2 label=44 result=115623417 live=0
SLIME_CLOCK served task=3 label=44 result=115634528 live=0
SLIME_CLOCK served task=2 label=44 result=115644828 live=0
SLIME_CLOCK served task=3 label=44 result=115655761 live=0
SLIME_CLOCK served task=2 label=44 result=115667839 live=0
SLIME_CLOCK served task=3 label=44 result=115683241 live=0
SLIME_CLOCK served task=2 label=44 result=115698136 live=0
SLIME_CLOCK served task=3 label=44 result=115713859 live=0
SLIME_CLOCK served task=2 label=44 result=115733646 live=0
SLIME_CLOCK served task=3 label=44 result=115750469 live=0
SLIME_CLOCK served task=2 label=44 result=115765156 live=0
SLIME_CLOCK served task=3 label=44 result=115779381 live=0
SLIME_CLOCK served task=2 label=44 result=115788915 live=0
SLIME_CLOCK served task=3 label=44 result=115798982 live=0
SLIME_CLOCK served task=2 label=44 result=115808742 live=0
SLIME_CLOCK served task=3 label=44 result=115818834 live=0
SLIME_CLOCK served task=2 label=44 result=115828301 live=0
SLIME_CLOCK served task=3 label=44 result=115838401 live=0
SLIME_CLOCK served task=2 label=44 result=115850083 live=0
SLIME_CLOCK served task=3 label=44 result=115861680 live=0
SLIME_CLOCK served task=2 label=44 result=115872302 live=0
SLIME_CLOCK served task=3 label=44 result=115883147 live=0
SLIME_CLOCK served task=2 label=44 result=115893437 live=0
SLIME_CLOCK served task=3 label=44 result=115904467 live=0
SLIME_CLOCK served task=2 label=44 result=115914904 live=0
SLIME_CLOCK served task=3 label=44 result=115925907 live=0
SLIME_CLOCK served task=2 label=44 result=115936401 live=0
SLIME_CLOCK served task=3 label=44 result=115947710 live=0
SLIME_CLOCK served task=2 label=44 result=115958432 live=0
SLIME_CLOCK served task=3 label=44 result=115969462 live=0
SLIME_CLOCK served task=2 label=44 result=115981405 live=0
SLIME_CLOCK served task=3 label=44 result=115993622 live=0
SLIME_CLOCK served task=2 label=44 result=116004717 live=0
SLIME_CLOCK served task=3 label=44 result=116016558 live=0
SLIME_CLOCK served task=2 label=44 result=116026840 live=0
SLIME_CLOCK served task=3 label=44 result=116038106 live=0
SLIME_CLOCK served task=2 label=44 result=116048597 live=0
SLIME_CLOCK served task=3 label=44 result=116060032 live=0
SLIME_CLOCK served task=2 label=44 result=116070788 live=0
SLIME_CLOCK served task=3 label=44 result=116082051 live=0
SLIME_CLOCK served task=2 label=44 result=116092268 live=0
SLIME_CLOCK served task=3 label=44 result=116105274 live=0
SLIME_CLOCK served task=2 label=44 result=116116202 live=0
SLIME_CLOCK served task=3 label=44 result=116127538 live=0
SLIME_CLOCK served task=2 label=44 result=116138108 live=0
SLIME_CLOCK served task=3 label=44 result=116148902 live=0
SLIME_CLOCK served task=2 label=44 result=116159314 live=0
SLIME_CLOCK served task=3 label=44 result=116170358 live=0
SLIME_CLOCK served task=2 label=44 result=116180968 live=0
SLIME_CLOCK served task=3 label=44 result=116192812 live=0
SLIME_CLOCK served task=2 label=44 result=116207173 live=0
SLIME_CLOCK served task=3 label=44 result=116222452 live=0
SLIME_CLOCK served task=2 label=44 result=116239389 live=0
SLIME_CLOCK served task=3 label=44 result=116255541 live=0
SLIME_CLOCK served task=2 label=44 result=116270192 live=0
SLIME_CLOCK served task=3 label=44 result=116286011 live=0
SLIME_CLOCK served task=2 label=44 result=116300823 live=0
SLIME_CLOCK served task=3 label=44 result=116316446 live=0
SLIME_CLOCK served task=2 label=44 result=116328074 live=0
SLIME_CLOCK served task=3 label=44 result=116338176 live=0
SLIME_CLOCK served task=2 label=44 result=116350953 live=0
SLIME_CLOCK served task=3 label=44 result=116363764 live=0
SLIME_CLOCK served task=2 label=44 result=116374955 live=0
SLIME_CLOCK served task=3 label=44 result=116386121 live=0
SLIME_CLOCK served task=2 label=44 result=116396686 live=0
SLIME_CLOCK served task=3 label=44 result=116407805 live=0
SLIME_CLOCK served task=2 label=44 result=116418353 live=0
SLIME_CLOCK served task=3 label=44 result=116429368 live=0
SLIME_CLOCK served task=2 label=44 result=116439878 live=0
SLIME_CLOCK served task=3 label=44 result=116450739 live=0
SLIME_CLOCK served task=2 label=44 result=116461509 live=0
SLIME_CLOCK served task=3 label=44 result=116473333 live=0
SLIME_CLOCK served task=2 label=44 result=116485604 live=0
SLIME_CLOCK served task=3 label=44 result=116497658 live=0
SLIME_CLOCK served task=2 label=44 result=116508959 live=0
SLIME_CLOCK served task=3 label=44 result=116520831 live=0
SLIME_CLOCK served task=2 label=44 result=116531942 live=0
SLIME_CLOCK served task=3 label=44 result=116543303 live=0
SLIME_CLOCK served task=2 label=44 result=116554965 live=0
SLIME_CLOCK served task=3 label=44 result=116566939 live=0
SLIME_CLOCK served task=2 label=44 result=116577745 live=0
SLIME_CLOCK served task=3 label=44 result=116589430 live=0
SLIME_CLOCK served task=2 label=44 result=116601084 live=0
SLIME_CLOCK served task=3 label=44 result=116614525 live=0
SLIME_CLOCK served task=2 label=44 result=116626248 live=0
SLIME_CLOCK served task=3 label=44 result=116638718 live=0
SLIME_CLOCK served task=2 label=44 result=116649972 live=0
SLIME_CLOCK served task=3 label=44 result=116661715 live=0
SLIME_CLOCK served task=2 label=44 result=116673525 live=0
SLIME_CLOCK served task=3 label=44 result=116686052 live=0
SLIME_CLOCK served task=2 label=44 result=116698336 live=0
SLIME_CLOCK served task=3 label=44 result=116712539 live=0
SLIME_CLOCK served task=2 label=44 result=116727145 live=0
SLIME_CLOCK served task=3 label=44 result=116747136 live=0
SLIME_CLOCK served task=2 label=44 result=116763374 live=0
SLIME_CLOCK served task=3 label=44 result=116779005 live=0
SLIME_CLOCK served task=2 label=44 result=116793720 live=0
SLIME_CLOCK served task=3 label=44 result=116808432 live=0
SLIME_CLOCK served task=2 label=44 result=116818051 live=0
SLIME_CLOCK served task=3 label=44 result=116828180 live=0
SLIME_CLOCK served task=2 label=44 result=116837689 live=0
SLIME_CLOCK served task=3 label=44 result=116847894 live=0
SLIME_CLOCK served task=2 label=44 result=116857468 live=0
SLIME_CLOCK served task=3 label=44 result=116871027 live=0
SLIME_CLOCK served task=2 label=44 result=116882031 live=0
SLIME_CLOCK served task=3 label=44 result=116893275 live=0
SLIME_CLOCK served task=2 label=44 result=116903925 live=0
SLIME_CLOCK served task=3 label=44 result=116915090 live=0
SLIME_CLOCK served task=2 label=44 result=116925755 live=0
SLIME_CLOCK served task=3 label=44 result=116937883 live=0
SLIME_CLOCK served task=2 label=44 result=116949022 live=0
SLIME_CLOCK served task=3 label=44 result=116960191 live=0
SLIME_CLOCK served task=2 label=44 result=116971393 live=0
SLIME_CLOCK served task=3 label=44 result=116983089 live=0
SLIME_CLOCK served task=2 label=44 result=116995536 live=0
SLIME_CLOCK served task=3 label=44 result=117006870 live=0
SLIME_CLOCK served task=2 label=44 result=117017352 live=0
SLIME_CLOCK served task=3 label=44 result=117029068 live=0
SLIME_CLOCK served task=2 label=44 result=117039973 live=0
SLIME_CLOCK served task=3 label=44 result=117051790 live=0
SLIME_CLOCK served task=2 label=44 result=117063013 live=0
SLIME_CLOCK served task=3 label=44 result=117074185 live=0
SLIME_CLOCK served task=2 label=44 result=117084882 live=0
SLIME_CLOCK served task=3 label=44 result=117096705 live=0
SLIME_CLOCK served task=2 label=44 result=117107496 live=0
SLIME_CLOCK served task=3 label=44 result=117120373 live=0
SLIME_CLOCK served task=2 label=44 result=117131907 live=0
SLIME_CLOCK served task=3 label=44 result=117143495 live=0
SLIME_CLOCK served task=2 label=44 result=117154503 live=0
SLIME_CLOCK served task=3 label=44 result=117166663 live=0
SLIME_CLOCK served task=2 label=44 result=117177802 live=0
SLIME_CLOCK served task=3 label=44 result=117189518 live=0
SLIME_CLOCK served task=2 label=44 result=117200249 live=0
SLIME_CLOCK served task=3 label=44 result=117211653 live=0
SLIME_CLOCK served task=2 label=44 result=117222491 live=0
SLIME_CLOCK served task=3 label=44 result=117237271 live=0
SLIME_CLOCK served task=2 label=44 result=117250990 live=0
SLIME_CLOCK served task=3 label=44 result=117264273 live=0
SLIME_CLOCK served task=2 label=44 result=117280089 live=0
SLIME_CLOCK served task=3 label=44 result=117295067 live=0
SLIME_CLOCK served task=2 label=44 result=117309894 live=0
SLIME_CLOCK served task=3 label=44 result=117326014 live=0
SLIME_CLOCK served task=2 label=44 result=117340829 live=0
SLIME_CLOCK served task=3 label=44 result=117356504 live=0
SLIME_CLOCK served task=2 label=44 result=117375130 live=0
SLIME_CLOCK served task=3 label=44 result=117390261 live=0
SLIME_CLOCK served task=2 label=44 result=117400797 live=0
SLIME_CLOCK served task=3 label=44 result=117412173 live=0
SLIME_CLOCK served task=2 label=44 result=117422824 live=0
SLIME_CLOCK served task=3 label=44 result=117434925 live=0
SLIME_CLOCK served task=2 label=44 result=117445343 live=0
SLIME_CLOCK served task=3 label=44 result=117456346 live=0
SLIME_CLOCK served task=2 label=44 result=117466887 live=0
SLIME_CLOCK served task=3 label=44 result=117478087 live=0
SLIME_CLOCK served task=2 label=44 result=117488442 live=0
SLIME_CLOCK served task=3 label=44 result=117501077 live=0
SLIME_CLOCK served task=2 label=44 result=117511887 live=0
SLIME_CLOCK served task=3 label=44 result=117522725 live=0
SLIME_CLOCK served task=2 label=44 result=117533280 live=0
SLIME_CLOCK served task=3 label=44 result=117544710 live=0
SLIME_CLOCK served task=2 label=44 result=117555364 live=0
SLIME_CLOCK served task=3 label=44 result=117566494 live=0
SLIME_CLOCK served task=2 label=44 result=117577016 live=0
SLIME_CLOCK served task=3 label=44 result=117588371 live=0
SLIME_CLOCK served task=2 label=44 result=117598769 live=0
SLIME_CLOCK served task=3 label=44 result=117609701 live=0
SLIME_CLOCK served task=2 label=44 result=117620140 live=0
SLIME_CLOCK served task=3 label=44 result=117632231 live=0
SLIME_CLOCK served task=2 label=44 result=117642561 live=0
SLIME_CLOCK served task=3 label=44 result=117653574 live=0
SLIME_CLOCK served task=2 label=44 result=117663785 live=0
SLIME_CLOCK served task=3 label=44 result=117674878 live=0
SLIME_CLOCK served task=2 label=44 result=117685459 live=0
SLIME_CLOCK served task=3 label=44 result=117696445 live=0
SLIME_CLOCK served task=2 label=44 result=117707019 live=0
SLIME_CLOCK served task=3 label=44 result=117718248 live=0
SLIME_CLOCK served task=2 label=44 result=117728540 live=0
SLIME_CLOCK served task=3 label=44 result=117739668 live=0
SLIME_CLOCK served task=2 label=44 result=117753070 live=0
SLIME_CLOCK served task=3 label=44 result=117770248 live=0
SLIME_CLOCK served task=2 label=44 result=117784762 live=0
SLIME_CLOCK served task=3 label=44 result=117799982 live=0
SLIME_CLOCK served task=2 label=44 result=117814883 live=0
SLIME_CLOCK served task=3 label=44 result=117830436 live=0
SLIME_CLOCK served task=2 label=44 result=117845054 live=0
SLIME_CLOCK served task=3 label=44 result=117860659 live=0
SLIME_CLOCK served task=2 label=44 result=117871901 live=0
SLIME_CLOCK served task=3 label=44 result=117890942 live=0
SLIME_CLOCK served task=2 label=44 result=117907691 live=0
SLIME_CLOCK served task=3 label=44 result=117925053 live=0
SLIME_CLOCK served task=2 label=44 result=117942030 live=0
SLIME_CLOCK served task=3 label=44 result=117959227 live=0
SLIME_CLOCK served task=2 label=44 result=117975895 live=0
SLIME_CLOCK served task=3 label=44 result=117993340 live=0
SLIME_CLOCK served task=2 label=44 result=118011646 live=0
SLIME_CLOCK served task=3 label=44 result=118028874 live=0
SLIME_CLOCK served task=2 label=44 result=118045577 live=0
SLIME_CLOCK served task=3 label=44 result=118063250 live=0
SLIME_CLOCK served task=2 label=44 result=118080006 live=0
SLIME_CLOCK served task=3 label=44 result=118097139 live=0
SLIME_CLOCK served task=2 label=44 result=118113782 live=0
SLIME_CLOCK served task=3 label=44 result=118132451 live=0
SLIME_CLOCK served task=2 label=44 result=118149105 live=0
SLIME_CLOCK served task=3 label=44 result=118166261 live=0
SLIME_CLOCK served task=2 label=44 result=118183210 live=0
SLIME_CLOCK served task=3 label=44 result=118200479 live=0
SLIME_CLOCK served task=2 label=44 result=118216957 live=0
SLIME_CLOCK served task=3 label=44 result=118234177 live=0
SLIME_CLOCK served task=2 label=44 result=118251029 live=0
SLIME_CLOCK served task=3 label=44 result=118270657 live=0
SLIME_CLOCK served task=2 label=44 result=118285636 live=0
SLIME_CLOCK served task=3 label=44 result=118301701 live=0
SLIME_CLOCK served task=2 label=44 result=118317038 live=0
SLIME_CLOCK served task=3 label=44 result=118333250 live=0
SLIME_CLOCK served task=2 label=44 result=118346213 live=0
SLIME_CLOCK served task=3 label=44 result=118356983 live=0
SLIME_CLOCK served task=2 label=44 result=118367131 live=0
SLIME_CLOCK served task=3 label=44 result=118378257 live=0
SLIME_CLOCK served task=2 label=44 result=118396549 live=0
SLIME_CLOCK served task=3 label=44 result=118414197 live=0
SLIME_CLOCK served task=2 label=44 result=118431245 live=0
SLIME_CLOCK served task=3 label=44 result=118448770 live=0
SLIME_CLOCK served task=2 label=44 result=118465560 live=0
SLIME_CLOCK served task=3 label=44 result=118482931 live=0
SLIME_CLOCK served task=2 label=44 result=118499914 live=0
SLIME_CLOCK served task=3 label=44 result=118518589 live=0
SLIME_CLOCK served task=2 label=44 result=118535246 live=0
SLIME_CLOCK served task=3 label=44 result=118552341 live=0
SLIME_CLOCK served task=2 label=44 result=118569324 live=0
SLIME_CLOCK served task=3 label=44 result=118586336 live=0
SLIME_CLOCK served task=2 label=44 result=118602826 live=0
SLIME_CLOCK served task=3 label=44 result=118621001 live=0
SLIME_CLOCK served task=2 label=44 result=118638988 live=0
SLIME_CLOCK served task=3 label=44 result=118656427 live=0
SLIME_CLOCK served task=2 label=44 result=118673175 live=0
SLIME_CLOCK served task=3 label=44 result=118690529 live=0
SLIME_CLOCK served task=2 label=44 result=118707212 live=0
SLIME_CLOCK served task=3 label=44 result=118724572 live=0
SLIME_CLOCK served task=2 label=44 result=118741177 live=0
SLIME_CLOCK served task=3 label=44 result=118758455 live=0
SLIME_CLOCK served task=2 label=44 result=118776292 live=0
SLIME_CLOCK served task=3 label=44 result=118793577 live=0
SLIME_CLOCK served task=2 label=44 result=118810249 live=0
SLIME_CLOCK served task=3 label=44 result=118828087 live=0
SLIME_CLOCK served task=2 label=44 result=118842620 live=0
SLIME_CLOCK served task=3 label=44 result=118857952 live=0
SLIME_CLOCK served task=2 label=44 result=118868594 live=0
SLIME_CLOCK served task=3 label=44 result=118883306 live=0
SLIME_CLOCK served task=2 label=44 result=118903194 live=0
SLIME_CLOCK served task=3 label=44 result=118923316 live=0
SLIME_CLOCK served task=2 label=44 result=118941214 live=0
SLIME_CLOCK served task=3 label=44 result=118957091 live=0
SLIME_CLOCK served task=2 label=44 result=118969580 live=0
SLIME_CLOCK served task=3 label=44 result=118979730 live=0
SLIME_CLOCK served task=2 label=44 result=118989280 live=0
SLIME_CLOCK served task=3 label=44 result=118999853 live=0
SLIME_CLOCK served task=2 label=44 result=119009716 live=0
SLIME_CLOCK served task=3 label=44 result=119023730 live=0
SLIME_CLOCK served task=2 label=44 result=119034498 live=0
SLIME_CLOCK served task=3 label=44 result=119046241 live=0
SLIME_CLOCK served task=2 label=44 result=119057193 live=0
SLIME_CLOCK served task=3 label=44 result=119068725 live=0
SLIME_CLOCK served task=2 label=44 result=119079917 live=0
SLIME_CLOCK served task=3 label=44 result=119091553 live=0
SLIME_CLOCK served task=2 label=44 result=119102599 live=0
SLIME_CLOCK served task=3 label=44 result=119113976 live=0
SLIME_CLOCK served task=2 label=44 result=119125141 live=0
SLIME_CLOCK served task=3 label=44 result=119136816 live=0
SLIME_CLOCK served task=2 label=44 result=119148530 live=0
SLIME_CLOCK served task=3 label=44 result=119160150 live=0
SLIME_CLOCK served task=2 label=44 result=119171726 live=0
SLIME_CLOCK served task=3 label=44 result=119183946 live=0
SLIME_CLOCK served task=2 label=44 result=119194876 live=0
SLIME_CLOCK served task=3 label=44 result=119206896 live=0
SLIME_CLOCK served task=2 label=44 result=119218023 live=0
SLIME_CLOCK served task=3 label=44 result=119229517 live=0
SLIME_CLOCK served task=2 label=44 result=119240550 live=0
SLIME_CLOCK served task=3 label=44 result=119252474 live=0
SLIME_CLOCK served task=2 label=44 result=119263812 live=0
SLIME_CLOCK served task=3 label=44 result=119276361 live=0
SLIME_CLOCK served task=2 label=44 result=119287120 live=0
SLIME_CLOCK served task=3 label=44 result=119299018 live=0
SLIME_CLOCK served task=2 label=44 result=119315179 live=0
SLIME_CLOCK served task=3 label=44 result=119331416 live=0
SLIME_CLOCK served task=2 label=44 result=119346161 live=0
SLIME_CLOCK served task=3 label=44 result=119362383 live=0
SLIME_CLOCK served task=2 label=44 result=119377766 live=0
SLIME_CLOCK served task=3 label=44 result=119395710 live=0
SLIME_CLOCK served task=2 label=44 result=119408679 live=0
SLIME_CLOCK served task=3 label=44 result=119421735 live=0
SLIME_CLOCK served task=2 label=44 result=119433835 live=0
SLIME_CLOCK served task=3 label=44 result=119445823 live=0
SLIME_CLOCK served task=2 label=44 result=119457905 live=0
SLIME_CLOCK served task=3 label=44 result=119469731 live=0
SLIME_CLOCK served task=2 label=44 result=119480874 live=0
SLIME_CLOCK served task=3 label=44 result=119493518 live=0
SLIME_CLOCK served task=2 label=44 result=119504776 live=0
SLIME_CLOCK served task=3 label=44 result=119517182 live=0
SLIME_CLOCK served task=2 label=44 result=119529385 live=0
SLIME_CLOCK served task=3 label=44 result=119541493 live=0
SLIME_CLOCK served task=2 label=44 result=119552655 live=0
SLIME_CLOCK served task=3 label=44 result=119564760 live=0
SLIME_CLOCK served task=2 label=44 result=119576178 live=0
SLIME_CLOCK served task=3 label=44 result=119588110 live=0
SLIME_CLOCK served task=2 label=44 result=119599479 live=0
SLIME_CLOCK served task=3 label=44 result=119611301 live=0
SLIME_CLOCK served task=2 label=44 result=119622923 live=0
SLIME_CLOCK served task=3 label=44 result=119634486 live=0
SLIME_CLOCK served task=2 label=44 result=119645573 live=0
SLIME_CLOCK served task=3 label=44 result=119658321 live=0
SLIME_CLOCK served task=2 label=44 result=119669698 live=0
SLIME_CLOCK served task=3 label=44 result=119681827 live=0
SLIME_CLOCK served task=2 label=44 result=119692731 live=0
SLIME_CLOCK served task=3 label=44 result=119704802 live=0
SLIME_CLOCK served task=2 label=44 result=119716000 live=0
SLIME_CLOCK served task=3 label=44 result=119728103 live=0
SLIME_CLOCK served task=2 label=44 result=119739255 live=0
SLIME_CLOCK served task=3 label=44 result=119751332 live=0
SLIME_CLOCK served task=2 label=44 result=119762650 live=0
SLIME_CLOCK served task=3 label=44 result=119775646 live=0
SLIME_CLOCK served task=2 label=44 result=119786512 live=0
SLIME_CLOCK served task=3 label=44 result=119798276 live=0
SLIME_CLOCK served task=2 label=44 result=119809751 live=0
SLIME_CLOCK served task=3 label=44 result=119826483 live=0
SLIME_CLOCK served task=2 label=44 result=119836858 live=0
SLIME_CLOCK served task=3 label=44 result=119847526 live=0
SLIME_CLOCK served task=2 label=44 result=119857643 live=0
SLIME_CLOCK served task=3 label=44 result=119868672 live=0
SLIME_CLOCK served task=2 label=44 result=119878731 live=0
SLIME_CLOCK served task=3 label=44 result=119889440 live=0
SLIME_CLOCK served task=2 label=44 result=119901601 live=0
SLIME_CLOCK served task=3 label=44 result=119913950 live=0
SLIME_CLOCK served task=2 label=44 result=119925251 live=0
SLIME_CLOCK served task=3 label=44 result=119937643 live=0
SLIME_CLOCK served task=2 label=44 result=119948717 live=0
SLIME_CLOCK served task=3 label=44 result=119960488 live=0
SLIME_CLOCK served task=2 label=44 result=119971671 live=0
SLIME_CLOCK served task=3 label=44 result=119983914 live=0
SLIME_CLOCK served task=2 label=44 result=119995644 live=0
SLIME_CLOCK served task=3 label=44 result=120007485 live=0
SLIME_CLOCK served task=2 label=44 result=120021535 live=0
SLIME_CLOCK served task=3 label=44 result=120038015 live=0
SLIME_CLOCK served task=2 label=44 result=120054609 live=0
SLIME_CLOCK served task=3 label=44 result=120072026 live=0
SLIME_CLOCK served task=2 label=44 result=120089193 live=0
SLIME_CLOCK served task=3 label=44 result=120106188 live=0
SLIME_CLOCK served task=2 label=44 result=120118329 live=0
SLIME_CLOCK served task=3 label=44 result=120131073 live=0
SLIME_CLOCK served task=2 label=44 result=120145006 live=0
SLIME_CLOCK served task=3 label=44 result=120165605 live=0
SLIME_CLOCK served task=2 label=44 result=120201208 live=0
SLIME_CLOCK served task=3 label=44 result=120214394 live=0
SLIME_CLOCK served task=2 label=44 result=120226469 live=0
SLIME_CLOCK served task=3 label=44 result=120239200 live=0
SLIME_CLOCK served task=2 label=44 result=120251501 live=0
SLIME_CLOCK served task=3 label=44 result=120264444 live=0
SLIME_CLOCK served task=2 label=44 result=120276303 live=0
SLIME_CLOCK served task=3 label=44 result=120291850 live=0
SLIME_CLOCK served task=2 label=44 result=120305107 live=0
SLIME_CLOCK served task=3 label=44 result=120319753 live=0
SLIME_CLOCK served task=2 label=44 result=120333708 live=0
SLIME_CLOCK served task=3 label=44 result=120348485 live=0
SLIME_CLOCK served task=2 label=44 result=120361912 live=0
SLIME_CLOCK served task=3 label=44 result=120376157 live=0
SLIME_CLOCK served task=2 label=44 result=120389438 live=0
SLIME_CLOCK served task=3 label=44 result=120402327 live=0
SLIME_CLOCK served task=2 label=44 result=120414717 live=0
SLIME_CLOCK served task=3 label=44 result=120426672 live=0
SLIME_CLOCK served task=2 label=44 result=120438698 live=0
SLIME_CLOCK served task=3 label=44 result=120450605 live=0
SLIME_CLOCK served task=2 label=44 result=120461838 live=0
SLIME_CLOCK served task=3 label=44 result=120473499 live=0
SLIME_CLOCK served task=2 label=44 result=120484774 live=0
SLIME_CLOCK served task=3 label=44 result=120497024 live=0
SLIME_CLOCK served task=2 label=44 result=120510963 live=0
SLIME_CLOCK served task=3 label=44 result=120525031 live=0
SLIME_CLOCK served task=2 label=44 result=120543146 live=0
SLIME_CLOCK served task=3 label=44 result=120561904 live=0
SLIME_CLOCK served task=2 label=44 result=120577749 live=0
SLIME_CLOCK served task=3 label=44 result=120593290 live=0
SLIME_CLOCK served task=2 label=44 result=120607808 live=0
SLIME_CLOCK served task=3 label=44 result=120623843 live=0
SLIME_CLOCK served task=2 label=44 result=120638680 live=0
SLIME_CLOCK served task=3 label=44 result=120654454 live=0
SLIME_CLOCK served task=2 label=44 result=120668360 live=0
SLIME_CLOCK served task=3 label=44 result=120680361 live=0
SLIME_CLOCK served task=2 label=44 result=120693731 live=0
SLIME_CLOCK served task=3 label=44 result=120706086 live=0
SLIME_CLOCK served task=2 label=44 result=120716477 live=0
SLIME_CLOCK served task=3 label=44 result=120727869 live=0
SLIME_CLOCK served task=2 label=44 result=120738213 live=0
SLIME_CLOCK served task=3 label=44 result=120749408 live=0
SLIME_CLOCK served task=2 label=44 result=120760018 live=0
SLIME_CLOCK served task=3 label=44 result=120771484 live=0
SLIME_CLOCK served task=2 label=44 result=120782186 live=0
SLIME_CLOCK served task=3 label=44 result=120794353 live=0
SLIME_CLOCK served task=2 label=44 result=120804953 live=0
SLIME_CLOCK served task=3 label=44 result=120816436 live=0
SLIME_CLOCK served task=2 label=44 result=120826829 live=0
SLIME_CLOCK served task=3 label=44 result=120837710 live=0
SLIME_CLOCK served task=2 label=44 result=120848080 live=0
SLIME_CLOCK served task=3 label=44 result=120859174 live=0
SLIME_CLOCK served task=2 label=44 result=120872248 live=0
SLIME_CLOCK served task=3 label=44 result=120883362 live=0
SLIME_CLOCK served task=2 label=44 result=120894130 live=0
SLIME_CLOCK served task=3 label=44 result=120905880 live=0
SLIME_CLOCK served task=2 label=44 result=120917916 live=0
SLIME_CLOCK served task=3 label=44 result=120928959 live=0
SLIME_CLOCK served task=2 label=44 result=120939736 live=0
SLIME_CLOCK served task=3 label=44 result=120951356 live=0
SLIME_CLOCK served task=2 label=44 result=120961817 live=0
SLIME_CLOCK served task=3 label=44 result=120972726 live=0
SLIME_CLOCK served task=2 label=44 result=120982885 live=0
SLIME_CLOCK served task=3 label=44 result=120994365 live=0
SLIME_CLOCK served task=2 label=44 result=121004927 live=0
SLIME_CLOCK served task=3 label=44 result=121016878 live=0
SLIME_CLOCK served task=2 label=44 result=121028982 live=0
SLIME_CLOCK served task=3 label=44 result=121043522 live=0
SLIME_CLOCK served task=2 label=44 result=121058150 live=0
SLIME_CLOCK served task=3 label=44 result=121075658 live=0
SLIME_CLOCK served task=2 label=44 result=121092010 live=0
SLIME_CLOCK served task=3 label=44 result=121107876 live=0
SLIME_CLOCK served task=2 label=44 result=121122906 live=0
SLIME_CLOCK served task=3 label=44 result=121138765 live=0
SLIME_CLOCK served task=2 label=44 result=121153467 live=0
SLIME_CLOCK served task=3 label=44 result=121171704 live=0
SLIME_CLOCK served task=2 label=44 result=121185173 live=0
SLIME_CLOCK served task=3 label=44 result=121197546 live=0
SLIME_CLOCK served task=2 label=44 result=121209211 live=0
SLIME_CLOCK served task=3 label=44 result=121221157 live=0
SLIME_CLOCK served task=2 label=44 result=121233396 live=0
SLIME_CLOCK served task=3 label=44 result=121246086 live=0
SLIME_CLOCK served task=2 label=44 result=121258413 live=0
SLIME_CLOCK served task=3 label=44 result=121271942 live=0
SLIME_CLOCK served task=2 label=44 result=121284494 live=0
SLIME_CLOCK served task=3 label=44 result=121297815 live=0
SLIME_CLOCK served task=2 label=44 result=121310269 live=0
SLIME_CLOCK served task=3 label=44 result=121323158 live=0
SLIME_CLOCK served task=2 label=44 result=121335208 live=0
SLIME_CLOCK served task=3 label=44 result=121348269 live=0
SLIME_CLOCK served task=2 label=44 result=121360432 live=0
SLIME_CLOCK served task=3 label=44 result=121373408 live=0
SLIME_CLOCK served task=2 label=44 result=121385642 live=0
SLIME_CLOCK served task=3 label=44 result=121399143 live=0
SLIME_CLOCK served task=2 label=44 result=121411106 live=0
SLIME_CLOCK served task=3 label=44 result=121424658 live=0
SLIME_CLOCK served task=2 label=44 result=121437145 live=0
SLIME_CLOCK served task=3 label=44 result=121450201 live=0
SLIME_CLOCK served task=2 label=44 result=121462358 live=0
SLIME_CLOCK served task=3 label=44 result=121475358 live=0
SLIME_CLOCK served task=2 label=44 result=121487722 live=0
SLIME_CLOCK served task=3 label=44 result=121500754 live=0
SLIME_CLOCK served task=2 label=44 result=121512935 live=0
SLIME_CLOCK served task=3 label=44 result=121526226 live=0
SLIME_CLOCK served task=2 label=44 result=121538599 live=0
SLIME_CLOCK served task=3 label=44 result=121552316 live=0
SLIME_CLOCK served task=2 label=44 result=121565180 live=0
SLIME_CLOCK served task=3 label=44 result=121578000 live=0
SLIME_CLOCK served task=2 label=44 result=121592074 live=0
SLIME_CLOCK served task=3 label=44 result=121604188 live=0
SLIME_CLOCK served task=2 label=44 result=121614449 live=0
SLIME_CLOCK served task=3 label=44 result=121625626 live=0
SLIME_CLOCK served task=2 label=44 result=121636758 live=0
SLIME_CLOCK served task=3 label=44 result=121652167 live=0
SLIME_CLOCK served task=2 label=44 result=121667053 live=0
SLIME_CLOCK served task=3 label=44 result=121701385 live=0
SLIME_CLOCK served task=2 label=44 result=121715713 live=0
SLIME_CLOCK served task=3 label=44 result=121727734 live=0
SLIME_CLOCK served task=2 label=44 result=121738616 live=0
SLIME_CLOCK served task=3 label=44 result=121752965 live=0
SLIME_CLOCK served task=2 label=44 result=121763736 live=0
SLIME_CLOCK served task=3 label=44 result=121775174 live=0
SLIME_CLOCK served task=2 label=44 result=121785439 live=0
SLIME_CLOCK served task=3 label=44 result=121796346 live=0
SLIME_CLOCK served task=2 label=44 result=121808265 live=0
SLIME_CLOCK served task=3 label=44 result=121819620 live=0
SLIME_CLOCK served task=2 label=44 result=121830377 live=0
SLIME_CLOCK served task=3 label=44 result=121841699 live=0
SLIME_CLOCK served task=2 label=44 result=121852258 live=0
SLIME_CLOCK served task=3 label=44 result=121863460 live=0
SLIME_CLOCK served task=2 label=44 result=121874611 live=0
SLIME_CLOCK served task=3 label=44 result=121885678 live=0
SLIME_CLOCK served task=2 label=44 result=121896414 live=0
SLIME_CLOCK served task=3 label=44 result=121907568 live=0
SLIME_CLOCK served task=2 label=44 result=121918051 live=0
SLIME_CLOCK served task=3 label=44 result=121930405 live=0
SLIME_CLOCK served task=2 label=44 result=121940872 live=0
SLIME_CLOCK served task=3 label=44 result=121951869 live=0
SLIME_CLOCK served task=2 label=44 result=121962341 live=0
SLIME_CLOCK served task=3 label=44 result=121973094 live=0
SLIME_CLOCK served task=2 label=44 result=121983561 live=0
SLIME_CLOCK served task=3 label=44 result=121994781 live=0
SLIME_CLOCK served task=2 label=44 result=122005324 live=0
SLIME_CLOCK served task=3 label=44 result=122016861 live=0
SLIME_CLOCK served task=2 label=44 result=122027105 live=0
SLIME_CLOCK served task=3 label=44 result=122038228 live=0
SLIME_CLOCK served task=2 label=44 result=122049093 live=0
SLIME_CLOCK served task=3 label=44 result=122061638 live=0
SLIME_CLOCK served task=2 label=44 result=122072149 live=0
SLIME_CLOCK served task=3 label=44 result=122083428 live=0
SLIME_CLOCK served task=2 label=44 result=122093731 live=0
SLIME_CLOCK served task=3 label=44 result=122104653 live=0
SLIME_CLOCK served task=2 label=44 result=122119801 live=0
SLIME_CLOCK served task=3 label=44 result=122134893 live=0
SLIME_CLOCK served task=2 label=44 result=122149804 live=0
SLIME_CLOCK served task=3 label=44 result=122165637 live=0
SLIME_CLOCK served task=2 label=44 result=122183087 live=0
SLIME_CLOCK served task=3 label=44 result=122198090 live=0
SLIME_CLOCK served task=2 label=44 result=122210102 live=0
SLIME_CLOCK served task=3 label=44 result=122222816 live=0
SLIME_CLOCK served task=2 label=44 result=122235022 live=0
SLIME_CLOCK served task=3 label=44 result=122248373 live=0
SLIME_CLOCK served task=2 label=44 result=122260677 live=0
SLIME_CLOCK served task=3 label=44 result=122274243 live=0
SLIME_CLOCK served task=2 label=44 result=122288696 live=0
SLIME_CLOCK served task=3 label=44 result=122304185 live=0
SLIME_CLOCK served task=2 label=44 result=122348451 live=0
SLIME_CLOCK served task=3 label=44 result=122364828 live=0
SLIME_CLOCK served task=2 label=44 result=122377596 live=0
SLIME_CLOCK served task=3 label=44 result=122390041 live=0
SLIME_CLOCK served task=2 label=44 result=122399583 live=0
SLIME_CLOCK served task=3 label=44 result=122410083 live=0
SLIME_CLOCK served task=2 label=44 result=122420166 live=0
SLIME_CLOCK served task=3 label=44 result=122431188 live=0
SLIME_CLOCK served task=2 label=44 result=122442444 live=0
SLIME_CLOCK served task=3 label=44 result=122453336 live=0
SLIME_CLOCK served task=2 label=44 result=122463417 live=0
SLIME_CLOCK served task=3 label=44 result=122474101 live=0
SLIME_CLOCK served task=2 label=44 result=122484124 live=0
SLIME_CLOCK served task=3 label=44 result=122495199 live=0
SLIME_CLOCK served task=2 label=44 result=122505289 live=0
SLIME_CLOCK served task=3 label=44 result=122515943 live=0
SLIME_CLOCK served task=2 label=44 result=122525994 live=0
SLIME_CLOCK served task=3 label=44 result=122536673 live=0
SLIME_CLOCK served task=2 label=44 result=122546738 live=0
SLIME_CLOCK served task=3 label=44 result=122557810 live=0
SLIME_CLOCK served task=2 label=44 result=122570348 live=0
SLIME_CLOCK served task=3 label=44 result=122585079 live=0
SLIME_CLOCK served task=2 label=44 result=122599849 live=0
SLIME_CLOCK served task=3 label=44 result=122615341 live=0
SLIME_CLOCK served task=2 label=44 result=122630091 live=0
SLIME_CLOCK served task=3 label=44 result=122642928 live=0
SLIME_CLOCK served task=2 label=44 result=122652554 live=0
SLIME_CLOCK served task=3 label=44 result=122662704 live=0
SLIME_CLOCK served task=2 label=44 result=122672261 live=0
SLIME_CLOCK served task=3 label=44 result=122682699 live=0
SLIME_CLOCK served task=2 label=44 result=122695685 live=0
SLIME_CLOCK served task=3 label=44 result=122708873 live=0
SLIME_CLOCK served task=2 label=44 result=122721212 live=0
SLIME_CLOCK served task=3 label=44 result=122733772 live=0
SLIME_CLOCK served task=2 label=44 result=122748390 live=0
SLIME_CLOCK served task=3 label=44 result=122763272 live=0
SLIME_CLOCK served task=2 label=44 result=122778016 live=0
SLIME_CLOCK served task=3 label=44 result=122793421 live=0
SLIME_CLOCK served task=2 label=44 result=122808497 live=0
SLIME_CLOCK served task=3 label=44 result=122841324 live=0
SLIME_CLOCK served task=2 label=44 result=122869885 live=0
SLIME_CLOCK served task=3 label=44 result=122882640 live=0
SLIME_CLOCK served task=2 label=44 result=122896211 live=0
SLIME_CLOCK served task=3 label=44 result=122907803 live=0
SLIME_CLOCK served task=2 label=44 result=122918339 live=0
SLIME_CLOCK served task=3 label=44 result=122929332 live=0
SLIME_CLOCK served task=2 label=44 result=122940204 live=0
SLIME_CLOCK served task=3 label=44 result=122953014 live=0
SLIME_CLOCK served task=2 label=44 result=122963572 live=0
SLIME_CLOCK served task=3 label=44 result=122975146 live=0
SLIME_CLOCK served task=2 label=44 result=122985548 live=0
SLIME_CLOCK served task=3 label=44 result=122997122 live=0
SLIME_CLOCK served task=2 label=44 result=123007773 live=0
SLIME_CLOCK served task=3 label=44 result=123020258 live=0
SLIME_CLOCK served task=2 label=44 result=123032305 live=0
SLIME_CLOCK served task=3 label=44 result=123044690 live=0
SLIME_CLOCK served task=2 label=44 result=123056559 live=0
SLIME_CLOCK served task=3 label=44 result=123068864 live=0
SLIME_CLOCK served task=2 label=44 result=123081627 live=0
SLIME_CLOCK served task=3 label=44 result=123093765 live=0
SLIME_CLOCK served task=2 label=44 result=123104515 live=0
SLIME_CLOCK served task=3 label=44 result=123115711 live=0
SLIME_CLOCK served task=2 label=44 result=123126546 live=0
SLIME_CLOCK served task=3 label=44 result=123137483 live=0
SLIME_CLOCK served task=2 label=44 result=123148383 live=0
SLIME_CLOCK served task=3 label=44 result=123159943 live=0
SLIME_CLOCK served task=2 label=44 result=123170598 live=0
SLIME_CLOCK served task=3 label=44 result=123182251 live=0
SLIME_CLOCK served task=2 label=44 result=123194241 live=0
SLIME_CLOCK served task=3 label=44 result=123207599 live=0
SLIME_CLOCK served task=2 label=44 result=123219905 live=0
SLIME_CLOCK served task=3 label=44 result=123232696 live=0
SLIME_CLOCK served task=2 label=44 result=123245022 live=0
SLIME_CLOCK served task=3 label=44 result=123257722 live=0
SLIME_CLOCK served task=2 label=44 result=123272521 live=0
SLIME_CLOCK served task=3 label=44 result=123287844 live=0
SLIME_CLOCK served task=2 label=44 result=123302789 live=0
SLIME_CLOCK served task=3 label=44 result=123318333 live=0
SLIME_CLOCK served task=2 label=44 result=123351415 live=0
SLIME_CLOCK served task=3 label=44 result=123368842 live=0
SLIME_CLOCK served task=2 label=44 result=123385631 live=0
SLIME_CLOCK served task=3 label=44 result=123403624 live=0
SLIME_CLOCK served task=2 label=44 result=123420501 live=0
SLIME_CLOCK served task=3 label=44 result=123436975 live=0
SLIME_CLOCK served task=2 label=44 result=123447307 live=0
SLIME_CLOCK served task=3 label=44 result=123461699 live=0
SLIME_CLOCK served task=2 label=44 result=123473378 live=0
SLIME_CLOCK served task=3 label=44 result=123485696 live=0
SLIME_CLOCK served task=2 label=44 result=123497609 live=0
SLIME_CLOCK served task=3 label=44 result=123509598 live=0
SLIME_CLOCK served task=2 label=44 result=123521274 live=0
SLIME_CLOCK served task=3 label=44 result=123533239 live=0
SLIME_CLOCK served task=2 label=44 result=123544885 live=0
SLIME_CLOCK served task=3 label=44 result=123557849 live=0
SLIME_CLOCK served task=2 label=44 result=123569840 live=0
SLIME_CLOCK served task=3 label=44 result=123583160 live=0
SLIME_CLOCK served task=2 label=44 result=123594984 live=0
SLIME_CLOCK served task=3 label=44 result=123606924 live=0
SLIME_CLOCK served task=2 label=44 result=123618584 live=0
SLIME_CLOCK served task=3 label=44 result=123631104 live=0
SLIME_CLOCK served task=2 label=44 result=123642468 live=0
SLIME_CLOCK served task=3 label=44 result=123654344 live=0
SLIME_CLOCK served task=2 label=44 result=123665684 live=0
SLIME_CLOCK served task=3 label=44 result=123677514 live=0
SLIME_CLOCK served task=2 label=44 result=123688991 live=0
SLIME_CLOCK served task=3 label=44 result=123700876 live=0
SLIME_CLOCK served task=2 label=44 result=123712506 live=0
SLIME_CLOCK served task=3 label=44 result=123724648 live=0
SLIME_CLOCK served task=2 label=44 result=123736204 live=0
SLIME_CLOCK served task=3 label=44 result=123748384 live=0
SLIME_CLOCK served task=2 label=44 result=123760126 live=0
SLIME_CLOCK served task=3 label=44 result=123775777 live=0
SLIME_CLOCK served task=2 label=44 result=123791814 live=0
SLIME_CLOCK served task=3 label=44 result=123807014 live=0
SLIME_CLOCK served task=2 label=44 result=123821917 live=0
SLIME_CLOCK served task=3 label=44 result=123837249 live=0
SLIME_CLOCK served task=2 label=44 result=123852125 live=0
SLIME_CLOCK served task=3 label=44 result=123868173 live=0
SLIME_CLOCK served task=2 label=44 result=123882994 live=0
SLIME_CLOCK served task=3 label=44 result=123899013 live=0
SLIME_CLOCK served task=2 label=44 result=123910401 live=0
SLIME_CLOCK served task=3 label=44 result=123920579 live=0
SLIME_CLOCK served task=2 label=44 result=123931536 live=0
SLIME_CLOCK served task=3 label=44 result=123946082 live=0
SLIME_CLOCK served task=2 label=44 result=123956908 live=0
SLIME_CLOCK served task=3 label=44 result=123967960 live=0
SLIME_CLOCK served task=2 label=44 result=123978353 live=0
SLIME_CLOCK served task=3 label=44 result=123989483 live=0
SLIME_CLOCK served task=2 label=44 result=124002491 live=0
SLIME_CLOCK served task=3 label=44 result=124013840 live=0
SLIME_CLOCK served task=2 label=44 result=124024464 live=0
SLIME_CLOCK served task=3 label=44 result=124035829 live=0
SLIME_CLOCK served task=2 label=44 result=124046434 live=0
SLIME_CLOCK served task=3 label=44 result=124057799 live=0
SLIME_CLOCK served task=2 label=44 result=124068509 live=0
SLIME_CLOCK served task=3 label=44 result=124079536 live=0
SLIME_CLOCK served task=2 label=44 result=124090145 live=0
SLIME_CLOCK served task=3 label=44 result=124101308 live=0
SLIME_CLOCK served task=2 label=44 result=124111786 live=0
SLIME_CLOCK served task=3 label=44 result=124124196 live=0
SLIME_CLOCK served task=2 label=44 result=124134973 live=0
SLIME_CLOCK served task=3 label=44 result=124146532 live=0
SLIME_CLOCK served task=2 label=44 result=124157329 live=0
SLIME_CLOCK served task=3 label=44 result=124168696 live=0
SLIME_CLOCK served task=2 label=44 result=124179346 live=0
SLIME_CLOCK served task=3 label=44 result=124190873 live=0
SLIME_CLOCK served task=2 label=44 result=124202049 live=0
SLIME_CLOCK served task=3 label=44 result=124212895 live=0
SLIME_CLOCK served task=2 label=44 result=124223245 live=0
SLIME_CLOCK served task=3 label=44 result=124234349 live=0
SLIME_CLOCK served task=2 label=44 result=124245210 live=0
SLIME_CLOCK served task=3 label=44 result=124258341 live=0
SLIME_CLOCK served task=2 label=44 result=124269202 live=0
SLIME_CLOCK served task=3 label=44 result=124280315 live=0
SLIME_CLOCK served task=2 label=44 result=124290922 live=0
SLIME_CLOCK served task=3 label=44 result=124302447 live=0
SLIME_CLOCK served task=2 label=44 result=124318332 live=0
SLIME_CLOCK served task=3 label=44 result=124336132 live=0
SLIME_CLOCK served task=2 label=44 result=124352795 live=0
SLIME_CLOCK served task=3 label=44 result=124368640 live=0
SLIME_CLOCK served task=2 label=44 result=124396238 live=0
SLIME_CLOCK served task=3 label=44 result=124412640 live=0
SLIME_CLOCK served task=2 label=44 result=124427492 live=0
SLIME_CLOCK served task=3 label=44 result=124442837 live=0
SLIME_CLOCK served task=2 label=44 result=124452886 live=0
SLIME_CLOCK served task=3 label=44 result=124463275 live=0
SLIME_CLOCK served task=2 label=44 result=124472814 live=0
SLIME_CLOCK served task=3 label=44 result=124482956 live=0
SLIME_CLOCK served task=2 label=44 result=124492731 live=0
SLIME_CLOCK served task=3 label=44 result=124505223 live=0
SLIME_CLOCK served task=2 label=44 result=124516555 live=0
SLIME_CLOCK served task=3 label=44 result=124528073 live=0
SLIME_CLOCK served task=2 label=44 result=124538771 live=0
SLIME_CLOCK served task=3 label=44 result=124550101 live=0
SLIME_CLOCK served task=2 label=44 result=124561139 live=0
SLIME_CLOCK served task=3 label=44 result=124572648 live=0
SLIME_CLOCK served task=2 label=44 result=124583059 live=0
SLIME_CLOCK served task=3 label=44 result=124594423 live=0
SLIME_CLOCK served task=2 label=44 result=124605040 live=0
SLIME_CLOCK served task=3 label=44 result=124616101 live=0
SLIME_CLOCK served task=2 label=44 result=124627601 live=0
SLIME_CLOCK served task=3 label=44 result=124638906 live=0
SLIME_CLOCK served task=2 label=44 result=124649369 live=0
SLIME_CLOCK served task=3 label=44 result=124660811 live=0
SLIME_CLOCK served task=2 label=44 result=124671253 live=0
SLIME_CLOCK served task=3 label=44 result=124682698 live=0
SLIME_CLOCK served task=2 label=44 result=124693096 live=0
SLIME_CLOCK served task=3 label=44 result=124704241 live=0
SLIME_CLOCK served task=2 label=44 result=124714918 live=0
SLIME_CLOCK served task=3 label=44 result=124726230 live=0
SLIME_CLOCK served task=2 label=44 result=124736583 live=0
SLIME_CLOCK served task=3 label=44 result=124748008 live=0
SLIME_CLOCK served task=2 label=44 result=124759397 live=0
SLIME_CLOCK served task=3 label=44 result=124770505 live=0
SLIME_CLOCK served task=2 label=44 result=124780971 live=0
SLIME_CLOCK served task=3 label=44 result=124792397 live=0
SLIME_CLOCK served task=2 label=44 result=124802844 live=0
SLIME_CLOCK served task=3 label=44 result=124814157 live=0
SLIME_CLOCK served task=2 label=44 result=124824857 live=0
SLIME_CLOCK served task=3 label=44 result=124840644 live=0
SLIME_CLOCK served task=2 label=44 result=124855391 live=0
SLIME_CLOCK served task=3 label=44 result=124871638 live=0
SLIME_CLOCK served task=2 label=44 result=124888989 live=0
SLIME_CLOCK served task=3 label=44 result=124906752 live=0
SLIME_CLOCK served task=2 label=44 result=124924393 live=0
SLIME_CLOCK served task=3 label=44 result=124943213 live=0
SLIME_CLOCK served task=2 label=44 result=124959297 live=0
SLIME_CLOCK served task=3 label=44 result=124976405 live=0
SLIME_CLOCK served task=2 label=44 result=124987381 live=0
SLIME_CLOCK served task=3 label=44 result=124999335 live=0
SLIME_CLOCK served task=2 label=44 result=125011560 live=0
SLIME_CLOCK served task=3 label=44 result=125023040 live=0
SLIME_CLOCK served task=2 label=44 result=125033833 live=0
SLIME_CLOCK served task=3 label=44 result=125045096 live=0
SLIME_CLOCK served task=2 label=44 result=125056068 live=0
SLIME_CLOCK served task=3 label=44 result=125067903 live=0
SLIME_CLOCK served task=2 label=44 result=125078308 live=0
SLIME_CLOCK served task=3 label=44 result=125089632 live=0
SLIME_CLOCK served task=2 label=44 result=125099761 live=0
SLIME_CLOCK served task=3 label=44 result=125109913 live=0
SLIME_CLOCK served task=2 label=44 result=125119794 live=0
SLIME_CLOCK served task=3 label=44 result=125130338 live=0
SLIME_CLOCK served task=2 label=44 result=125140841 live=0
SLIME_CLOCK served task=3 label=44 result=125151068 live=0
SLIME_CLOCK served task=2 label=44 result=125160710 live=0
SLIME_CLOCK served task=3 label=44 result=125170897 live=0
SLIME_CLOCK served task=2 label=44 result=125181123 live=0
SLIME_CLOCK served task=3 label=44 result=125192566 live=0
SLIME_CLOCK served task=2 label=44 result=125202966 live=0
SLIME_CLOCK served task=3 label=44 result=125214290 live=0
SLIME_CLOCK served task=2 label=44 result=125224645 live=0
SLIME_CLOCK served task=3 label=44 result=125235532 live=0
SLIME_CLOCK served task=2 label=44 result=125246408 live=0
SLIME_CLOCK served task=3 label=44 result=125257872 live=0
SLIME_CLOCK served task=2 label=44 result=125269339 live=0
SLIME_CLOCK served task=3 label=44 result=125280478 live=0
SLIME_CLOCK served task=2 label=44 result=125291003 live=0
SLIME_CLOCK served task=3 label=44 result=125302043 live=0
SLIME_CLOCK served task=2 label=44 result=125313008 live=0
SLIME_CLOCK served task=3 label=44 result=125324427 live=0
SLIME_CLOCK served task=2 label=44 result=125334921 live=0
SLIME_CLOCK served task=3 label=44 result=125347738 live=0
SLIME_CLOCK served task=2 label=44 result=125362092 live=0
SLIME_CLOCK served task=3 label=44 result=125380016 live=0
SLIME_CLOCK served task=2 label=44 result=125398319 live=0
SLIME_CLOCK served task=3 label=44 result=125414102 live=0
SLIME_CLOCK served task=2 label=44 result=125428888 live=0
SLIME_CLOCK served task=3 label=44 result=125444684 live=0
SLIME_CLOCK served task=2 label=44 result=125461743 live=0
SLIME_CLOCK served task=3 label=44 result=125479561 live=0
SLIME_CLOCK served task=2 label=44 result=125496625 live=0
SLIME_CLOCK served task=3 label=44 result=125514265 live=0
SLIME_CLOCK served task=2 label=44 result=125528003 live=0
SLIME_CLOCK served task=3 label=44 result=125542530 live=0
SLIME_CLOCK served task=2 label=44 result=125556440 live=0
SLIME_CLOCK served task=3 label=44 result=125570962 live=0
SLIME_CLOCK served task=2 label=44 result=125584840 live=0
SLIME_CLOCK served task=3 label=44 result=125599393 live=0
SLIME_CLOCK served task=2 label=44 result=125613102 live=0
SLIME_CLOCK served task=3 label=44 result=125630549 live=0
SLIME_CLOCK served task=2 label=44 result=125646538 live=0
SLIME_CLOCK served task=3 label=44 result=125663455 live=0
SLIME_CLOCK served task=2 label=44 result=125679485 live=0
SLIME_CLOCK served task=3 label=44 result=125696627 live=0
SLIME_CLOCK served task=2 label=44 result=125712671 live=0
SLIME_CLOCK served task=3 label=44 result=125729459 live=0
SLIME_CLOCK served task=2 label=44 result=125745857 live=0
SLIME_CLOCK served task=3 label=44 result=125762902 live=0
SLIME_CLOCK served task=2 label=44 result=125779427 live=0
SLIME_CLOCK served task=3 label=44 result=125795052 live=0
SLIME_CLOCK served task=2 label=44 result=125809965 live=0
SLIME_CLOCK served task=3 label=44 result=125825635 live=0
SLIME_CLOCK served task=2 label=44 result=125840380 live=0
SLIME_CLOCK served task=3 label=44 result=125855882 live=0
SLIME_CLOCK served task=2 label=44 result=125870929 live=0
SLIME_CLOCK served task=3 label=44 result=125883724 live=0
SLIME_CLOCK served task=2 label=44 result=125894948 live=0
SLIME_CLOCK served task=2 label=44 result=125914050 live=0
SLIME_CLOCK served task=3 label=44 result=125930287 live=0
SLIME_CLOCK served task=2 label=44 result=125945621 live=0
SLIME_CLOCK served task=3 label=44 result=125961924 live=0
SLIME_CLOCK served task=2 label=44 result=125976920 live=0
SLIME_CLOCK served task=3 label=44 result=125989739 live=0
SLIME_CLOCK served task=2 label=44 result=125999544 live=0
SLIME_CLOCK served task=3 label=44 result=126009771 live=0
SLIME_CLOCK served task=2 label=44 result=126021218 live=0
SLIME_CLOCK served task=3 label=44 result=126039002 live=0
SLIME_CLOCK served task=2 label=44 result=126056186 live=0
SLIME_CLOCK served task=3 label=44 result=126073670 live=0
SLIME_CLOCK served task=2 label=44 result=126090587 live=0
SLIME_CLOCK served task=3 label=44 result=126107944 live=0
SLIME_CLOCK served task=2 label=44 result=126125127 live=0
SLIME_CLOCK served task=3 label=44 result=126142319 live=0
SLIME_CLOCK served task=2 label=44 result=126160212 live=0
SLIME_CLOCK served task=3 label=44 result=126177424 live=0
SLIME_CLOCK served task=2 label=44 result=126194342 live=0
SLIME_CLOCK served task=3 label=44 result=126211683 live=0
SLIME_CLOCK served task=2 label=44 result=126228178 live=0
SLIME_CLOCK served task=3 label=44 result=126245523 live=0
SLIME_CLOCK served task=2 label=44 result=126262094 live=0
SLIME_CLOCK served task=3 label=44 result=126280432 live=0
SLIME_CLOCK served task=2 label=44 result=126297197 live=0
SLIME_CLOCK served task=3 label=44 result=126314637 live=0
SLIME_CLOCK served task=2 label=44 result=126331304 live=0
SLIME_CLOCK served task=3 label=44 result=126348939 live=0
SLIME_CLOCK served task=2 label=44 result=126365643 live=0
SLIME_CLOCK served task=3 label=44 result=126383101 live=0
SLIME_CLOCK served task=2 label=44 result=126401285 live=0
SLIME_CLOCK served task=3 label=44 result=126418581 live=0
SLIME_CLOCK served task=2 label=44 result=126435553 live=0
SLIME_CLOCK served task=3 label=44 result=126453015 live=0
SLIME_CLOCK served task=2 label=44 result=126468389 live=0
SLIME_CLOCK served task=3 label=44 result=126481111 live=0
SLIME_CLOCK served task=2 label=44 result=126493547 live=0
SLIME_CLOCK served task=3 label=44 result=126506245 live=0
SLIME_CLOCK served task=2 label=44 result=126518466 live=0
SLIME_CLOCK served task=3 label=44 result=126537219 live=0
SLIME_CLOCK served task=2 label=44 result=126566799 live=0
SLIME_CLOCK served task=3 label=44 result=126582858 live=0
SLIME_CLOCK served task=2 label=44 result=126598075 live=0
SLIME_CLOCK served task=3 label=44 result=126613894 live=0
SLIME_CLOCK served task=2 label=44 result=126625317 live=0
SLIME_CLOCK served task=3 label=44 result=126635496 live=0
SLIME_CLOCK served task=2 label=44 result=126645057 live=0
SLIME_CLOCK served task=3 label=44 result=126657237 live=0
SLIME_CLOCK served task=2 label=44 result=126671557 live=0
SLIME_CLOCK served task=3 label=44 result=126686500 live=0
SLIME_CLOCK served task=2 label=44 result=126700770 live=0
SLIME_CLOCK served task=3 label=44 result=126716047 live=0
SLIME_CLOCK served task=2 label=44 result=126730189 live=0
SLIME_CLOCK served task=3 label=44 result=126745562 live=0
SLIME_CLOCK served task=2 label=44 result=126759660 live=0
SLIME_CLOCK served task=3 label=44 result=126775077 live=0
SLIME_CLOCK served task=2 label=44 result=126790719 live=0
SLIME_CLOCK served task=3 label=44 result=126806167 live=0
SLIME_CLOCK served task=2 label=44 result=126820406 live=0
SLIME_CLOCK served task=3 label=44 result=126835368 live=0
SLIME_CLOCK served task=2 label=44 result=126849494 live=0
SLIME_CLOCK served task=3 label=44 result=126864521 live=0
SLIME_CLOCK served task=2 label=44 result=126878657 live=0
SLIME_CLOCK served task=3 label=44 result=126893747 live=0
SLIME_CLOCK served task=2 label=44 result=126908758 live=0
SLIME_CLOCK served task=3 label=44 result=126921235 live=0
SLIME_CLOCK served task=2 label=44 result=126932238 live=0
SLIME_CLOCK served task=3 label=44 result=126943495 live=0
SLIME_CLOCK served task=2 label=44 result=126954228 live=0
SLIME_CLOCK served task=3 label=44 result=126966101 live=0
SLIME_CLOCK served task=2 label=44 result=126976678 live=0
SLIME_CLOCK served task=3 label=44 result=126987899 live=0
SLIME_CLOCK served task=2 label=44 result=126998843 live=0
SLIME_CLOCK served task=3 label=44 result=127011509 live=0
SLIME_CLOCK served task=2 label=44 result=127027252 live=0
SLIME_CLOCK served task=3 label=44 result=127046025 live=0
SLIME_CLOCK served task=2 label=44 result=127062529 live=0
SLIME_CLOCK served task=3 label=44 result=127078390 live=0
SLIME_CLOCK served task=2 label=44 result=127093535 live=0
SLIME_CLOCK served task=3 label=44 result=127107198 live=0
SLIME_CLOCK served task=2 label=44 result=127120798 live=0
SLIME_CLOCK served task=3 label=44 result=127131611 live=0
SLIME_CLOCK served task=2 label=44 result=127141654 live=0
SLIME_CLOCK served task=3 label=44 result=127152552 live=0
SLIME_CLOCK served task=2 label=44 result=127165209 live=0
SLIME_CLOCK served task=3 label=44 result=127177476 live=0
SLIME_CLOCK served task=2 label=44 result=127189041 live=0
SLIME_CLOCK served task=3 label=44 result=127201554 live=0
SLIME_CLOCK served task=2 label=44 result=127212578 live=0
SLIME_CLOCK served task=3 label=44 result=127224419 live=0
SLIME_CLOCK served task=2 label=44 result=127236149 live=0
SLIME_CLOCK served task=3 label=44 result=127249093 live=0
SLIME_CLOCK served task=2 label=44 result=127260877 live=0
SLIME_CLOCK served task=3 label=44 result=127273586 live=0
SLIME_CLOCK served task=2 label=44 result=127284783 live=0
SLIME_CLOCK served task=3 label=44 result=127298429 live=0
SLIME_CLOCK served task=2 label=44 result=127310049 live=0
SLIME_CLOCK served task=3 label=44 result=127321780 live=0
SLIME_CLOCK served task=2 label=44 result=127333131 live=0
SLIME_CLOCK served task=3 label=44 result=127344525 live=0
SLIME_CLOCK served task=2 label=44 result=127355820 live=0
SLIME_CLOCK served task=3 label=44 result=127368388 live=0
SLIME_CLOCK served task=2 label=44 result=127379554 live=0
SLIME_CLOCK served task=3 label=44 result=127391889 live=0
SLIME_CLOCK served task=2 label=44 result=127403107 live=0
SLIME_CLOCK served task=3 label=44 result=127416221 live=0
SLIME_CLOCK served task=3 label=44 result=127429695 live=0
SLIME_CLOCK served task=2 label=44 result=127442432 live=0
SLIME_CLOCK served task=3 label=44 result=127455550 live=0
SLIME_CLOCK served task=2 label=44 result=127467732 live=0
SLIME_CLOCK served task=3 label=44 result=127480886 live=0
SLIME_CLOCK served task=2 label=44 result=127493769 live=0
SLIME_CLOCK served task=3 label=44 result=127507057 live=0
SLIME_CLOCK served task=2 label=44 result=127519627 live=0
SLIME_CLOCK served task=3 label=44 result=127533602 live=0
SLIME_CLOCK served task=2 label=44 result=127547728 live=0
SLIME_CLOCK served task=3 label=44 result=127558884 live=0
SLIME_CLOCK served task=2 label=44 result=127568506 live=0
SLIME_CLOCK served task=3 label=44 result=127579203 live=0
SLIME_CLOCK served task=2 label=44 result=127593088 live=0
SLIME_CLOCK served task=3 label=44 result=127608507 live=0
SLIME_CLOCK served task=2 label=44 result=127623488 live=0
SLIME_CLOCK served task=3 label=44 result=127638973 live=0
SLIME_CLOCK served task=2 label=44 result=127653768 live=0
SLIME_CLOCK served task=3 label=44 result=127672038 live=0
SLIME_CLOCK served task=2 label=44 result=127683910 live=0
SLIME_CLOCK served task=3 label=44 result=127698798 live=0
SLIME_CLOCK served task=2 label=44 result=127709348 live=0
SLIME_CLOCK served task=3 label=44 result=127720515 live=0
SLIME_CLOCK served task=2 label=44 result=127731804 live=0
SLIME_CLOCK served task=3 label=44 result=127743427 live=0
SLIME_CLOCK served task=2 label=44 result=127754550 live=0
SLIME_CLOCK served task=3 label=44 result=127766238 live=0
SLIME_CLOCK served task=2 label=44 result=127776860 live=0
SLIME_CLOCK served task=3 label=44 result=127788474 live=0
SLIME_CLOCK served task=2 label=44 result=127800097 live=0
SLIME_CLOCK served task=3 label=44 result=127812092 live=0
SLIME_CLOCK served task=2 label=44 result=127823387 live=0
SLIME_CLOCK served task=3 label=44 result=127835401 live=0
SLIME_CLOCK served task=2 label=44 result=127846888 live=0
SLIME_CLOCK served task=3 label=44 result=127859887 live=0
SLIME_CLOCK served task=2 label=44 result=127874394 live=0
SLIME_CLOCK served task=3 label=44 result=127886566 live=0
SLIME_CLOCK served task=2 label=44 result=127898180 live=0
SLIME_CLOCK served task=3 label=44 result=127910689 live=0
SLIME_CLOCK served task=2 label=44 result=127923687 live=0
SLIME_CLOCK served task=3 label=44 result=127936402 live=0
SLIME_CLOCK served task=2 label=44 result=127948460 live=0
SLIME_CLOCK served task=3 label=44 result=127961033 live=0
SLIME_CLOCK served task=2 label=44 result=127971600 live=0
SLIME_CLOCK served task=3 label=44 result=127982440 live=0
SLIME_CLOCK served task=2 label=44 result=127992708 live=0
SLIME_CLOCK served task=3 label=44 result=128003603 live=0
SLIME_CLOCK served task=2 label=44 result=128014221 live=0
SLIME_CLOCK served task=3 label=44 result=128025323 live=0
SLIME_CLOCK served task=2 label=44 result=128036033 live=0
SLIME_CLOCK served task=3 label=44 result=128048057 live=0
SLIME_CLOCK served task=2 label=44 result=128063283 live=0
SLIME_CLOCK served task=3 label=44 result=128078596 live=0
SLIME_CLOCK served task=2 label=44 result=128093162 live=0
SLIME_CLOCK served task=3 label=44 result=128108225 live=0
SLIME_CLOCK served task=2 label=44 result=128123022 live=0
SLIME_CLOCK served task=3 label=44 result=128138619 live=0
SLIME_CLOCK served task=2 label=44 result=128152935 live=0
SLIME_CLOCK served task=3 label=44 result=128167978 live=0
SLIME_CLOCK served task=2 label=44 result=128185520 live=0
SLIME_CLOCK served task=3 label=44 result=128202652 live=0
SLIME_CLOCK served task=2 label=44 result=128219595 live=0
SLIME_CLOCK served task=3 label=44 result=128236891 live=0
SLIME_CLOCK served task=2 label=44 result=128253947 live=0
SLIME_CLOCK served task=3 label=44 result=128270762 live=0
SLIME_CLOCK served task=2 label=44 result=128287548 live=0
SLIME_CLOCK served task=3 label=44 result=128306403 live=0
SLIME_CLOCK served task=2 label=44 result=128323009 live=0
SLIME_CLOCK served task=3 label=44 result=128340145 live=0
SLIME_CLOCK served task=2 label=44 result=128356673 live=0
SLIME_CLOCK served task=3 label=44 result=128374161 live=0
SLIME_CLOCK served task=2 label=44 result=128390680 live=0
SLIME_CLOCK served task=3 label=44 result=128408041 live=0
SLIME_CLOCK served task=2 label=44 result=128424610 live=0
SLIME_CLOCK served task=3 label=44 result=128443461 live=0
SLIME_CLOCK served task=2 label=44 result=128460182 live=0
SLIME_CLOCK served task=3 label=44 result=128477344 live=0
SLIME_CLOCK served task=2 label=44 result=128494342 live=0
SLIME_CLOCK served task=3 label=44 result=128511854 live=0
SLIME_CLOCK served task=2 label=44 result=128528563 live=0
SLIME_CLOCK served task=3 label=44 result=128546015 live=0
SLIME_CLOCK served task=2 label=44 result=128564364 live=0
SLIME_CLOCK served task=3 label=44 result=128582426 live=0
SLIME_CLOCK served task=2 label=44 result=128597556 live=0
SLIME_CLOCK served task=3 label=44 result=128613624 live=0
SLIME_CLOCK served task=2 label=44 result=128628916 live=0
SLIME_CLOCK served task=3 label=44 result=128645014 live=0
SLIME_CLOCK served task=2 label=44 result=128658153 live=0
SLIME_CLOCK served task=3 label=44 result=128668417 live=0
SLIME_CLOCK served task=2 label=44 result=128678065 live=0
SLIME_CLOCK served task=3 label=44 result=128697536 live=0
SLIME_CLOCK served task=2 label=44 result=128715326 live=0
SLIME_CLOCK served task=3 label=44 result=128730180 live=0
SLIME_CLOCK served task=2 label=44 result=128745310 live=0
SLIME_CLOCK served task=3 label=44 result=128781593 live=0
SLIME_CLOCK served task=2 label=44 result=128793678 live=0
SLIME_CLOCK served task=3 label=44 result=128807189 live=0
SLIME_CLOCK served task=2 label=44 result=128818479 live=0
SLIME_CLOCK served task=3 label=44 result=128832270 live=0
SLIME_CLOCK served task=2 label=44 result=128846393 live=0
SLIME_CLOCK served task=3 label=44 result=128861115 live=0
SLIME_CLOCK served task=2 label=44 result=128875563 live=0
SLIME_CLOCK served task=3 label=44 result=128890905 live=0
SLIME_CLOCK served task=2 label=44 result=128905817 live=0
SLIME_CLOCK served task=3 label=44 result=128920855 live=0
SLIME_CLOCK served task=2 label=44 result=128937355 live=0
SLIME_CLOCK served task=3 label=44 result=128952318 live=0
SLIME_CLOCK served task=2 label=44 result=128966542 live=0
SLIME_CLOCK served task=3 label=44 result=128981553 live=0
SLIME_CLOCK served task=2 label=44 result=128995903 live=0
SLIME_CLOCK served task=3 label=44 result=129010774 live=0
SLIME_CLOCK served task=2 label=44 result=129025036 live=0
SLIME_CLOCK served task=3 label=44 result=129040062 live=0
SLIME_CLOCK served task=2 label=44 result=129054232 live=0
SLIME_CLOCK served task=3 label=44 result=129070340 live=0
SLIME_CLOCK served task=2 label=44 result=129083184 live=0
SLIME_CLOCK served task=3 label=44 result=129094438 live=0
SLIME_CLOCK served task=2 label=44 result=129104640 live=0
SLIME_CLOCK served task=3 label=44 result=129115517 live=0
SLIME_CLOCK served task=2 label=44 result=129126590 live=0
SLIME_CLOCK served task=3 label=44 result=129137646 live=0
SLIME_CLOCK served task=2 label=44 result=129148435 live=0
SLIME_CLOCK served task=3 label=44 result=129159359 live=0
SLIME_CLOCK served task=2 label=44 result=129169527 live=0
SLIME_CLOCK served task=3 label=44 result=129181062 live=0
SLIME_CLOCK served task=2 label=44 result=129195051 live=0
SLIME_CLOCK served task=3 label=44 result=129207465 live=0
SLIME_CLOCK served task=2 label=44 result=129218357 live=0
SLIME_CLOCK served task=3 label=44 result=129229143 live=0
SLIME_CLOCK served task=2 label=44 result=129240662 live=0
SLIME_CLOCK served task=3 label=44 result=129256394 live=0
SLIME_CLOCK served task=2 label=44 result=129271101 live=0
SLIME_CLOCK served task=3 label=44 result=129287099 live=0
SLIME_CLOCK served task=2 label=44 result=129302140 live=0
SLIME_CLOCK served task=3 label=44 result=129321751 live=0
SLIME_CLOCK served task=2 label=44 result=129337057 live=0
SLIME_CLOCK served task=3 label=44 result=129348796 live=0
SLIME_CLOCK served task=2 label=44 result=129359714 live=0
SLIME_CLOCK served task=3 label=44 result=129371220 live=0
SLIME_CLOCK served task=2 label=44 result=129381756 live=0
SLIME_CLOCK served task=3 label=44 result=129393207 live=0
SLIME_CLOCK served task=2 label=44 result=129404243 live=0
SLIME_CLOCK served task=3 label=44 result=129415851 live=0
SLIME_CLOCK served task=2 label=44 result=129426457 live=0
SLIME_CLOCK served task=3 label=44 result=129438238 live=0
SLIME_CLOCK served task=2 label=44 result=129451144 live=0
SLIME_CLOCK served task=3 label=44 result=129462497 live=0
SLIME_CLOCK served task=2 label=44 result=129473245 live=0
SLIME_CLOCK served task=3 label=44 result=129484677 live=0
SLIME_CLOCK served task=2 label=44 result=129496268 live=0
SLIME_CLOCK served task=3 label=44 result=129507698 live=0
SLIME_CLOCK served task=2 label=44 result=129518514 live=0
SLIME_CLOCK served task=3 label=44 result=129530197 live=0
SLIME_CLOCK served task=2 label=44 result=129540948 live=0
SLIME_CLOCK served task=3 label=44 result=129552768 live=0
SLIME_CLOCK served task=2 label=44 result=129563727 live=0
SLIME_CLOCK served task=3 label=44 result=129576264 live=0
SLIME_CLOCK served task=2 label=44 result=129586883 live=0
SLIME_CLOCK served task=3 label=44 result=129598153 live=0
SLIME_CLOCK served task=2 label=44 result=129608958 live=0
SLIME_CLOCK served task=3 label=44 result=129622422 live=0
SLIME_CLOCK served task=2 label=44 result=129633253 live=0
SLIME_CLOCK served task=3 label=44 result=129644820 live=0
SLIME_CLOCK served task=2 label=44 result=129655605 live=0
SLIME_CLOCK served task=3 label=44 result=129667343 live=0
SLIME_CLOCK served task=2 label=44 result=129679096 live=0
SLIME_CLOCK served task=3 label=44 result=129690697 live=0
SLIME_CLOCK served task=2 label=44 result=129702491 live=0
SLIME_CLOCK served task=3 label=44 result=129713819 live=0
SLIME_CLOCK served task=2 label=44 result=129728019 live=0
SLIME_CLOCK served task=3 label=44 result=129746211 live=0
SLIME_CLOCK served task=2 label=44 result=129762519 live=0
SLIME_CLOCK served task=3 label=44 result=129778466 live=0
SLIME_CLOCK served task=2 label=44 result=129793519 live=0
SLIME_CLOCK served task=3 label=44 result=129808269 live=0
SLIME_CLOCK served task=2 label=44 result=129825654 live=0
SLIME_CLOCK served task=3 label=44 result=129847987 live=0
SLIME_CLOCK served task=2 label=44 result=129864738 live=0
SLIME_CLOCK served task=3 label=44 result=129882535 live=0
SLIME_CLOCK served task=2 label=44 result=129899430 live=0
SLIME_CLOCK served task=3 label=44 result=129917216 live=0
SLIME_CLOCK served task=2 label=44 result=129934525 live=0
SLIME_CLOCK served task=3 label=44 result=129953422 live=0
SLIME_CLOCK served task=2 label=44 result=129970351 live=0
SLIME_CLOCK served task=3 label=44 result=129987931 live=0
SLIME_CLOCK served task=2 label=44 result=130005287 live=0
SLIME_CLOCK served task=3 label=44 result=130022873 live=0
SLIME_CLOCK served task=2 label=44 result=130040241 live=0
SLIME_CLOCK served task=3 label=44 result=130058021 live=0
SLIME_CLOCK served task=2 label=44 result=130075837 live=0
SLIME_CLOCK served task=3 label=44 result=130093279 live=0
SLIME_CLOCK served task=2 label=44 result=130104251 live=0
SLIME_CLOCK served task=3 label=44 result=130115157 live=0
SLIME_CLOCK served task=2 label=44 result=130125693 live=0
SLIME_CLOCK served task=3 label=44 result=130136558 live=0
SLIME_CLOCK served task=2 label=44 result=130147109 live=0
SLIME_CLOCK served task=3 label=44 result=130158176 live=0
SLIME_CLOCK served task=2 label=44 result=130168355 live=0
SLIME_CLOCK served task=3 label=44 result=130179191 live=0
SLIME_CLOCK served task=2 label=44 result=130189719 live=0
SLIME_CLOCK served task=3 label=44 result=130202291 live=0
SLIME_CLOCK served task=2 label=44 result=130219552 live=0
SLIME_CLOCK served task=3 label=44 result=130237025 live=0
SLIME_CLOCK served task=2 label=44 result=130254460 live=0
SLIME_CLOCK served task=3 label=44 result=130275150 live=0
SLIME_CLOCK served task=2 label=44 result=130291939 live=0
SLIME_CLOCK served task=3 label=44 result=130308987 live=0
SLIME_CLOCK served task=2 label=44 result=130324045 live=0
SLIME_CLOCK served task=3 label=44 result=130340162 live=0
SLIME_CLOCK served task=2 label=44 result=130351134 live=0
SLIME_CLOCK served task=3 label=44 result=130361988 live=0
SLIME_CLOCK served task=2 label=44 result=130372624 live=0
SLIME_CLOCK served task=3 label=44 result=130383393 live=0
SLIME_CLOCK served task=2 label=44 result=130393534 live=0
SLIME_CLOCK served task=3 label=44 result=130404350 live=0
SLIME_CLOCK served task=2 label=44 result=130414505 live=0
SLIME_CLOCK served task=3 label=44 result=130425267 live=0
SLIME_CLOCK served task=2 label=44 result=130435736 live=0
SLIME_CLOCK served task=3 label=44 result=130446470 live=0
SLIME_CLOCK served task=2 label=44 result=130459610 live=0
SLIME_CLOCK served task=3 label=44 result=130477249 live=0
SLIME_CLOCK served task=2 label=44 result=130494325 live=0
SLIME_CLOCK served task=3 label=44 result=130511801 live=0
SLIME_CLOCK served task=2 label=44 result=130528809 live=0
SLIME_CLOCK served task=3 label=44 result=130546468 live=0
SLIME_CLOCK served task=2 label=44 result=130563441 live=0
SLIME_CLOCK served task=3 label=44 result=130581866 live=0
SLIME_CLOCK served task=2 label=44 result=130599502 live=0
SLIME_CLOCK served task=3 label=44 result=130617149 live=0
SLIME_CLOCK served task=2 label=44 result=130634490 live=0
SLIME_CLOCK served task=3 label=44 result=130652004 live=0
SLIME_CLOCK served task=2 label=44 result=130668716 live=0
SLIME_CLOCK served task=3 label=44 result=130686374 live=0
SLIME_CLOCK served task=2 label=44 result=130703128 live=0
SLIME_CLOCK served task=3 label=44 result=130721836 live=0
SLIME_CLOCK served task=2 label=44 result=130738588 live=0
SLIME_CLOCK served task=3 label=44 result=130756346 live=0
SLIME_CLOCK served task=2 label=44 result=130773112 live=0
SLIME_CLOCK served task=3 label=44 result=130791116 live=0
SLIME_CLOCK served task=2 label=44 result=130806110 live=0
SLIME_CLOCK served task=3 label=44 result=130822145 live=0
SLIME_CLOCK served task=2 label=44 result=130839601 live=0
SLIME_CLOCK served task=3 label=44 result=130872153 live=0
SLIME_CLOCK served task=2 label=44 result=130888961 live=0
SLIME_CLOCK served task=3 label=44 result=130906070 live=0
SLIME_CLOCK served task=2 label=44 result=130922842 live=0
SLIME_CLOCK served task=3 label=44 result=130940228 live=0
SLIME_CLOCK served task=2 label=44 result=130956696 live=0
SLIME_CLOCK served task=3 label=44 result=130975496 live=0
SLIME_CLOCK served task=2 label=44 result=130992204 live=0
SLIME_CLOCK served task=3 label=44 result=131009704 live=0
SLIME_CLOCK served task=2 label=44 result=131026508 live=0
SLIME_CLOCK served task=3 label=44 result=131044299 live=0
SLIME_CLOCK served task=2 label=44 result=131061584 live=0
SLIME_CLOCK served task=3 label=44 result=131079069 live=0
SLIME_CLOCK served task=2 label=44 result=131097461 live=0
SLIME_CLOCK served task=3 label=44 result=131115026 live=0
SLIME_CLOCK served task=2 label=44 result=131132106 live=0
SLIME_CLOCK served task=3 label=44 result=131149745 live=0
SLIME_CLOCK served task=2 label=44 result=131167164 live=0
SLIME_CLOCK served task=3 label=44 result=131184929 live=0
SLIME_CLOCK served task=2 label=44 result=131201576 live=0
SLIME_CLOCK served task=3 label=44 result=131220193 live=0
SLIME_CLOCK served task=2 label=44 result=131237020 live=0
SLIME_CLOCK served task=3 label=44 result=131254454 live=0
SLIME_CLOCK served task=2 label=44 result=131271194 live=0
SLIME_CLOCK served task=3 label=44 result=131288500 live=0
SLIME_CLOCK served task=2 label=44 result=131305608 live=0
SLIME_CLOCK served task=3 label=44 result=131321764 live=0
SLIME_CLOCK served task=2 label=44 result=131337027 live=0
SLIME_CLOCK served task=3 label=44 result=131358924 live=0
SLIME_CLOCK served task=2 label=44 result=131376051 live=0
SLIME_CLOCK served task=3 label=44 result=131389006 live=0
SLIME_CLOCK served task=2 label=44 result=131399776 live=0
SLIME_CLOCK served task=3 label=44 result=131411033 live=0
SLIME_CLOCK served task=2 label=44 result=131421354 live=0
SLIME_CLOCK served task=3 label=44 result=131432420 live=0
SLIME_CLOCK served task=2 label=44 result=131442728 live=0
SLIME_CLOCK served task=3 label=44 result=131453559 live=0
SLIME_CLOCK served task=2 label=44 result=131463808 live=0
SLIME_CLOCK served task=3 label=44 result=131477306 live=0
SLIME_CLOCK served task=2 label=44 result=131489261 live=0
SLIME_CLOCK served task=3 label=44 result=131501984 live=0
SLIME_CLOCK served task=2 label=44 result=131513737 live=0
SLIME_CLOCK served task=3 label=44 result=131525741 live=0
SLIME_CLOCK served task=2 label=44 result=131537094 live=0
SLIME_CLOCK served task=3 label=44 result=131549170 live=0
SLIME_CLOCK served task=2 label=44 result=131561091 live=0
SLIME_CLOCK served task=3 label=44 result=131573796 live=0
SLIME_CLOCK served task=2 label=44 result=131585466 live=0
SLIME_CLOCK served task=3 label=44 result=131598971 live=0
SLIME_CLOCK served task=2 label=44 result=131610289 live=0
SLIME_CLOCK served task=3 label=44 result=131622793 live=0
SLIME_CLOCK served task=2 label=44 result=131634457 live=0
SLIME_CLOCK served task=3 label=44 result=131647137 live=0
SLIME_CLOCK served task=2 label=44 result=131659331 live=0
SLIME_CLOCK served task=3 label=44 result=131671502 live=0
SLIME_CLOCK served task=2 label=44 result=131684045 live=0
SLIME_CLOCK served task=3 label=44 result=131696202 live=0
SLIME_CLOCK served task=2 label=44 result=131708360 live=0
SLIME_CLOCK served task=3 label=44 result=131720725 live=0
SLIME_CLOCK served task=2 label=44 result=131733152 live=0
SLIME_CLOCK served task=3 label=44 result=131745172 live=0
SLIME_CLOCK served task=2 label=44 result=131757236 live=0
SLIME_CLOCK served task=3 label=44 result=131769758 live=0
SLIME_CLOCK served task=2 label=44 result=131781212 live=0
SLIME_CLOCK served task=3 label=44 result=131793711 live=0
SLIME_CLOCK served task=2 label=44 result=131805368 live=0
SLIME_CLOCK served task=3 label=44 result=131817168 live=0
SLIME_CLOCK served task=2 label=44 result=131829328 live=0
SLIME_CLOCK served task=3 label=44 result=131842631 live=0
SLIME_CLOCK served task=2 label=44 result=131855780 live=0
SLIME_CLOCK served task=3 label=44 result=131873839 live=0
SLIME_CLOCK served task=2 label=44 result=131888739 live=0
SLIME_CLOCK served task=3 label=44 result=131904714 live=0
SLIME_CLOCK served task=2 label=44 result=131919970 live=0
SLIME_CLOCK served task=3 label=44 result=131936103 live=0
SLIME_CLOCK served task=2 label=44 result=131946838 live=0
SLIME_CLOCK served task=3 label=44 result=131956950 live=0
SLIME_CLOCK served task=2 label=44 result=131966491 live=0
SLIME_CLOCK served task=3 label=44 result=131978313 live=0
SLIME_CLOCK served task=2 label=44 result=131996023 live=0
SLIME_CLOCK served task=3 label=44 result=132013222 live=0
SLIME_CLOCK served task=2 label=44 result=132029998 live=0
SLIME_CLOCK served task=3 label=44 result=132047344 live=0
SLIME_CLOCK served task=2 label=44 result=132063884 live=0
SLIME_CLOCK served task=3 label=44 result=132081240 live=0
SLIME_CLOCK served task=2 label=44 result=132098192 live=0
SLIME_CLOCK served task=3 label=44 result=132116697 live=0
SLIME_CLOCK served task=2 label=44 result=132134434 live=0
SLIME_CLOCK served task=3 label=44 result=132150219 live=0
SLIME_CLOCK served task=2 label=44 result=132164419 live=0
SLIME_CLOCK served task=3 label=44 result=132179186 live=0
SLIME_CLOCK served task=2 label=44 result=132193664 live=0
SLIME_CLOCK served task=3 label=44 result=132208647 live=0
SLIME_CLOCK served task=2 label=44 result=132222648 live=0
SLIME_CLOCK served task=3 label=44 result=132236286 live=0
SLIME_CLOCK served task=2 label=44 result=132247667 live=0
SLIME_CLOCK served task=3 label=44 result=132259393 live=0
SLIME_CLOCK served task=2 label=44 result=132270500 live=0
SLIME_CLOCK served task=3 label=44 result=132282615 live=0
SLIME_CLOCK served task=2 label=44 result=132294302 live=0
SLIME_CLOCK served task=3 label=44 result=132306330 live=0
SLIME_CLOCK served task=2 label=44 result=132317957 live=0
SLIME_CLOCK served task=3 label=44 result=132330456 live=0
SLIME_CLOCK served task=2 label=44 result=132341502 live=0
SLIME_CLOCK served task=2 label=44 result=132359113 live=0
SLIME_CLOCK served task=3 label=44 result=132372372 live=0
SLIME_CLOCK served task=2 label=44 result=132385511 live=0
SLIME_CLOCK served task=3 label=44 result=132400713 live=0
SLIME_CLOCK served task=2 label=44 result=132415160 live=0
SLIME_CLOCK served task=3 label=44 result=132431216 live=0
SLIME_CLOCK served task=2 label=44 result=132445872 live=0
SLIME_CLOCK served task=3 label=44 result=132461591 live=0
SLIME_CLOCK served task=2 label=44 result=132476411 live=0
SLIME_CLOCK served task=3 label=44 result=132492685 live=0
SLIME_CLOCK served task=2 label=44 result=132505480 live=0
SLIME_CLOCK served task=3 label=44 result=132516251 live=0
SLIME_CLOCK served task=2 label=44 result=132526885 live=0
SLIME_CLOCK served task=3 label=44 result=132538446 live=0
SLIME_CLOCK served task=2 label=44 result=132548859 live=0
SLIME_CLOCK served task=3 label=44 result=132562078 live=0
SLIME_CLOCK served task=2 label=44 result=132573064 live=0
SLIME_CLOCK served task=3 label=44 result=132584297 live=0
SLIME_CLOCK served task=2 label=44 result=132594583 live=0
SLIME_CLOCK served task=3 label=44 result=132606105 live=0
SLIME_CLOCK served task=2 label=44 result=132618024 live=0
SLIME_CLOCK served task=3 label=44 result=132628927 live=0
SLIME_CLOCK served task=2 label=44 result=132639447 live=0
SLIME_CLOCK served task=3 label=44 result=132650507 live=0
SLIME_CLOCK served task=2 label=44 result=132661035 live=0
SLIME_CLOCK served task=3 label=44 result=132671825 live=0
SLIME_CLOCK served task=2 label=44 result=132682162 live=0
SLIME_CLOCK served task=3 label=44 result=132694435 live=0
SLIME_CLOCK served task=2 label=44 result=132706509 live=0
SLIME_CLOCK served task=3 label=44 result=132719063 live=0
SLIME_CLOCK served task=2 label=44 result=132731070 live=0
SLIME_CLOCK served task=3 label=44 result=132744838 live=0
SLIME_CLOCK served task=2 label=44 result=132756980 live=0
SLIME_CLOCK served task=3 label=44 result=132769739 live=0
SLIME_CLOCK served task=2 label=44 result=132781518 live=0
SLIME_CLOCK served task=3 label=44 result=132794101 live=0
SLIME_CLOCK served task=2 label=44 result=132806349 live=0
SLIME_CLOCK served task=3 label=44 result=132819014 live=0
SLIME_CLOCK served task=2 label=44 result=132831175 live=0
SLIME_CLOCK served task=3 label=44 result=132843811 live=0
SLIME_CLOCK served task=2 label=44 result=132856728 live=0
SLIME_CLOCK served task=3 label=44 result=132877180 live=0
SLIME_CLOCK served task=2 label=44 result=132893626 live=0
SLIME_CLOCK served task=3 label=44 result=132910929 live=0
SLIME_CLOCK served task=2 label=44 result=132928234 live=0
SLIME_CLOCK served task=3 label=44 result=132944590 live=0
SLIME_CLOCK served task=2 label=44 result=132956406 live=0
SLIME_CLOCK served task=3 label=44 result=132968242 live=0
SLIME_CLOCK served task=2 label=44 result=132979083 live=0
SLIME_CLOCK served task=3 label=44 result=132994060 live=0
SLIME_CLOCK served task=2 label=44 result=133008991 live=0
SLIME_CLOCK served task=3 label=44 result=133024103 live=0
SLIME_CLOCK served task=2 label=44 result=133038004 live=0
SLIME_CLOCK served task=3 label=44 result=133051171 live=0
SLIME_CLOCK served task=2 label=44 result=133064854 live=0
SLIME_CLOCK served task=3 label=44 result=133078153 live=0
SLIME_CLOCK served task=2 label=44 result=133088445 live=0
SLIME_CLOCK served task=3 label=44 result=133099194 live=0
SLIME_CLOCK served task=2 label=44 result=133109254 live=0
SLIME_CLOCK served task=3 label=44 result=133124372 live=0
SLIME_CLOCK served task=2 label=44 result=133135663 live=0
SLIME_CLOCK served task=3 label=44 result=133147429 live=0
SLIME_CLOCK served task=2 label=44 result=133158842 live=0
SLIME_CLOCK served task=3 label=44 result=133170707 live=0
SLIME_CLOCK served task=2 label=44 result=133182653 live=0
SLIME_CLOCK served task=3 label=44 result=133195058 live=0
SLIME_CLOCK served task=2 label=44 result=133206168 live=0
SLIME_CLOCK served task=3 label=44 result=133218879 live=0
SLIME_CLOCK served task=2 label=44 result=133230438 live=0
SLIME_CLOCK served task=3 label=44 result=133243111 live=0
SLIME_CLOCK served task=2 label=44 result=133255323 live=0
SLIME_CLOCK served task=3 label=44 result=133267463 live=0
SLIME_CLOCK served task=2 label=44 result=133278488 live=0
SLIME_CLOCK served task=3 label=44 result=133290180 live=0
SLIME_CLOCK served task=2 label=44 result=133301822 live=0
SLIME_CLOCK served task=3 label=44 result=133314257 live=0
SLIME_CLOCK served task=2 label=44 result=133325528 live=0
SLIME_CLOCK served task=3 label=44 result=133337839 live=0
SLIME_CLOCK served task=2 label=44 result=133349919 live=0
SLIME_CLOCK served task=3 label=44 result=133362291 live=0
SLIME_CLOCK served task=2 label=44 result=133375382 live=0
SLIME_CLOCK served task=3 label=44 result=133387579 live=0
SLIME_CLOCK served task=2 label=44 result=133399527 live=0
SLIME_CLOCK served task=3 label=44 result=133411508 live=0
SLIME_CLOCK served task=2 label=44 result=133423277 live=0
SLIME_CLOCK served task=3 label=44 result=133435820 live=0
SLIME_CLOCK served task=2 label=44 result=133447292 live=0
SLIME_CLOCK served task=3 label=44 result=133459017 live=0
SLIME_CLOCK served task=2 label=44 result=133470219 live=0
SLIME_CLOCK served task=3 label=44 result=133485360 live=0
SLIME_CLOCK served task=2 label=44 result=133503107 live=0
SLIME_CLOCK served task=3 label=44 result=133518327 live=0
SLIME_CLOCK served task=2 label=44 result=133529504 live=0
SLIME_CLOCK served task=3 label=44 result=133541320 live=0
SLIME_CLOCK served task=2 label=44 result=133552397 live=0
SLIME_CLOCK served task=3 label=44 result=133564988 live=0
SLIME_CLOCK served task=2 label=44 result=133576344 live=0
SLIME_CLOCK served task=3 label=44 result=133588020 live=0
SLIME_CLOCK served task=2 label=44 result=133599329 live=0
SLIME_CLOCK served task=3 label=44 result=133611653 live=0
SLIME_CLOCK served task=2 label=44 result=133624219 live=0
SLIME_CLOCK served task=3 label=44 result=133636501 live=0
SLIME_CLOCK served task=2 label=44 result=133647468 live=0
SLIME_CLOCK served task=3 label=44 result=133660186 live=0
SLIME_CLOCK served task=2 label=44 result=133671309 live=0
SLIME_CLOCK served task=3 label=44 result=133682886 live=0
SLIME_CLOCK served task=2 label=44 result=133697486 live=0
SLIME_CLOCK served task=3 label=44 result=133712940 live=0
SLIME_CLOCK served task=2 label=44 result=133728118 live=0
SLIME_CLOCK served task=3 label=44 result=133744124 live=0
SLIME_CLOCK served task=2 label=44 result=133760048 live=0
SLIME_CLOCK served task=3 label=44 result=133770910 live=0
SLIME_CLOCK served task=2 label=44 result=133780965 live=0
SLIME_CLOCK served task=3 label=44 result=133791743 live=0
SLIME_CLOCK served task=2 label=44 result=133801850 live=0
SLIME_CLOCK served task=3 label=44 result=133814537 live=0
SLIME_CLOCK served task=2 label=44 result=133827999 live=0
SLIME_CLOCK served task=3 label=44 result=133843609 live=0
SLIME_CLOCK served task=2 label=44 result=133858739 live=0
SLIME_CLOCK served task=3 label=44 result=133874746 live=0
SLIME_CLOCK served task=2 label=44 result=133903051 live=0
SLIME_CLOCK served task=3 label=44 result=133916650 live=0
SLIME_CLOCK served task=2 label=44 result=133929083 live=0
SLIME_CLOCK served task=3 label=44 result=133944118 live=0
SLIME_CLOCK served task=2 label=44 result=133956343 live=0
SLIME_CLOCK served task=3 label=44 result=133968980 live=0
SLIME_CLOCK served task=2 label=44 result=133981238 live=0
SLIME_CLOCK served task=3 label=44 result=133994355 live=0
SLIME_CLOCK served task=2 label=44 result=134007339 live=0
SLIME_CLOCK served task=3 label=44 result=134019759 live=0
SLIME_CLOCK served task=2 label=44 result=134031653 live=0
SLIME_CLOCK served task=3 label=44 result=134044038 live=0
SLIME_CLOCK served task=2 label=44 result=134056408 live=0
SLIME_CLOCK served task=3 label=44 result=134068632 live=0
SLIME_CLOCK served task=2 label=44 result=134080579 live=0
SLIME_CLOCK served task=3 label=44 result=134092825 live=0
SLIME_CLOCK served task=2 label=44 result=134104719 live=0
SLIME_CLOCK served task=3 label=44 result=134117138 live=0
SLIME_CLOCK served task=2 label=44 result=134129039 live=0
SLIME_CLOCK served task=3 label=44 result=134142530 live=0
SLIME_CLOCK served task=2 label=44 result=134154209 live=0
SLIME_CLOCK served task=3 label=44 result=134166951 live=0
SLIME_CLOCK served task=2 label=44 result=134178416 live=0
SLIME_CLOCK served task=3 label=44 result=134190607 live=0
SLIME_CLOCK served task=2 label=44 result=134201520 live=0
SLIME_CLOCK served task=3 label=44 result=134213464 live=0
SLIME_CLOCK served task=2 label=44 result=134224635 live=0
SLIME_CLOCK served task=3 label=44 result=134236492 live=0
SLIME_CLOCK served task=2 label=44 result=134247959 live=0
SLIME_CLOCK served task=3 label=44 result=134261112 live=0
SLIME_CLOCK served task=2 label=44 result=134271942 live=0
SLIME_CLOCK served task=3 label=44 result=134285381 live=0
SLIME_CLOCK served task=2 label=44 result=134299076 live=0
SLIME_CLOCK served task=3 label=44 result=134311322 live=0
SLIME_CLOCK served task=2 label=44 result=134326135 live=0
SLIME_CLOCK served task=3 label=44 result=134341921 live=0
SLIME_CLOCK served task=2 label=44 result=134356732 live=0
SLIME_CLOCK served task=3 label=44 result=134372774 live=0
SLIME_CLOCK served task=2 label=44 result=134390968 live=0
SLIME_CLOCK served task=3 label=44 result=134403023 live=0
SLIME_CLOCK served task=2 label=44 result=134414273 live=0
SLIME_CLOCK served task=3 label=44 result=134426162 live=0
SLIME_CLOCK served task=2 label=44 result=134438109 live=0
SLIME_CLOCK served task=3 label=44 result=134454254 live=0
SLIME_CLOCK served task=2 label=44 result=134469043 live=0
SLIME_CLOCK served task=3 label=44 result=134484904 live=0
SLIME_CLOCK served task=2 label=44 result=134500214 live=0
SLIME_CLOCK served task=3 label=44 result=134515648 live=0
SLIME_CLOCK served task=2 label=44 result=134527854 live=0
SLIME_CLOCK served task=3 label=44 result=134540592 live=0
SLIME_CLOCK served task=2 label=44 result=134551260 live=0
SLIME_CLOCK served task=3 label=44 result=134563602 live=0
SLIME_CLOCK served task=2 label=44 result=134574309 live=0
SLIME_CLOCK served task=3 label=44 result=134585542 live=0
SLIME_CLOCK served task=2 label=44 result=134596077 live=0
SLIME_CLOCK served task=3 label=44 result=134607490 live=0
SLIME_CLOCK served task=2 label=44 result=134618272 live=0
SLIME_CLOCK served task=3 label=44 result=134629840 live=0
SLIME_CLOCK served task=2 label=44 result=134641899 live=0
SLIME_CLOCK served task=3 label=44 result=134653426 live=0
SLIME_CLOCK served task=2 label=44 result=134664223 live=0
SLIME_CLOCK served task=3 label=44 result=134674961 live=0
SLIME_CLOCK served task=2 label=44 result=134686221 live=0
SLIME_CLOCK served task=3 label=44 result=134697990 live=0
SLIME_CLOCK served task=2 label=44 result=134708672 live=0
SLIME_CLOCK served task=3 label=44 result=134719930 live=0
SLIME_CLOCK served task=2 label=44 result=134730990 live=0
SLIME_CLOCK served task=3 label=44 result=134742221 live=0
SLIME_CLOCK served task=2 label=44 result=134754512 live=0
SLIME_CLOCK served task=3 label=44 result=134767916 live=0
SLIME_CLOCK served task=2 label=44 result=134779794 live=0
SLIME_CLOCK served task=3 label=44 result=134792227 live=0
SLIME_CLOCK served task=2 label=44 result=134804391 live=0
SLIME_CLOCK served task=3 label=44 result=134817247 live=0
SLIME_CLOCK served task=2 label=44 result=134829291 live=0
SLIME_CLOCK served task=3 label=44 result=134840990 live=0
SLIME_CLOCK served task=2 label=44 result=134851714 live=0
SLIME_CLOCK served task=3 label=44 result=134863394 live=0
SLIME_CLOCK served task=2 label=44 result=134874268 live=0
SLIME_CLOCK served task=3 label=44 result=134885629 live=0
SLIME_CLOCK served task=2 label=44 result=134898065 live=0
SLIME_CLOCK served task=3 label=44 result=134908956 live=0
SLIME_CLOCK served task=2 label=44 result=134919459 live=0
SLIME_CLOCK served task=3 label=44 result=134930975 live=0
SLIME_CLOCK served task=2 label=44 result=134945683 live=0
SLIME_CLOCK served task=3 label=44 result=134961406 live=0
SLIME_CLOCK served task=2 label=44 result=134976299 live=0
SLIME_CLOCK served task=3 label=44 result=134992100 live=0
SLIME_CLOCK served task=2 label=44 result=135007131 live=0
SLIME_CLOCK served task=3 label=44 result=135020226 live=0
SLIME_CLOCK served task=2 label=44 result=135033896 live=0
SLIME_CLOCK served task=3 label=44 result=135046829 live=0
SLIME_CLOCK served task=2 label=44 result=135057426 live=0
SLIME_CLOCK served task=3 label=44 result=135068934 live=0
SLIME_CLOCK served task=2 label=44 result=135079563 live=0
SLIME_CLOCK served task=3 label=44 result=135090918 live=0
SLIME_CLOCK served task=2 label=44 result=135101519 live=0
SLIME_CLOCK served task=3 label=44 result=135113040 live=0
SLIME_CLOCK served task=2 label=44 result=135127657 live=0
SLIME_CLOCK served task=3 label=44 result=135143486 live=0
SLIME_CLOCK served task=2 label=44 result=135157307 live=0
SLIME_CLOCK served task=3 label=44 result=135192155 live=0
SLIME_CLOCK served task=2 label=44 result=135205860 live=0
SLIME_CLOCK served task=3 label=44 result=135220238 live=0
SLIME_CLOCK served task=2 label=44 result=135234152 live=0
SLIME_CLOCK served task=3 label=44 result=135249399 live=0
SLIME_CLOCK served task=2 label=44 result=135262465 live=0
SLIME_CLOCK served task=3 label=44 result=135276251 live=0
SLIME_CLOCK served task=2 label=44 result=135290586 live=0
SLIME_CLOCK served task=3 label=44 result=135304657 live=0
SLIME_CLOCK served task=2 label=44 result=135318149 live=0
SLIME_CLOCK served task=3 label=44 result=135331943 live=0
SLIME_CLOCK served task=2 label=44 result=135345019 live=0
SLIME_CLOCK served task=3 label=44 result=135359006 live=0
SLIME_CLOCK served task=2 label=44 result=135372478 live=0
SLIME_CLOCK served task=3 label=44 result=135386426 live=0
SLIME_CLOCK served task=2 label=44 result=135399505 live=0
SLIME_CLOCK served task=3 label=44 result=135414519 live=0
SLIME_CLOCK served task=2 label=44 result=135427697 live=0
SLIME_CLOCK served task=3 label=44 result=135441641 live=0
SLIME_CLOCK served task=2 label=44 result=135454746 live=0
SLIME_CLOCK served task=3 label=44 result=135468640 live=0
SLIME_CLOCK served task=2 label=44 result=135481845 live=0
SLIME_CLOCK served task=3 label=44 result=135496186 live=0
SLIME_CLOCK served task=2 label=44 result=135509254 live=0
SLIME_CLOCK served task=3 label=44 result=135523217 live=0
SLIME_CLOCK served task=2 label=44 result=135537126 live=0
SLIME_CLOCK served task=3 label=44 result=135550984 live=0
SLIME_CLOCK served task=2 label=44 result=135564459 live=0
SLIME_CLOCK served task=3 label=44 result=135578601 live=0
SLIME_CLOCK served task=2 label=44 result=135590670 live=0
SLIME_CLOCK served task=3 label=44 result=135603358 live=0
SLIME_CLOCK served task=2 label=44 result=135615465 live=0
SLIME_CLOCK served task=3 label=44 result=135630813 live=0
SLIME_CLOCK served task=2 label=44 result=135645784 live=0
SLIME_CLOCK served task=3 label=44 result=135663564 live=0
SLIME_CLOCK served task=2 label=44 result=135695644 live=0
SLIME_CLOCK served task=3 label=44 result=135712709 live=0
SLIME_CLOCK served task=2 label=44 result=135729172 live=0
SLIME_CLOCK served task=3 label=44 result=135746835 live=0
SLIME_CLOCK served task=2 label=44 result=135758712 live=0
SLIME_CLOCK served task=3 label=44 result=135772284 live=0
SLIME_CLOCK served task=2 label=44 result=135786060 live=0
SLIME_CLOCK served task=3 label=44 result=135803760 live=0
SLIME_CLOCK served task=2 label=44 result=135814560 live=0
SLIME_CLOCK served task=3 label=44 result=135825297 live=0
SLIME_CLOCK served task=2 label=44 result=135835331 live=0
SLIME_CLOCK served task=3 label=44 result=135848829 live=0
SLIME_CLOCK served task=2 label=44 result=135858582 live=0
SLIME_CLOCK served task=3 label=44 result=135869657 live=0
SLIME_CLOCK served task=2 label=44 result=135879701 live=0
SLIME_CLOCK served task=3 label=44 result=135890291 live=0
SLIME_CLOCK served task=2 label=44 result=135900281 live=0
SLIME_CLOCK served task=3 label=44 result=135910852 live=0
SLIME_CLOCK served task=2 label=44 result=135923982 live=0
SLIME_CLOCK served task=3 label=44 result=135936345 live=0
SLIME_CLOCK served task=2 label=44 result=135947753 live=0
SLIME_CLOCK served task=3 label=44 result=135959382 live=0
SLIME_CLOCK served task=2 label=44 result=135970399 live=0
SLIME_CLOCK served task=3 label=44 result=135982654 live=0
SLIME_CLOCK served task=2 label=44 result=135995233 live=0
SLIME_CLOCK served task=3 label=44 result=136008337 live=0
SLIME_CLOCK served task=2 label=44 result=136020660 live=0
SLIME_CLOCK served task=3 label=44 result=136033632 live=0
SLIME_CLOCK served task=2 label=44 result=136046607 live=0
SLIME_CLOCK served task=3 label=44 result=136059112 live=0
SLIME_CLOCK served task=2 label=44 result=136070800 live=0
SLIME_CLOCK served task=3 label=44 result=136082594 live=0
SLIME_CLOCK served task=2 label=44 result=136093754 live=0
SLIME_CLOCK served task=3 label=44 result=136106030 live=0
SLIME_CLOCK served task=2 label=44 result=136117770 live=0
SLIME_CLOCK served task=3 label=44 result=136130087 live=0
SLIME_CLOCK served task=2 label=44 result=136142032 live=0
SLIME_CLOCK served task=3 label=44 result=136154502 live=0
SLIME_CLOCK served task=2 label=44 result=136166370 live=0
SLIME_CLOCK served task=3 label=44 result=136180681 live=0
SLIME_CLOCK served task=2 label=44 result=136193788 live=0
SLIME_CLOCK served task=3 label=44 result=136209102 live=0
SLIME_CLOCK served task=2 label=44 result=136223411 live=0
SLIME_CLOCK served task=3 label=44 result=136238833 live=0
SLIME_CLOCK served task=2 label=44 result=136250621 live=0
SLIME_CLOCK served task=3 label=44 result=136261754 live=0
SLIME_CLOCK served task=2 label=44 result=136272114 live=0
SLIME_CLOCK served task=3 label=44 result=136283254 live=0
SLIME_CLOCK served task=2 label=44 result=136293667 live=0
SLIME_CLOCK served task=3 label=44 result=136309546 live=0
SLIME_CLOCK served task=2 label=44 result=136319690 live=0
SLIME_CLOCK served task=3 label=44 result=136330337 live=0
SLIME_CLOCK served task=2 label=44 result=136343238 live=0
SLIME_CLOCK served task=3 label=44 result=136358879 live=0
SLIME_CLOCK served task=2 label=44 result=136373533 live=0
SLIME_CLOCK served task=3 label=44 result=136388956 live=0
SLIME_CLOCK served task=2 label=44 result=136403818 live=0
SLIME_CLOCK served task=3 label=44 result=136419639 live=0
SLIME_CLOCK served task=2 label=44 result=136437023 live=0
SLIME_CLOCK served task=3 label=44 result=136447553 live=0
SLIME_CLOCK served task=2 label=44 result=136457627 live=0
SLIME_CLOCK served task=3 label=44 result=136468388 live=0
SLIME_CLOCK served task=2 label=44 result=136478347 live=0
SLIME_CLOCK served task=3 label=44 result=136489151 live=0
SLIME_CLOCK served task=2 label=44 result=136499528 live=0
SLIME_CLOCK served task=3 label=44 result=136510368 live=0
SLIME_CLOCK served task=2 label=44 result=136520261 live=0
SLIME_CLOCK served task=3 label=44 result=136531005 live=0
SLIME_CLOCK served task=2 label=44 result=136540933 live=0
SLIME_CLOCK served task=3 label=44 result=136554174 live=0
SLIME_CLOCK served task=2 label=44 result=136565225 live=0
SLIME_CLOCK served task=3 label=44 result=136576638 live=0
SLIME_CLOCK served task=2 label=44 result=136587159 live=0
SLIME_CLOCK served task=3 label=44 result=136598297 live=0
SLIME_CLOCK served task=2 label=44 result=136608953 live=0
SLIME_CLOCK served task=3 label=44 result=136620397 live=0
SLIME_CLOCK served task=2 label=44 result=136631715 live=0
SLIME_CLOCK served task=3 label=44 result=136643510 live=0
SLIME_CLOCK served task=2 label=44 result=136654634 live=0
SLIME_CLOCK served task=3 label=44 result=136666345 live=0
SLIME_CLOCK served task=2 label=44 result=136678990 live=0
SLIME_CLOCK served task=3 label=44 result=136690897 live=0
SLIME_CLOCK served task=2 label=44 result=136701357 live=0
SLIME_CLOCK served task=3 label=44 result=136712328 live=0
SLIME_CLOCK served task=2 label=44 result=136723091 live=0
SLIME_CLOCK served task=3 label=44 result=136734332 live=0
SLIME_CLOCK served task=2 label=44 result=136745406 live=0
SLIME_CLOCK served task=3 label=44 result=136757156 live=0
SLIME_CLOCK served task=2 label=44 result=136767452 live=0
SLIME_CLOCK served task=3 label=44 result=136778336 live=0
SLIME_CLOCK served task=2 label=44 result=136788633 live=0
SLIME_CLOCK served task=3 label=44 result=136800061 live=0
SLIME_CLOCK served task=2 label=44 result=136820414 live=0
SLIME_CLOCK served task=3 label=44 result=136836232 live=0
SLIME_CLOCK served task=2 label=44 result=136850696 live=0
SLIME_CLOCK served task=3 label=44 result=136865746 live=0
SLIME_CLOCK served task=2 label=44 result=136880479 live=0
SLIME_CLOCK served task=3 label=44 result=136895733 live=0
SLIME_CLOCK served task=2 label=44 result=136908950 live=0
SLIME_CLOCK served task=3 label=44 result=136923151 live=0
SLIME_CLOCK served task=2 label=44 result=136935502 live=0
SLIME_CLOCK served task=3 label=44 result=136952940 live=0
SLIME_CLOCK served task=2 label=44 result=136969609 live=0
SLIME_CLOCK served task=3 label=44 result=136986820 live=0
SLIME_CLOCK served task=2 label=44 result=137003616 live=0
SLIME_CLOCK served task=3 label=44 result=137020648 live=0
SLIME_CLOCK served task=2 label=44 result=137037243 live=0
SLIME_CLOCK served task=3 label=44 result=137054608 live=0
SLIME_CLOCK served task=2 label=44 result=137072883 live=0
SLIME_CLOCK served task=3 label=44 result=137089965 live=0
SLIME_CLOCK served task=2 label=44 result=137106621 live=0
SLIME_CLOCK served task=3 label=44 result=137124257 live=0
SLIME_CLOCK served task=2 label=44 result=137141060 live=0
SLIME_CLOCK served task=3 label=44 result=137158313 live=0
SLIME_CLOCK served task=2 label=44 result=137175325 live=0
SLIME_CLOCK served task=3 label=44 result=137193752 live=0
SLIME_CLOCK served task=2 label=44 result=137210457 live=0
SLIME_CLOCK served task=3 label=44 result=137227554 live=0
SLIME_CLOCK served task=2 label=44 result=137245005 live=0
SLIME_CLOCK served task=3 label=44 result=137262246 live=0
SLIME_CLOCK served task=2 label=44 result=137279020 live=0
SLIME_CLOCK served task=3 label=44 result=137296203 live=0
SLIME_CLOCK served task=2 label=44 result=137314094 live=0
SLIME_CLOCK served task=3 label=44 result=137331485 live=0
SLIME_CLOCK served task=2 label=44 result=137349284 live=0
SLIME_CLOCK served task=3 label=44 result=137362635 live=0
SLIME_CLOCK served task=2 label=44 result=137372591 live=0
SLIME_CLOCK served task=3 label=44 result=137383410 live=0
SLIME_CLOCK served task=2 label=44 result=137397597 live=0
SLIME_CLOCK served task=3 label=44 result=137413265 live=0
SLIME_CLOCK served task=2 label=44 result=137428105 live=0
SLIME_CLOCK served task=3 label=44 result=137447634 live=0
SLIME_CLOCK served task=2 label=44 result=137462621 live=0
SLIME_CLOCK served task=3 label=44 result=137473951 live=0
SLIME_CLOCK served task=2 label=44 result=137485279 live=0
SLIME_CLOCK served task=3 label=44 result=137497486 live=0
SLIME_CLOCK served task=2 label=44 result=137509110 live=0
SLIME_CLOCK served task=3 label=44 result=137520818 live=0
SLIME_CLOCK served task=2 label=44 result=137532019 live=0
SLIME_CLOCK served task=3 label=44 result=137543682 live=0
SLIME_CLOCK served task=2 label=44 result=137555189 live=0
SLIME_CLOCK served task=3 label=44 result=137568503 live=0
SLIME_CLOCK served task=2 label=44 result=137579786 live=0
SLIME_CLOCK served task=3 label=44 result=137591675 live=0
SLIME_CLOCK served task=2 label=44 result=137605038 live=0
SLIME_CLOCK served task=3 label=44 result=137622276 live=0
SLIME_CLOCK served task=2 label=44 result=137637437 live=0
SLIME_CLOCK served task=3 label=44 result=137649570 live=0
SLIME_CLOCK served task=2 label=44 result=137660740 live=0
SLIME_CLOCK served task=3 label=44 result=137672663 live=0
SLIME_CLOCK served task=2 label=44 result=137684270 live=0
SLIME_CLOCK served task=3 label=44 result=137697225 live=0
SLIME_CLOCK served task=2 label=44 result=137708568 live=0
SLIME_CLOCK served task=3 label=44 result=137720462 live=0
SLIME_CLOCK served task=2 label=44 result=137731692 live=0
SLIME_CLOCK served task=3 label=44 result=137743753 live=0
SLIME_CLOCK served task=2 label=44 result=137755172 live=0
SLIME_CLOCK served task=3 label=44 result=137767061 live=0
SLIME_CLOCK served task=2 label=44 result=137778490 live=0
SLIME_CLOCK served task=3 label=44 result=137790410 live=0
SLIME_CLOCK served task=2 label=44 result=137801902 live=0
SLIME_CLOCK served task=3 label=44 result=137814195 live=0
SLIME_CLOCK served task=2 label=44 result=137826976 live=0
SLIME_CLOCK served task=3 label=44 result=137839023 live=0
SLIME_CLOCK served task=2 label=44 result=137850811 live=0
SLIME_CLOCK served task=3 label=44 result=137865718 live=0
SLIME_CLOCK served task=2 label=44 result=137882675 live=0
SLIME_CLOCK served task=3 label=44 result=137901432 live=0
SLIME_CLOCK served task=2 label=44 result=137915884 live=0
SLIME_CLOCK served task=3 label=44 result=137931705 live=0
SLIME_CLOCK served task=2 label=44 result=137947821 live=0
SLIME_CLOCK served task=3 label=44 result=137964587 live=0
SLIME_CLOCK served task=2 label=44 result=137984448 live=0
SLIME_CLOCK served task=3 label=44 result=137998010 live=0
SLIME_CLOCK served task=2 label=44 result=138009032 live=0
SLIME_CLOCK served task=3 label=44 result=138021349 live=0
SLIME_CLOCK served task=2 label=44 result=138032804 live=0
SLIME_CLOCK served task=3 label=44 result=138044809 live=0
SLIME_CLOCK served task=2 label=44 result=138056455 live=0
SLIME_CLOCK served task=3 label=44 result=138068228 live=0
SLIME_CLOCK served task=2 label=44 result=138081104 live=0
SLIME_CLOCK served task=3 label=44 result=138093415 live=0
SLIME_CLOCK served task=2 label=44 result=138104505 live=0
SLIME_CLOCK served task=3 label=44 result=138117013 live=0
SLIME_CLOCK served task=2 label=44 result=138129051 live=0
SLIME_CLOCK served task=3 label=44 result=138141356 live=0
SLIME_CLOCK served task=2 label=44 result=138152604 live=0
SLIME_CLOCK served task=3 label=44 result=138164400 live=0
SLIME_CLOCK served task=2 label=44 result=138176103 live=0
SLIME_CLOCK served task=3 label=44 result=138187807 live=0
SLIME_CLOCK served task=2 label=44 result=138199031 live=0
SLIME_CLOCK served task=3 label=44 result=138211908 live=0
SLIME_CLOCK served task=2 label=44 result=138222900 live=0
SLIME_CLOCK served task=3 label=44 result=138234584 live=0
SLIME_CLOCK served task=2 label=44 result=138245777 live=0
SLIME_CLOCK served task=3 label=44 result=138257828 live=0
SLIME_CLOCK served task=2 label=44 result=138268903 live=0
SLIME_CLOCK served task=3 label=44 result=138280758 live=0
SLIME_CLOCK served task=2 label=44 result=138291507 live=0
SLIME_CLOCK served task=3 label=44 result=138303214 live=0
SLIME_CLOCK served task=2 label=44 result=138314746 live=0
SLIME_CLOCK served task=2 label=44 result=138327350 live=0
SLIME_CLOCK served task=3 label=44 result=138338578 live=0
SLIME_CLOCK served task=2 label=44 result=138349781 live=0
SLIME_CLOCK served task=3 label=44 result=138361474 live=0
SLIME_CLOCK served task=2 label=44 result=138372777 live=0
SLIME_CLOCK served task=3 label=44 result=138384790 live=0
SLIME_CLOCK served task=2 label=44 result=138397869 live=0
SLIME_CLOCK served task=3 label=44 result=138408449 live=0
SLIME_CLOCK served task=2 label=44 result=138418409 live=0
SLIME_CLOCK served task=3 label=44 result=138429890 live=0
SLIME_CLOCK served task=2 label=44 result=138444678 live=0
SLIME_CLOCK served task=3 label=44 result=138478108 live=0
SLIME_CLOCK served task=2 label=44 result=138500071 live=0
SLIME_CLOCK served task=3 label=44 result=138512079 live=0
SLIME_CLOCK served task=2 label=44 result=138524109 live=0
SLIME_CLOCK served task=3 label=44 result=138535272 live=0
SLIME_CLOCK served task=2 label=44 result=138546083 live=0
SLIME_CLOCK served task=3 label=44 result=138558384 live=0
SLIME_CLOCK served task=2 label=44 result=138570161 live=0
SLIME_CLOCK served task=3 label=44 result=138583265 live=0
SLIME_CLOCK served task=2 label=44 result=138594760 live=0
SLIME_CLOCK served task=3 label=44 result=138606843 live=0
SLIME_CLOCK served task=2 label=44 result=138618326 live=0
SLIME_CLOCK served task=3 label=44 result=138630268 live=0
SLIME_CLOCK served task=2 label=44 result=138641634 live=0
SLIME_CLOCK served task=3 label=44 result=138654148 live=0
SLIME_CLOCK served task=2 label=44 result=138665688 live=0
SLIME_CLOCK served task=3 label=44 result=138677604 live=0
SLIME_CLOCK served task=2 label=44 result=138689469 live=0
SLIME_CLOCK served task=3 label=44 result=138701477 live=0
SLIME_CLOCK served task=2 label=44 result=138714544 live=0
SLIME_CLOCK served task=3 label=44 result=138726762 live=0
SLIME_CLOCK served task=2 label=44 result=138738181 live=0
SLIME_CLOCK served task=3 label=44 result=138750519 live=0
SLIME_CLOCK served task=2 label=44 result=138762023 live=0
SLIME_CLOCK served task=3 label=44 result=138774220 live=0
SLIME_CLOCK served task=2 label=44 result=138786981 live=0
SLIME_CLOCK served task=3 label=44 result=138800668 live=0
SLIME_CLOCK served task=2 label=44 result=138812506 live=0
SLIME_CLOCK served task=3 label=44 result=138824552 live=0
SLIME_CLOCK served task=2 label=44 result=138837186 live=0
SLIME_CLOCK served task=3 label=44 result=138849464 live=0
SLIME_CLOCK served task=2 label=44 result=138860940 live=0
SLIME_CLOCK served task=3 label=44 result=138873113 live=0
SLIME_CLOCK served task=2 label=44 result=138884533 live=0
SLIME_CLOCK served task=3 label=44 result=138896503 live=0
SLIME_CLOCK served task=2 label=44 result=138909996 live=0
SLIME_CLOCK served task=3 label=44 result=138925718 live=0
SLIME_CLOCK served task=2 label=44 result=138940955 live=0
SLIME_CLOCK served task=3 label=44 result=138956475 live=0
SLIME_CLOCK served task=2 label=44 result=138970921 live=0
SLIME_CLOCK served task=3 label=44 result=138987817 live=0
SLIME_CLOCK served task=2 label=44 result=139007628 live=0
SLIME_CLOCK served task=3 label=44 result=139020770 live=0
SLIME_CLOCK served task=2 label=44 result=139032330 live=0
SLIME_CLOCK served task=3 label=44 result=139044414 live=0
SLIME_CLOCK served task=2 label=44 result=139056129 live=0
SLIME_CLOCK served task=3 label=44 result=139067564 live=0
SLIME_CLOCK served task=2 label=44 result=139078570 live=0
SLIME_CLOCK served task=3 label=44 result=139090515 live=0
SLIME_CLOCK served task=2 label=44 result=139101714 live=0
SLIME_CLOCK served task=3 label=44 result=139114616 live=0
SLIME_CLOCK served task=2 label=44 result=139126386 live=0
SLIME_CLOCK served task=3 label=44 result=139138535 live=0
SLIME_CLOCK served task=2 label=44 result=139149789 live=0
SLIME_CLOCK served task=3 label=44 result=139161238 live=0
SLIME_CLOCK served task=2 label=44 result=139172267 live=0
SLIME_CLOCK served task=3 label=44 result=139184459 live=0
SLIME_CLOCK served task=2 label=44 result=139195412 live=0
SLIME_CLOCK served task=3 label=44 result=139207199 live=0
SLIME_CLOCK served task=2 label=44 result=139218320 live=0
SLIME_CLOCK served task=3 label=44 result=139230319 live=0
SLIME_CLOCK served task=2 label=44 result=139242727 live=0
SLIME_CLOCK served task=3 label=44 result=139254689 live=0
SLIME_CLOCK served task=2 label=44 result=139265782 live=0
SLIME_CLOCK served task=3 label=44 result=139277658 live=0
SLIME_CLOCK served task=2 label=44 result=139288574 live=0
SLIME_CLOCK served task=3 label=44 result=139299993 live=0
SLIME_CLOCK served task=2 label=44 result=139311380 live=0
SLIME_CLOCK served task=3 label=44 result=139323468 live=0
SLIME_CLOCK served task=2 label=44 result=139334320 live=0
SLIME_CLOCK served task=3 label=44 result=139346004 live=0
SLIME_CLOCK served task=2 label=44 result=139356968 live=0
SLIME_CLOCK served task=3 label=44 result=139370093 live=0
SLIME_CLOCK served task=2 label=44 result=139381178 live=0
SLIME_CLOCK served task=3 label=44 result=139393080 live=0
SLIME_CLOCK served task=2 label=44 result=139404101 live=0
SLIME_CLOCK served task=3 label=44 result=139415974 live=0
SLIME_CLOCK served task=2 label=44 result=139426980 live=0
SLIME_CLOCK served task=3 label=44 result=139441429 live=0
SLIME_CLOCK served task=2 label=44 result=139451960 live=0
SLIME_CLOCK served task=3 label=44 result=139463188 live=0
SLIME_CLOCK served task=2 label=44 result=139473412 live=0
SLIME_CLOCK served task=3 label=44 result=139483985 live=0
SLIME_CLOCK served task=2 label=44 result=139496878 live=0
SLIME_CLOCK served task=3 label=44 result=139509287 live=0
SLIME_CLOCK served task=2 label=44 result=139520729 live=0
SLIME_CLOCK served task=3 label=44 result=139532317 live=0
SLIME_CLOCK served task=2 label=44 result=139543319 live=0
SLIME_CLOCK served task=3 label=44 result=139555828 live=0
SLIME_CLOCK served task=2 label=44 result=139567107 live=0
SLIME_CLOCK served task=3 label=44 result=139579614 live=0
SLIME_CLOCK served task=2 label=44 result=139594083 live=0
SLIME_CLOCK served task=3 label=44 result=139609501 live=0
SLIME_CLOCK served task=2 label=44 result=139638005 live=0
SLIME_CLOCK served task=3 label=44 result=139654562 live=0
SLIME_CLOCK served task=2 label=44 result=139665498 live=0
SLIME_CLOCK served task=3 label=44 result=139677370 live=0
SLIME_CLOCK served task=2 label=44 result=139690861 live=0
SLIME_CLOCK served task=3 label=44 result=139702898 live=0
SLIME_CLOCK served task=2 label=44 result=139714142 live=0
SLIME_CLOCK served task=3 label=44 result=139726012 live=0
SLIME_CLOCK served task=2 label=44 result=139737613 live=0
SLIME_CLOCK served task=3 label=44 result=139751349 live=0
SLIME_CLOCK served task=2 label=44 result=139762544 live=0
SLIME_CLOCK served task=3 label=44 result=139774215 live=0
SLIME_CLOCK served task=2 label=44 result=139785760 live=0
SLIME_CLOCK served task=3 label=44 result=139798015 live=0
SLIME_CLOCK served task=2 label=44 result=139810215 live=0
SLIME_CLOCK served task=3 label=44 result=139822274 live=0
SLIME_CLOCK served task=2 label=44 result=139833970 live=0
SLIME_CLOCK served task=3 label=44 result=139846105 live=0
SLIME_CLOCK served task=2 label=44 result=139857870 live=0
SLIME_CLOCK served task=3 label=44 result=139870307 live=0
SLIME_CLOCK served task=2 label=44 result=139883531 live=0
SLIME_CLOCK served task=3 label=44 result=139895936 live=0
SLIME_CLOCK served task=2 label=44 result=139907586 live=0
SLIME_CLOCK served task=3 label=44 result=139919989 live=0
SLIME_CLOCK served task=2 label=44 result=139932135 live=0
SLIME_CLOCK served task=3 label=44 result=139944521 live=0
SLIME_CLOCK served task=2 label=44 result=139956162 live=0
SLIME_CLOCK served task=3 label=44 result=139968699 live=0
SLIME_CLOCK served task=2 label=44 result=139980272 live=0
SLIME_CLOCK served task=3 label=44 result=139993374 live=0
SLIME_CLOCK served task=2 label=44 result=140005628 live=0
SLIME_CLOCK served task=3 label=44 result=140017328 live=0
SLIME_CLOCK served task=2 label=44 result=140029068 live=0
SLIME_CLOCK served task=3 label=44 result=140041077 live=0
SLIME_CLOCK served task=2 label=44 result=140056683 live=0
SLIME_CLOCK served task=3 label=44 result=140073044 live=0
SLIME_CLOCK served task=2 label=44 result=140087374 live=0
SLIME_CLOCK served task=3 label=44 result=140102403 live=0
SLIME_CLOCK served task=2 label=44 result=140117832 live=0
SLIME_CLOCK served task=3 label=44 result=140152105 live=0
SLIME_CLOCK served task=2 label=44 result=140175842 live=0
SLIME_CLOCK served task=3 label=44 result=140191822 live=0
SLIME_CLOCK served task=2 label=44 result=140206212 live=0
SLIME_CLOCK served task=3 label=44 result=140221447 live=0
SLIME_CLOCK served task=2 label=44 result=140235733 live=0
SLIME_CLOCK served task=3 label=44 result=140251444 live=0
SLIME_CLOCK served task=2 label=44 result=140270338 live=0
SLIME_CLOCK served task=3 label=44 result=140288371 live=0
SLIME_CLOCK served task=2 label=44 result=140306491 live=0
SLIME_CLOCK served task=3 label=44 result=140323798 live=0
SLIME_CLOCK served task=2 label=44 result=140340558 live=0
SLIME_CLOCK served task=3 label=44 result=140357837 live=0
SLIME_CLOCK served task=2 label=44 result=140374998 live=0
SLIME_CLOCK served task=3 label=44 result=140394701 live=0
SLIME_CLOCK served task=2 label=44 result=140411012 live=0
SLIME_CLOCK served task=3 label=44 result=140428611 live=0
SLIME_CLOCK served task=2 label=44 result=140446442 live=0
SLIME_CLOCK served task=3 label=44 result=140464154 live=0
SLIME_CLOCK served task=2 label=44 result=140480835 live=0
SLIME_CLOCK served task=3 label=44 result=140499192 live=0
SLIME_CLOCK served task=2 label=44 result=140516685 live=0
SLIME_CLOCK served task=3 label=44 result=140534101 live=0
SLIME_CLOCK served task=2 label=44 result=140550472 live=0
SLIME_CLOCK served task=3 label=44 result=140568951 live=0
SLIME_CLOCK served task=2 label=44 result=140587890 live=0
SLIME_CLOCK served task=3 label=44 result=140605661 live=0
SLIME_CLOCK served task=2 label=44 result=140621722 live=0
SLIME_CLOCK served task=3 label=44 result=140637812 live=0
SLIME_CLOCK served task=2 label=44 result=140652412 live=0
SLIME_CLOCK served task=3 label=44 result=140669930 live=0
SLIME_CLOCK served task=2 label=44 result=140696862 live=0
SLIME_CLOCK served task=3 label=44 result=140709779 live=0
SLIME_CLOCK served task=2 label=44 result=140721467 live=0
SLIME_CLOCK served task=3 label=44 result=140733332 live=0
SLIME_CLOCK served task=2 label=44 result=140745244 live=0
SLIME_CLOCK served task=3 label=44 result=140757286 live=0
SLIME_CLOCK served task=2 label=44 result=140768585 live=0
SLIME_CLOCK served task=3 label=44 result=140780780 live=0
SLIME_CLOCK served task=2 label=44 result=140791949 live=0
SLIME_CLOCK served task=3 label=44 result=140805953 live=0
SLIME_CLOCK served task=2 label=44 result=140817365 live=0
SLIME_CLOCK served task=3 label=44 result=140829505 live=0
SLIME_CLOCK served task=2 label=44 result=140840750 live=0
SLIME_CLOCK served task=3 label=44 result=140852961 live=0
SLIME_CLOCK served task=2 label=44 result=140864201 live=0
SLIME_CLOCK served task=3 label=44 result=140876316 live=0
SLIME_CLOCK served task=2 label=44 result=140887568 live=0
SLIME_CLOCK served task=3 label=44 result=140899774 live=0
SLIME_CLOCK served task=2 label=44 result=140910743 live=0
SLIME_CLOCK served task=3 label=44 result=140924052 live=0
SLIME_CLOCK served task=2 label=44 result=140936372 live=0
SLIME_CLOCK served task=3 label=44 result=140948384 live=0
SLIME_CLOCK served task=2 label=44 result=140959658 live=0
SLIME_CLOCK served task=3 label=44 result=140971795 live=0
SLIME_CLOCK served task=2 label=44 result=140982884 live=0
SLIME_CLOCK served task=3 label=44 result=140994943 live=0
SLIME_CLOCK served task=2 label=44 result=141006269 live=0
SLIME_CLOCK served task=3 label=44 result=141018172 live=0
SLIME_CLOCK served task=2 label=44 result=141029518 live=0
SLIME_CLOCK served task=3 label=44 result=141041697 live=0
SLIME_CLOCK served task=2 label=44 result=141053904 live=0
SLIME_CLOCK served task=3 label=44 result=141066229 live=0
SLIME_CLOCK served task=2 label=44 result=141077698 live=0
SLIME_CLOCK served task=3 label=44 result=141089876 live=0
SLIME_CLOCK served task=2 label=44 result=141102488 live=0
SLIME_CLOCK served task=3 label=44 result=141120167 live=0
SLIME_CLOCK served task=2 label=44 result=141135261 live=0
SLIME_CLOCK served task=3 label=44 result=141151089 live=0
SLIME_CLOCK served task=2 label=44 result=141166526 live=0
SLIME_CLOCK served task=3 label=44 result=141194752 live=0
SLIME_CLOCK served task=2 label=44 result=141210770 live=0
SLIME_CLOCK served task=3 label=44 result=141227778 live=0
SLIME_CLOCK served task=2 label=44 result=141242625 live=0
SLIME_CLOCK served task=3 label=44 result=141258424 live=0
SLIME_CLOCK served task=2 label=44 result=141272941 live=0
SLIME_CLOCK served task=3 label=44 result=141288395 live=0
SLIME_CLOCK served task=2 label=44 result=141305860 live=0
SLIME_CLOCK served task=3 label=44 result=141322950 live=0
SLIME_CLOCK served task=2 label=44 result=141341623 live=0
SLIME_CLOCK served task=3 label=44 result=141359004 live=0
SLIME_CLOCK served task=2 label=44 result=141375570 live=0
SLIME_CLOCK served task=3 label=44 result=141392731 live=0
SLIME_CLOCK served task=2 label=44 result=141408809 live=0
SLIME_CLOCK served task=3 label=44 result=141425830 live=0
SLIME_CLOCK served task=2 label=44 result=141444705 live=0
SLIME_CLOCK served task=3 label=44 result=141461291 live=0
SLIME_CLOCK served task=2 label=44 result=141477441 live=0
SLIME_CLOCK served task=3 label=44 result=141496110 live=0
SLIME_CLOCK served task=2 label=44 result=141512626 live=0
SLIME_CLOCK served task=3 label=44 result=141529976 live=0
SLIME_CLOCK served task=2 label=44 result=141545794 live=0
SLIME_CLOCK served task=3 label=44 result=141564451 live=0
SLIME_CLOCK served task=2 label=44 result=141580786 live=0
SLIME_CLOCK served task=3 label=44 result=141598076 live=0
SLIME_CLOCK served task=2 label=44 result=141615039 live=0
SLIME_CLOCK served task=3 label=44 result=141636010 live=0
SLIME_CLOCK served task=2 label=44 result=141654931 live=0
SLIME_CLOCK served task=3 label=44 result=141673132 live=0
SLIME_CLOCK served task=2 label=44 result=141706952 live=0
SLIME_CLOCK served task=3 label=44 result=141756038 live=0
SLIME_CLOCK served task=2 label=44 result=141771552 live=0
SLIME_CLOCK served task=3 label=44 result=141785958 live=0
SLIME_CLOCK served task=2 label=44 result=141796810 live=0
SLIME_CLOCK served task=3 label=44 result=141808533 live=0
SLIME_CLOCK served task=2 label=44 result=141820844 live=0
SLIME_CLOCK served task=3 label=44 result=141832621 live=0
SLIME_CLOCK served task=2 label=44 result=141843334 live=0
SLIME_CLOCK served task=3 label=44 result=141854747 live=0
SLIME_CLOCK served task=2 label=44 result=141865682 live=0
SLIME_CLOCK served task=3 label=44 result=141877274 live=0
SLIME_CLOCK served task=2 label=44 result=141888374 live=0
SLIME_CLOCK served task=3 label=44 result=141899478 live=0
SLIME_CLOCK served task=2 label=44 result=141910116 live=0
SLIME_CLOCK served task=3 label=44 result=141921191 live=0
SLIME_CLOCK served task=2 label=44 result=141932133 live=0
SLIME_CLOCK served task=3 label=44 result=141944655 live=0
SLIME_CLOCK served task=2 label=44 result=141955273 live=0
SLIME_CLOCK served task=3 label=44 result=141966807 live=0
SLIME_CLOCK served task=2 label=44 result=141977974 live=0
SLIME_CLOCK served task=3 label=44 result=141989464 live=0
SLIME_CLOCK served task=2 label=44 result=142000210 live=0
SLIME_CLOCK served task=3 label=44 result=142011361 live=0
SLIME_CLOCK served task=2 label=44 result=142022007 live=0
SLIME_CLOCK served task=3 label=44 result=142033751 live=0
SLIME_CLOCK served task=2 label=44 result=142044604 live=0
SLIME_CLOCK served task=3 label=44 result=142056312 live=0
SLIME_CLOCK served task=2 label=44 result=142067704 live=0
SLIME_CLOCK served task=3 label=44 result=142079109 live=0
SLIME_CLOCK served task=2 label=44 result=142089567 live=0
SLIME_CLOCK served task=3 label=44 result=142100959 live=0
SLIME_CLOCK served task=2 label=44 result=142111776 live=0
SLIME_CLOCK served task=3 label=44 result=142123238 live=0
SLIME_CLOCK served task=2 label=44 result=142134619 live=0
SLIME_CLOCK served task=3 label=44 result=142149311 live=0
SLIME_CLOCK served task=2 label=44 result=142166611 live=0
SLIME_CLOCK served task=3 label=44 result=142183922 live=0
SLIME_CLOCK served task=2 label=44 result=142202249 live=0
SLIME_CLOCK served task=3 label=44 result=142218859 live=0
SLIME_CLOCK served task=2 label=44 result=142234376 live=0
SLIME_CLOCK served task=3 label=44 result=142250677 live=0
SLIME_CLOCK served task=2 label=44 result=142266344 live=0
SLIME_CLOCK served task=3 label=44 result=142282065 live=0
SLIME_CLOCK served task=2 label=44 result=142296536 live=0
SLIME_CLOCK served task=3 label=44 result=142312235 live=0
SLIME_CLOCK served task=2 label=44 result=142331292 live=0
SLIME_CLOCK served task=3 label=44 result=142348118 live=0
SLIME_CLOCK served task=2 label=44 result=142363695 live=0
SLIME_CLOCK served task=3 label=44 result=142382152 live=0
SLIME_CLOCK served task=2 label=44 result=142398625 live=0
SLIME_CLOCK served task=3 label=44 result=142415797 live=0
SLIME_CLOCK served task=2 label=44 result=142432726 live=0
SLIME_CLOCK served task=3 label=44 result=142451434 live=0
SLIME_CLOCK served task=2 label=44 result=142467834 live=0
SLIME_CLOCK served task=3 label=44 result=142484735 live=0
SLIME_CLOCK served task=2 label=44 result=142501426 live=0
SLIME_CLOCK served task=3 label=44 result=142520556 live=0
SLIME_CLOCK served task=2 label=44 result=142537289 live=0
SLIME_CLOCK served task=3 label=44 result=142555429 live=0
SLIME_CLOCK served task=2 label=44 result=142572044 live=0
SLIME_CLOCK served task=3 label=44 result=142589400 live=0
SLIME_CLOCK served task=2 label=44 result=142605997 live=0
SLIME_CLOCK served task=3 label=44 result=142623518 live=0
SLIME_CLOCK served task=2 label=44 result=142639686 live=0
SLIME_CLOCK served task=3 label=44 result=142656767 live=0
SLIME_CLOCK served task=2 label=44 result=142673742 live=0
SLIME_CLOCK served task=3 label=44 result=142699974 live=0
SLIME_CLOCK served task=2 label=44 result=142717646 live=0
SLIME_CLOCK served task=3 label=44 result=142736110 live=0
SLIME_CLOCK served task=2 label=44 result=142752169 live=0
SLIME_CLOCK served task=3 label=44 result=142769352 live=0
SLIME_CLOCK served task=2 label=44 result=142786564 live=0
SLIME_CLOCK served task=3 label=44 result=142805412 live=0
SLIME_CLOCK served task=2 label=44 result=142823114 live=0
SLIME_CLOCK served task=3 label=44 result=142881588 live=0
SLIME_CLOCK served task=2 label=44 result=142902140 live=0
SLIME_CLOCK served task=3 label=44 result=142924596 live=0
SLIME_CLOCK served task=2 label=44 result=142945780 live=0
SLIME_CLOCK served task=3 label=44 result=142968837 live=0
SLIME_CLOCK served task=2 label=44 result=142989037 live=0
SLIME_CLOCK served task=3 label=44 result=143007530 live=0
SLIME_CLOCK served task=2 label=44 result=143024389 live=0
SLIME_CLOCK served task=3 label=44 result=143042764 live=0
SLIME_CLOCK served task=2 label=44 result=143059023 live=0
SLIME_CLOCK served task=3 label=44 result=143075262 live=0
SLIME_CLOCK served task=2 label=44 result=143092612 live=0
SLIME_CLOCK served task=3 label=44 result=143108948 live=0
SLIME_CLOCK served task=2 label=44 result=143126317 live=0
SLIME_CLOCK served task=3 label=44 result=143142927 live=0
SLIME_CLOCK served task=2 label=44 result=143158383 live=0
SLIME_CLOCK served task=3 label=44 result=143174785 live=0
SLIME_CLOCK served task=2 label=44 result=143190793 live=0
SLIME_CLOCK served task=3 label=44 result=143208703 live=0
SLIME_CLOCK served task=2 label=44 result=143224292 live=0
SLIME_CLOCK served task=3 label=44 result=143240748 live=0
SLIME_CLOCK served task=2 label=44 result=143257568 live=0
SLIME_CLOCK served task=3 label=44 result=143276336 live=0
SLIME_CLOCK served task=2 label=44 result=143293431 live=0
SLIME_CLOCK served task=3 label=44 result=143311447 live=0
SLIME_CLOCK served task=2 label=44 result=143327217 live=0
SLIME_CLOCK served task=3 label=44 result=143358755 live=0
SLIME_CLOCK served task=2 label=44 result=143377174 live=0
SLIME_CLOCK served task=3 label=44 result=143393054 live=0
SLIME_CLOCK served task=2 label=44 result=143407731 live=0
SLIME_CLOCK served task=3 label=44 result=143423165 live=0
SLIME_CLOCK served task=2 label=44 result=143436602 live=0
SLIME_CLOCK served task=3 label=44 result=143446891 live=0
SLIME_CLOCK served task=2 label=44 result=143459257 live=0
SLIME_CLOCK served task=3 label=44 result=143477171 live=0
SLIME_CLOCK served task=2 label=44 result=143491910 live=0
SLIME_CLOCK served task=3 label=44 result=143507970 live=0
SLIME_CLOCK served task=2 label=44 result=143522834 live=0
SLIME_CLOCK served task=3 label=44 result=143538236 live=0
SLIME_CLOCK served task=2 label=44 result=143552883 live=0
SLIME_CLOCK served task=3 label=44 result=143568624 live=0
SLIME_CLOCK served task=2 label=44 result=143583446 live=0
SLIME_CLOCK served task=3 label=44 result=143600429 live=0
SLIME_CLOCK served task=2 label=44 result=143615087 live=0
SLIME_CLOCK served task=3 label=44 result=143630918 live=0
SLIME_CLOCK served task=2 label=44 result=143645564 live=0
SLIME_CLOCK served task=3 label=44 result=143661222 live=0
SLIME_CLOCK served task=2 label=44 result=143675964 live=0
SLIME_CLOCK served task=3 label=44 result=143691936 live=0
SLIME_CLOCK served task=2 label=44 result=143706649 live=0
SLIME_CLOCK served task=3 label=44 result=143723344 live=0
SLIME_CLOCK served task=2 label=44 result=143737854 live=0
SLIME_CLOCK served task=3 label=44 result=143753761 live=0
SLIME_CLOCK served task=2 label=44 result=143768501 live=0
SLIME_CLOCK served task=3 label=44 result=143783790 live=0
SLIME_CLOCK served task=2 label=44 result=143798462 live=0
SLIME_CLOCK served task=3 label=44 result=143814345 live=0
SLIME_CLOCK served task=2 label=44 result=143832125 live=0
SLIME_CLOCK served task=3 label=44 result=143851566 live=0
SLIME_CLOCK served task=2 label=44 result=143866113 live=0
SLIME_CLOCK served task=3 label=44 result=143882918 live=0
SLIME_CLOCK served task=2 label=44 result=143898334 live=0
SLIME_CLOCK served task=3 label=44 result=143914661 live=0
SLIME_CLOCK served task=2 label=44 result=143930819 live=0
SLIME_CLOCK served task=3 label=44 result=143949949 live=0
SLIME_CLOCK served task=2 label=44 result=143966864 live=0
SLIME_CLOCK served task=3 label=44 result=143985859 live=0
SLIME_CLOCK served task=2 label=44 result=144002967 live=0
SLIME_CLOCK served task=3 label=44 result=144020144 live=0
SLIME_CLOCK served task=2 label=44 result=144037546 live=0
SLIME_CLOCK served task=3 label=44 result=144055266 live=0
SLIME_CLOCK served task=2 label=44 result=144072851 live=0
SLIME_CLOCK served task=3 label=44 result=144089921 live=0
SLIME_CLOCK served task=2 label=44 result=144108887 live=0
SLIME_CLOCK served task=3 label=44 result=144126892 live=0
SLIME_CLOCK served task=2 label=44 result=144143272 live=0
SLIME_CLOCK served task=3 label=44 result=144161681 live=0
SLIME_CLOCK served task=2 label=44 result=144178042 live=0
SLIME_CLOCK served task=3 label=44 result=144195469 live=0
SLIME_CLOCK served task=2 label=44 result=144211499 live=0
SLIME_CLOCK served task=3 label=44 result=144231820 live=0
SLIME_CLOCK served task=2 label=44 result=144249771 live=0
SLIME_CLOCK served task=3 label=44 result=144267066 live=0
SLIME_CLOCK served task=2 label=44 result=144283468 live=0
SLIME_CLOCK served task=3 label=44 result=144301640 live=0
SLIME_CLOCK served task=2 label=44 result=144320095 live=0
SLIME_CLOCK served task=3 label=44 result=144339571 live=0
SLIME_CLOCK served task=2 label=44 result=144359714 live=0
SLIME_CLOCK served task=3 label=44 result=144378123 live=0
SLIME_CLOCK served task=2 label=44 result=144390748 live=0
SLIME_CLOCK served task=3 label=44 result=144404918 live=0
SLIME_CLOCK served task=2 label=44 result=144418353 live=0
SLIME_CLOCK served task=3 label=44 result=144432330 live=0
SLIME_CLOCK served task=2 label=44 result=144442083 live=0
SLIME_CLOCK served task=3 label=44 result=144452404 live=0
SLIME_CLOCK served task=2 label=44 result=144462108 live=0
SLIME_CLOCK served task=3 label=44 result=144472399 live=0
SLIME_CLOCK served task=2 label=44 result=144485495 live=0
SLIME_CLOCK served task=3 label=44 result=144498596 live=0
SLIME_CLOCK served task=2 label=44 result=144510945 live=0
SLIME_CLOCK served task=3 label=44 result=144524076 live=0
SLIME_CLOCK served task=2 label=44 result=144536574 live=0
SLIME_CLOCK served task=3 label=44 result=144549613 live=0
SLIME_CLOCK served task=2 label=44 result=144561326 live=0
SLIME_CLOCK served task=3 label=44 result=144574336 live=0
SLIME_CLOCK served task=2 label=44 result=144586705 live=0
SLIME_CLOCK served task=3 label=44 result=144599889 live=0
SLIME_CLOCK served task=2 label=44 result=144612977 live=0
SLIME_CLOCK served task=3 label=44 result=144625791 live=0
SLIME_CLOCK served task=2 label=44 result=144638489 live=0
SLIME_CLOCK served task=3 label=44 result=144651676 live=0
SLIME_CLOCK served task=2 label=44 result=144664093 live=0
SLIME_CLOCK served task=3 label=44 result=144677346 live=0
SLIME_CLOCK served task=2 label=44 result=144689780 live=0
SLIME_CLOCK served task=3 label=44 result=144702845 live=0
SLIME_CLOCK served task=2 label=44 result=144715188 live=0
SLIME_CLOCK served task=3 label=44 result=144727981 live=0
SLIME_CLOCK served task=2 label=44 result=144741535 live=0
SLIME_CLOCK served task=3 label=44 result=144754437 live=0
SLIME_CLOCK served task=2 label=44 result=144766958 live=0
SLIME_CLOCK served task=3 label=44 result=144780099 live=0
SLIME_CLOCK served task=2 label=44 result=144792156 live=0
SLIME_CLOCK served task=3 label=44 result=144805192 live=0
SLIME_CLOCK served task=2 label=44 result=144817593 live=0
SLIME_CLOCK served task=3 label=44 result=144830315 live=0
SLIME_CLOCK served task=2 label=44 result=144842253 live=0
SLIME_CLOCK served task=3 label=44 result=144857005 live=0
SLIME_CLOCK served task=2 label=44 result=144875060 live=0
SLIME_CLOCK served task=3 label=44 result=144893582 live=0
SLIME_CLOCK served task=2 label=44 result=144908338 live=0
SLIME_CLOCK served task=3 label=44 result=144924248 live=0
SLIME_CLOCK served task=2 label=44 result=144939375 live=0
SLIME_CLOCK served task=3 label=44 result=144955247 live=0
SLIME_CLOCK served task=2 label=44 result=144967105 live=0
SLIME_CLOCK served task=3 label=44 result=144977369 live=0
SLIME_CLOCK served task=2 label=44 result=144991471 live=0
SLIME_CLOCK served task=3 label=44 result=145009040 live=0
SLIME_CLOCK served task=2 label=44 result=145025533 live=0
SLIME_CLOCK served task=3 label=44 result=145042705 live=0
SLIME_CLOCK served task=2 label=44 result=145059406 live=0
SLIME_CLOCK served task=3 label=44 result=145076434 live=0
SLIME_CLOCK served task=2 label=44 result=145092923 live=0
SLIME_CLOCK served task=3 label=44 result=145111037 live=0
SLIME_CLOCK served task=2 label=44 result=145125105 live=0
SLIME_CLOCK served task=3 label=44 result=145137522 live=0
SLIME_CLOCK served task=2 label=44 result=145149122 live=0
SLIME_CLOCK served task=3 label=44 result=145161481 live=0
SLIME_CLOCK served task=2 label=44 result=145173171 live=0
SLIME_CLOCK served task=3 label=44 result=145185609 live=0
SLIME_CLOCK served task=2 label=44 result=145197346 live=0
SLIME_CLOCK served task=3 label=44 result=145209982 live=0
SLIME_CLOCK served task=2 label=44 result=145221691 live=0
SLIME_CLOCK served task=3 label=44 result=145234258 live=0
SLIME_CLOCK served task=2 label=44 result=145247359 live=0
SLIME_CLOCK served task=3 label=44 result=145258893 live=0
SLIME_CLOCK served task=2 label=44 result=145269839 live=0
SLIME_CLOCK served task=3 label=44 result=145281461 live=0
SLIME_CLOCK served task=2 label=44 result=145292106 live=0
SLIME_CLOCK served task=3 label=44 result=145303368 live=0
SLIME_CLOCK served task=2 label=44 result=145314582 live=0
SLIME_CLOCK served task=3 label=44 result=145326984 live=0
SLIME_CLOCK served task=2 label=44 result=145337823 live=0
SLIME_CLOCK served task=3 label=44 result=145349298 live=0
SLIME_CLOCK served task=2 label=44 result=145361091 live=0
SLIME_CLOCK served task=3 label=44 result=145377951 live=0
SLIME_CLOCK served task=2 label=44 result=145392884 live=0
SLIME_CLOCK served task=3 label=44 result=145408544 live=0
SLIME_CLOCK served task=2 label=44 result=145423285 live=0
SLIME_CLOCK served task=3 label=44 result=145439796 live=0
SLIME_CLOCK served task=2 label=44 result=145454444 live=0
SLIME_CLOCK served task=3 label=44 result=145466180 live=0
SLIME_CLOCK served task=2 label=44 result=145475807 live=0
SLIME_CLOCK served task=3 label=44 result=145486719 live=0
SLIME_CLOCK served task=2 label=44 result=145507306 live=0
SLIME_CLOCK served task=3 label=44 result=145523326 live=0
SLIME_CLOCK served task=2 label=44 result=145537601 live=0
SLIME_CLOCK served task=3 label=44 result=145552207 live=0
SLIME_CLOCK served task=2 label=44 result=145566766 live=0
SLIME_CLOCK served task=3 label=44 result=145580094 live=0
SLIME_CLOCK served task=2 label=44 result=145591249 live=0
SLIME_CLOCK served task=3 label=44 result=145602869 live=0
SLIME_CLOCK served task=2 label=44 result=145614658 live=0
SLIME_CLOCK served task=3 label=44 result=145628807 live=0
SLIME_CLOCK served task=2 label=44 result=145640063 live=0
SLIME_CLOCK served task=3 label=44 result=145651677 live=0
SLIME_CLOCK served task=2 label=44 result=145661898 live=0
SLIME_CLOCK served task=3 label=44 result=145672974 live=0
SLIME_CLOCK served task=2 label=44 result=145683642 live=0
SLIME_CLOCK served task=3 label=44 result=145695002 live=0
SLIME_CLOCK served task=2 label=44 result=145705643 live=0
SLIME_CLOCK served task=3 label=44 result=145717232 live=0
SLIME_CLOCK served task=2 label=44 result=145728495 live=0
SLIME_CLOCK served task=3 label=44 result=145740131 live=0
SLIME_CLOCK served task=2 label=44 result=145752804 live=0
SLIME_CLOCK served task=3 label=44 result=145764843 live=0
SLIME_CLOCK served task=2 label=44 result=145775779 live=0
SLIME_CLOCK served task=3 label=44 result=145787559 live=0
SLIME_CLOCK served task=2 label=44 result=145798691 live=0
SLIME_CLOCK served task=3 label=44 result=145810430 live=0
SLIME_CLOCK served task=2 label=44 result=145821722 live=0
SLIME_CLOCK served task=3 label=44 result=145834487 live=0
SLIME_CLOCK served task=2 label=44 result=145845844 live=0
SLIME_CLOCK served task=3 label=44 result=145857890 live=0
SLIME_CLOCK served task=2 label=44 result=145869012 live=0
SLIME_CLOCK served task=3 label=44 result=145883822 live=0
SLIME_CLOCK served task=2 label=44 result=145898294 live=0
SLIME_CLOCK served task=3 label=44 result=145913642 live=0
SLIME_CLOCK served task=2 label=44 result=145923559 live=0
SLIME_CLOCK served task=3 label=44 result=145934103 live=0
SLIME_CLOCK served task=2 label=44 result=145943980 live=0
SLIME_CLOCK served task=3 label=44 result=145954137 live=0
SLIME_CLOCK served task=2 label=44 result=145963758 live=0
SLIME_CLOCK served task=3 label=44 result=145974011 live=0
SLIME_CLOCK served task=2 label=44 result=145983608 live=0
SLIME_CLOCK served task=3 label=44 result=145994050 live=0
SLIME_CLOCK served task=2 label=44 result=146006983 live=0
SLIME_CLOCK served task=3 label=44 result=146019048 live=0
SLIME_CLOCK served task=2 label=44 result=146030947 live=0
SLIME_CLOCK served task=3 label=44 result=146046209 live=0
SLIME_CLOCK served task=2 label=44 result=146061030 live=0
SLIME_CLOCK served task=3 label=44 result=146076520 live=0
SLIME_CLOCK served task=2 label=44 result=146090656 live=0
SLIME_CLOCK served task=3 label=44 result=146106179 live=0
SLIME_CLOCK served task=2 label=44 result=146120878 live=0
SLIME_CLOCK served task=3 label=44 result=146136216 live=0
SLIME_CLOCK served task=2 label=44 result=146147910 live=0
SLIME_CLOCK served task=3 label=44 result=146162009 live=0
SLIME_CLOCK served task=2 label=44 result=146172648 live=0
SLIME_CLOCK served task=3 label=44 result=146184867 live=0
SLIME_CLOCK served task=2 label=44 result=146195985 live=0
SLIME_CLOCK served task=3 label=44 result=146207331 live=0
SLIME_CLOCK served task=2 label=44 result=146218490 live=0
SLIME_CLOCK served task=3 label=44 result=146229993 live=0
SLIME_CLOCK served task=2 label=44 result=146241454 live=0
SLIME_CLOCK served task=3 label=44 result=146254948 live=0
SLIME_CLOCK served task=2 label=44 result=146266047 live=0
SLIME_CLOCK served task=3 label=44 result=146277841 live=0
SLIME_CLOCK served task=2 label=44 result=146288318 live=0
SLIME_CLOCK served task=3 label=44 result=146302941 live=0
SLIME_CLOCK served task=2 label=44 result=146319638 live=0
SLIME_CLOCK served task=3 label=44 result=146334202 live=0
SLIME_CLOCK served task=2 label=44 result=146344722 live=0
SLIME_CLOCK served task=3 label=44 result=146356950 live=0
SLIME_CLOCK served task=2 label=44 result=146369038 live=0
SLIME_CLOCK served task=3 label=44 result=146381942 live=0
SLIME_CLOCK served task=2 label=44 result=146392616 live=0
SLIME_CLOCK served task=3 label=44 result=146404025 live=0
SLIME_CLOCK served task=2 label=44 result=146415269 live=0
SLIME_CLOCK served task=3 label=44 result=146427358 live=0
SLIME_CLOCK served task=2 label=44 result=146438674 live=0
SLIME_CLOCK served task=3 label=44 result=146450144 live=0
SLIME_CLOCK served task=2 label=44 result=146461318 live=0
SLIME_CLOCK served task=3 label=44 result=146474444 live=0
SLIME_CLOCK served task=2 label=44 result=146487620 live=0
SLIME_CLOCK served task=3 label=44 result=146501476 live=0
SLIME_CLOCK served task=2 label=44 result=146515061 live=0
SLIME_CLOCK served task=3 label=44 result=146532924 live=0
SLIME_CLOCK served task=2 label=44 result=146549661 live=0
SLIME_CLOCK served task=3 label=44 result=146567489 live=0
SLIME_CLOCK served task=2 label=44 result=146581850 live=0
SLIME_CLOCK served task=3 label=44 result=146597367 live=0
SLIME_CLOCK served task=2 label=44 result=146611817 live=0
SLIME_CLOCK served task=3 label=44 result=146627567 live=0
SLIME_CLOCK served task=2 label=44 result=146650783 live=0
SLIME_CLOCK served task=3 label=44 result=146668580 live=0
SLIME_CLOCK served task=2 label=44 result=146681849 live=0
SLIME_CLOCK served task=3 label=44 result=146693146 live=0
SLIME_CLOCK served task=2 label=44 result=146706906 live=0
SLIME_CLOCK served task=3 label=44 result=146719956 live=0
SLIME_CLOCK served task=2 label=44 result=146731390 live=0
SLIME_CLOCK served task=3 label=44 result=146743234 live=0
SLIME_CLOCK served task=2 label=44 result=146754045 live=0
SLIME_CLOCK served task=3 label=44 result=146767184 live=0
SLIME_CLOCK served task=2 label=44 result=146777752 live=0
SLIME_CLOCK served task=3 label=44 result=146789416 live=0
SLIME_CLOCK served task=2 label=44 result=146799694 live=0
SLIME_CLOCK served task=3 label=44 result=146811131 live=0
SLIME_CLOCK served task=2 label=44 result=146822070 live=0
SLIME_CLOCK served task=3 label=44 result=146833211 live=0
SLIME_CLOCK served task=2 label=44 result=146843857 live=0
SLIME_CLOCK served task=3 label=44 result=146855072 live=0
SLIME_CLOCK served task=2 label=44 result=146866152 live=0
SLIME_CLOCK served task=3 label=44 result=146878090 live=0
SLIME_CLOCK served task=2 label=44 result=146890729 live=0
SLIME_CLOCK served task=3 label=44 result=146902198 live=0
SLIME_CLOCK served task=2 label=44 result=146913322 live=0
SLIME_CLOCK served task=3 label=44 result=146926100 live=0
SLIME_CLOCK served task=2 label=44 result=146936958 live=0
SLIME_CLOCK served task=3 label=44 result=146948505 live=0
SLIME_CLOCK served task=2 label=44 result=146958975 live=0
SLIME_CLOCK served task=3 label=44 result=146970368 live=0
SLIME_CLOCK served task=2 label=44 result=146981627 live=0
SLIME_CLOCK served task=3 label=44 result=146993552 live=0
SLIME_CLOCK served task=2 label=44 result=147004935 live=0
SLIME_CLOCK served task=3 label=44 result=147017347 live=0
SLIME_CLOCK served task=2 label=44 result=147028361 live=0
SLIME_CLOCK served task=3 label=44 result=147040066 live=0
SLIME_CLOCK served task=2 label=44 result=147056298 live=0
SLIME_CLOCK served task=3 label=44 result=147072927 live=0
SLIME_CLOCK served task=2 label=44 result=147086979 live=0
SLIME_CLOCK served task=3 label=44 result=147101899 live=0
SLIME_CLOCK served task=2 label=44 result=147115934 live=0
SLIME_CLOCK served task=3 label=44 result=147131093 live=0
SLIME_CLOCK served task=2 label=44 result=147152378 live=0
SLIME_CLOCK served task=3 label=44 result=147170495 live=0
SLIME_CLOCK served task=2 label=44 result=147188693 live=0
SLIME_CLOCK served task=3 label=44 result=147205408 live=0
SLIME_CLOCK served task=2 label=44 result=147222531 live=0
SLIME_CLOCK served task=3 label=44 result=147239728 live=0
SLIME_CLOCK served task=2 label=44 result=147256259 live=0
SLIME_CLOCK served task=3 label=44 result=147275008 live=0
SLIME_CLOCK served task=2 label=44 result=147292254 live=0
SLIME_CLOCK served task=3 label=44 result=147309876 live=0
SLIME_CLOCK served task=2 label=44 result=147326058 live=0
SLIME_CLOCK served task=3 label=44 result=147343054 live=0
SLIME_CLOCK served task=2 label=44 result=147359242 live=0
SLIME_CLOCK served task=3 label=44 result=147376929 live=0
SLIME_CLOCK served task=2 label=44 result=147394209 live=0
SLIME_CLOCK served task=3 label=44 result=147411532 live=0
SLIME_CLOCK served task=2 label=44 result=147428012 live=0
SLIME_CLOCK served task=3 label=44 result=147445852 live=0
SLIME_CLOCK served task=2 label=44 result=147462626 live=0
SLIME_CLOCK served task=3 label=44 result=147480256 live=0
SLIME_CLOCK served task=2 label=44 result=147497339 live=0
SLIME_CLOCK served task=3 label=44 result=147515134 live=0
SLIME_CLOCK served task=2 label=44 result=147533123 live=0
SLIME_CLOCK served task=3 label=44 result=147550630 live=0
SLIME_CLOCK served task=2 label=44 result=147568258 live=0
SLIME_CLOCK served task=3 label=44 result=147587553 live=0
SLIME_CLOCK served task=2 label=44 result=147604000 live=0
SLIME_CLOCK served task=3 label=44 result=147620452 live=0
SLIME_CLOCK served task=2 label=44 result=147635493 live=0
SLIME_CLOCK served task=3 label=44 result=147654138 live=0
SLIME_CLOCK served task=2 label=44 result=147669726 live=0
SLIME_CLOCK served task=3 label=44 result=147685002 live=0
SLIME_CLOCK served task=2 label=44 result=147695579 live=0
SLIME_CLOCK served task=3 label=44 result=147705956 live=0
SLIME_CLOCK served task=2 label=44 result=147715715 live=0
SLIME_CLOCK served task=3 label=44 result=147726086 live=0
SLIME_CLOCK served task=2 label=44 result=147736841 live=0
SLIME_CLOCK served task=3 label=44 result=147750274 live=0
SLIME_CLOCK served task=2 label=44 result=147762270 live=0
SLIME_CLOCK served task=2 label=44 result=147775896 live=0
SLIME_CLOCK served task=3 label=44 result=147788966 live=0
SLIME_CLOCK served task=2 label=44 result=147800756 live=0
SLIME_CLOCK served task=3 label=44 result=147813421 live=0
SLIME_CLOCK served task=2 label=44 result=147825345 live=0
SLIME_CLOCK served task=3 label=44 result=147837582 live=0
SLIME_CLOCK served task=2 label=44 result=147850463 live=0
SLIME_CLOCK served task=3 label=44 result=147862405 live=0
SLIME_CLOCK served task=2 label=44 result=147875420 live=0
SLIME_CLOCK served task=3 label=44 result=147887404 live=0
SLIME_CLOCK served task=2 label=44 result=147899012 live=0
SLIME_CLOCK served task=3 label=44 result=147912952 live=0
SLIME_CLOCK served task=2 label=44 result=147925268 live=0
SLIME_CLOCK served task=3 label=44 result=147937673 live=0
SLIME_CLOCK served task=2 label=44 result=147949827 live=0
SLIME_CLOCK served task=3 label=44 result=147961907 live=0
SLIME_CLOCK served task=2 label=44 result=147973412 live=0
SLIME_CLOCK served task=3 label=44 result=147985593 live=0
SLIME_CLOCK served task=2 label=44 result=147997349 live=0
SLIME_CLOCK served task=3 label=44 result=148009346 live=0
SLIME_CLOCK served task=2 label=44 result=148020356 live=0
SLIME_CLOCK served task=3 label=44 result=148034261 live=0
SLIME_CLOCK served task=2 label=44 result=148045381 live=0
SLIME_CLOCK served task=3 label=44 result=148057738 live=0
SLIME_CLOCK served task=2 label=44 result=148069220 live=0
SLIME_CLOCK served task=3 label=44 result=148081515 live=0
SLIME_CLOCK served task=2 label=44 result=148092943 live=0
SLIME_CLOCK served task=3 label=44 result=148108931 live=0
SLIME_CLOCK served task=2 label=44 result=148125055 live=0
SLIME_CLOCK served task=3 label=44 result=148140298 live=0
SLIME_CLOCK served task=2 label=44 result=148157733 live=0
SLIME_CLOCK served task=3 label=44 result=148207497 live=0
SLIME_CLOCK served task=2 label=44 result=148226894 live=0
SLIME_CLOCK served task=3 label=44 result=148246500 live=0
SLIME_CLOCK served task=2 label=44 result=148263509 live=0
SLIME_CLOCK served task=3 label=44 result=148281307 live=0
SLIME_CLOCK served task=2 label=44 result=148298266 live=0
SLIME_CLOCK served task=3 label=44 result=148316022 live=0
SLIME_CLOCK served task=2 label=44 result=148332809 live=0
SLIME_CLOCK served task=3 label=44 result=148351235 live=0
SLIME_CLOCK served task=2 label=44 result=148368178 live=0
SLIME_CLOCK served task=3 label=44 result=148385723 live=0
SLIME_CLOCK served task=2 label=44 result=148402159 live=0
SLIME_CLOCK served task=3 label=44 result=148420966 live=0
SLIME_CLOCK served task=2 label=44 result=148437792 live=0
SLIME_CLOCK served task=3 label=44 result=148455617 live=0
SLIME_CLOCK served task=2 label=44 result=148471856 live=0
SLIME_CLOCK served task=3 label=44 result=148489570 live=0
SLIME_CLOCK served task=2 label=44 result=148506675 live=0
SLIME_CLOCK served task=3 label=44 result=148524269 live=0
SLIME_CLOCK served task=2 label=44 result=148542488 live=0
SLIME_CLOCK served task=3 label=44 result=148560053 live=0
SLIME_CLOCK served task=2 label=44 result=148576396 live=0
SLIME_CLOCK served task=3 label=44 result=148593879 live=0
SLIME_CLOCK served task=2 label=44 result=148611649 live=0
SLIME_CLOCK served task=3 label=44 result=148631688 live=0
SLIME_CLOCK served task=2 label=44 result=148647956 live=0
SLIME_CLOCK served task=3 label=44 result=148666904 live=0
SLIME_CLOCK served task=2 label=44 result=148684050 live=0
SLIME_CLOCK served task=3 label=44 result=148700590 live=0
SLIME_CLOCK served task=2 label=44 result=148714469 live=0
SLIME_CLOCK served task=3 label=44 result=148729841 live=0
SLIME_CLOCK served task=2 label=44 result=148744512 live=0
SLIME_CLOCK served task=3 label=44 result=148754853 live=0
SLIME_CLOCK served task=2 label=44 result=148764576 live=0
SLIME_CLOCK served task=3 label=44 result=148774851 live=0
SLIME_CLOCK served task=2 label=44 result=148784513 live=0
SLIME_CLOCK served task=3 label=44 result=148799712 live=0
SLIME_CLOCK served task=2 label=44 result=148813433 live=0
SLIME_CLOCK served task=3 label=44 result=148825448 live=0
SLIME_CLOCK served task=2 label=44 result=148836983 live=0
SLIME_CLOCK served task=3 label=44 result=148849028 live=0
SLIME_CLOCK served task=2 label=44 result=148860192 live=0
SLIME_CLOCK served task=3 label=44 result=148875357 live=0
SLIME_CLOCK served task=2 label=44 result=148885074 live=0
SLIME_CLOCK served task=3 label=44 result=148895655 live=0
SLIME_CLOCK served task=2 label=44 result=148905334 live=0
SLIME_CLOCK served task=3 label=44 result=148915595 live=0
SLIME_CLOCK served task=2 label=44 result=148927840 live=0
SLIME_CLOCK served task=3 label=44 result=148940234 live=0
SLIME_CLOCK served task=2 label=44 result=148951898 live=0
SLIME_CLOCK served task=3 label=44 result=148963977 live=0
SLIME_CLOCK served task=2 label=44 result=148974774 live=0
SLIME_CLOCK served task=3 label=44 result=148986597 live=0
SLIME_CLOCK served task=2 label=44 result=148997729 live=0
SLIME_CLOCK served task=3 label=44 result=149009077 live=0
SLIME_CLOCK served task=2 label=44 result=149019859 live=0
SLIME_CLOCK served task=3 label=44 result=149031497 live=0
SLIME_CLOCK served task=2 label=44 result=149043995 live=0
SLIME_CLOCK served task=3 label=44 result=149056206 live=0
SLIME_CLOCK served task=2 label=44 result=149067523 live=0
SLIME_CLOCK served task=3 label=44 result=149080132 live=0
SLIME_CLOCK served task=2 label=44 result=149092251 live=0
SLIME_CLOCK served task=3 label=44 result=149104987 live=0
SLIME_CLOCK served task=2 label=44 result=149117180 live=0
SLIME_CLOCK served task=3 label=44 result=149130106 live=0
SLIME_CLOCK served task=2 label=44 result=149141400 live=0
SLIME_CLOCK served task=3 label=44 result=149154832 live=0
SLIME_CLOCK served task=2 label=44 result=149171242 live=0
SLIME_CLOCK served task=3 label=44 result=149190450 live=0
SLIME_CLOCK served task=2 label=44 result=149202597 live=0
SLIME_CLOCK served task=3 label=44 result=149213778 live=0
SLIME_CLOCK served task=2 label=44 result=149224474 live=0
SLIME_CLOCK served task=3 label=44 result=149236037 live=0
SLIME_CLOCK served task=2 label=44 result=149247545 live=0
SLIME_CLOCK served task=3 label=44 result=149260316 live=0
SLIME_CLOCK served task=2 label=44 result=149271318 live=0
SLIME_CLOCK served task=3 label=44 result=149283480 live=0
SLIME_CLOCK served task=2 label=44 result=149294787 live=0
SLIME_CLOCK served task=3 label=44 result=149308991 live=0
SLIME_CLOCK served task=2 label=44 result=149321333 live=0
SLIME_CLOCK served task=3 label=44 result=149333899 live=0
SLIME_CLOCK served task=2 label=44 result=149347425 live=0
SLIME_CLOCK served task=3 label=44 result=149362868 live=0
SLIME_CLOCK served task=2 label=44 result=149377504 live=0
SLIME_CLOCK served task=3 label=44 result=149392937 live=0
SLIME_CLOCK served task=2 label=44 result=149407442 live=0
SLIME_CLOCK served task=3 label=44 result=149422717 live=0
SLIME_CLOCK served task=2 label=44 result=149442234 live=0
SLIME_CLOCK served task=3 label=44 result=149456444 live=0
SLIME_CLOCK served task=2 label=44 result=149466125 live=0
SLIME_CLOCK served task=3 label=44 result=149476361 live=0
SLIME_CLOCK served task=2 label=44 result=149485997 live=0
SLIME_CLOCK served task=3 label=44 result=149496476 live=0
SLIME_CLOCK served task=2 label=44 result=149506123 live=0
SLIME_CLOCK served task=3 label=44 result=149516605 live=0
SLIME_CLOCK served task=2 label=44 result=149526268 live=0
SLIME_CLOCK served task=3 label=44 result=149536472 live=0
SLIME_CLOCK served task=2 label=44 result=149546089 live=0
SLIME_CLOCK served task=3 label=44 result=149559331 live=0
SLIME_CLOCK served task=2 label=44 result=149570673 live=0
SLIME_CLOCK served task=3 label=44 result=149582925 live=0
SLIME_CLOCK served task=2 label=44 result=149593566 live=0
SLIME_CLOCK served task=3 label=44 result=149605466 live=0
SLIME_CLOCK served task=2 label=44 result=149616570 live=0
SLIME_CLOCK served task=3 label=44 result=149628296 live=0
SLIME_CLOCK served task=2 label=44 result=149639174 live=0
SLIME_CLOCK served task=3 label=44 result=149651065 live=0
SLIME_CLOCK served task=2 label=44 result=149662421 live=0
SLIME_CLOCK served task=3 label=44 result=149674041 live=0
SLIME_CLOCK served task=2 label=44 result=149686237 live=0
SLIME_CLOCK served task=3 label=44 result=149698220 live=0
SLIME_CLOCK served task=2 label=44 result=149709038 live=0
SLIME_CLOCK served task=3 label=44 result=149720679 live=0
SLIME_CLOCK served task=2 label=44 result=149731589 live=0
SLIME_CLOCK served task=3 label=44 result=149744335 live=0
SLIME_CLOCK served task=2 label=44 result=149754949 live=0
SLIME_CLOCK served task=3 label=44 result=149766871 live=0
SLIME_CLOCK served task=2 label=44 result=149777933 live=0
SLIME_CLOCK served task=3 label=44 result=149789725 live=0
SLIME_CLOCK served task=2 label=44 result=149801331 live=0
SLIME_CLOCK served task=3 label=44 result=149818877 live=0
SLIME_CLOCK served task=2 label=44 result=149834334 live=0
SLIME_CLOCK served task=3 label=44 result=149849343 live=0
SLIME_CLOCK served task=2 label=44 result=149863768 live=0
SLIME_CLOCK served task=3 label=44 result=149878886 live=0
SLIME_CLOCK served task=2 label=44 result=149893681 live=0
SLIME_CLOCK served task=3 label=44 result=149909638 live=0
SLIME_CLOCK served task=2 label=44 result=149924521 live=0
SLIME_CLOCK served task=3 label=44 result=149944538 live=0
SLIME_CLOCK served task=2 label=44 result=149961636 live=0
SLIME_CLOCK served task=3 label=44 result=149979525 live=0
SLIME_CLOCK served task=2 label=44 result=149995193 live=0
SLIME_CLOCK served task=3 label=44 result=150012808 live=0
SLIME_CLOCK served task=2 label=44 result=150029701 live=0
SLIME_CLOCK served task=3 label=44 result=150046849 live=0
SLIME_CLOCK served task=2 label=44 result=150066115 live=0
SLIME_CLOCK served task=3 label=44 result=150084107 live=0
SLIME_CLOCK served task=2 label=44 result=150100569 live=0
SLIME_CLOCK served task=3 label=44 result=150118109 live=0
SLIME_CLOCK served task=2 label=44 result=150134658 live=0
SLIME_CLOCK served task=3 label=44 result=150152057 live=0
SLIME_CLOCK served task=2 label=44 result=150169149 live=0
SLIME_CLOCK served task=3 label=44 result=150187089 live=0
SLIME_CLOCK served task=2 label=44 result=150205420 live=0
SLIME_CLOCK served task=3 label=44 result=150223399 live=0
SLIME_CLOCK served task=2 label=44 result=150240486 live=0
SLIME_CLOCK served task=3 label=44 result=150258528 live=0
SLIME_CLOCK served task=2 label=44 result=150274905 live=0
SLIME_CLOCK served task=3 label=44 result=150292782 live=0
SLIME_CLOCK served task=2 label=44 result=150309985 live=0
SLIME_CLOCK served task=3 label=44 result=150329452 live=0
SLIME_CLOCK served task=2 label=44 result=150346407 live=0
SLIME_CLOCK served task=3 label=44 result=150365107 live=0
SLIME_CLOCK served task=2 label=44 result=150381321 live=0
SLIME_CLOCK served task=3 label=44 result=150397341 live=0
SLIME_CLOCK served task=2 label=44 result=150412277 live=0
SLIME_CLOCK served task=3 label=44 result=150427989 live=0
SLIME_CLOCK served task=2 label=44 result=150448446 live=0
SLIME_CLOCK served task=3 label=44 result=150471320 live=0
SLIME_CLOCK served task=2 label=44 result=150483498 live=0
SLIME_CLOCK served task=3 label=44 result=150496635 live=0
SLIME_CLOCK served task=2 label=44 result=150508386 live=0
SLIME_CLOCK served task=3 label=44 result=150520578 live=0
SLIME_CLOCK served task=2 label=44 result=150532008 live=0
SLIME_CLOCK served task=3 label=44 result=150544425 live=0
SLIME_CLOCK served task=2 label=44 result=150556341 live=0
SLIME_CLOCK served task=3 label=44 result=150570013 live=0
SLIME_CLOCK served task=2 label=44 result=150581194 live=0
SLIME_CLOCK served task=3 label=44 result=150593256 live=0
SLIME_CLOCK served task=2 label=44 result=150604352 live=0
SLIME_CLOCK served task=3 label=44 result=150615960 live=0
SLIME_CLOCK served task=2 label=44 result=150627742 live=0
SLIME_CLOCK served task=3 label=44 result=150639757 live=0
SLIME_CLOCK served task=2 label=44 result=150650894 live=0
SLIME_CLOCK served task=3 label=44 result=150662528 live=0
SLIME_CLOCK served task=2 label=44 result=150673554 live=0
SLIME_CLOCK served task=3 label=44 result=150685989 live=0
SLIME_CLOCK served task=2 label=44 result=150698093 live=0
SLIME_CLOCK served task=3 label=44 result=150709614 live=0
SLIME_CLOCK served task=2 label=44 result=150720812 live=0
SLIME_CLOCK served task=3 label=44 result=150732468 live=0
SLIME_CLOCK served task=2 label=44 result=150744092 live=0
SLIME_CLOCK served task=3 label=44 result=150756779 live=0
SLIME_CLOCK served task=2 label=44 result=150768794 live=0
SLIME_CLOCK served task=3 label=44 result=150781660 live=0
SLIME_CLOCK served task=2 label=44 result=150793556 live=0
SLIME_CLOCK served task=3 label=44 result=150806664 live=0
SLIME_CLOCK served task=2 label=44 result=150817839 live=0
SLIME_CLOCK served task=3 label=44 result=150831166 live=0
SLIME_CLOCK served task=2 label=44 result=150842673 live=0
SLIME_CLOCK served task=3 label=44 result=150854880 live=0
SLIME_CLOCK served task=2 label=44 result=150866516 live=0
SLIME_CLOCK served task=3 label=44 result=150881179 live=0
SLIME_CLOCK served task=2 label=44 result=150893887 live=0
SLIME_CLOCK served task=3 label=44 result=150904064 live=0
SLIME_CLOCK served task=2 label=44 result=150913585 live=0
SLIME_CLOCK served task=3 label=44 result=150923727 live=0
SLIME_CLOCK served task=2 label=44 result=150935590 live=0
SLIME_CLOCK served task=3 label=44 result=150951305 live=0
SLIME_CLOCK served task=2 label=44 result=150966119 live=0
SLIME_CLOCK served task=3 label=44 result=151003566 live=0
SLIME_CLOCK served task=2 label=44 result=151015125 live=0
SLIME_CLOCK served task=3 label=44 result=151026674 live=0
SLIME_CLOCK served task=2 label=44 result=151037233 live=0
SLIME_CLOCK served task=3 label=44 result=151048711 live=0
SLIME_CLOCK served task=2 label=44 result=151059737 live=0
SLIME_CLOCK served task=3 label=44 result=151070958 live=0
SLIME_CLOCK served task=2 label=44 result=151081343 live=0
SLIME_CLOCK served task=3 label=44 result=151092781 live=0
SLIME_CLOCK served task=2 label=44 result=151105302 live=0
SLIME_CLOCK served task=3 label=44 result=151116658 live=0
SLIME_CLOCK served task=2 label=44 result=151127561 live=0
SLIME_CLOCK served task=3 label=44 result=151138774 live=0
SLIME_CLOCK served task=2 label=44 result=151148800 live=0
SLIME_CLOCK served task=3 label=44 result=151158997 live=0
SLIME_CLOCK served task=2 label=44 result=151169054 live=0
SLIME_CLOCK served task=3 label=44 result=151179240 live=0
SLIME_CLOCK served task=2 label=44 result=151189037 live=0
SLIME_CLOCK served task=3 label=44 result=151199207 live=0
SLIME_CLOCK served task=2 label=44 result=151208758 live=0
SLIME_CLOCK served task=3 label=44 result=151218897 live=0
SLIME_CLOCK served task=2 label=44 result=151229449 live=0
SLIME_CLOCK served task=3 label=44 result=151239651 live=0
SLIME_CLOCK served task=2 label=44 result=151249986 live=0
SLIME_CLOCK served task=3 label=44 result=151261675 live=0
SLIME_CLOCK served task=2 label=44 result=151272106 live=0
SLIME_CLOCK served task=3 label=44 result=151283898 live=0
SLIME_CLOCK served task=2 label=44 result=151294242 live=0
SLIME_CLOCK served task=3 label=44 result=151305763 live=0
SLIME_CLOCK served task=2 label=44 result=151316263 live=0
SLIME_CLOCK served task=3 label=44 result=151327552 live=0
SLIME_CLOCK served task=2 label=44 result=151338133 live=0
SLIME_CLOCK served task=3 label=44 result=151350046 live=0
SLIME_CLOCK served task=2 label=44 result=151361699 live=0
SLIME_CLOCK served task=3 label=44 result=151373168 live=0
SLIME_CLOCK served task=2 label=44 result=151384233 live=0
SLIME_CLOCK served task=3 label=44 result=151395965 live=0
SLIME_CLOCK served task=2 label=44 result=151407349 live=0
SLIME_CLOCK served task=3 label=44 result=151423084 live=0
SLIME_CLOCK served task=2 label=44 result=151438307 live=0
SLIME_CLOCK served task=3 label=44 result=151454597 live=0
SLIME_CLOCK served task=2 label=44 result=151469538 live=0
SLIME_CLOCK served task=3 label=44 result=151492283 live=0
SLIME_CLOCK served task=2 label=44 result=151539086 live=0
SLIME_CLOCK served task=3 label=44 result=151553042 live=0
SLIME_CLOCK served task=2 label=44 result=151569568 live=0
SLIME_CLOCK served task=3 label=44 result=151587183 live=0
SLIME_CLOCK served task=2 label=44 result=151603869 live=0
SLIME_CLOCK served task=3 label=44 result=151622552 live=0
SLIME_CLOCK served task=2 label=44 result=151639125 live=0
SLIME_CLOCK served task=3 label=44 result=151656230 live=0
SLIME_CLOCK served task=2 label=44 result=151672706 live=0
SLIME_CLOCK served task=3 label=44 result=151690111 live=0
SLIME_CLOCK served task=2 label=44 result=151706797 live=0
SLIME_CLOCK served task=3 label=44 result=151723859 live=0
SLIME_CLOCK served task=2 label=44 result=151741683 live=0
SLIME_CLOCK served task=3 label=44 result=151758962 live=0
SLIME_CLOCK served task=2 label=44 result=151775616 live=0
SLIME_CLOCK served task=3 label=44 result=151793039 live=0
SLIME_CLOCK served task=2 label=44 result=151809921 live=0
SLIME_CLOCK served task=3 label=44 result=151827247 live=0
SLIME_CLOCK served task=2 label=44 result=151843670 live=0
SLIME_CLOCK served task=3 label=44 result=151862561 live=0
SLIME_CLOCK served task=2 label=44 result=151879577 live=0
SLIME_CLOCK served task=3 label=44 result=151896876 live=0
SLIME_CLOCK served task=2 label=44 result=151913488 live=0
SLIME_CLOCK served task=3 label=44 result=151930907 live=0
SLIME_CLOCK served task=2 label=44 result=151947662 live=0
SLIME_CLOCK served task=3 label=44 result=151964542 live=0
SLIME_CLOCK served task=2 label=44 result=151975886 live=0
SLIME_CLOCK served task=3 label=44 result=151988479 live=0
SLIME_CLOCK served task=2 label=44 result=152000307 live=0
SLIME_CLOCK served task=3 label=44 result=152011945 live=0
SLIME_CLOCK served task=2 label=44 result=152024995 live=0
SLIME_CLOCK served task=3 label=44 result=152040624 live=0
SLIME_CLOCK served task=2 label=44 result=152056630 live=0
SLIME_CLOCK served task=3 label=44 result=152074122 live=0
SLIME_CLOCK served task=2 label=44 result=152089579 live=0
SLIME_CLOCK served task=3 label=44 result=152105301 live=0
SLIME_CLOCK served task=2 label=44 result=152121269 live=0
SLIME_CLOCK served task=3 label=44 result=152132843 live=0
SLIME_CLOCK served task=2 label=44 result=152143921 live=0
SLIME_CLOCK served task=3 label=44 result=152156289 live=0
SLIME_CLOCK served task=2 label=44 result=152167671 live=0
SLIME_CLOCK served task=3 label=44 result=152179725 live=0
SLIME_CLOCK served task=2 label=44 result=152191063 live=0
SLIME_CLOCK served task=3 label=44 result=152203493 live=0
SLIME_CLOCK served task=2 label=44 result=152214945 live=0
SLIME_CLOCK served task=3 label=44 result=152226623 live=0
SLIME_CLOCK served task=2 label=44 result=152237849 live=0
SLIME_CLOCK served task=3 label=44 result=152251356 live=0
SLIME_CLOCK served task=2 label=44 result=152262526 live=0
SLIME_CLOCK served task=3 label=44 result=152275070 live=0
SLIME_CLOCK served task=2 label=44 result=152286516 live=0
SLIME_CLOCK served task=3 label=44 result=152298689 live=0
SLIME_CLOCK served task=2 label=44 result=152309982 live=0
SLIME_CLOCK served task=3 label=44 result=152322185 live=0
SLIME_CLOCK served task=2 label=44 result=152333407 live=0
SLIME_CLOCK served task=3 label=44 result=152345216 live=0
SLIME_CLOCK served task=2 label=44 result=152356240 live=0
SLIME_CLOCK served task=3 label=44 result=152369693 live=0
SLIME_CLOCK served task=2 label=44 result=152381009 live=0
SLIME_CLOCK served task=3 label=44 result=152392993 live=0
SLIME_CLOCK served task=2 label=44 result=152404023 live=0
SLIME_CLOCK served task=3 label=44 result=152416204 live=0
SLIME_CLOCK served task=2 label=44 result=152427259 live=0
SLIME_CLOCK served task=3 label=44 result=152439435 live=0
SLIME_CLOCK served task=2 label=44 result=152450887 live=0
SLIME_CLOCK served task=3 label=44 result=152462504 live=0
SLIME_CLOCK served task=2 label=44 result=152473644 live=0
SLIME_CLOCK served task=3 label=44 result=152486049 live=0
SLIME_CLOCK served task=2 label=44 result=152498081 live=0
SLIME_CLOCK served task=3 label=44 result=152512740 live=0
SLIME_CLOCK served task=2 label=44 result=152524837 live=0
SLIME_CLOCK served task=3 label=44 result=152541607 live=0
SLIME_CLOCK served task=2 label=44 result=152558032 live=0
SLIME_CLOCK served task=3 label=44 result=152575601 live=0
SLIME_CLOCK served task=2 label=44 result=152591761 live=0
SLIME_CLOCK served task=3 label=44 result=152606080 live=0
SLIME_CLOCK served task=2 label=44 result=152617704 live=0
SLIME_CLOCK served task=3 label=44 result=152634481 live=0
SLIME_CLOCK served task=2 label=44 result=152644876 live=0
SLIME_CLOCK served task=3 label=44 result=152655495 live=0
SLIME_CLOCK served task=2 label=44 result=152665553 live=0
SLIME_CLOCK served task=3 label=44 result=152676167 live=0
SLIME_CLOCK served task=2 label=44 result=152686612 live=0
SLIME_CLOCK served task=3 label=44 result=152697228 live=0
SLIME_CLOCK served task=2 label=44 result=152710613 live=0
SLIME_CLOCK served task=3 label=44 result=152726287 live=0
SLIME_CLOCK served task=2 label=44 result=152741726 live=0
SLIME_CLOCK served task=3 label=44 result=152783103 live=0
SLIME_CLOCK served task=2 label=44 result=152798905 live=0
SLIME_CLOCK served task=3 label=44 result=152810864 live=0
SLIME_CLOCK served task=2 label=44 result=152821557 live=0
SLIME_CLOCK served task=3 label=44 result=152832808 live=0
SLIME_CLOCK served task=2 label=44 result=152843611 live=0
SLIME_CLOCK served task=3 label=44 result=152855490 live=0
SLIME_CLOCK served task=2 label=44 result=152866438 live=0
SLIME_CLOCK served task=3 label=44 result=152878742 live=0
SLIME_CLOCK served task=2 label=44 result=152891276 live=0
SLIME_CLOCK served task=3 label=44 result=152904122 live=0
SLIME_CLOCK served task=2 label=44 result=152917324 live=0
SLIME_CLOCK served task=3 label=44 result=152928786 live=0
SLIME_CLOCK served task=2 label=44 result=152939656 live=0
SLIME_CLOCK served task=3 label=44 result=152951130 live=0
SLIME_CLOCK served task=2 label=44 result=152961878 live=0
SLIME_CLOCK served task=3 label=44 result=152974143 live=0
SLIME_CLOCK served task=2 label=44 result=152986021 live=0
SLIME_CLOCK served task=3 label=44 result=152999010 live=0
SLIME_CLOCK served task=2 label=44 result=153012053 live=0
SLIME_CLOCK served task=3 label=44 result=153026376 live=0
SLIME_CLOCK served task=2 label=44 result=153040831 live=0
SLIME_CLOCK served task=3 label=44 result=153056798 live=0
SLIME_CLOCK served task=2 label=44 result=153072434 live=0
SLIME_CLOCK served task=3 label=44 result=153087585 live=0
SLIME_CLOCK served task=2 label=44 result=153102078 live=0
SLIME_CLOCK served task=3 label=44 result=153117367 live=0
SLIME_CLOCK served task=2 label=44 result=153132241 live=0
SLIME_CLOCK served task=3 label=44 result=153149276 live=0
SLIME_CLOCK served task=2 label=44 result=153164892 live=0
SLIME_CLOCK served task=3 label=44 result=153182731 live=0
SLIME_CLOCK served task=2 label=44 result=153194920 live=0
SLIME_CLOCK served task=3 label=44 result=153206580 live=0
SLIME_CLOCK served task=2 label=44 result=153217487 live=0
SLIME_CLOCK served task=3 label=44 result=153228937 live=0
SLIME_CLOCK served task=2 label=44 result=153239761 live=0
SLIME_CLOCK served task=3 label=44 result=153251556 live=0
SLIME_CLOCK served task=2 label=44 result=153262380 live=0
SLIME_CLOCK served task=3 label=44 result=153275420 live=0
SLIME_CLOCK served task=2 label=44 result=153286927 live=0
SLIME_CLOCK served task=3 label=44 result=153298400 live=0
SLIME_CLOCK served task=2 label=44 result=153309629 live=0
SLIME_CLOCK served task=3 label=44 result=153321294 live=0
SLIME_CLOCK served task=2 label=44 result=153332267 live=0
SLIME_CLOCK served task=3 label=44 result=153344090 live=0
SLIME_CLOCK served task=2 label=44 result=153354911 live=0
SLIME_CLOCK served task=3 label=44 result=153366369 live=0
SLIME_CLOCK served task=2 label=44 result=153377521 live=0
SLIME_CLOCK served task=3 label=44 result=153388820 live=0
SLIME_CLOCK served task=2 label=44 result=153400905 live=0
SLIME_CLOCK served task=3 label=44 result=153412381 live=0
SLIME_CLOCK served task=2 label=44 result=153423177 live=0
SLIME_CLOCK served task=3 label=44 result=153436067 live=0
SLIME_CLOCK served task=2 label=44 result=153447763 live=0
SLIME_CLOCK served task=3 label=44 result=153458051 live=0
SLIME_CLOCK served task=2 label=44 result=153467489 live=0
SLIME_CLOCK served task=3 label=44 result=153477505 live=0
SLIME_CLOCK served task=2 label=44 result=153486912 live=0
SLIME_CLOCK served task=3 label=44 result=153497123 live=0
SLIME_CLOCK served task=2 label=44 result=153509712 live=0
SLIME_CLOCK served task=3 label=44 result=153547372 live=0
SLIME_CLOCK served task=2 label=44 result=153581340 live=0
SLIME_CLOCK served task=3 label=44 result=153598372 live=0
SLIME_CLOCK served task=2 label=44 result=153615111 live=0
SLIME_CLOCK served task=3 label=44 result=153631955 live=0
SLIME_CLOCK served task=2 label=44 result=153649431 live=0
SLIME_CLOCK served task=3 label=44 result=153666837 live=0
SLIME_CLOCK served task=2 label=44 result=153683793 live=0
SLIME_CLOCK served task=3 label=44 result=153700536 live=0
SLIME_CLOCK served task=2 label=44 result=153715107 live=0
SLIME_CLOCK served task=3 label=44 result=153730849 live=0
SLIME_CLOCK served task=2 label=44 result=153745488 live=0
SLIME_CLOCK served task=3 label=44 result=153760843 live=0
SLIME_CLOCK served task=2 label=44 result=153775325 live=0
SLIME_CLOCK served task=3 label=44 result=153786936 live=0
SLIME_CLOCK served task=2 label=44 result=153796896 live=0
SLIME_CLOCK served task=3 label=44 result=153809631 live=0
SLIME_CLOCK served task=2 label=44 result=153822388 live=0
SLIME_CLOCK served task=3 label=44 result=153834119 live=0
SLIME_CLOCK served task=2 label=44 result=153843551 live=0
SLIME_CLOCK served task=3 label=44 result=153853572 live=0
SLIME_CLOCK served task=2 label=44 result=153862962 live=0
SLIME_CLOCK served task=3 label=44 result=153877750 live=0
SLIME_CLOCK served task=2 label=44 result=153894272 live=0
SLIME_CLOCK served task=3 label=44 result=153911120 live=0
SLIME_CLOCK served task=2 label=44 result=153927477 live=0
SLIME_CLOCK served task=3 label=44 result=153946346 live=0
SLIME_CLOCK served task=2 label=44 result=153962866 live=0
SLIME_CLOCK served task=3 label=44 result=153979865 live=0
SLIME_CLOCK served task=2 label=44 result=153996340 live=0
SLIME_CLOCK served task=3 label=44 result=154013498 live=0
SLIME_CLOCK served task=2 label=44 result=154029918 live=0
SLIME_CLOCK served task=3 label=44 result=154046923 live=0
SLIME_CLOCK served task=2 label=44 result=154065736 live=0
SLIME_CLOCK served task=3 label=44 result=154083160 live=0
SLIME_CLOCK served task=2 label=44 result=154099591 live=0
SLIME_CLOCK served task=3 label=44 result=154116571 live=0
SLIME_CLOCK served task=2 label=44 result=154132951 live=0
SLIME_CLOCK served task=3 label=44 result=154150340 live=0
SLIME_CLOCK served task=2 label=44 result=154166720 live=0
SLIME_CLOCK served task=3 label=44 result=154185860 live=0
SLIME_CLOCK served task=2 label=44 result=154200550 live=0
SLIME_CLOCK served task=3 label=44 result=154220142 live=0
SLIME_CLOCK served task=2 label=44 result=154237670 live=0
SLIME_CLOCK served task=3 label=44 result=154254063 live=0
SLIME_CLOCK served task=2 label=44 result=154268110 live=0
SLIME_CLOCK served task=3 label=44 result=154283313 live=0
SLIME_CLOCK served task=2 label=44 result=154297073 live=0
SLIME_CLOCK served task=3 label=44 result=154314672 live=0
SLIME_CLOCK served task=2 label=44 result=154335470 live=0
SLIME_CLOCK served task=3 label=44 result=154345650 live=0
SLIME_CLOCK served task=2 label=44 result=154355131 live=0
SLIME_CLOCK served task=3 label=44 result=154365184 live=0
SLIME_CLOCK served task=2 label=44 result=154376693 live=0
SLIME_CLOCK served task=3 label=44 result=154387971 live=0
SLIME_CLOCK served task=2 label=44 result=154398903 live=0
SLIME_CLOCK served task=3 label=44 result=154410439 live=0
SLIME_CLOCK served task=2 label=44 result=154421071 live=0
SLIME_CLOCK served task=3 label=44 result=154432537 live=0
SLIME_CLOCK served task=2 label=44 result=154444992 live=0
SLIME_CLOCK served task=3 label=44 result=154456115 live=0
SLIME_CLOCK served task=2 label=44 result=154466726 live=0
SLIME_CLOCK served task=3 label=44 result=154478279 live=0
SLIME_CLOCK served task=2 label=44 result=154489055 live=0
SLIME_CLOCK served task=3 label=44 result=154500473 live=0
SLIME_CLOCK served task=2 label=44 result=154511021 live=0
SLIME_CLOCK served task=3 label=44 result=154522120 live=0
SLIME_CLOCK served task=2 label=44 result=154532471 live=0
SLIME_CLOCK served task=3 label=44 result=154544174 live=0
SLIME_CLOCK served task=2 label=44 result=154555503 live=0
SLIME_CLOCK served task=3 label=44 result=154569159 live=0
SLIME_CLOCK served task=2 label=44 result=154580191 live=0
SLIME_CLOCK served task=3 label=44 result=154591621 live=0
SLIME_CLOCK served task=2 label=44 result=154602572 live=0
SLIME_CLOCK served task=3 label=44 result=154613981 live=0
SLIME_CLOCK served task=2 label=44 result=154624583 live=0
SLIME_CLOCK served task=3 label=44 result=154635730 live=0
SLIME_CLOCK served task=2 label=44 result=154646244 live=0
SLIME_CLOCK served task=3 label=44 result=154657113 live=0
SLIME_CLOCK served task=2 label=44 result=154667887 live=0
SLIME_CLOCK served task=3 label=44 result=154678928 live=0
SLIME_CLOCK served task=2 label=44 result=154689793 live=0
SLIME_CLOCK served task=3 label=44 result=154701631 live=0
SLIME_CLOCK served task=2 label=44 result=154712137 live=0
SLIME_CLOCK served task=3 label=44 result=154723006 live=0
SLIME_CLOCK served task=2 label=44 result=154733474 live=0
SLIME_CLOCK served task=3 label=44 result=154747909 live=0
SLIME_CLOCK served task=2 label=44 result=154758460 live=0
SLIME_CLOCK served task=3 label=44 result=154769372 live=0
SLIME_CLOCK served task=2 label=44 result=154779372 live=0
SLIME_CLOCK served task=3 label=44 result=154791981 live=0
SLIME_CLOCK served task=2 label=44 result=154806805 live=0
SLIME_CLOCK served task=3 label=44 result=154826592 live=0
SLIME_CLOCK served task=2 label=44 result=154841480 live=0
SLIME_CLOCK served task=3 label=44 result=154856920 live=0
SLIME_CLOCK served task=2 label=44 result=154870137 live=0
SLIME_CLOCK served task=3 label=44 result=154880174 live=0
SLIME_CLOCK served task=2 label=44 result=154889612 live=0
SLIME_CLOCK served task=3 label=44 result=154899638 live=0
SLIME_CLOCK served task=2 label=44 result=154909469 live=0
SLIME_CLOCK served task=3 label=44 result=154922630 live=0
SLIME_CLOCK served task=2 label=44 result=154932412 live=0
SLIME_CLOCK served task=3 label=44 result=154942464 live=0
SLIME_CLOCK served task=2 label=44 result=154955540 live=0
SLIME_CLOCK served task=3 label=44 result=154966887 live=0
SLIME_CLOCK served task=2 label=44 result=154977888 live=0
SLIME_CLOCK served task=3 label=44 result=154989089 live=0
SLIME_CLOCK served task=2 label=44 result=155000482 live=0
SLIME_CLOCK served task=3 label=44 result=155011698 live=0
SLIME_CLOCK served task=2 label=44 result=155022063 live=0
SLIME_CLOCK served task=3 label=44 result=155033784 live=0
SLIME_CLOCK served task=2 label=44 result=155044863 live=0
SLIME_CLOCK served task=3 label=44 result=155056510 live=0
SLIME_CLOCK served task=2 label=44 result=155066799 live=0
SLIME_CLOCK served task=3 label=44 result=155079051 live=0
SLIME_CLOCK served task=2 label=44 result=155089351 live=0
SLIME_CLOCK served task=3 label=44 result=155100237 live=0
SLIME_CLOCK served task=2 label=44 result=155111127 live=0
SLIME_CLOCK served task=3 label=44 result=155122388 live=0
SLIME_CLOCK served task=2 label=44 result=155133616 live=0
SLIME_CLOCK served task=3 label=44 result=155144794 live=0
SLIME_CLOCK served task=2 label=44 result=155155564 live=0
SLIME_CLOCK served task=3 label=44 result=155166428 live=0
SLIME_CLOCK served task=2 label=44 result=155177165 live=0
SLIME_CLOCK served task=3 label=44 result=155188657 live=0
SLIME_CLOCK served task=2 label=44 result=155200568 live=0
SLIME_CLOCK served task=3 label=44 result=155211954 live=0
SLIME_CLOCK served task=2 label=44 result=155222833 live=0
SLIME_CLOCK served task=3 label=44 result=155234374 live=0
SLIME_CLOCK served task=2 label=44 result=155246276 live=0
SLIME_CLOCK served task=3 label=44 result=155258989 live=0
SLIME_CLOCK served task=2 label=44 result=155275057 live=0
SLIME_CLOCK served task=3 label=44 result=155293613 live=0
SLIME_CLOCK served task=2 label=44 result=155313275 live=0
SLIME_CLOCK served task=3 label=44 result=155337207 live=0
SLIME_CLOCK served task=2 label=44 result=155359364 live=0
SLIME_CLOCK served task=3 label=44 result=155376581 live=0
SLIME_CLOCK served task=2 label=44 result=155389547 live=0
SLIME_CLOCK served task=3 label=44 result=155402052 live=0
SLIME_CLOCK served task=2 label=44 result=155414453 live=0
SLIME_CLOCK served task=3 label=44 result=155426763 live=0
SLIME_CLOCK served task=2 label=44 result=155439546 live=0
SLIME_CLOCK served task=3 label=44 result=155453939 live=0
SLIME_CLOCK served task=2 label=44 result=155466441 live=0
SLIME_CLOCK served task=3 label=44 result=155479700 live=0
SLIME_CLOCK served task=2 label=44 result=155492169 live=0
SLIME_CLOCK served task=3 label=44 result=155505275 live=0
SLIME_CLOCK served task=2 label=44 result=155517416 live=0
SLIME_CLOCK served task=3 label=44 result=155530737 live=0
SLIME_CLOCK served task=2 label=44 result=155542913 live=0
SLIME_CLOCK served task=3 label=44 result=155556434 live=0
SLIME_CLOCK served task=2 label=44 result=155568920 live=0
SLIME_CLOCK served task=3 label=44 result=155582999 live=0
SLIME_CLOCK served task=2 label=44 result=155595324 live=0
SLIME_CLOCK served task=3 label=44 result=155608869 live=0
SLIME_CLOCK served task=2 label=44 result=155621735 live=0
SLIME_CLOCK served task=3 label=44 result=155634990 live=0
SLIME_CLOCK served task=2 label=44 result=155647544 live=0
SLIME_CLOCK served task=3 label=44 result=155660857 live=0
SLIME_CLOCK served task=2 label=44 result=155673733 live=0
SLIME_CLOCK served task=3 label=44 result=155687385 live=0
SLIME_CLOCK served task=2 label=44 result=155699748 live=0
SLIME_CLOCK served task=3 label=44 result=155714094 live=0
SLIME_CLOCK served task=2 label=44 result=155726871 live=0
SLIME_CLOCK served task=3 label=44 result=155740541 live=0
SLIME_CLOCK served task=2 label=44 result=155753680 live=0
SLIME_CLOCK served task=3 label=44 result=155767453 live=0
SLIME_CLOCK served task=2 label=44 result=155780485 live=0
SLIME_CLOCK served task=3 label=44 result=155793716 live=0
SLIME_CLOCK served task=2 label=44 result=155808987 live=0
SLIME_CLOCK served task=3 label=44 result=155821856 live=0
SLIME_CLOCK served task=2 label=44 result=155836639 live=0
SLIME_CLOCK served task=3 label=44 result=155848902 live=0
SLIME_CLOCK served task=2 label=44 result=155860474 live=0
SLIME_CLOCK served task=3 label=44 result=155873380 live=0
SLIME_CLOCK served task=2 label=44 result=155885290 live=0
SLIME_CLOCK served task=3 label=44 result=155898033 live=0
SLIME_CLOCK served task=2 label=44 result=155909857 live=0
SLIME_CLOCK served task=3 label=44 result=155921769 live=0
SLIME_CLOCK served task=2 label=44 result=155933558 live=0
SLIME_CLOCK served task=3 label=44 result=155945684 live=0
SLIME_CLOCK served task=2 label=44 result=155956857 live=0
SLIME_CLOCK served task=3 label=44 result=155970218 live=0
SLIME_CLOCK served task=2 label=44 result=155981293 live=0
SLIME_CLOCK served task=3 label=44 result=155999020 live=0
SLIME_CLOCK served task=2 label=44 result=156015178 live=0
SLIME_CLOCK served task=3 label=44 result=156032397 live=0
SLIME_CLOCK served task=2 label=44 result=156048684 live=0
SLIME_CLOCK served task=3 label=44 result=156065230 live=0
SLIME_CLOCK served task=2 label=44 result=156075945 live=0
SLIME_CLOCK served task=3 label=44 result=156089217 live=0
SLIME_CLOCK served task=2 label=44 result=156100158 live=0
SLIME_CLOCK served task=3 label=44 result=156112396 live=0
SLIME_CLOCK served task=2 label=44 result=156124046 live=0
SLIME_CLOCK served task=3 label=44 result=156136061 live=0
SLIME_CLOCK served task=2 label=44 result=156147487 live=0
SLIME_CLOCK served task=3 label=44 result=156160221 live=0
SLIME_CLOCK served task=2 label=44 result=156172232 live=0
SLIME_CLOCK served task=3 label=44 result=156185340 live=0
SLIME_CLOCK served task=2 label=44 result=156197450 live=0
SLIME_CLOCK served task=3 label=44 result=156212231 live=0
SLIME_CLOCK served task=2 label=44 result=156224864 live=0
SLIME_CLOCK served task=3 label=44 result=156237981 live=0
SLIME_CLOCK served task=2 label=44 result=156250793 live=0
SLIME_CLOCK served task=3 label=44 result=156263787 live=0
SLIME_CLOCK served task=2 label=44 result=156276367 live=0
SLIME_CLOCK served task=3 label=44 result=156289647 live=0
SLIME_CLOCK served task=2 label=44 result=156302115 live=0
SLIME_CLOCK served task=3 label=44 result=156314338 live=0
SLIME_CLOCK served task=2 label=44 result=156326803 live=0
SLIME_CLOCK served task=3 label=44 result=156342951 live=0
SLIME_CLOCK served task=2 label=44 result=156355531 live=0
SLIME_CLOCK served task=3 label=44 result=156369024 live=0
SLIME_CLOCK served task=2 label=44 result=156384270 live=0
SLIME_CLOCK served task=3 label=44 result=156402081 live=0
SLIME_CLOCK served task=2 label=44 result=156418956 live=0
SLIME_CLOCK served task=3 label=44 result=156434621 live=0
SLIME_CLOCK served task=2 label=44 result=156447113 live=0
SLIME_CLOCK served task=3 label=44 result=156461547 live=0
SLIME_CLOCK served task=2 label=44 result=156479992 live=0
SLIME_CLOCK served task=3 label=44 result=156496788 live=0
SLIME_CLOCK served task=2 label=44 result=156511965 live=0
SLIME_CLOCK served task=3 label=44 result=156527924 live=0
SLIME_CLOCK served task=2 label=44 result=156542702 live=0
SLIME_CLOCK served task=3 label=44 result=156558006 live=0
SLIME_CLOCK served task=2 label=44 result=156571561 live=0
SLIME_CLOCK served task=3 label=44 result=156584684 live=0
SLIME_CLOCK served task=2 label=44 result=156595054 live=0
SLIME_CLOCK served task=3 label=44 result=156610254 live=0
SLIME_CLOCK served task=2 label=44 result=156621461 live=0
SLIME_CLOCK served task=3 label=44 result=156633077 live=0
SLIME_CLOCK served task=2 label=44 result=156644333 live=0
SLIME_CLOCK served task=3 label=44 result=156656307 live=0
SLIME_CLOCK served task=2 label=44 result=156667856 live=0
SLIME_CLOCK served task=3 label=44 result=156679805 live=0
SLIME_CLOCK served task=2 label=44 result=156691189 live=0
SLIME_CLOCK served task=3 label=44 result=156703281 live=0
SLIME_CLOCK served task=2 label=44 result=156714077 live=0
SLIME_CLOCK served task=3 label=44 result=156727569 live=0
SLIME_CLOCK served task=2 label=44 result=156739014 live=0
SLIME_CLOCK served task=3 label=44 result=156751713 live=0
SLIME_CLOCK served task=2 label=44 result=156762925 live=0
SLIME_CLOCK served task=3 label=44 result=156775380 live=0
SLIME_CLOCK served task=2 label=44 result=156786257 live=0
SLIME_CLOCK served task=3 label=44 result=156798648 live=0
SLIME_CLOCK served task=2 label=44 result=156810077 live=0
SLIME_CLOCK served task=3 label=44 result=156821962 live=0
SLIME_CLOCK served task=2 label=44 result=156833216 live=0
SLIME_CLOCK served task=3 label=44 result=156844978 live=0
SLIME_CLOCK served task=2 label=44 result=156857683 live=0
SLIME_CLOCK served task=3 label=44 result=156869438 live=0
SLIME_CLOCK served task=2 label=44 result=156880294 live=0
SLIME_CLOCK served task=3 label=44 result=156892252 live=0
SLIME_CLOCK served task=2 label=44 result=156902917 live=0
SLIME_CLOCK served task=3 label=44 result=156914740 live=0
SLIME_CLOCK served task=2 label=44 result=156926076 live=0
SLIME_CLOCK served task=3 label=44 result=156937669 live=0
SLIME_CLOCK served task=2 label=44 result=156949994 live=0
SLIME_CLOCK served task=3 label=44 result=156962773 live=0
SLIME_CLOCK served task=2 label=44 result=156974911 live=0
SLIME_CLOCK served task=3 label=44 result=156990296 live=0
SLIME_CLOCK served task=2 label=44 result=157002124 live=0
SLIME_CLOCK served task=3 label=44 result=157018227 live=0
SLIME_CLOCK served task=2 label=44 result=157028938 live=0
SLIME_CLOCK served task=3 label=44 result=157039889 live=0
SLIME_CLOCK served task=2 label=44 result=157050169 live=0
SLIME_CLOCK served task=3 label=44 result=157064763 live=0
SLIME_CLOCK served task=2 label=44 result=157079885 live=0
SLIME_CLOCK served task=3 label=44 result=157095831 live=0
SLIME_CLOCK served task=2 label=44 result=157121577 live=0
SLIME_CLOCK served task=3 label=44 result=157135594 live=0
SLIME_CLOCK served task=2 label=44 result=157145591 live=0
SLIME_CLOCK served task=3 label=44 result=157156172 live=0
SLIME_CLOCK served task=2 label=44 result=157165871 live=0
SLIME_CLOCK served task=3 label=44 result=157176137 live=0
SLIME_CLOCK served task=2 label=44 result=157187935 live=0
SLIME_CLOCK served task=3 label=44 result=157199492 live=0
SLIME_CLOCK served task=2 label=44 result=157210504 live=0
SLIME_CLOCK served task=3 label=44 result=157222258 live=0
SLIME_CLOCK served task=2 label=44 result=157235358 live=0
SLIME_CLOCK served task=3 label=44 result=157246949 live=0
SLIME_CLOCK served task=2 label=44 result=157258561 live=0
SLIME_CLOCK served task=3 label=44 result=157269593 live=0
SLIME_CLOCK served task=2 label=44 result=157282113 live=0
SLIME_CLOCK served task=3 label=44 result=157294988 live=0
SLIME_CLOCK served task=2 label=44 result=157307360 live=0
SLIME_CLOCK served task=3 label=44 result=157319370 live=0
SLIME_CLOCK served task=2 label=44 result=157331537 live=0
SLIME_CLOCK served task=3 label=44 result=157344427 live=0
SLIME_CLOCK served task=2 label=44 result=157357611 live=0
SLIME_CLOCK served task=3 label=44 result=157371320 live=0
SLIME_CLOCK served task=2 label=44 result=157383524 live=0
SLIME_CLOCK served task=3 label=44 result=157396293 live=0
SLIME_CLOCK served task=2 label=44 result=157407203 live=0
SLIME_CLOCK served task=3 label=44 result=157418977 live=0
SLIME_CLOCK served task=2 label=44 result=157429970 live=0
SLIME_CLOCK served task=3 label=44 result=157441481 live=0
SLIME_CLOCK served task=2 label=44 result=157452399 live=0
SLIME_CLOCK served task=3 label=44 result=157463812 live=0
SLIME_CLOCK served task=2 label=44 result=157474927 live=0
SLIME_CLOCK served task=3 label=44 result=157489800 live=0
SLIME_CLOCK served task=2 label=44 result=157501479 live=0
SLIME_CLOCK served task=3 label=44 result=157512775 live=0
SLIME_CLOCK served task=2 label=44 result=157524699 live=0
SLIME_CLOCK served task=3 label=44 result=157536724 live=0
SLIME_CLOCK served task=2 label=44 result=157551710 live=0
SLIME_CLOCK served task=3 label=44 result=157568655 live=0
SLIME_CLOCK served task=2 label=44 result=157583438 live=0
SLIME_CLOCK served task=3 label=44 result=157598536 live=0
SLIME_CLOCK served task=2 label=44 result=157615120 live=0
SLIME_CLOCK served task=3 label=44 result=157636830 live=0
SLIME_CLOCK served task=2 label=44 result=157651652 live=0
SLIME_CLOCK served task=3 label=44 result=157664615 live=0
SLIME_CLOCK served task=2 label=44 result=157674190 live=0
SLIME_CLOCK served task=3 label=44 result=157686207 live=0
SLIME_CLOCK served task=2 label=44 result=157697335 live=0
SLIME_CLOCK served task=3 label=44 result=157708499 live=0
SLIME_CLOCK served task=2 label=44 result=157719373 live=0
SLIME_CLOCK served task=3 label=44 result=157730437 live=0
SLIME_CLOCK served task=2 label=44 result=157742289 live=0
SLIME_CLOCK served task=2 label=44 result=157754589 live=0
SLIME_CLOCK served task=3 label=44 result=157765964 live=0
SLIME_CLOCK served task=2 label=44 result=157776758 live=0
SLIME_CLOCK served task=3 label=44 result=157787716 live=0
SLIME_CLOCK served task=2 label=44 result=157798089 live=0
SLIME_CLOCK served task=3 label=44 result=157809802 live=0
SLIME_CLOCK served task=2 label=44 result=157820556 live=0
SLIME_CLOCK served task=3 label=44 result=157831417 live=0
SLIME_CLOCK served task=2 label=44 result=157841906 live=0
SLIME_CLOCK served task=3 label=44 result=157852802 live=0
SLIME_CLOCK served task=2 label=44 result=157863240 live=0
SLIME_CLOCK served task=3 label=44 result=157876439 live=0
SLIME_CLOCK served task=2 label=44 result=157887512 live=0
SLIME_CLOCK served task=3 label=44 result=157899319 live=0
SLIME_CLOCK served task=2 label=44 result=157910121 live=0
SLIME_CLOCK served task=3 label=44 result=157921522 live=0
SLIME_CLOCK served task=2 label=44 result=157932231 live=0
SLIME_CLOCK served task=3 label=44 result=157943339 live=0
SLIME_CLOCK served task=2 label=44 result=157954048 live=0
SLIME_CLOCK served task=3 label=44 result=157965591 live=0
SLIME_CLOCK served task=2 label=44 result=157976029 live=0
SLIME_CLOCK served task=3 label=44 result=157987206 live=0
SLIME_CLOCK served task=2 label=44 result=157999671 live=0
SLIME_CLOCK served task=3 label=44 result=158011017 live=0
SLIME_CLOCK served task=2 label=44 result=158021664 live=0
SLIME_CLOCK served task=3 label=44 result=158033448 live=0
SLIME_CLOCK served task=2 label=44 result=158043882 live=0
SLIME_CLOCK served task=3 label=44 result=158055170 live=0
SLIME_CLOCK served task=2 label=44 result=158065676 live=0
SLIME_CLOCK served task=3 label=44 result=158077163 live=0
SLIME_CLOCK served task=2 label=44 result=158091497 live=0
SLIME_CLOCK served task=3 label=44 result=158102434 live=0
SLIME_CLOCK served task=2 label=44 result=158112604 live=0
SLIME_CLOCK served task=3 label=44 result=158127167 live=0
SLIME_CLOCK served task=2 label=44 result=158141563 live=0
SLIME_CLOCK served task=3 label=44 result=158157332 live=0
SLIME_CLOCK served task=2 label=44 result=158171785 live=0
SLIME_CLOCK served task=3 label=44 result=158188671 live=0
SLIME_CLOCK served task=2 label=44 result=158203516 live=0
SLIME_CLOCK served task=3 label=44 result=158219040 live=0
SLIME_CLOCK served task=2 label=44 result=158233569 live=0
SLIME_CLOCK served task=3 label=44 result=158251243 live=0
SLIME_CLOCK served task=2 label=44 result=158263120 live=0
SLIME_CLOCK served task=3 label=44 result=158274161 live=0
SLIME_CLOCK served task=2 label=44 result=158284937 live=0
SLIME_CLOCK served task=3 label=44 result=158296109 live=0
SLIME_CLOCK served task=2 label=44 result=158306629 live=0
SLIME_CLOCK served task=3 label=44 result=158317796 live=0
SLIME_CLOCK served task=2 label=44 result=158328233 live=0
SLIME_CLOCK served task=3 label=44 result=158339234 live=0
SLIME_CLOCK served task=2 label=44 result=158349614 live=0
SLIME_CLOCK served task=3 label=44 result=158360770 live=0
SLIME_CLOCK served task=2 label=44 result=158371459 live=0
SLIME_CLOCK served task=3 label=44 result=158383919 live=0
SLIME_CLOCK served task=2 label=44 result=158394525 live=0
SLIME_CLOCK served task=3 label=44 result=158405695 live=0
SLIME_CLOCK served task=2 label=44 result=158416379 live=0
SLIME_CLOCK served task=3 label=44 result=158427337 live=0
SLIME_CLOCK served task=2 label=44 result=158438091 live=0
SLIME_CLOCK served task=3 label=44 result=158449118 live=0
SLIME_CLOCK served task=2 label=44 result=158459680 live=0
SLIME_CLOCK served task=3 label=44 result=158471358 live=0
SLIME_CLOCK served task=2 label=44 result=158481673 live=0
SLIME_CLOCK served task=3 label=44 result=158493080 live=0
SLIME_CLOCK served task=2 label=44 result=158504864 live=0
SLIME_CLOCK served task=3 label=44 result=158515961 live=0
SLIME_CLOCK served task=2 label=44 result=158526655 live=0
SLIME_CLOCK served task=3 label=44 result=158538174 live=0
SLIME_CLOCK served task=2 label=44 result=158548566 live=0
SLIME_CLOCK served task=3 label=44 result=158559984 live=0
SLIME_CLOCK served task=2 label=44 result=158570765 live=0
SLIME_CLOCK served task=3 label=44 result=158582532 live=0
SLIME_CLOCK served task=2 label=44 result=158593061 live=0
SLIME_CLOCK served task=3 label=44 result=158604478 live=0
SLIME_CLOCK served task=2 label=44 result=158618295 live=0
SLIME_CLOCK served task=3 label=44 result=158643709 live=0
SLIME_CLOCK served task=2 label=44 result=158662280 live=0
SLIME_CLOCK served task=3 label=44 result=158679104 live=0
SLIME_CLOCK served task=2 label=44 result=158693927 live=0
SLIME_CLOCK served task=3 label=44 result=158709422 live=0
SLIME_CLOCK served task=2 label=44 result=158723713 live=0
SLIME_CLOCK served task=3 label=44 result=158737452 live=0
SLIME_CLOCK served task=2 label=44 result=158748213 live=0
SLIME_CLOCK served task=3 label=44 result=158761855 live=0
SLIME_CLOCK served task=2 label=44 result=158773920 live=0
SLIME_CLOCK served task=3 label=44 result=158785829 live=0
SLIME_CLOCK served task=2 label=44 result=158797604 live=0
SLIME_CLOCK served task=3 label=44 result=158809974 live=0
SLIME_CLOCK served task=2 label=44 result=158821279 live=0
SLIME_CLOCK served task=3 label=44 result=158833231 live=0
SLIME_CLOCK served task=2 label=44 result=158844600 live=0
SLIME_CLOCK served task=3 label=44 result=158856659 live=0
SLIME_CLOCK served task=2 label=44 result=158869461 live=0
SLIME_CLOCK served task=3 label=44 result=158881649 live=0
SLIME_CLOCK served task=2 label=44 result=158894442 live=0
SLIME_CLOCK served task=3 label=44 result=158906478 live=0
SLIME_CLOCK served task=2 label=44 result=158917828 live=0
SLIME_CLOCK served task=3 label=44 result=158930380 live=0
SLIME_CLOCK served task=2 label=44 result=158941497 live=0
SLIME_CLOCK served task=3 label=44 result=158953311 live=0
SLIME_CLOCK served task=2 label=44 result=158965890 live=0
SLIME_CLOCK served task=3 label=44 result=158978485 live=0
SLIME_CLOCK served task=2 label=44 result=158990802 live=0
SLIME_CLOCK served task=3 label=44 result=159004059 live=0
SLIME_CLOCK served task=2 label=44 result=159017520 live=0
SLIME_CLOCK served task=3 label=44 result=159031022 live=0
SLIME_CLOCK served task=2 label=44 result=159043350 live=0
SLIME_CLOCK served task=3 label=44 result=159057031 live=0
SLIME_CLOCK served task=2 label=44 result=159069716 live=0
SLIME_CLOCK served task=3 label=44 result=159082661 live=0
SLIME_CLOCK served task=2 label=44 result=159094725 live=0
SLIME_CLOCK served task=3 label=44 result=159107019 live=0
SLIME_CLOCK served task=2 label=44 result=159119142 live=0
SLIME_CLOCK served task=3 label=44 result=159130520 live=0
SLIME_CLOCK served task=2 label=44 result=159144367 live=0
SLIME_CLOCK served task=3 label=44 result=159160685 live=0
SLIME_CLOCK served task=2 label=44 result=159175699 live=0
SLIME_CLOCK served task=3 label=44 result=159191921 live=0
SLIME_CLOCK served task=2 label=44 result=159205683 live=0
SLIME_CLOCK served task=3 label=44 result=159221538 live=0
SLIME_CLOCK served task=2 label=44 result=159236319 live=0
SLIME_CLOCK served task=3 label=44 result=159252235 live=0
SLIME_CLOCK served task=2 label=44 result=159270067 live=0
SLIME_CLOCK served task=3 label=44 result=159282851 live=0
SLIME_CLOCK served task=2 label=44 result=159296276 live=0
SLIME_CLOCK served task=3 label=44 result=159311369 live=0
SLIME_CLOCK served task=2 label=44 result=159324839 live=0
SLIME_CLOCK served task=3 label=44 result=159336053 live=0
SLIME_CLOCK served task=2 label=44 result=159346781 live=0
SLIME_CLOCK served task=3 label=44 result=159357839 live=0
SLIME_CLOCK served task=2 label=44 result=159368877 live=0
SLIME_CLOCK served task=3 label=44 result=159380445 live=0
SLIME_CLOCK served task=2 label=44 result=159392573 live=0
SLIME_CLOCK served task=3 label=44 result=159403975 live=0
SLIME_CLOCK served task=2 label=44 result=159414613 live=0
SLIME_CLOCK served task=3 label=44 result=159426071 live=0
SLIME_CLOCK served task=2 label=44 result=159437104 live=0
SLIME_CLOCK served task=3 label=44 result=159448458 live=0
SLIME_CLOCK served task=2 label=44 result=159459067 live=0
SLIME_CLOCK served task=3 label=44 result=159470207 live=0
SLIME_CLOCK served task=2 label=44 result=159480697 live=0
SLIME_CLOCK served task=3 label=44 result=159492271 live=0
SLIME_CLOCK served task=2 label=44 result=159503269 live=0
SLIME_CLOCK served task=3 label=44 result=159514609 live=0
SLIME_CLOCK served task=2 label=44 result=159526041 live=0
SLIME_CLOCK served task=3 label=44 result=159537354 live=0
SLIME_CLOCK served task=2 label=44 result=159548078 live=0
SLIME_CLOCK served task=3 label=44 result=159559573 live=0
SLIME_CLOCK served task=2 label=44 result=159570446 live=0
SLIME_CLOCK served task=3 label=44 result=159581725 live=0
SLIME_CLOCK served task=2 label=44 result=159592749 live=0
SLIME_CLOCK served task=3 label=44 result=159603923 live=0
SLIME_CLOCK served task=2 label=44 result=159614784 live=0
SLIME_CLOCK served task=3 label=44 result=159626236 live=0
SLIME_CLOCK served task=2 label=44 result=159636687 live=0
SLIME_CLOCK served task=3 label=44 result=159649260 live=0
SLIME_CLOCK served task=2 label=44 result=159659732 live=0
SLIME_CLOCK served task=3 label=44 result=159672217 live=0
SLIME_CLOCK served task=2 label=44 result=159686659 live=0
SLIME_CLOCK served task=3 label=44 result=159702077 live=0
SLIME_CLOCK served task=2 label=44 result=159717329 live=0
SLIME_CLOCK served task=3 label=44 result=159732637 live=0
SLIME_CLOCK served task=2 label=44 result=159747719 live=0
SLIME_CLOCK served task=3 label=44 result=159763498 live=0
SLIME_CLOCK served task=2 label=44 result=159783350 live=0
SLIME_CLOCK served task=3 label=44 result=159798671 live=0
SLIME_CLOCK served task=2 label=44 result=159809541 live=0
SLIME_CLOCK served task=3 label=44 result=159820991 live=0
SLIME_CLOCK served task=2 label=44 result=159834762 live=0
SLIME_CLOCK served task=3 label=44 result=159846281 live=0
SLIME_CLOCK served task=2 label=44 result=159856707 live=0
SLIME_CLOCK served task=3 label=44 result=159868236 live=0
SLIME_CLOCK served task=2 label=44 result=159879873 live=0
SLIME_CLOCK served task=3 label=44 result=159891725 live=0
SLIME_CLOCK served task=2 label=44 result=159904722 live=0
SLIME_CLOCK served task=3 label=44 result=159916615 live=0
SLIME_CLOCK served task=2 label=44 result=159928086 live=0
SLIME_CLOCK served task=3 label=44 result=159940533 live=0
SLIME_CLOCK served task=2 label=44 result=159951620 live=0
SLIME_CLOCK served task=3 label=44 result=159963332 live=0
SLIME_CLOCK served task=2 label=44 result=159974972 live=0
SLIME_CLOCK served task=3 label=44 result=159987030 live=0
SLIME_CLOCK served task=2 label=44 result=159998968 live=0
SLIME_CLOCK served task=3 label=44 result=160010787 live=0
SLIME_CLOCK served task=2 label=44 result=160022742 live=0
SLIME_CLOCK served task=3 label=44 result=160035128 live=0
SLIME_CLOCK served task=2 label=44 result=160046625 live=0
SLIME_CLOCK served task=3 label=44 result=160058629 live=0
SLIME_CLOCK served task=2 label=44 result=160070548 live=0
SLIME_CLOCK served task=3 label=44 result=160082604 live=0
SLIME_CLOCK served task=2 label=44 result=160094799 live=0
SLIME_CLOCK served task=3 label=44 result=160107591 live=0
SLIME_CLOCK served task=2 label=44 result=160119273 live=0
SLIME_CLOCK served task=3 label=44 result=160132083 live=0
SLIME_CLOCK served task=2 label=44 result=160145315 live=0
SLIME_CLOCK served task=3 label=44 result=160160006 live=0
SLIME_CLOCK served task=2 label=44 result=160172666 live=0
SLIME_CLOCK served task=3 label=44 result=160186195 live=0
SLIME_CLOCK served task=2 label=44 result=160200898 live=0
SLIME_CLOCK served task=3 label=44 result=160216839 live=0
SLIME_CLOCK served task=2 label=44 result=160231863 live=0
SLIME_CLOCK served task=3 label=44 result=160247307 live=0
SLIME_CLOCK served task=2 label=44 result=160261312 live=0
SLIME_CLOCK served task=3 label=44 result=160280030 live=0
SLIME_CLOCK served task=2 label=44 result=160297734 live=0
SLIME_CLOCK served task=3 label=44 result=160315776 live=0
SLIME_CLOCK served task=2 label=44 result=160332174 live=0
SLIME_CLOCK served task=3 label=44 result=160351753 live=0
SLIME_CLOCK served task=2 label=44 result=160372313 live=0
SLIME_CLOCK served task=3 label=44 result=160390904 live=0
SLIME_CLOCK served task=2 label=44 result=160415772 live=0
SLIME_CLOCK served task=3 label=44 result=160462620 live=0
SLIME_CLOCK served task=2 label=44 result=160476426 live=0
SLIME_CLOCK served task=3 label=44 result=160486668 live=0
SLIME_CLOCK served task=2 label=44 result=160496472 live=0
SLIME_CLOCK served task=3 label=44 result=160507444 live=0
SLIME_CLOCK served task=2 label=44 result=160519357 live=0
SLIME_CLOCK served task=3 label=44 result=160530890 live=0
SLIME_CLOCK served task=2 label=44 result=160542935 live=0
SLIME_CLOCK served task=3 label=44 result=160555215 live=0
SLIME_CLOCK served task=2 label=44 result=160566884 live=0
SLIME_CLOCK served task=3 label=44 result=160578668 live=0
SLIME_CLOCK served task=2 label=44 result=160589987 live=0
SLIME_CLOCK served task=3 label=44 result=160601894 live=0
SLIME_CLOCK served task=2 label=44 result=160613403 live=0
SLIME_CLOCK served task=3 label=44 result=160625527 live=0
SLIME_CLOCK served task=2 label=44 result=160636503 live=0
SLIME_CLOCK served task=3 label=44 result=160648698 live=0
SLIME_CLOCK served task=2 label=44 result=160661413 live=0
SLIME_CLOCK served task=3 label=44 result=160674096 live=0
SLIME_CLOCK served task=2 label=44 result=160686430 live=0
SLIME_CLOCK served task=3 label=44 result=160699345 live=0
SLIME_CLOCK served task=2 label=44 result=160711347 live=0
SLIME_CLOCK served task=3 label=44 result=160724361 live=0
SLIME_CLOCK served task=2 label=44 result=160735872 live=0
SLIME_CLOCK served task=3 label=44 result=160748141 live=0
SLIME_CLOCK served task=2 label=44 result=160759092 live=0
SLIME_CLOCK served task=3 label=44 result=160770876 live=0
SLIME_CLOCK served task=2 label=44 result=160783253 live=0
SLIME_CLOCK served task=3 label=44 result=160795458 live=0
SLIME_CLOCK served task=2 label=44 result=160807403 live=0
SLIME_CLOCK served task=3 label=44 result=160819128 live=0
SLIME_CLOCK served task=2 label=44 result=160830359 live=0
SLIME_CLOCK served task=3 label=44 result=160842377 live=0
SLIME_CLOCK served task=2 label=44 result=160855071 live=0
SLIME_CLOCK served task=3 label=44 result=160871148 live=0
SLIME_CLOCK served task=2 label=44 result=160885516 live=0
SLIME_CLOCK served task=3 label=44 result=160900607 live=0
SLIME_CLOCK served task=2 label=44 result=160918059 live=0
SLIME_CLOCK served task=3 label=44 result=160934422 live=0
SLIME_CLOCK served task=2 label=44 result=160949430 live=0
SLIME_CLOCK served task=3 label=44 result=160965325 live=0
SLIME_CLOCK served task=2 label=44 result=160980083 live=0
SLIME_CLOCK served task=3 label=44 result=160996074 live=0
SLIME_CLOCK served task=2 label=44 result=161012312 live=0
SLIME_CLOCK served task=3 label=44 result=161029068 live=0
SLIME_CLOCK served task=2 label=44 result=161048938 live=0
SLIME_CLOCK served task=3 label=44 result=161066824 live=0
SLIME_CLOCK served task=2 label=44 result=161081463 live=0
SLIME_CLOCK served task=3 label=44 result=161095483 live=0
SLIME_CLOCK served task=2 label=44 result=161109749 live=0
SLIME_CLOCK served task=3 label=44 result=161124920 live=0
SLIME_CLOCK served task=2 label=44 result=161138591 live=0
SLIME_CLOCK served task=3 label=44 result=161148754 live=0
SLIME_CLOCK served task=2 label=44 result=161158220 live=0
SLIME_CLOCK served task=3 label=44 result=161173073 live=0
SLIME_CLOCK served task=2 label=44 result=161190035 live=0
SLIME_CLOCK served task=3 label=44 result=161207315 live=0
SLIME_CLOCK served task=2 label=44 result=161223626 live=0
SLIME_CLOCK served task=3 label=44 result=161240606 live=0
SLIME_CLOCK served task=2 label=44 result=161257810 live=0
SLIME_CLOCK served task=3 label=44 result=161275049 live=0
SLIME_CLOCK served task=2 label=44 result=161292408 live=0
SLIME_CLOCK served task=3 label=44 result=161310259 live=0
SLIME_CLOCK served task=2 label=44 result=161323693 live=0
SLIME_CLOCK served task=3 label=44 result=161333967 live=0
SLIME_CLOCK served task=2 label=44 result=161343473 live=0
SLIME_CLOCK served task=3 label=44 result=161353563 live=0
SLIME_CLOCK served task=2 label=44 result=161363036 live=0
SLIME_CLOCK served task=3 label=44 result=161373404 live=0
SLIME_CLOCK served task=2 label=44 result=161382959 live=0
SLIME_CLOCK served task=3 label=44 result=161393445 live=0
SLIME_CLOCK served task=2 label=44 result=161402934 live=0
SLIME_CLOCK served task=3 label=44 result=161413016 live=0
SLIME_CLOCK served task=2 label=44 result=161428069 live=0
SLIME_CLOCK served task=3 label=44 result=161444915 live=0
SLIME_CLOCK served task=2 label=44 result=161459707 live=0
SLIME_CLOCK served task=3 label=44 result=161471894 live=0
SLIME_CLOCK served task=2 label=44 result=161483997 live=0
SLIME_CLOCK served task=3 label=44 result=161500927 live=0
SLIME_CLOCK served task=2 label=44 result=161518831 live=0
SLIME_CLOCK served task=3 label=44 result=161535005 live=0
SLIME_CLOCK served task=2 label=44 result=161549505 live=0
SLIME_CLOCK served task=3 label=44 result=161564461 live=0
SLIME_CLOCK served task=2 label=44 result=161578137 live=0
SLIME_CLOCK served task=3 label=44 result=161592931 live=0
SLIME_CLOCK served task=2 label=44 result=161607833 live=0
SLIME_CLOCK served task=3 label=44 result=161625975 live=0
SLIME_CLOCK served task=2 label=44 result=161643715 live=0
SLIME_CLOCK served task=3 label=44 result=161660726 live=0
SLIME_CLOCK served task=2 label=44 result=161676946 live=0
SLIME_CLOCK served task=3 label=44 result=161694472 live=0
SLIME_CLOCK served task=2 label=44 result=161709235 live=0
SLIME_CLOCK served task=3 label=44 result=161724726 live=0
SLIME_CLOCK served task=2 label=44 result=161740125 live=0
SLIME_CLOCK served task=3 label=44 result=161759593 live=0
SLIME_CLOCK served task=2 label=44 result=161776121 live=0
SLIME_CLOCK served task=3 label=44 result=161793083 live=0
SLIME_CLOCK served task=2 label=44 result=161809480 live=0
SLIME_CLOCK served task=3 label=44 result=161827097 live=0
SLIME_CLOCK served task=2 label=44 result=161843046 live=0
SLIME_CLOCK served task=3 label=44 result=161860034 live=0
SLIME_CLOCK served task=2 label=44 result=161876877 live=0
SLIME_CLOCK served task=3 label=44 result=161895661 live=0
SLIME_CLOCK served task=2 label=44 result=161912508 live=0
SLIME_CLOCK served task=3 label=44 result=161929945 live=0
SLIME_CLOCK served task=2 label=44 result=161946403 live=0
SLIME_CLOCK served task=3 label=44 result=161964270 live=0
SLIME_CLOCK served task=2 label=44 result=161980866 live=0
SLIME_CLOCK served task=3 label=44 result=161998390 live=0
SLIME_CLOCK served task=2 label=44 result=162016271 live=0
SLIME_CLOCK served task=3 label=44 result=162033516 live=0
SLIME_CLOCK served task=2 label=44 result=162049841 live=0
SLIME_CLOCK served task=3 label=44 result=162067353 live=0
SLIME_CLOCK served task=2 label=44 result=162083606 live=0
SLIME_CLOCK served task=3 label=44 result=162100882 live=0
SLIME_CLOCK served task=2 label=44 result=162117294 live=0
SLIME_CLOCK served task=3 label=44 result=162135906 live=0
SLIME_CLOCK served task=2 label=44 result=162152740 live=0
SLIME_CLOCK served task=3 label=44 result=162171037 live=0
SLIME_CLOCK served task=2 label=44 result=162190465 live=0
SLIME_CLOCK served task=3 label=44 result=162208034 live=0
SLIME_CLOCK served task=2 label=44 result=162225495 live=0
SLIME_CLOCK served task=3 label=44 result=162242518 live=0
SLIME_CLOCK served task=2 label=44 result=162258620 live=0
SLIME_CLOCK served task=3 label=44 result=162281702 live=0
SLIME_CLOCK served task=2 label=44 result=162301066 live=0
SLIME_CLOCK served task=3 label=44 result=162321560 live=0
SLIME_CLOCK served task=2 label=44 result=162340933 live=0
SLIME_CLOCK served task=3 label=44 result=162361566 live=0
SLIME_CLOCK served task=2 label=44 result=162381646 live=0
SLIME_CLOCK served task=3 label=44 result=162419777 live=0
SLIME_CLOCK served task=2 label=44 result=162469135 live=0
SLIME_CLOCK served task=3 label=44 result=162490297 live=0
SLIME_CLOCK served task=2 label=44 result=162508259 live=0
SLIME_CLOCK served task=3 label=44 result=162529066 live=0
SLIME_CLOCK served task=2 label=44 result=162545856 live=0
SLIME_CLOCK served task=3 label=44 result=162562924 live=0
SLIME_CLOCK served task=2 label=44 result=162579091 live=0
SLIME_CLOCK served task=3 label=44 result=162597192 live=0
SLIME_CLOCK served task=2 label=44 result=162613657 live=0
SLIME_CLOCK served task=3 label=44 result=162631415 live=0
SLIME_CLOCK served task=2 label=44 result=162649793 live=0
SLIME_CLOCK served task=3 label=44 result=162667496 live=0
SLIME_CLOCK served task=2 label=44 result=162684178 live=0
SLIME_CLOCK served task=3 label=44 result=162701541 live=0
SLIME_CLOCK served task=2 label=44 result=162717773 live=0
SLIME_CLOCK served task=3 label=44 result=162736054 live=0
SLIME_CLOCK served task=2 label=44 result=162753155 live=0
SLIME_CLOCK served task=3 label=44 result=162770072 live=0
SLIME_CLOCK served task=2 label=44 result=162787687 live=0
SLIME_CLOCK served task=3 label=44 result=162804542 live=0
SLIME_CLOCK served task=2 label=44 result=162821398 live=0
SLIME_CLOCK served task=3 label=44 result=162838492 live=0
SLIME_CLOCK served task=2 label=44 result=162854665 live=0
SLIME_CLOCK served task=3 label=44 result=162872420 live=0
SLIME_CLOCK served task=2 label=44 result=162890910 live=0
SLIME_CLOCK served task=3 label=44 result=162912194 live=0
SLIME_CLOCK served task=2 label=44 result=162929508 live=0
SLIME_CLOCK served task=3 label=44 result=162946593 live=0
SLIME_CLOCK served task=2 label=44 result=162961356 live=0
SLIME_CLOCK served task=3 label=44 result=162977008 live=0
SLIME_CLOCK served task=2 label=44 result=162990797 live=0
SLIME_CLOCK served task=3 label=44 result=163003148 live=0
SLIME_CLOCK served task=2 label=44 result=163012852 live=0
SLIME_CLOCK served task=3 label=44 result=163023051 live=0
SLIME_CLOCK served task=2 label=44 result=163037104 live=0
SLIME_CLOCK served task=3 label=44 result=163050636 live=0
SLIME_CLOCK served task=2 label=44 result=163063204 live=0
SLIME_CLOCK served task=3 label=44 result=163075139 live=0
SLIME_CLOCK served task=2 label=44 result=163085884 live=0
SLIME_CLOCK served task=3 label=44 result=163097336 live=0
SLIME_CLOCK served task=2 label=44 result=163107904 live=0
SLIME_CLOCK served task=3 label=44 result=163120174 live=0
SLIME_CLOCK served task=2 label=44 result=163130676 live=0
SLIME_CLOCK served task=3 label=44 result=163141606 live=0
SLIME_CLOCK served task=2 label=44 result=163152327 live=0
SLIME_CLOCK served task=3 label=44 result=163167212 live=0
SLIME_CLOCK served task=2 label=44 result=163179332 live=0
SLIME_CLOCK served task=3 label=44 result=163192332 live=0
SLIME_CLOCK served task=2 label=44 result=163204373 live=0
SLIME_CLOCK served task=3 label=44 result=163217123 live=0
SLIME_CLOCK served task=2 label=44 result=163229240 live=0
SLIME_CLOCK served task=3 label=44 result=163242163 live=0
SLIME_CLOCK served task=2 label=44 result=163254700 live=0
SLIME_CLOCK served task=3 label=44 result=163267280 live=0
SLIME_CLOCK served task=2 label=44 result=163279457 live=0
SLIME_CLOCK served task=3 label=44 result=163292067 live=0
SLIME_CLOCK served task=2 label=44 result=163302817 live=0
SLIME_CLOCK served task=3 label=44 result=163314796 live=0
SLIME_CLOCK served task=2 label=44 result=163325471 live=0
SLIME_CLOCK served task=3 label=44 result=163336434 live=0
SLIME_CLOCK served task=2 label=44 result=163347050 live=0
SLIME_CLOCK served task=3 label=44 result=163358394 live=0
SLIME_CLOCK served task=2 label=44 result=163368945 live=0
SLIME_CLOCK served task=3 label=44 result=163380460 live=0
SLIME_CLOCK served task=2 label=44 result=163391048 live=0
SLIME_CLOCK served task=3 label=44 result=163401998 live=0
SLIME_CLOCK served task=2 label=44 result=163417350 live=0
SLIME_CLOCK served task=3 label=44 result=163433953 live=0
SLIME_CLOCK served task=2 label=44 result=163444156 live=0
SLIME_CLOCK served task=3 label=44 result=163454455 live=0
SLIME_CLOCK served task=2 label=44 result=163466518 live=0
SLIME_CLOCK served task=3 label=44 result=163482113 live=0
SLIME_CLOCK served task=2 label=44 result=163497375 live=0
SLIME_CLOCK served task=3 label=44 result=163513422 live=0
SLIME_CLOCK served task=2 label=44 result=163528491 live=0
SLIME_CLOCK served task=3 label=44 result=163548991 live=0
SLIME_CLOCK served task=2 label=44 result=163560320 live=0
SLIME_CLOCK served task=3 label=44 result=163571825 live=0
SLIME_CLOCK served task=2 label=44 result=163582944 live=0
SLIME_CLOCK served task=3 label=44 result=163594410 live=0
SLIME_CLOCK served task=2 label=44 result=163605642 live=0
SLIME_CLOCK served task=3 label=44 result=163616688 live=0
SLIME_CLOCK served task=2 label=44 result=163627530 live=0
SLIME_CLOCK served task=3 label=44 result=163638666 live=0
SLIME_CLOCK served task=2 label=44 result=163649238 live=0
SLIME_CLOCK served task=3 label=44 result=163660516 live=0
SLIME_CLOCK served task=2 label=44 result=163672295 live=0
SLIME_CLOCK served task=3 label=44 result=163683578 live=0
SLIME_CLOCK served task=2 label=44 result=163694179 live=0
SLIME_CLOCK served task=3 label=44 result=163705098 live=0
SLIME_CLOCK served task=2 label=44 result=163715391 live=0
SLIME_CLOCK served task=3 label=44 result=163726764 live=0
SLIME_CLOCK served task=2 label=44 result=163737347 live=0
SLIME_CLOCK served task=3 label=44 result=163748649 live=0
SLIME_CLOCK served task=2 label=44 result=163759009 live=0
SLIME_CLOCK served task=3 label=44 result=163770349 live=0
SLIME_CLOCK served task=2 label=44 result=163781101 live=0
SLIME_CLOCK served task=3 label=44 result=163793701 live=0
SLIME_CLOCK served task=2 label=44 result=163804243 live=0
SLIME_CLOCK served task=3 label=44 result=163815508 live=0
SLIME_CLOCK served task=2 label=44 result=163826342 live=0
SLIME_CLOCK served task=3 label=44 result=163837866 live=0
SLIME_CLOCK served task=2 label=44 result=163848473 live=0
SLIME_CLOCK served task=3 label=44 result=163859314 live=0
SLIME_CLOCK served task=2 label=44 result=163870035 live=0
SLIME_CLOCK served task=3 label=44 result=163881998 live=0
SLIME_CLOCK served task=2 label=44 result=163895533 live=0
SLIME_CLOCK served task=3 label=44 result=163908596 live=0
SLIME_CLOCK served task=2 label=44 result=163921384 live=0
SLIME_CLOCK served task=3 label=44 result=163932891 live=0
SLIME_CLOCK served task=2 label=44 result=163945610 live=0
SLIME_CLOCK served task=3 label=44 result=163961044 live=0
SLIME_CLOCK served task=2 label=44 result=163975660 live=0
SLIME_CLOCK served task=3 label=44 result=163991137 live=0
SLIME_CLOCK served task=2 label=44 result=164005420 live=0
SLIME_CLOCK served task=3 label=44 result=164020895 live=0
SLIME_CLOCK served task=2 label=44 result=164035385 live=0
SLIME_CLOCK served task=3 label=44 result=164069716 live=0
SLIME_CLOCK served task=2 label=44 result=164086432 live=0
SLIME_CLOCK served task=3 label=44 result=164103611 live=0
SLIME_CLOCK served task=2 label=44 result=164120307 live=0
SLIME_CLOCK served task=3 label=44 result=164137649 live=0
SLIME_CLOCK served task=2 label=44 result=164154249 live=0
SLIME_CLOCK served task=3 label=44 result=164171897 live=0
SLIME_CLOCK served task=2 label=44 result=164188799 live=0
SLIME_CLOCK served task=3 label=44 result=164206011 live=0
SLIME_CLOCK served task=2 label=44 result=164222836 live=0
SLIME_CLOCK served task=3 label=44 result=164239951 live=0
SLIME_CLOCK served task=2 label=44 result=164256523 live=0
SLIME_CLOCK served task=3 label=44 result=164273553 live=0
SLIME_CLOCK served task=2 label=44 result=164290188 live=0
SLIME_CLOCK served task=3 label=44 result=164308518 live=0
SLIME_CLOCK served task=2 label=44 result=164325057 live=0
SLIME_CLOCK served task=3 label=44 result=164342096 live=0
SLIME_CLOCK served task=2 label=44 result=164358803 live=0
SLIME_CLOCK served task=3 label=44 result=164376207 live=0
SLIME_CLOCK served task=2 label=44 result=164392550 live=0
SLIME_CLOCK served task=3 label=44 result=164409663 live=0
SLIME_CLOCK served task=2 label=44 result=164427242 live=0
SLIME_CLOCK served task=3 label=44 result=164444757 live=0
SLIME_CLOCK served task=2 label=44 result=164461364 live=0
SLIME_CLOCK served task=3 label=44 result=164478523 live=0
SLIME_CLOCK served task=2 label=44 result=164495428 live=0
SLIME_CLOCK served task=3 label=44 result=164513431 live=0
SLIME_CLOCK served task=2 label=44 result=164532252 live=0
SLIME_CLOCK served task=3 label=44 result=164550696 live=0
SLIME_CLOCK served task=2 label=44 result=164597422 live=0
SLIME_CLOCK served task=3 label=44 result=164617653 live=0
SLIME_CLOCK served task=2 label=44 result=164634642 live=0
SLIME_CLOCK served task=3 label=44 result=164645845 live=0
SLIME_CLOCK served task=2 label=44 result=164656656 live=0
SLIME_CLOCK served task=3 label=44 result=164668106 live=0
SLIME_CLOCK served task=2 label=44 result=164680693 live=0
SLIME_CLOCK served task=3 label=44 result=164692241 live=0
SLIME_CLOCK served task=2 label=44 result=164702944 live=0
SLIME_CLOCK served task=3 label=44 result=164713914 live=0
SLIME_CLOCK served task=2 label=44 result=164724462 live=0
SLIME_CLOCK served task=3 label=44 result=164735766 live=0
SLIME_CLOCK served task=2 label=44 result=164746616 live=0
SLIME_CLOCK served task=3 label=44 result=164758015 live=0
SLIME_CLOCK served task=2 label=44 result=164769043 live=0
SLIME_CLOCK served task=3 label=44 result=164780007 live=0
SLIME_CLOCK served task=2 label=44 result=164790761 live=0
SLIME_CLOCK served task=3 label=44 result=164802677 live=0
SLIME_CLOCK served task=2 label=44 result=164813817 live=0
SLIME_CLOCK served task=3 label=44 result=164826347 live=0
SLIME_CLOCK served task=2 label=44 result=164837431 live=0
SLIME_CLOCK served task=3 label=44 result=164850075 live=0
SLIME_CLOCK served task=2 label=44 result=164861390 live=0
SLIME_CLOCK served task=3 label=44 result=164873486 live=0
SLIME_CLOCK served task=2 label=44 result=164884028 live=0
SLIME_CLOCK served task=3 label=44 result=164894867 live=0
SLIME_CLOCK served task=2 label=44 result=164905463 live=0
SLIME_CLOCK served task=3 label=44 result=164916567 live=0
SLIME_CLOCK served task=2 label=44 result=164927822 live=0
SLIME_CLOCK served task=3 label=44 result=164940067 live=0
SLIME_CLOCK served task=2 label=44 result=164950910 live=0
SLIME_CLOCK served task=3 label=44 result=164962496 live=0
SLIME_CLOCK served task=2 label=44 result=164973142 live=0
SLIME_CLOCK served task=3 label=44 result=164984124 live=0
SLIME_CLOCK served task=2 label=44 result=164994688 live=0
SLIME_CLOCK served task=3 label=44 result=165005663 live=0
SLIME_CLOCK served task=2 label=44 result=165016651 live=0
SLIME_CLOCK served task=3 label=44 result=165033192 live=0
SLIME_CLOCK served task=2 label=44 result=165048349 live=0
SLIME_CLOCK served task=3 label=44 result=165068064 live=0
SLIME_CLOCK served task=2 label=44 result=165083362 live=0
SLIME_CLOCK served task=3 label=44 result=165099248 live=0
SLIME_CLOCK served task=2 label=44 result=165113362 live=0
SLIME_CLOCK served task=3 label=44 result=165129545 live=0
SLIME_CLOCK served task=2 label=44 result=165144457 live=0
SLIME_CLOCK served task=3 label=44 result=165160359 live=0
SLIME_CLOCK served task=2 label=44 result=165175284 live=0
SLIME_CLOCK served task=3 label=44 result=165189068 live=0
SLIME_CLOCK served task=2 label=44 result=165200096 live=0
SLIME_CLOCK served task=3 label=44 result=165211525 live=0
SLIME_CLOCK served task=2 label=44 result=165222519 live=0
SLIME_CLOCK served task=3 label=44 result=165233772 live=0
SLIME_CLOCK served task=2 label=44 result=165244828 live=0
SLIME_CLOCK served task=3 label=44 result=165256233 live=0
SLIME_CLOCK served task=2 label=44 result=165266921 live=0
SLIME_CLOCK served task=3 label=44 result=165277983 live=0
SLIME_CLOCK served task=2 label=44 result=165288818 live=0
SLIME_CLOCK served task=3 label=44 result=165300903 live=0
SLIME_CLOCK served task=2 label=44 result=165312577 live=0
SLIME_CLOCK served task=3 label=44 result=165323882 live=0
SLIME_CLOCK served task=2 label=44 result=165334691 live=0
SLIME_CLOCK served task=3 label=44 result=165346085 live=0
SLIME_CLOCK served task=2 label=44 result=165357060 live=0
SLIME_CLOCK served task=3 label=44 result=165368841 live=0
SLIME_CLOCK served task=2 label=44 result=165379499 live=0
SLIME_CLOCK served task=3 label=44 result=165390674 live=0
SLIME_CLOCK served task=2 label=44 result=165401290 live=0
SLIME_CLOCK served task=3 label=44 result=165412731 live=0
SLIME_CLOCK served task=2 label=44 result=165423422 live=0
SLIME_CLOCK served task=3 label=44 result=165435636 live=0
SLIME_CLOCK served task=2 label=44 result=165446298 live=0
SLIME_CLOCK served task=3 label=44 result=165457511 live=0
SLIME_CLOCK served task=2 label=44 result=165467993 live=0
SLIME_CLOCK served task=3 label=44 result=165479117 live=0
SLIME_CLOCK served task=2 label=44 result=165489649 live=0
SLIME_CLOCK served task=3 label=44 result=165500870 live=0
SLIME_CLOCK served task=2 label=44 result=165511528 live=0
SLIME_CLOCK served task=3 label=44 result=165522500 live=0
SLIME_CLOCK served task=2 label=44 result=165533090 live=0
SLIME_CLOCK served task=3 label=44 result=165544788 live=0
SLIME_CLOCK served task=2 label=44 result=165556092 live=0
SLIME_CLOCK served task=3 label=44 result=165568442 live=0
SLIME_CLOCK served task=2 label=44 result=165579154 live=0
SLIME_CLOCK served task=3 label=44 result=165591447 live=0
SLIME_CLOCK served task=2 label=44 result=165606994 live=0
SLIME_CLOCK served task=3 label=44 result=165625297 live=0
SLIME_CLOCK served task=2 label=44 result=165641852 live=0
SLIME_CLOCK served task=3 label=44 result=165658538 live=0
SLIME_CLOCK served task=2 label=44 result=165672479 live=0
SLIME_CLOCK served task=3 label=44 result=165690748 live=0
SLIME_CLOCK served task=2 label=44 result=165734099 live=0
SLIME_CLOCK served task=3 label=44 result=165752156 live=0
SLIME_CLOCK served task=2 label=44 result=165764855 live=0
SLIME_CLOCK served task=3 label=44 result=165779108 live=0
SLIME_CLOCK served task=2 label=44 result=165789393 live=0
SLIME_CLOCK served task=3 label=44 result=165800206 live=0
SLIME_CLOCK served task=2 label=44 result=165811154 live=0
SLIME_CLOCK served task=3 label=44 result=165823406 live=0
SLIME_CLOCK served task=2 label=44 result=165834012 live=0
SLIME_CLOCK served task=3 label=44 result=165845014 live=0
SLIME_CLOCK served task=2 label=44 result=165855725 live=0
SLIME_CLOCK served task=3 label=44 result=165866538 live=0
SLIME_CLOCK served task=2 label=44 result=165877458 live=0
SLIME_CLOCK served task=3 label=44 result=165888420 live=0
SLIME_CLOCK served task=2 label=44 result=165898622 live=0
SLIME_CLOCK served task=3 label=44 result=165909913 live=0
SLIME_CLOCK served task=2 label=44 result=165920506 live=0
SLIME_CLOCK served task=3 label=44 result=165931548 live=0
SLIME_CLOCK served task=2 label=44 result=165942863 live=0
SLIME_CLOCK served task=3 label=44 result=165954047 live=0
SLIME_CLOCK served task=2 label=44 result=165964580 live=0
SLIME_CLOCK served task=3 label=44 result=165975736 live=0
SLIME_CLOCK served task=2 label=44 result=165986351 live=0
SLIME_CLOCK served task=3 label=44 result=165997579 live=0
SLIME_CLOCK served task=2 label=44 result=166007996 live=0
SLIME_CLOCK served task=3 label=44 result=166019375 live=0
SLIME_CLOCK served task=2 label=44 result=166030168 live=0
SLIME_CLOCK served task=3 label=44 result=166041679 live=0
SLIME_CLOCK served task=2 label=44 result=166052325 live=0
SLIME_CLOCK served task=3 label=44 result=166064414 live=0
SLIME_CLOCK served task=2 label=44 result=166076552 live=0
SLIME_CLOCK served task=3 label=44 result=166087916 live=0
SLIME_CLOCK served task=2 label=44 result=166098398 live=0
SLIME_CLOCK served task=3 label=44 result=166109368 live=0
SLIME_CLOCK served task=2 label=44 result=166119944 live=0
SLIME_CLOCK served task=3 label=44 result=166131021 live=0
SLIME_CLOCK served task=2 label=44 result=166144719 live=0
SLIME_CLOCK served task=3 label=44 result=166158818 live=0
SLIME_CLOCK served task=2 label=44 result=166174270 live=0
SLIME_CLOCK served task=3 label=44 result=166190746 live=0
SLIME_CLOCK served task=2 label=44 result=166208598 live=0
SLIME_CLOCK served task=3 label=44 result=166224701 live=0
SLIME_CLOCK served task=2 label=44 result=166239933 live=0
SLIME_CLOCK served task=3 label=44 result=166256004 live=0
SLIME_CLOCK served task=2 label=44 result=166270956 live=0
SLIME_CLOCK served task=3 label=44 result=166285545 live=0
SLIME_CLOCK served task=2 label=44 result=166295157 live=0
SLIME_CLOCK served task=3 label=44 result=166305895 live=0
SLIME_CLOCK served task=2 label=44 result=166319320 live=0
SLIME_CLOCK served task=3 label=44 result=166331447 live=0
SLIME_CLOCK served task=2 label=44 result=166341876 live=0
SLIME_CLOCK served task=3 label=44 result=166353016 live=0
SLIME_CLOCK served task=2 label=44 result=166363547 live=0
SLIME_CLOCK served task=3 label=44 result=166374938 live=0
SLIME_CLOCK served task=2 label=44 result=166385531 live=0
SLIME_CLOCK served task=3 label=44 result=166396824 live=0
SLIME_CLOCK served task=2 label=44 result=166407796 live=0
SLIME_CLOCK served task=3 label=44 result=166419225 live=0
SLIME_CLOCK served task=2 label=44 result=166430362 live=0
SLIME_CLOCK served task=3 label=44 result=166441560 live=0
SLIME_CLOCK served task=2 label=44 result=166453707 live=0
SLIME_CLOCK served task=3 label=44 result=166464716 live=0
SLIME_CLOCK served task=2 label=44 result=166475342 live=0
SLIME_CLOCK served task=3 label=44 result=166486565 live=0
SLIME_CLOCK served task=2 label=44 result=166497499 live=0
SLIME_CLOCK served task=3 label=44 result=166508725 live=0
SLIME_CLOCK served task=2 label=44 result=166519413 live=0
SLIME_CLOCK served task=3 label=44 result=166530707 live=0
SLIME_CLOCK served task=2 label=44 result=166541172 live=0
SLIME_CLOCK served task=3 label=44 result=166552529 live=0
SLIME_CLOCK served task=2 label=44 result=166563306 live=0
SLIME_CLOCK served task=3 label=44 result=166575105 live=0
SLIME_CLOCK served task=2 label=44 result=166585618 live=0
SLIME_CLOCK served task=3 label=44 result=166596632 live=0
SLIME_CLOCK served task=2 label=44 result=166607160 live=0
SLIME_CLOCK served task=3 label=44 result=166618498 live=0
SLIME_CLOCK served task=2 label=44 result=166628974 live=0
SLIME_CLOCK served task=3 label=44 result=166639938 live=0
SLIME_CLOCK served task=2 label=44 result=166650562 live=0
SLIME_CLOCK served task=3 label=44 result=166661814 live=0
SLIME_CLOCK served task=2 label=44 result=166674799 live=0
SLIME_CLOCK served task=3 label=44 result=166692126 live=0
SLIME_CLOCK served task=2 label=44 result=166707665 live=0
SLIME_CLOCK served task=3 label=44 result=166718112 live=0
SLIME_CLOCK served task=2 label=44 result=166731454 live=0
SLIME_CLOCK served task=3 label=44 result=166747080 live=0
SLIME_CLOCK served task=2 label=44 result=166761750 live=0
SLIME_CLOCK served task=3 label=44 result=166777372 live=0
SLIME_CLOCK served task=2 label=44 result=166792179 live=0
SLIME_CLOCK served task=3 label=44 result=166808200 live=0
SLIME_CLOCK served task=2 label=44 result=166819982 live=0
SLIME_CLOCK served task=3 label=44 result=166833911 live=0
SLIME_CLOCK served task=2 label=44 result=166846194 live=0
SLIME_CLOCK served task=3 label=44 result=166858935 live=0
SLIME_CLOCK served task=2 label=44 result=166871094 live=0
SLIME_CLOCK served task=3 label=44 result=166883770 live=0
SLIME_CLOCK served task=2 label=44 result=166895915 live=0
SLIME_CLOCK served task=3 label=44 result=166908406 live=0
SLIME_CLOCK served task=2 label=44 result=166919938 live=0
SLIME_CLOCK served task=3 label=44 result=166932825 live=0
SLIME_CLOCK served task=2 label=44 result=166944960 live=0
SLIME_CLOCK served task=3 label=44 result=166958419 live=0
SLIME_CLOCK served task=2 label=44 result=166970884 live=0
SLIME_CLOCK served task=3 label=44 result=166984090 live=0
SLIME_CLOCK served task=2 label=44 result=166996067 live=0
SLIME_CLOCK served task=3 label=44 result=167008847 live=0
SLIME_CLOCK served task=2 label=44 result=167020969 live=0
SLIME_CLOCK served task=3 label=44 result=167033875 live=0
SLIME_CLOCK served task=2 label=44 result=167046307 live=0
SLIME_CLOCK served task=3 label=44 result=167059187 live=0
SLIME_CLOCK served task=2 label=44 result=167071664 live=0
SLIME_CLOCK served task=3 label=44 result=167086229 live=0
SLIME_CLOCK served task=2 label=44 result=167098928 live=0
SLIME_CLOCK served task=3 label=44 result=167112026 live=0
SLIME_CLOCK served task=2 label=44 result=167124657 live=0
SLIME_CLOCK served task=3 label=44 result=167137870 live=0
SLIME_CLOCK served task=2 label=44 result=167150148 live=0
SLIME_CLOCK served task=3 label=44 result=167163620 live=0
SLIME_CLOCK served task=2 label=44 result=167176035 live=0
SLIME_CLOCK served task=3 label=44 result=167189081 live=0
SLIME_CLOCK served task=2 label=44 result=167201208 live=0
SLIME_CLOCK served task=3 label=44 result=167217616 live=0
SLIME_CLOCK served task=2 label=44 result=167233659 live=0
SLIME_CLOCK served task=3 label=44 result=167249567 live=0
SLIME_CLOCK served task=2 label=44 result=167264306 live=0
SLIME_CLOCK served task=3 label=44 result=167279714 live=0
SLIME_CLOCK served task=2 label=44 result=167294574 live=0
SLIME_CLOCK served task=3 label=44 result=167310635 live=0
SLIME_CLOCK served task=2 label=44 result=167325437 live=0
SLIME_CLOCK served task=3 label=44 result=167340331 live=0
SLIME_CLOCK served task=2 label=44 result=167357311 live=0
SLIME_CLOCK served task=3 label=44 result=167375093 live=0
SLIME_CLOCK served task=2 label=44 result=167391844 live=0
SLIME_CLOCK served task=3 label=44 result=167408772 live=0
SLIME_CLOCK served task=2 label=44 result=167425182 live=0
SLIME_CLOCK served task=3 label=44 result=167442750 live=0
SLIME_CLOCK served task=2 label=44 result=167459771 live=0
SLIME_CLOCK served task=3 label=44 result=167477720 live=0
SLIME_CLOCK served task=2 label=44 result=167495089 live=0
SLIME_CLOCK served task=3 label=44 result=167512392 live=0
SLIME_CLOCK served task=2 label=44 result=167529271 live=0
SLIME_CLOCK served task=3 label=44 result=167546499 live=0
SLIME_CLOCK served task=2 label=44 result=167563474 live=0
SLIME_CLOCK served task=3 label=44 result=167580858 live=0
SLIME_CLOCK served task=2 label=44 result=167598748 live=0
SLIME_CLOCK served task=3 label=44 result=167616502 live=0
SLIME_CLOCK served task=2 label=44 result=167633417 live=0
SLIME_CLOCK served task=3 label=44 result=167650826 live=0
SLIME_CLOCK served task=2 label=44 result=167667574 live=0
SLIME_CLOCK served task=3 label=44 result=167685145 live=0
SLIME_CLOCK served task=2 label=44 result=167700955 live=0
SLIME_CLOCK served task=3 label=44 result=167719475 live=0
SLIME_CLOCK served task=2 label=44 result=167736615 live=0
SLIME_CLOCK served task=3 label=44 result=167752294 live=0
SLIME_CLOCK served task=2 label=44 result=167762443 live=0
SLIME_CLOCK served task=3 label=44 result=167772715 live=0
SLIME_CLOCK served task=2 label=44 result=167782351 live=0
SLIME_CLOCK served task=3 label=44 result=167792890 live=0
SLIME_CLOCK served task=2 label=44 result=167802538 live=0
SLIME_CLOCK served task=3 label=44 result=167813091 live=0
SLIME_CLOCK served task=2 label=44 result=167822705 live=0
SLIME_CLOCK served task=3 label=44 result=167832954 live=0
SLIME_CLOCK served task=2 label=44 result=167848294 live=0
SLIME_CLOCK served task=3 label=44 result=167865881 live=0
SLIME_CLOCK served task=2 label=44 result=167882985 live=0
SLIME_CLOCK served task=3 label=44 result=167900271 live=0
SLIME_CLOCK served task=2 label=44 result=167917278 live=0
SLIME_CLOCK served task=3 label=44 result=167934841 live=0
SLIME_CLOCK served task=2 label=44 result=167951486 live=0
SLIME_CLOCK served task=3 label=44 result=167969458 live=0
SLIME_CLOCK served task=2 label=44 result=167986425 live=0
SLIME_CLOCK served task=3 label=44 result=168005276 live=0
SLIME_CLOCK served task=2 label=44 result=168019669 live=0
SLIME_CLOCK served task=3 label=44 result=168035841 live=0
SLIME_CLOCK served task=2 label=44 result=168049795 live=0
SLIME_CLOCK served task=3 label=44 result=168064690 live=0
SLIME_CLOCK served task=2 label=44 result=168075661 live=0
SLIME_CLOCK served task=3 label=44 result=168086469 live=0
SLIME_CLOCK served task=2 label=44 result=168101387 live=0
SLIME_CLOCK served task=3 label=44 result=168119495 live=0
SLIME_CLOCK served task=2 label=44 result=168136236 live=0
SLIME_CLOCK served task=3 label=44 result=168153451 live=0
SLIME_CLOCK served task=2 label=44 result=168169851 live=0
SLIME_CLOCK served task=3 label=44 result=168187365 live=0
SLIME_CLOCK served task=2 label=44 result=168203790 live=0
SLIME_CLOCK served task=3 label=44 result=168221925 live=0
SLIME_CLOCK served task=2 label=44 result=168238573 live=0
SLIME_CLOCK served task=3 label=44 result=168255897 live=0
SLIME_CLOCK served task=2 label=44 result=168272450 live=0
SLIME_CLOCK served task=3 label=44 result=168289507 live=0
SLIME_CLOCK served task=2 label=44 result=168306226 live=0
SLIME_CLOCK served task=3 label=44 result=168323295 live=0
SLIME_CLOCK served task=2 label=44 result=168339805 live=0
SLIME_CLOCK served task=3 label=44 result=168357850 live=0
SLIME_CLOCK served task=2 label=44 result=168374686 live=0
SLIME_CLOCK served task=3 label=44 result=168391777 live=0
SLIME_CLOCK served task=2 label=44 result=168408210 live=0
SLIME_CLOCK served task=3 label=44 result=168425480 live=0
SLIME_CLOCK served task=2 label=44 result=168442433 live=0
SLIME_CLOCK served task=3 label=44 result=168459966 live=0
SLIME_CLOCK served task=2 label=44 result=168472331 live=0
SLIME_CLOCK served task=3 label=44 result=168486307 live=0
SLIME_CLOCK served task=2 label=44 result=168498649 live=0
SLIME_CLOCK served task=3 label=44 result=168511137 live=0
SLIME_CLOCK served task=2 label=44 result=168523012 live=0
SLIME_CLOCK served task=3 label=44 result=168535424 live=0
SLIME_CLOCK served task=2 label=44 result=168547064 live=0
SLIME_CLOCK served task=3 label=44 result=168560371 live=0
SLIME_CLOCK served task=2 label=44 result=168575064 live=0
SLIME_CLOCK served task=3 label=44 result=168590918 live=0
SLIME_CLOCK served task=2 label=44 result=168620503 live=0
SLIME_CLOCK served task=3 label=44 result=168646022 live=0
SLIME_CLOCK served task=2 label=44 result=168662689 live=0
SLIME_CLOCK served task=3 label=44 result=168679665 live=0
SLIME_CLOCK served task=2 label=44 result=168696505 live=0
SLIME_CLOCK served task=3 label=44 result=168713448 live=0
SLIME_CLOCK served task=2 label=44 result=168730970 live=0
SLIME_CLOCK served task=3 label=44 result=168748248 live=0
SLIME_CLOCK served task=2 label=44 result=168764578 live=0
SLIME_CLOCK served task=3 label=44 result=168781643 live=0
SLIME_CLOCK served task=2 label=44 result=168797954 live=0
SLIME_CLOCK served task=3 label=44 result=168815037 live=0
SLIME_CLOCK served task=2 label=44 result=168828947 live=0
SLIME_CLOCK served task=3 label=44 result=168840210 live=0
SLIME_CLOCK served task=2 label=44 result=168850352 live=0
SLIME_CLOCK served task=3 label=44 result=168868232 live=0
SLIME_CLOCK served task=2 label=44 result=168884877 live=0
SLIME_CLOCK served task=3 label=44 result=168902100 live=0
SLIME_CLOCK served task=2 label=44 result=168918625 live=0
SLIME_CLOCK served task=3 label=44 result=168936007 live=0
SLIME_CLOCK served task=2 label=44 result=168952467 live=0
SLIME_CLOCK served task=3 label=44 result=168969633 live=0
SLIME_CLOCK served task=2 label=44 result=168987198 live=0
SLIME_CLOCK served task=3 label=44 result=169004706 live=0
SLIME_CLOCK served task=2 label=44 result=169021225 live=0
SLIME_CLOCK served task=3 label=44 result=169038161 live=0
SLIME_CLOCK served task=2 label=44 result=169053745 live=0
SLIME_CLOCK served task=3 label=44 result=169069229 live=0
SLIME_CLOCK served task=2 label=44 result=169082159 live=0
SLIME_CLOCK served task=3 label=44 result=169097387 live=0
SLIME_CLOCK served task=2 label=44 result=169116949 live=0
SLIME_CLOCK served task=3 label=44 result=169133353 live=0
SLIME_CLOCK served task=2 label=44 result=169148626 live=0
SLIME_CLOCK served task=3 label=44 result=169164093 live=0
SLIME_CLOCK served task=2 label=44 result=169178936 live=0
SLIME_CLOCK served task=3 label=44 result=169195462 live=0
SLIME_CLOCK served task=2 label=44 result=169208955 live=0
SLIME_CLOCK served task=3 label=44 result=169221843 live=0
SLIME_CLOCK served task=2 label=44 result=169233867 live=0
SLIME_CLOCK served task=3 label=44 result=169247986 live=0
SLIME_CLOCK served task=2 label=44 result=169259130 live=0
SLIME_CLOCK served task=3 label=44 result=169271580 live=0
SLIME_CLOCK served task=2 label=44 result=169282420 live=0
SLIME_CLOCK served task=3 label=44 result=169293805 live=0
SLIME_CLOCK served task=2 label=44 result=169305621 live=0
SLIME_CLOCK served task=3 label=44 result=169317725 live=0
SLIME_CLOCK served task=2 label=44 result=169328796 live=0
SLIME_CLOCK served task=3 label=44 result=169340462 live=0
SLIME_CLOCK served task=2 label=44 result=169354296 live=0
SLIME_CLOCK served task=3 label=44 result=169371200 live=0
SLIME_CLOCK served task=2 label=44 result=169385238 live=0
SLIME_CLOCK served task=3 label=44 result=169400189 live=0
SLIME_CLOCK served task=2 label=44 result=169414284 live=0
SLIME_CLOCK served task=3 label=44 result=169429178 live=0
SLIME_CLOCK served task=2 label=44 result=169443070 live=0
SLIME_CLOCK served task=3 label=44 result=169457540 live=0
SLIME_CLOCK served task=2 label=44 result=169471549 live=0
SLIME_CLOCK served task=3 label=44 result=169485434 live=0
SLIME_CLOCK served task=2 label=44 result=169500409 live=0
SLIME_CLOCK served task=3 label=44 result=169514439 live=0
SLIME_CLOCK served task=2 label=44 result=169526585 live=0
SLIME_CLOCK served task=3 label=44 result=169539320 live=0
SLIME_CLOCK served task=2 label=44 result=169551634 live=0
SLIME_CLOCK served task=3 label=44 result=169564693 live=0
SLIME_CLOCK served task=2 label=44 result=169576771 live=0
SLIME_CLOCK served task=3 label=44 result=169589650 live=0
SLIME_CLOCK served task=2 label=44 result=169600174 live=0
SLIME_CLOCK served task=3 label=44 result=169610895 live=0
SLIME_CLOCK served task=2 label=44 result=169653748 live=0
SLIME_CLOCK served task=3 label=44 result=169676271 live=0
SLIME_CLOCK served task=2 label=44 result=169691866 live=0
SLIME_CLOCK served task=3 label=44 result=169707523 live=0
SLIME_CLOCK served task=2 label=44 result=169722007 live=0
SLIME_CLOCK served task=3 label=44 result=169737364 live=0
SLIME_CLOCK served task=2 label=44 result=169750836 live=0
SLIME_CLOCK served task=3 label=44 result=169762422 live=0
SLIME_CLOCK served task=2 label=44 result=169772868 live=0
SLIME_CLOCK served task=3 label=44 result=169784767 live=0
SLIME_CLOCK served task=2 label=44 result=169795767 live=0
SLIME_CLOCK served task=3 label=44 result=169808431 live=0
SLIME_CLOCK served task=2 label=44 result=169820328 live=0
SLIME_CLOCK served task=3 label=44 result=169832568 live=0
SLIME_CLOCK served task=2 label=44 result=169844144 live=0
SLIME_CLOCK served task=3 label=44 result=169856560 live=0
SLIME_CLOCK served task=2 label=44 result=169867282 live=0
SLIME_CLOCK served task=3 label=44 result=169879913 live=0
SLIME_CLOCK served task=2 label=44 result=169891647 live=0
SLIME_CLOCK served task=3 label=44 result=169904061 live=0
SLIME_CLOCK served task=2 label=44 result=169915723 live=0
SLIME_CLOCK served task=3 label=44 result=169927930 live=0
SLIME_CLOCK served task=2 label=44 result=169939670 live=0
SLIME_CLOCK served task=3 label=44 result=169951789 live=0
SLIME_CLOCK served task=2 label=44 result=169963443 live=0
SLIME_CLOCK served task=3 label=44 result=169975692 live=0
SLIME_CLOCK served task=2 label=44 result=169987384 live=0
SLIME_CLOCK served task=3 label=44 result=170000070 live=0
SLIME_CLOCK served task=2 label=44 result=170010921 live=0
SLIME_CLOCK served task=3 label=44 result=170022979 live=0
SLIME_CLOCK served task=2 label=44 result=170034691 live=0
SLIME_CLOCK served task=3 label=44 result=170046573 live=0
SLIME_CLOCK served task=2 label=44 result=170058370 live=0
SLIME_CLOCK served task=3 label=44 result=170071247 live=0
SLIME_CLOCK served task=2 label=44 result=170082460 live=0
SLIME_CLOCK served task=3 label=44 result=170093485 live=0
SLIME_CLOCK served task=2 label=44 result=170107371 live=0
SLIME_CLOCK served task=3 label=44 result=170124139 live=0
SLIME_CLOCK served task=2 label=44 result=170149323 live=0
SLIME_CLOCK served task=3 label=44 result=170165466 live=0
SLIME_CLOCK served task=2 label=44 result=170181819 live=0
SLIME_CLOCK served task=3 label=44 result=170205138 live=0
SLIME_CLOCK served task=2 label=44 result=170221435 live=0
SLIME_CLOCK served task=3 label=44 result=170238625 live=0
SLIME_CLOCK served task=2 label=44 result=170256548 live=0
SLIME_CLOCK served task=3 label=44 result=170273809 live=0
SLIME_CLOCK served task=2 label=44 result=170290502 live=0
SLIME_CLOCK served task=3 label=44 result=170307919 live=0
SLIME_CLOCK served task=2 label=44 result=170324564 live=0
SLIME_CLOCK served task=3 label=44 result=170341655 live=0
SLIME_CLOCK served task=2 label=44 result=170357929 live=0
SLIME_CLOCK served task=3 label=44 result=170376072 live=0
SLIME_CLOCK served task=3 label=44 result=170393634 live=0
SLIME_CLOCK served task=2 label=44 result=170410207 live=0
SLIME_CLOCK served task=3 label=44 result=170427614 live=0
SLIME_CLOCK served task=2 label=44 result=170444542 live=0
SLIME_CLOCK served task=3 label=44 result=170461660 live=0
SLIME_CLOCK served task=2 label=44 result=170478212 live=0
SLIME_CLOCK served task=3 label=44 result=170495667 live=0
SLIME_CLOCK served task=2 label=44 result=170513402 live=0
SLIME_CLOCK served task=3 label=44 result=170530565 live=0
SLIME_CLOCK served task=2 label=44 result=170547055 live=0
SLIME_CLOCK served task=3 label=44 result=170564486 live=0
SLIME_CLOCK served task=2 label=44 result=170580998 live=0
SLIME_CLOCK served task=3 label=44 result=170598318 live=0
SLIME_CLOCK served task=2 label=44 result=170615044 live=0
SLIME_CLOCK served task=3 label=44 result=170633616 live=0
SLIME_CLOCK served task=2 label=44 result=170650269 live=0
SLIME_CLOCK served task=3 label=44 result=170667938 live=0
SLIME_CLOCK served task=2 label=44 result=170684807 live=0
SLIME_CLOCK served task=3 label=44 result=170700803 live=0
SLIME_CLOCK served task=2 label=44 result=170715246 live=0
SLIME_CLOCK served task=3 label=44 result=170730828 live=0
SLIME_CLOCK served task=2 label=44 result=170745323 live=0
SLIME_CLOCK served task=3 label=44 result=170775662 live=0
SLIME_CLOCK served task=2 label=44 result=170795171 live=0
SLIME_CLOCK served task=3 label=44 result=170816381 live=0
SLIME_CLOCK served task=2 label=44 result=170833506 live=0
SLIME_CLOCK served task=3 label=44 result=170845727 live=0
SLIME_CLOCK served task=2 label=44 result=170857046 live=0
SLIME_CLOCK served task=3 label=44 result=170869069 live=0
SLIME_CLOCK served task=2 label=44 result=170880492 live=0
SLIME_CLOCK served task=3 label=44 result=170891945 live=0
SLIME_CLOCK served task=2 label=44 result=170902683 live=0
SLIME_CLOCK served task=3 label=44 result=170913956 live=0
SLIME_CLOCK served task=2 label=44 result=170924430 live=0
SLIME_CLOCK served task=3 label=44 result=170935806 live=0
SLIME_CLOCK served task=2 label=44 result=170946811 live=0
SLIME_CLOCK served task=3 label=44 result=170958476 live=0
SLIME_CLOCK served task=2 label=44 result=170968975 live=0
SLIME_CLOCK served task=3 label=44 result=170980488 live=0
SLIME_CLOCK served task=2 label=44 result=170991399 live=0
SLIME_CLOCK served task=3 label=44 result=171003425 live=0
SLIME_CLOCK served task=2 label=44 result=171015686 live=0
SLIME_CLOCK served task=3 label=44 result=171027417 live=0
SLIME_CLOCK served task=2 label=44 result=171037987 live=0
SLIME_CLOCK served task=3 label=44 result=171049170 live=0
SLIME_CLOCK served task=2 label=44 result=171060887 live=0
SLIME_CLOCK served task=3 label=44 result=171072174 live=0
SLIME_CLOCK served task=2 label=44 result=171083777 live=0
SLIME_CLOCK served task=3 label=44 result=171095183 live=0
SLIME_CLOCK served task=2 label=44 result=171105830 live=0
SLIME_CLOCK served task=3 label=44 result=171117280 live=0
SLIME_CLOCK served task=2 label=44 result=171127956 live=0
SLIME_CLOCK served task=3 label=44 result=171141576 live=0
SLIME_CLOCK served task=2 label=44 result=171153195 live=0
SLIME_CLOCK served task=3 label=44 result=171165230 live=0
SLIME_CLOCK served task=2 label=44 result=171177163 live=0
SLIME_CLOCK served task=3 label=44 result=171191698 live=0
SLIME_CLOCK served task=2 label=44 result=171206359 live=0
SLIME_CLOCK served task=3 label=44 result=171222296 live=0
SLIME_CLOCK served task=2 label=44 result=171237199 live=0
SLIME_CLOCK served task=3 label=44 result=171253289 live=0
SLIME_CLOCK served task=2 label=44 result=171271796 live=0
SLIME_CLOCK served task=3 label=44 result=171284918 live=0
SLIME_CLOCK served task=2 label=44 result=171297983 live=0
SLIME_CLOCK served task=3 label=44 result=171311352 live=0
SLIME_CLOCK served task=2 label=44 result=171323920 live=0
SLIME_CLOCK served task=3 label=44 result=171337254 live=0
SLIME_CLOCK served task=2 label=44 result=171349906 live=0
SLIME_CLOCK served task=3 label=44 result=171363356 live=0
SLIME_CLOCK served task=2 label=44 result=171376668 live=0
SLIME_CLOCK served task=3 label=44 result=171391686 live=0
SLIME_CLOCK served task=2 label=44 result=171406816 live=0
SLIME_CLOCK served task=3 label=44 result=171419880 live=0
SLIME_CLOCK served task=2 label=44 result=171432924 live=0
SLIME_CLOCK served task=3 label=44 result=171446176 live=0
SLIME_CLOCK served task=2 label=44 result=171458916 live=0
SLIME_CLOCK served task=3 label=44 result=171472280 live=0
SLIME_CLOCK served task=2 label=44 result=171485278 live=0
SLIME_CLOCK served task=3 label=44 result=171498941 live=0
SLIME_CLOCK served task=2 label=44 result=171511762 live=0
SLIME_CLOCK served task=3 label=44 result=171525921 live=0
SLIME_CLOCK served task=2 label=44 result=171538770 live=0
SLIME_CLOCK served task=3 label=44 result=171552396 live=0
SLIME_CLOCK served task=2 label=44 result=171564835 live=0
SLIME_CLOCK served task=3 label=44 result=171578070 live=0
SLIME_CLOCK served task=2 label=44 result=171591027 live=0
SLIME_CLOCK served task=3 label=44 result=171604523 live=0
SLIME_CLOCK served task=2 label=44 result=171617889 live=0
SLIME_CLOCK served task=3 label=44 result=171631120 live=0
SLIME_CLOCK served task=2 label=44 result=171645106 live=0
SLIME_CLOCK served task=3 label=44 result=171658583 live=0
SLIME_CLOCK served task=2 label=44 result=171671452 live=0
SLIME_CLOCK served task=3 label=44 result=171685516 live=0
SLIME_CLOCK served task=2 label=44 result=171697861 live=0
SLIME_CLOCK served task=3 label=44 result=171712786 live=0
SLIME_CLOCK served task=2 label=44 result=171728414 live=0
SLIME_CLOCK served task=3 label=44 result=171746852 live=0
SLIME_CLOCK served task=2 label=44 result=171763521 live=0
SLIME_CLOCK served task=3 label=44 result=171781444 live=0
SLIME_CLOCK served task=2 label=44 result=171796337 live=0
SLIME_CLOCK served task=3 label=44 result=171812434 live=0
SLIME_CLOCK served task=2 label=44 result=171827038 live=0
SLIME_CLOCK served task=3 label=44 result=171842520 live=0
SLIME_CLOCK served task=2 label=44 result=171857323 live=0
SLIME_CLOCK served task=3 label=44 result=171873559 live=0
SLIME_CLOCK served task=2 label=44 result=171886646 live=0
SLIME_CLOCK served task=3 label=44 result=171899060 live=0
SLIME_CLOCK served task=2 label=44 result=171910296 live=0
SLIME_CLOCK served task=3 label=44 result=171921649 live=0
SLIME_CLOCK served task=2 label=44 result=171934073 live=0
SLIME_CLOCK served task=3 label=44 result=171946449 live=0
SLIME_CLOCK served task=2 label=44 result=171957134 live=0
SLIME_CLOCK served task=3 label=44 result=171968481 live=0
SLIME_CLOCK served task=2 label=44 result=171979842 live=0
SLIME_CLOCK served task=3 label=44 result=171991511 live=0
SLIME_CLOCK served task=2 label=44 result=172002740 live=0
SLIME_CLOCK served task=3 label=44 result=172014046 live=0
SLIME_CLOCK served task=2 label=44 result=172025440 live=0
SLIME_CLOCK served task=3 label=44 result=172036561 live=0
SLIME_CLOCK served task=2 label=44 result=172048462 live=0
SLIME_CLOCK served task=3 label=44 result=172060488 live=0
SLIME_CLOCK served task=2 label=44 result=172071414 live=0
SLIME_CLOCK served task=3 label=44 result=172083731 live=0
SLIME_CLOCK served task=2 label=44 result=172094586 live=0
SLIME_CLOCK served task=3 label=44 result=172106496 live=0
SLIME_CLOCK served task=2 label=44 result=172117264 live=0
SLIME_CLOCK served task=3 label=44 result=172129257 live=0
SLIME_CLOCK served task=2 label=44 result=172139947 live=0
SLIME_CLOCK served task=3 label=44 result=172152321 live=0
SLIME_CLOCK served task=2 label=44 result=172163517 live=0
SLIME_CLOCK served task=3 label=44 result=172175274 live=0
SLIME_CLOCK served task=2 label=44 result=172186329 live=0
SLIME_CLOCK served task=3 label=44 result=172198061 live=0
SLIME_CLOCK served task=2 label=44 result=172209156 live=0
SLIME_CLOCK served task=3 label=44 result=172220898 live=0
SLIME_CLOCK served task=2 label=44 result=172231655 live=0
SLIME_CLOCK served task=3 label=44 result=172244230 live=0
SLIME_CLOCK served task=2 label=44 result=172259198 live=0
SLIME_CLOCK served task=3 label=44 result=172277037 live=0
SLIME_CLOCK served task=2 label=44 result=172291392 live=0
SLIME_CLOCK served task=3 label=44 result=172301688 live=0
SLIME_CLOCK served task=2 label=44 result=172313542 live=0
SLIME_CLOCK served task=3 label=44 result=172328790 live=0
SLIME_CLOCK served task=2 label=44 result=172343500 live=0
SLIME_CLOCK served task=3 label=44 result=172359027 live=0
SLIME_CLOCK served task=2 label=44 result=172385027 live=0
SLIME_CLOCK served task=3 label=44 result=172401362 live=0
SLIME_CLOCK served task=2 label=44 result=172413201 live=0
SLIME_CLOCK served task=3 label=44 result=172424127 live=0
SLIME_CLOCK served task=2 label=44 result=172434991 live=0
SLIME_CLOCK served task=3 label=44 result=172446174 live=0
SLIME_CLOCK served task=2 label=44 result=172456360 live=0
SLIME_CLOCK served task=3 label=44 result=172467619 live=0
SLIME_CLOCK served task=2 label=44 result=172478184 live=0
SLIME_CLOCK served task=3 label=44 result=172489499 live=0
SLIME_CLOCK served task=2 label=44 result=172500162 live=0
SLIME_CLOCK served task=3 label=44 result=172511816 live=0
SLIME_CLOCK served task=2 label=44 result=172522331 live=0
SLIME_CLOCK served task=3 label=44 result=172535200 live=0
SLIME_CLOCK served task=2 label=44 result=172545991 live=0
SLIME_CLOCK served task=3 label=44 result=172557374 live=0
SLIME_CLOCK served task=2 label=44 result=172568144 live=0
SLIME_CLOCK served task=3 label=44 result=172581567 live=0
SLIME_CLOCK served task=2 label=44 result=172593818 live=0
SLIME_CLOCK served task=3 label=44 result=172603956 live=0
SLIME_CLOCK served task=2 label=44 result=172613475 live=0
SLIME_CLOCK served task=3 label=44 result=172623990 live=0
SLIME_CLOCK served task=2 label=44 result=172633505 live=0
SLIME_CLOCK served task=3 label=44 result=172643636 live=0
SLIME_CLOCK served task=2 label=44 result=172653193 live=0
SLIME_CLOCK served task=3 label=44 result=172667292 live=0
SLIME_CLOCK served task=2 label=44 result=172677870 live=0
SLIME_CLOCK served task=3 label=44 result=172689024 live=0
SLIME_CLOCK served task=2 label=44 result=172699706 live=0
SLIME_CLOCK served task=3 label=44 result=172710961 live=0
SLIME_CLOCK served task=2 label=44 result=172721406 live=0
SLIME_CLOCK served task=3 label=44 result=172732779 live=0
SLIME_CLOCK served task=2 label=44 result=172745251 live=0
SLIME_CLOCK served task=3 label=44 result=172757995 live=0
SLIME_CLOCK served task=2 label=44 result=172770064 live=0
SLIME_CLOCK served task=3 label=44 result=172782631 live=0
SLIME_CLOCK served task=2 label=44 result=172796304 live=0
SLIME_CLOCK served task=3 label=44 result=172813177 live=0
SLIME_CLOCK served task=2 label=44 result=172827829 live=0
SLIME_CLOCK served task=3 label=44 result=172842394 live=0
SLIME_CLOCK served task=2 label=44 result=172852665 live=0
SLIME_CLOCK served task=3 label=44 result=172866308 live=0
SLIME_CLOCK served task=2 label=44 result=172881187 live=0
SLIME_CLOCK served task=3 label=44 result=172897064 live=0
SLIME_CLOCK served task=2 label=44 result=172914512 live=0
SLIME_CLOCK served task=3 label=44 result=172933788 live=0
SLIME_CLOCK served task=2 label=44 result=172949887 live=0
SLIME_CLOCK served task=3 label=44 result=172961686 live=0
SLIME_CLOCK served task=2 label=44 result=172972117 live=0
SLIME_CLOCK served task=3 label=44 result=172983469 live=0
SLIME_CLOCK served task=2 label=44 result=172994038 live=0
SLIME_CLOCK served task=3 label=44 result=173004977 live=0
SLIME_CLOCK served task=2 label=44 result=173015417 live=0
SLIME_CLOCK served task=3 label=44 result=173026790 live=0
SLIME_CLOCK served task=2 label=44 result=173037056 live=0
SLIME_CLOCK served task=3 label=44 result=173049348 live=0
SLIME_CLOCK served task=2 label=44 result=173059819 live=0
SLIME_CLOCK served task=3 label=44 result=173070742 live=0
SLIME_CLOCK served task=2 label=44 result=173081446 live=0
SLIME_CLOCK served task=3 label=44 result=173093355 live=0
SLIME_CLOCK served task=2 label=44 result=173103655 live=0
SLIME_CLOCK served task=3 label=44 result=173114386 live=0
SLIME_CLOCK served task=2 label=44 result=173125570 live=0
SLIME_CLOCK served task=3 label=44 result=173137020 live=0
SLIME_CLOCK served task=2 label=44 result=173147375 live=0
SLIME_CLOCK served task=3 label=44 result=173158443 live=0
SLIME_CLOCK served task=2 label=44 result=173170725 live=0
SLIME_CLOCK served task=3 label=44 result=173182153 live=0
SLIME_CLOCK served task=2 label=44 result=173192814 live=0
SLIME_CLOCK served task=3 label=44 result=173204267 live=0
SLIME_CLOCK served task=2 label=44 result=173215007 live=0
SLIME_CLOCK served task=3 label=44 result=173227041 live=0
SLIME_CLOCK served task=2 label=44 result=173237427 live=0
SLIME_CLOCK served task=3 label=44 result=173248853 live=0
SLIME_CLOCK served task=2 label=44 result=173259617 live=0
SLIME_CLOCK served task=3 label=44 result=173271544 live=0
SLIME_CLOCK served task=2 label=44 result=173281808 live=0
SLIME_CLOCK served task=2 label=44 result=173293996 live=0
SLIME_CLOCK served task=3 label=44 result=173307026 live=0
SLIME_CLOCK served task=2 label=44 result=173320313 live=0
SLIME_CLOCK served task=3 label=44 result=173336291 live=0
SLIME_CLOCK served task=2 label=44 result=173349191 live=0
SLIME_CLOCK served task=3 label=44 result=173364155 live=0
SLIME_CLOCK served task=2 label=44 result=173379043 live=0
SLIME_CLOCK served task=3 label=44 result=173393654 live=0
SLIME_CLOCK served task=2 label=44 result=173407080 live=0
SLIME_CLOCK served task=3 label=44 result=173425032 live=0
SLIME_CLOCK served task=2 label=44 result=173449147 live=0
SLIME_CLOCK served task=3 label=44 result=173464775 live=0
SLIME_CLOCK served task=2 label=44 result=173479364 live=0
SLIME_CLOCK served task=3 label=44 result=173495228 live=0
SLIME_CLOCK served task=2 label=44 result=173509728 live=0
SLIME_CLOCK served task=3 label=44 result=173524954 live=0
SLIME_CLOCK served task=2 label=44 result=173540038 live=0
SLIME_CLOCK served task=3 label=44 result=173559351 live=0
SLIME_CLOCK served task=2 label=44 result=173575427 live=0
SLIME_CLOCK served task=3 label=44 result=173592444 live=0
SLIME_CLOCK served task=2 label=44 result=173608600 live=0
SLIME_CLOCK served task=3 label=44 result=173626918 live=0
SLIME_CLOCK served task=2 label=44 result=173643066 live=0
SLIME_CLOCK served task=3 label=44 result=173660469 live=0
SLIME_CLOCK served task=2 label=44 result=173678469 live=0
SLIME_CLOCK served task=3 label=44 result=173697224 live=0
SLIME_CLOCK served task=2 label=44 result=173713517 live=0
SLIME_CLOCK served task=3 label=44 result=173730175 live=0
SLIME_CLOCK served task=2 label=44 result=173747206 live=0
SLIME_CLOCK served task=3 label=44 result=173765285 live=0
SLIME_CLOCK served task=2 label=44 result=173781736 live=0
SLIME_CLOCK served task=3 label=44 result=173799495 live=0
SLIME_CLOCK served task=2 label=44 result=173818105 live=0
SLIME_CLOCK served task=3 label=44 result=173836019 live=0
SLIME_CLOCK served task=2 label=44 result=173852129 live=0
SLIME_CLOCK served task=3 label=44 result=173870084 live=0
SLIME_CLOCK served task=2 label=44 result=173887320 live=0
SLIME_CLOCK served task=3 label=44 result=173905977 live=0
SLIME_CLOCK served task=2 label=44 result=173925099 live=0
SLIME_CLOCK served task=3 label=44 result=173947358 live=0
SLIME_CLOCK served task=2 label=44 result=173965002 live=0
SLIME_CLOCK served task=3 label=44 result=173981277 live=0
SLIME_CLOCK served task=2 label=44 result=173995849 live=0
SLIME_CLOCK served task=3 label=44 result=174006491 live=0
SLIME_CLOCK served task=2 label=44 result=174017097 live=0
SLIME_CLOCK served task=3 label=44 result=174028624 live=0
SLIME_CLOCK served task=2 label=44 result=174038740 live=0
SLIME_CLOCK served task=3 label=44 result=174049481 live=0
SLIME_CLOCK served task=2 label=44 result=174063802 live=0
SLIME_CLOCK served task=3 label=44 result=174077150 live=0
SLIME_CLOCK served task=2 label=44 result=174091298 live=0
SLIME_CLOCK served task=3 label=44 result=174103443 live=0
SLIME_CLOCK served task=2 label=44 result=174115016 live=0
SLIME_CLOCK served task=3 label=44 result=174127437 live=0
SLIME_CLOCK served task=2 label=44 result=174139311 live=0
SLIME_CLOCK served task=3 label=44 result=174150902 live=0
SLIME_CLOCK served task=2 label=44 result=174162391 live=0
SLIME_CLOCK served task=3 label=44 result=174174326 live=0
SLIME_CLOCK served task=2 label=44 result=174187860 live=0
SLIME_CLOCK served task=3 label=44 result=174199908 live=0
SLIME_CLOCK served task=2 label=44 result=174211380 live=0
SLIME_CLOCK served task=3 label=44 result=174223191 live=0
SLIME_CLOCK served task=2 label=44 result=174234724 live=0
SLIME_CLOCK served task=3 label=44 result=174247909 live=0
SLIME_CLOCK served task=2 label=44 result=174260330 live=0
SLIME_CLOCK served task=3 label=44 result=174272132 live=0
SLIME_CLOCK served task=2 label=44 result=174284035 live=0
SLIME_CLOCK served task=3 label=44 result=174296224 live=0
SLIME_CLOCK served task=2 label=44 result=174308797 live=0
SLIME_CLOCK served task=3 label=44 result=174323051 live=0
SLIME_CLOCK served task=2 label=44 result=174334452 live=0
SLIME_CLOCK served task=3 label=44 result=174346579 live=0
SLIME_CLOCK served task=2 label=44 result=174358426 live=0
SLIME_CLOCK served task=3 label=44 result=174371409 live=0
SLIME_CLOCK served task=2 label=44 result=174382972 live=0
SLIME_CLOCK served task=3 label=44 result=174395093 live=0
SLIME_CLOCK served task=2 label=44 result=174406423 live=0
SLIME_CLOCK served task=3 label=44 result=174418164 live=0
SLIME_CLOCK served task=2 label=44 result=174429497 live=0
SLIME_CLOCK served task=3 label=44 result=174445811 live=0
SLIME_CLOCK served task=2 label=44 result=174461134 live=0
SLIME_CLOCK served task=3 label=44 result=174478534 live=0
SLIME_CLOCK served task=2 label=44 result=174494452 live=0
SLIME_CLOCK served task=3 label=44 result=174510968 live=0
SLIME_CLOCK served task=2 label=44 result=174524731 live=0
SLIME_CLOCK served task=3 label=44 result=174540185 live=0
SLIME_CLOCK served task=2 label=44 result=174555740 live=0
SLIME_CLOCK served task=3 label=44 result=174583920 live=0
SLIME_CLOCK served task=2 label=44 result=174600978 live=0
SLIME_CLOCK served task=3 label=44 result=174619046 live=0
SLIME_CLOCK served task=2 label=44 result=174635663 live=0
SLIME_CLOCK served task=3 label=44 result=174653369 live=0
SLIME_CLOCK served task=2 label=44 result=174669418 live=0
SLIME_CLOCK served task=3 label=44 result=174686190 live=0
SLIME_CLOCK served task=2 label=44 result=174704921 live=0
SLIME_CLOCK served task=3 label=44 result=174722479 live=0
SLIME_CLOCK served task=2 label=44 result=174738641 live=0
SLIME_CLOCK served task=3 label=44 result=174756110 live=0
SLIME_CLOCK served task=2 label=44 result=174772408 live=0
SLIME_CLOCK served task=3 label=44 result=174789508 live=0
SLIME_CLOCK served task=2 label=44 result=174806239 live=0
SLIME_CLOCK served task=3 label=44 result=174824709 live=0
SLIME_CLOCK served task=2 label=44 result=174841332 live=0
SLIME_CLOCK served task=3 label=44 result=174858503 live=0
SLIME_CLOCK served task=2 label=44 result=174875916 live=0
SLIME_CLOCK served task=3 label=44 result=174893160 live=0
SLIME_CLOCK served task=2 label=44 result=174909429 live=0
SLIME_CLOCK served task=3 label=44 result=174926762 live=0
SLIME_CLOCK served task=2 label=44 result=174943393 live=0
SLIME_CLOCK served task=3 label=44 result=174962219 live=0
SLIME_CLOCK served task=2 label=44 result=174980234 live=0
SLIME_CLOCK served task=3 label=44 result=174999508 live=0
SLIME_CLOCK served task=2 label=44 result=175015897 live=0
SLIME_CLOCK served task=3 label=44 result=175032583 live=0
SLIME_CLOCK served task=2 label=44 result=175047254 live=0
SLIME_CLOCK served task=3 label=44 result=175063900 live=0
SLIME_CLOCK served task=2 label=44 result=175087872 live=0
SLIME_CLOCK served task=3 label=44 result=175103601 live=0
SLIME_CLOCK served task=2 label=44 result=175117179 live=0
SLIME_CLOCK served task=3 label=44 result=175129591 live=0
SLIME_CLOCK served task=2 label=44 result=175139243 live=0
SLIME_CLOCK served task=3 label=44 result=175149412 live=0
SLIME_CLOCK served task=2 label=44 result=175162210 live=0
SLIME_CLOCK served task=3 label=44 result=175177542 live=0
SLIME_CLOCK served task=2 label=44 result=175191242 live=0
SLIME_CLOCK served task=3 label=44 result=175203951 live=0
SLIME_CLOCK served task=2 label=44 result=175215887 live=0
SLIME_CLOCK served task=3 label=44 result=175228776 live=0
SLIME_CLOCK served task=2 label=44 result=175240921 live=0
SLIME_CLOCK served task=3 label=44 result=175253192 live=0
SLIME_CLOCK served task=2 label=44 result=175265658 live=0
SLIME_CLOCK served task=3 label=44 result=175278461 live=0
SLIME_CLOCK served task=2 label=44 result=175290747 live=0
SLIME_CLOCK served task=3 label=44 result=175303920 live=0
SLIME_CLOCK served task=2 label=44 result=175316255 live=0
SLIME_CLOCK served task=3 label=44 result=175330303 live=0
SLIME_CLOCK served task=2 label=44 result=175342785 live=0
SLIME_CLOCK served task=3 label=44 result=175355904 live=0
SLIME_CLOCK served task=2 label=44 result=175368693 live=0
SLIME_CLOCK served task=3 label=44 result=175381666 live=0
SLIME_CLOCK served task=2 label=44 result=175393849 live=0
SLIME_CLOCK served task=3 label=44 result=175406722 live=0
SLIME_CLOCK served task=2 label=44 result=175419115 live=0
SLIME_CLOCK served task=3 label=44 result=175432272 live=0
SLIME_CLOCK served task=2 label=44 result=175444332 live=0
SLIME_CLOCK served task=3 label=44 result=175458142 live=0
SLIME_CLOCK served task=2 label=44 result=175470489 live=0
SLIME_CLOCK served task=3 label=44 result=175483685 live=0
SLIME_CLOCK served task=2 label=44 result=175496473 live=0
SLIME_CLOCK served task=3 label=44 result=175509798 live=0
SLIME_CLOCK served task=2 label=44 result=175522284 live=0
SLIME_CLOCK served task=3 label=44 result=175535401 live=0
SLIME_CLOCK served task=2 label=44 result=175549294 live=0
SLIME_CLOCK served task=3 label=44 result=175565120 live=0
SLIME_CLOCK served task=2 label=44 result=175578770 live=0
SLIME_CLOCK served task=3 label=44 result=175599183 live=0
SLIME_CLOCK served task=2 label=44 result=175616124 live=0
SLIME_CLOCK served task=3 label=44 result=175633960 live=0
SLIME_CLOCK served task=2 label=44 result=175650806 live=0
SLIME_CLOCK served task=3 label=44 result=175668058 live=0
SLIME_CLOCK served task=2 label=44 result=175685348 live=0
SLIME_CLOCK served task=3 label=44 result=175702550 live=0
SLIME_CLOCK served task=2 label=44 result=175720614 live=0
SLIME_CLOCK served task=3 label=44 result=175737956 live=0
SLIME_CLOCK served task=2 label=44 result=175754948 live=0
SLIME_CLOCK served task=3 label=44 result=175772245 live=0
SLIME_CLOCK served task=2 label=44 result=175788933 live=0
SLIME_CLOCK served task=3 label=44 result=175806424 live=0
SLIME_CLOCK served task=2 label=44 result=175823032 live=0
SLIME_CLOCK served task=3 label=44 result=175841793 live=0
SLIME_CLOCK served task=2 label=44 result=175858690 live=0
SLIME_CLOCK served task=3 label=44 result=175877150 live=0
SLIME_CLOCK served task=2 label=44 result=175891615 live=0
SLIME_CLOCK served task=3 label=44 result=175907312 live=0
SLIME_CLOCK served task=2 label=44 result=175919740 live=0
SLIME_CLOCK served task=3 label=44 result=175933219 live=0
SLIME_CLOCK served task=2 label=44 result=175945303 live=0
SLIME_CLOCK served task=3 label=44 result=175958137 live=0
SLIME_CLOCK served task=2 label=44 result=175976776 live=0
SLIME_CLOCK served task=3 label=44 result=175991217 live=0
SLIME_CLOCK served task=2 label=44 result=176005168 live=0
SLIME_CLOCK served task=3 label=44 result=176019209 live=0
SLIME_CLOCK served task=2 label=44 result=176032457 live=0
SLIME_CLOCK served task=3 label=44 result=176046508 live=0
SLIME_CLOCK served task=2 label=44 result=176059847 live=0
SLIME_CLOCK served task=3 label=44 result=176073788 live=0
SLIME_CLOCK served task=2 label=44 result=176086869 live=0
SLIME_CLOCK served task=3 label=44 result=176102190 live=0
SLIME_CLOCK served task=2 label=44 result=176115464 live=0
SLIME_CLOCK served task=3 label=44 result=176130051 live=0
SLIME_CLOCK served task=2 label=44 result=176143057 live=0
SLIME_CLOCK served task=3 label=44 result=176156668 live=0
SLIME_CLOCK served task=2 label=44 result=176169632 live=0
SLIME_CLOCK served task=3 label=44 result=176183529 live=0
SLIME_CLOCK served task=2 label=44 result=176196965 live=0
SLIME_CLOCK served task=3 label=44 result=176210633 live=0
SLIME_CLOCK served task=2 label=44 result=176225036 live=0
SLIME_CLOCK served task=3 label=44 result=176238817 live=0
SLIME_CLOCK served task=2 label=44 result=176252156 live=0
SLIME_CLOCK served task=3 label=44 result=176265833 live=0
SLIME_CLOCK served task=2 label=44 result=176278963 live=0
SLIME_CLOCK served task=3 label=44 result=176292656 live=0
SLIME_CLOCK served task=2 label=44 result=176305889 live=0
SLIME_CLOCK served task=3 label=44 result=176319837 live=0
SLIME_CLOCK served task=2 label=44 result=176333032 live=0
SLIME_CLOCK served task=3 label=44 result=176355239 live=0
SLIME_CLOCK served task=2 label=44 result=176367652 live=0
SLIME_CLOCK served task=3 label=44 result=176381315 live=0
SLIME_CLOCK served task=2 label=44 result=176391498 live=0
SLIME_CLOCK served task=3 label=44 result=176402452 live=0
SLIME_CLOCK served task=2 label=44 result=176416837 live=0
SLIME_CLOCK served task=3 label=44 result=176433252 live=0
SLIME_CLOCK served task=2 label=44 result=176448142 live=0
SLIME_CLOCK served task=3 label=44 result=176464020 live=0
SLIME_CLOCK served task=2 label=44 result=176480215 live=0
SLIME_CLOCK served task=3 label=44 result=176491635 live=0
SLIME_CLOCK served task=2 label=44 result=176502726 live=0
SLIME_CLOCK served task=3 label=44 result=176514101 live=0
SLIME_CLOCK served task=2 label=44 result=176525473 live=0
SLIME_CLOCK served task=3 label=44 result=176538084 live=0
SLIME_CLOCK served task=2 label=44 result=176550273 live=0
SLIME_CLOCK served task=3 label=44 result=176563744 live=0
SLIME_CLOCK served task=2 label=44 result=176575424 live=0
SLIME_CLOCK served task=3 label=44 result=176587961 live=0
SLIME_CLOCK served task=2 label=44 result=176600631 live=0
SLIME_CLOCK served task=3 label=44 result=176613234 live=0
SLIME_CLOCK served task=2 label=44 result=176625957 live=0
SLIME_CLOCK served task=3 label=44 result=176639000 live=0
SLIME_CLOCK served task=2 label=44 result=176650936 live=0
SLIME_CLOCK served task=3 label=44 result=176663927 live=0
SLIME_CLOCK served task=2 label=44 result=176676027 live=0
SLIME_CLOCK served task=3 label=44 result=176689055 live=0
SLIME_CLOCK served task=2 label=44 result=176701537 live=0
SLIME_CLOCK served task=3 label=44 result=176714677 live=0
SLIME_CLOCK served task=2 label=44 result=176727875 live=0
SLIME_CLOCK served task=3 label=44 result=176740761 live=0
SLIME_CLOCK served task=2 label=44 result=176753287 live=0
SLIME_CLOCK served task=3 label=44 result=176766443 live=0
SLIME_CLOCK served task=2 label=44 result=176778976 live=0
SLIME_CLOCK served task=3 label=44 result=176791945 live=0
SLIME_CLOCK served task=2 label=44 result=176804604 live=0
SLIME_CLOCK served task=3 label=44 result=176817444 live=0
SLIME_CLOCK served task=2 label=44 result=176829912 live=0
SLIME_CLOCK served task=3 label=44 result=176843329 live=0
SLIME_CLOCK served task=2 label=44 result=176856596 live=0
SLIME_CLOCK served task=3 label=44 result=176869683 live=0
SLIME_CLOCK served task=2 label=44 result=176882111 live=0
SLIME_CLOCK served task=3 label=44 result=176896599 live=0
SLIME_CLOCK served task=2 label=44 result=176912594 live=0
SLIME_CLOCK served task=3 label=44 result=176930744 live=0
SLIME_CLOCK served task=2 label=44 result=176947039 live=0
SLIME_CLOCK served task=3 label=44 result=176963600 live=0
SLIME_CLOCK served task=2 label=44 result=176979717 live=0
SLIME_CLOCK served task=3 label=44 result=176996410 live=0
SLIME_CLOCK served task=2 label=44 result=177010359 live=0
SLIME_CLOCK served task=3 label=44 result=177022378 live=0
SLIME_CLOCK served task=2 label=44 result=177031965 live=0
SLIME_CLOCK served task=3 label=44 result=177042160 live=0
SLIME_CLOCK served task=2 label=44 result=177051731 live=0
SLIME_CLOCK served task=3 label=44 result=177062413 live=0
SLIME_CLOCK served task=2 label=44 result=177071961 live=0
SLIME_CLOCK served task=3 label=44 result=177082113 live=0
SLIME_CLOCK served task=2 label=44 result=177091669 live=0
SLIME_CLOCK served task=3 label=44 result=177104041 live=0
SLIME_CLOCK served task=2 label=44 result=177121014 live=0
SLIME_CLOCK served task=3 label=44 result=177138145 live=0
SLIME_CLOCK served task=2 label=44 result=177154748 live=0
SLIME_CLOCK served task=3 label=44 result=177172112 live=0
SLIME_CLOCK served task=2 label=44 result=177189335 live=0
SLIME_CLOCK served task=3 label=44 result=177206641 live=0
SLIME_CLOCK served task=2 label=44 result=177223341 live=0
SLIME_CLOCK served task=3 label=44 result=177241771 live=0
SLIME_CLOCK served task=2 label=44 result=177256081 live=0
SLIME_CLOCK served task=3 label=44 result=177267564 live=0
SLIME_CLOCK served task=2 label=44 result=177278098 live=0
SLIME_CLOCK served task=3 label=44 result=177289212 live=0
SLIME_CLOCK served task=2 label=44 result=177299625 live=0
SLIME_CLOCK served task=3 label=44 result=177312076 live=0
SLIME_CLOCK served task=2 label=44 result=177325091 live=0
SLIME_CLOCK served task=3 label=44 result=177338627 live=0
SLIME_CLOCK served task=2 label=44 result=177351703 live=0
SLIME_CLOCK served task=3 label=44 result=177368545 live=0
SLIME_CLOCK served task=2 label=44 result=177379314 live=0
SLIME_CLOCK served task=3 label=44 result=177390416 live=0
SLIME_CLOCK served task=2 label=44 result=177400762 live=0
SLIME_CLOCK served task=3 label=44 result=177411771 live=0
SLIME_CLOCK served task=2 label=44 result=177422553 live=0
SLIME_CLOCK served task=3 label=44 result=177433625 live=0
SLIME_CLOCK served task=2 label=44 result=177446969 live=0
SLIME_CLOCK served task=3 label=44 result=177459553 live=0
SLIME_CLOCK served task=2 label=44 result=177469837 live=0
SLIME_CLOCK served task=3 label=44 result=177482914 live=0
SLIME_CLOCK served task=2 label=44 result=177496365 live=0
SLIME_CLOCK served task=3 label=44 result=177511813 live=0
SLIME_CLOCK served task=2 label=44 result=177526856 live=0
SLIME_CLOCK served task=3 label=44 result=177542832 live=0
SLIME_CLOCK served task=2 label=44 result=177558012 live=0
SLIME_CLOCK served task=3 label=44 result=177573937 live=0
SLIME_CLOCK served task=2 label=44 result=177584199 live=0
SLIME_CLOCK served task=3 label=44 result=177594360 live=0
SLIME_CLOCK served task=2 label=44 result=177603841 live=0
SLIME_CLOCK served task=3 label=44 result=177617381 live=0
SLIME_CLOCK served task=2 label=44 result=177628175 live=0
SLIME_CLOCK served task=3 label=44 result=177639526 live=0
SLIME_CLOCK served task=2 label=44 result=177650228 live=0
SLIME_CLOCK served task=3 label=44 result=177661108 live=0
SLIME_CLOCK served task=2 label=44 result=177671628 live=0
SLIME_CLOCK served task=3 label=44 result=177683410 live=0
SLIME_CLOCK served task=2 label=44 result=177694087 live=0
SLIME_CLOCK served task=3 label=44 result=177705280 live=0
SLIME_CLOCK served task=2 label=44 result=177716128 live=0
SLIME_CLOCK served task=3 label=44 result=177727236 live=0
SLIME_CLOCK served task=2 label=44 result=177739225 live=0
SLIME_CLOCK served task=3 label=44 result=177750771 live=0
SLIME_CLOCK served task=2 label=44 result=177761217 live=0
SLIME_CLOCK served task=3 label=44 result=177772625 live=0
SLIME_CLOCK served task=2 label=44 result=177783009 live=0
SLIME_CLOCK served task=3 label=44 result=177794287 live=0
SLIME_CLOCK served task=2 label=44 result=177805095 live=0
SLIME_CLOCK served task=3 label=44 result=177816900 live=0
SLIME_CLOCK served task=2 label=44 result=177827411 live=0
SLIME_CLOCK served task=3 label=44 result=177838504 live=0
SLIME_CLOCK served task=2 label=44 result=177848707 live=0
SLIME_CLOCK served task=3 label=44 result=177859484 live=0
SLIME_CLOCK served task=2 label=44 result=177871487 live=0
SLIME_CLOCK served task=3 label=44 result=177882692 live=0
SLIME_CLOCK served task=2 label=44 result=177893423 live=0
SLIME_CLOCK served task=3 label=44 result=177904767 live=0
SLIME_CLOCK served task=2 label=44 result=177915502 live=0
SLIME_CLOCK served task=3 label=44 result=177926637 live=0
SLIME_CLOCK served task=2 label=44 result=177937590 live=0
SLIME_CLOCK served task=3 label=44 result=177948881 live=0
SLIME_CLOCK served task=2 label=44 result=177959162 live=0
SLIME_CLOCK served task=3 label=44 result=177970636 live=0
SLIME_CLOCK served task=2 label=44 result=177984165 live=0
SLIME_CLOCK served task=3 label=44 result=178003963 live=0
SLIME_CLOCK served task=2 label=44 result=178020067 live=0
SLIME_CLOCK served task=3 label=44 result=178036891 live=0
SLIME_CLOCK served task=2 label=44 result=178051864 live=0
SLIME_CLOCK served task=3 label=44 result=178067269 live=0
SLIME_CLOCK served task=2 label=44 result=178081205 live=0
SLIME_CLOCK served task=3 label=44 result=178096114 live=0
SLIME_CLOCK served task=2 label=44 result=178106702 live=0
SLIME_CLOCK served task=3 label=44 result=178120292 live=0
SLIME_CLOCK served task=2 label=44 result=178133265 live=0
SLIME_CLOCK served task=3 label=44 result=178146323 live=0
SLIME_CLOCK served task=2 label=44 result=178158949 live=0
SLIME_CLOCK served task=3 label=44 result=178172361 live=0
SLIME_CLOCK served task=2 label=44 result=178185226 live=0
SLIME_CLOCK served task=3 label=44 result=178198673 live=0
SLIME_CLOCK served task=2 label=44 result=178211476 live=0
SLIME_CLOCK served task=3 label=44 result=178224135 live=0
SLIME_CLOCK served task=2 label=44 result=178236910 live=0
SLIME_CLOCK served task=3 label=44 result=178252533 live=0
SLIME_CLOCK served task=2 label=44 result=178265097 live=0
SLIME_CLOCK served task=3 label=44 result=178277939 live=0
SLIME_CLOCK served task=2 label=44 result=178290224 live=0
SLIME_CLOCK served task=3 label=44 result=178303262 live=0
SLIME_CLOCK served task=2 label=44 result=178315539 live=0
SLIME_CLOCK served task=3 label=44 result=178328451 live=0
SLIME_CLOCK served task=2 label=44 result=178340567 live=0
SLIME_CLOCK served task=3 label=44 result=178353652 live=0
SLIME_CLOCK served task=2 label=44 result=178365877 live=0
SLIME_CLOCK served task=3 label=44 result=178380578 live=0
SLIME_CLOCK served task=2 label=44 result=178393321 live=0
SLIME_CLOCK served task=3 label=44 result=178406287 live=0
SLIME_CLOCK served task=2 label=44 result=178418752 live=0
SLIME_CLOCK served task=3 label=44 result=178432721 live=0
SLIME_CLOCK served task=2 label=44 result=178445667 live=0
SLIME_CLOCK served task=3 label=44 result=178458704 live=0
SLIME_CLOCK served task=2 label=44 result=178471479 live=0
SLIME_CLOCK served task=3 label=44 result=178484415 live=0
SLIME_CLOCK served task=2 label=44 result=178497028 live=0
SLIME_CLOCK served task=3 label=44 result=178513987 live=0
SLIME_CLOCK served task=2 label=44 result=178528235 live=0
SLIME_CLOCK served task=3 label=44 result=178539120 live=0
SLIME_CLOCK served task=2 label=44 result=178549313 live=0
SLIME_CLOCK served task=3 label=44 result=178560390 live=0
SLIME_CLOCK served task=2 label=44 result=178573466 live=0
SLIME_CLOCK served task=3 label=44 result=178589327 live=0
SLIME_CLOCK served task=2 label=44 result=178604083 live=0
SLIME_CLOCK served task=3 label=44 result=178620258 live=0
SLIME_CLOCK served task=2 label=44 result=178639376 live=0
SLIME_CLOCK served task=3 label=44 result=178657539 live=0
SLIME_CLOCK served task=2 label=44 result=178673990 live=0
SLIME_CLOCK served task=3 label=44 result=178687605 live=0
SLIME_CLOCK served task=2 label=44 result=178699801 live=0
SLIME_CLOCK served task=3 label=44 result=178711603 live=0
SLIME_CLOCK served task=2 label=44 result=178722343 live=0
SLIME_CLOCK served task=3 label=44 result=178733717 live=0
SLIME_CLOCK served task=2 label=44 result=178744980 live=0
SLIME_CLOCK served task=3 label=44 result=178757836 live=0
SLIME_CLOCK served task=2 label=44 result=178768734 live=0
SLIME_CLOCK served task=3 label=44 result=178780378 live=0
SLIME_CLOCK served task=2 label=44 result=178791104 live=0
SLIME_CLOCK served task=3 label=44 result=178802577 live=0
SLIME_CLOCK served task=2 label=44 result=178813469 live=0
SLIME_CLOCK served task=3 label=44 result=178824892 live=0
SLIME_CLOCK served task=2 label=44 result=178835804 live=0
SLIME_CLOCK served task=3 label=44 result=178847051 live=0
SLIME_CLOCK served task=2 label=44 result=178857835 live=0
SLIME_CLOCK served task=3 label=44 result=178869215 live=0
SLIME_CLOCK served task=2 label=44 result=178880167 live=0
SLIME_CLOCK served task=3 label=44 result=178892797 live=0
SLIME_CLOCK served task=2 label=44 result=178903223 live=0
SLIME_CLOCK served task=3 label=44 result=178917504 live=0
SLIME_CLOCK served task=2 label=44 result=178933937 live=0
SLIME_CLOCK served task=3 label=44 result=178948801 live=0
SLIME_CLOCK served task=2 label=44 result=178960549 live=0
SLIME_CLOCK served task=3 label=44 result=178972780 live=0
SLIME_CLOCK served task=2 label=44 result=178984386 live=0
SLIME_CLOCK served task=3 label=44 result=178996568 live=0
SLIME_CLOCK served task=2 label=44 result=179008844 live=0
SLIME_CLOCK served task=3 label=44 result=179021071 live=0
SLIME_CLOCK served task=2 label=44 result=179032531 live=0
SLIME_CLOCK served task=3 label=44 result=179047546 live=0
SLIME_CLOCK served task=2 label=44 result=179061641 live=0
SLIME_CLOCK served task=3 label=44 result=179077589 live=0
SLIME_CLOCK served task=2 label=44 result=179092572 live=0
SLIME_CLOCK served task=3 label=44 result=179107670 live=0
SLIME_CLOCK served task=2 label=44 result=179122556 live=0
SLIME_CLOCK served task=3 label=44 result=179140795 live=0
SLIME_CLOCK served task=2 label=44 result=179168055 live=0
SLIME_CLOCK served task=3 label=44 result=179184767 live=0
SLIME_CLOCK served task=2 label=44 result=179196546 live=0
SLIME_CLOCK served task=3 label=44 result=179211545 live=0
SLIME_CLOCK served task=2 label=44 result=179222991 live=0
SLIME_CLOCK served task=3 label=44 result=179234893 live=0
SLIME_CLOCK served task=2 label=44 result=179246681 live=0
SLIME_CLOCK served task=3 label=44 result=179258842 live=0
SLIME_CLOCK served task=2 label=44 result=179271713 live=0
SLIME_CLOCK served task=3 label=44 result=179283957 live=0
SLIME_CLOCK served task=2 label=44 result=179295538 live=0
SLIME_CLOCK served task=3 label=44 result=179308038 live=0
SLIME_CLOCK served task=2 label=44 result=179319603 live=0
SLIME_CLOCK served task=3 label=44 result=179332050 live=0
SLIME_CLOCK served task=2 label=44 result=179343607 live=0
SLIME_CLOCK served task=3 label=44 result=179355882 live=0
SLIME_CLOCK served task=2 label=44 result=179367943 live=0
SLIME_CLOCK served task=3 label=44 result=179380571 live=0
SLIME_CLOCK served task=2 label=44 result=179393126 live=0
SLIME_CLOCK served task=3 label=44 result=179405270 live=0
SLIME_CLOCK served task=2 label=44 result=179416764 live=0
SLIME_CLOCK served task=3 label=44 result=179428887 live=0
SLIME_CLOCK served task=2 label=44 result=179440309 live=0
SLIME_CLOCK served task=3 label=44 result=179452362 live=0
SLIME_CLOCK served task=2 label=44 result=179463866 live=0
SLIME_CLOCK served task=3 label=44 result=179475845 live=0
SLIME_CLOCK served task=2 label=44 result=179487275 live=0
SLIME_CLOCK served task=3 label=44 result=179499366 live=0
SLIME_CLOCK served task=2 label=44 result=179510749 live=0
SLIME_CLOCK served task=3 label=44 result=179523691 live=0
SLIME_CLOCK served task=2 label=44 result=179535028 live=0
SLIME_CLOCK served task=3 label=44 result=179547064 live=0
SLIME_CLOCK served task=2 label=44 result=179558783 live=0
SLIME_CLOCK served task=3 label=44 result=179571726 live=0
SLIME_CLOCK served task=2 label=44 result=179585023 live=0
SLIME_CLOCK served task=3 label=44 result=179600560 live=0
SLIME_CLOCK served task=2 label=44 result=179615558 live=0
SLIME_CLOCK served task=3 label=44 result=179631688 live=0
SLIME_CLOCK served task=2 label=44 result=179658302 live=0
SLIME_CLOCK served task=3 label=44 result=179679653 live=0
SLIME_CLOCK served task=2 label=44 result=179694933 live=0
SLIME_CLOCK served task=3 label=44 result=179710844 live=0
SLIME_CLOCK served task=2 label=44 result=179720531 live=0
SLIME_CLOCK served task=3 label=44 result=179730670 live=0
SLIME_CLOCK served task=2 label=44 result=179740225 live=0
SLIME_CLOCK served task=3 label=44 result=179753897 live=0
SLIME_CLOCK served task=2 label=44 result=179763446 live=0
SLIME_CLOCK served task=3 label=44 result=179776349 live=0
SLIME_CLOCK served task=2 label=44 result=179786906 live=0
SLIME_CLOCK served task=3 label=44 result=179798029 live=0
SLIME_CLOCK served task=2 label=44 result=179809166 live=0
SLIME_CLOCK served task=3 label=44 result=179821082 live=0
SLIME_CLOCK served task=2 label=44 result=179831472 live=0
SLIME_CLOCK served task=3 label=44 result=179843287 live=0
SLIME_CLOCK served task=2 label=44 result=179853823 live=0
SLIME_CLOCK served task=3 label=44 result=179865065 live=0
SLIME_CLOCK served task=2 label=44 result=179876321 live=0
SLIME_CLOCK served task=3 label=44 result=179887378 live=0
SLIME_CLOCK served task=2 label=44 result=179898746 live=0
SLIME_CLOCK served task=3 label=44 result=179910069 live=0
SLIME_CLOCK served task=2 label=44 result=179920619 live=0
SLIME_CLOCK served task=3 label=44 result=179931643 live=0
SLIME_CLOCK served task=2 label=44 result=179941873 live=0
SLIME_CLOCK served task=3 label=44 result=179953373 live=0
SLIME_CLOCK served task=2 label=44 result=179964093 live=0
SLIME_CLOCK served task=3 label=44 result=179974962 live=0
SLIME_CLOCK served task=2 label=44 result=179985514 live=0
SLIME_CLOCK served task=3 label=44 result=180001802 live=0
SLIME_CLOCK served task=2 label=44 result=180016681 live=0
SLIME_CLOCK served task=3 label=44 result=180033657 live=0
SLIME_CLOCK served task=2 label=44 result=180047664 live=0
SLIME_CLOCK served task=3 label=44 result=180063019 live=0
SLIME_CLOCK served task=2 label=44 result=180074267 live=0
SLIME_CLOCK served task=3 label=44 result=180086574 live=0
SLIME_CLOCK served task=2 label=44 result=180100967 live=0
SLIME_CLOCK served task=3 label=44 result=180113361 live=0
SLIME_CLOCK served task=2 label=44 result=180129192 live=0
SLIME_CLOCK served task=3 label=44 result=180145490 live=0
SLIME_CLOCK served task=2 label=44 result=180165666 live=0
SLIME_CLOCK served task=3 label=44 result=180181483 live=0
SLIME_CLOCK served task=2 label=44 result=180196533 live=0
SLIME_CLOCK served task=3 label=44 result=180212695 live=0
SLIME_CLOCK served task=2 label=44 result=180227791 live=0
SLIME_CLOCK served task=3 label=44 result=180244185 live=0
SLIME_CLOCK served task=2 label=44 result=180259832 live=0
SLIME_CLOCK served task=3 label=44 result=180278205 live=0
SLIME_CLOCK served task=2 label=44 result=180294432 live=0
SLIME_CLOCK served task=3 label=44 result=180311938 live=0
SLIME_CLOCK served task=2 label=44 result=180328325 live=0
SLIME_CLOCK served task=3 label=44 result=180345476 live=0
SLIME_CLOCK served task=2 label=44 result=180363675 live=0
SLIME_CLOCK served task=3 label=44 result=180381545 live=0
SLIME_CLOCK served task=2 label=44 result=180397843 live=0
SLIME_CLOCK served task=3 label=44 result=180417430 live=0
SLIME_CLOCK served task=2 label=44 result=180434047 live=0
SLIME_CLOCK served task=3 label=44 result=180451710 live=0
SLIME_CLOCK served task=2 label=44 result=180468794 live=0
SLIME_CLOCK served task=3 label=44 result=180486701 live=0
SLIME_CLOCK served task=2 label=44 result=180503968 live=0
SLIME_CLOCK served task=3 label=44 result=180521717 live=0
SLIME_CLOCK served task=2 label=44 result=180646417 live=0
SLIME_CLOCK served task=3 label=44 result=180668426 live=0
SLIME_CLOCK served task=2 label=44 result=180684517 live=0
SLIME_CLOCK served task=3 label=44 result=180700297 live=0
SLIME_CLOCK served task=2 label=44 result=180715196 live=0
SLIME_CLOCK served task=3 label=44 result=180730713 live=0
SLIME_CLOCK served task=2 label=44 result=180745415 live=0
SLIME_CLOCK served task=3 label=44 result=180761019 live=0
SLIME_CLOCK served task=2 label=44 result=180777732 live=0
SLIME_CLOCK served task=3 label=44 result=180801393 live=0
SLIME_CLOCK served task=2 label=44 result=180821872 live=0
SLIME_CLOCK served task=3 label=44 result=180839843 live=0
SLIME_CLOCK served task=2 label=44 result=180854561 live=0
SLIME_CLOCK served task=3 label=44 result=180870125 live=0
SLIME_CLOCK served task=2 label=44 result=180884587 live=0
SLIME_CLOCK served task=3 label=44 result=180899876 live=0
SLIME_CLOCK served task=2 label=44 result=180915793 live=0
SLIME_CLOCK served task=3 label=44 result=180931372 live=0
SLIME_CLOCK served task=2 label=44 result=180946127 live=0
SLIME_CLOCK served task=3 label=44 result=180961508 live=0
SLIME_CLOCK served task=2 label=44 result=180975814 live=0
SLIME_CLOCK served task=3 label=44 result=180991107 live=0
SLIME_CLOCK served task=2 label=44 result=181005944 live=0
SLIME_CLOCK served task=3 label=44 result=181022170 live=0
SLIME_CLOCK served task=2 label=44 result=181036559 live=0
SLIME_CLOCK served task=3 label=44 result=181053743 live=0
SLIME_CLOCK served task=2 label=44 result=181068842 live=0
SLIME_CLOCK served task=3 label=44 result=181084267 live=0
SLIME_CLOCK served task=2 label=44 result=181098913 live=0
SLIME_CLOCK served task=3 label=44 result=181114152 live=0
SLIME_CLOCK served task=2 label=44 result=181128793 live=0
SLIME_CLOCK served task=3 label=44 result=181144003 live=0
SLIME_CLOCK served task=2 label=44 result=181158884 live=0
SLIME_CLOCK served task=3 label=44 result=181175417 live=0
SLIME_CLOCK served task=2 label=44 result=181190881 live=0
SLIME_CLOCK served task=3 label=44 result=181208198 live=0
SLIME_CLOCK served task=2 label=44 result=181233296 live=0
SLIME_CLOCK served task=3 label=44 result=181249434 live=0
SLIME_CLOCK served task=2 label=44 result=181264550 live=0
SLIME_CLOCK served task=3 label=44 result=181280304 live=0
SLIME_CLOCK served task=2 label=44 result=181297721 live=0
SLIME_CLOCK served task=3 label=44 result=181310971 live=0
SLIME_CLOCK served task=2 label=44 result=181322062 live=0
SLIME_CLOCK served task=3 label=44 result=181334232 live=0
SLIME_CLOCK served task=2 label=44 result=181346488 live=0
SLIME_CLOCK served task=3 label=44 result=181359487 live=0
SLIME_CLOCK served task=2 label=44 result=181371999 live=0
SLIME_CLOCK served task=3 label=44 result=181384652 live=0
SLIME_CLOCK served task=2 label=44 result=181396734 live=0
SLIME_CLOCK served task=3 label=44 result=181410496 live=0
SLIME_CLOCK served task=2 label=44 result=181423531 live=0
SLIME_CLOCK served task=3 label=44 result=181436595 live=0
SLIME_CLOCK served task=2 label=44 result=181449155 live=0
SLIME_CLOCK served task=3 label=44 result=181462071 live=0
SLIME_CLOCK served task=2 label=44 result=181475240 live=0
SLIME_CLOCK served task=3 label=44 result=181490398 live=0
SLIME_CLOCK served task=2 label=44 result=181502666 live=0
SLIME_CLOCK served task=3 label=44 result=181515536 live=0
SLIME_CLOCK served task=2 label=44 result=181527646 live=0
SLIME_CLOCK served task=3 label=44 result=181541440 live=0
SLIME_CLOCK served task=2 label=44 result=181554704 live=0
SLIME_CLOCK served task=3 label=44 result=181567561 live=0
SLIME_CLOCK served task=2 label=44 result=181579807 live=0
SLIME_CLOCK served task=3 label=44 result=181592763 live=0
SLIME_CLOCK served task=2 label=44 result=181686351 live=0
SLIME_CLOCK served task=3 label=44 result=181699408 live=0
SLIME_CLOCK served task=2 label=44 result=181711877 live=0
SLIME_CLOCK served task=3 label=44 result=181727591 live=0
SLIME_CLOCK served task=2 label=44 result=181740542 live=0
SLIME_CLOCK served task=3 label=44 result=181753783 live=0
SLIME_CLOCK served task=2 label=44 result=181766151 live=0
SLIME_CLOCK served task=3 label=44 result=181781691 live=0
SLIME_CLOCK served task=2 label=44 result=181796282 live=0
SLIME_CLOCK served task=3 label=44 result=181817186 live=0
SLIME_CLOCK served task=2 label=44 result=181832553 live=0
SLIME_CLOCK served task=3 label=44 result=181848400 live=0
SLIME_CLOCK served task=2 label=44 result=181864795 live=0
SLIME_CLOCK served task=3 label=44 result=181877762 live=0
SLIME_CLOCK served task=2 label=44 result=181889486 live=0
SLIME_CLOCK served task=3 label=44 result=181902200 live=0
SLIME_CLOCK served task=2 label=44 result=181914133 live=0
SLIME_CLOCK served task=3 label=44 result=181926977 live=0
SLIME_CLOCK served task=2 label=44 result=181939762 live=0
SLIME_CLOCK served task=3 label=44 result=181952894 live=0
SLIME_CLOCK served task=2 label=44 result=181964270 live=0
SLIME_CLOCK served task=3 label=44 result=181976988 live=0
SLIME_CLOCK served task=2 label=44 result=181988914 live=0
SLIME_CLOCK served task=3 label=44 result=182002086 live=0
SLIME_CLOCK served task=2 label=44 result=182014781 live=0
SLIME_CLOCK served task=3 label=44 result=182027591 live=0
SLIME_CLOCK served task=2 label=44 result=182039641 live=0
SLIME_CLOCK served task=3 label=44 result=182052523 live=0
SLIME_CLOCK served task=2 label=44 result=182066487 live=0
SLIME_CLOCK served task=3 label=44 result=182079803 live=0
SLIME_CLOCK served task=2 label=44 result=182092364 live=0
SLIME_CLOCK served task=3 label=44 result=182104694 live=0
SLIME_CLOCK served task=2 label=44 result=182117167 live=0
SLIME_CLOCK served task=3 label=44 result=182130302 live=0
SLIME_CLOCK served task=2 label=44 result=182142470 live=0
SLIME_CLOCK served task=3 label=44 result=182155269 live=0
SLIME_CLOCK served task=2 label=44 result=182167493 live=0
SLIME_CLOCK served task=3 label=44 result=182180339 live=0
SLIME_CLOCK served task=2 label=44 result=182193783 live=0
SLIME_CLOCK served task=3 label=44 result=182206783 live=0
SLIME_CLOCK served task=2 label=44 result=182218948 live=0
SLIME_CLOCK served task=3 label=44 result=182231670 live=0
SLIME_CLOCK served task=2 label=44 result=182244763 live=0
SLIME_CLOCK served task=3 label=44 result=182261122 live=0
SLIME_CLOCK served task=2 label=44 result=182276164 live=0
SLIME_CLOCK served task=3 label=44 result=182292187 live=0
SLIME_CLOCK served task=2 label=44 result=182308690 live=0
SLIME_CLOCK served task=3 label=44 result=182321970 live=0
SLIME_CLOCK served task=2 label=44 result=182333004 live=0
SLIME_CLOCK served task=3 label=44 result=182344446 live=0
SLIME_CLOCK served task=2 label=44 result=182354820 live=0
SLIME_CLOCK served task=3 label=44 result=182365031 live=0
SLIME_CLOCK served task=2 label=44 result=182375027 live=0
SLIME_CLOCK served task=3 label=44 result=182386048 live=0
SLIME_CLOCK served task=2 label=44 result=182395651 live=0
SLIME_CLOCK served task=3 label=44 result=182405822 live=0
SLIME_CLOCK served task=2 label=44 result=182415428 live=0
SLIME_CLOCK served task=3 label=44 result=182425575 live=0
SLIME_CLOCK served task=2 label=44 result=182436901 live=0
SLIME_CLOCK served task=3 label=44 result=182447410 live=0
SLIME_CLOCK served task=2 label=44 result=182456965 live=0
SLIME_CLOCK served task=3 label=44 result=182467087 live=0
SLIME_CLOCK served task=2 label=44 result=182476656 live=0
SLIME_CLOCK served task=3 label=44 result=182487942 live=0
SLIME_CLOCK served task=2 label=44 result=182501506 live=0
SLIME_CLOCK served task=3 label=44 result=182517135 live=0
SLIME_CLOCK served task=2 label=44 result=182531190 live=0
SLIME_CLOCK served task=3 label=44 result=182546493 live=0
SLIME_CLOCK served task=2 label=44 result=182561957 live=0
SLIME_CLOCK served task=3 label=44 result=182577812 live=0
SLIME_CLOCK served task=2 label=44 result=182589990 live=0
SLIME_CLOCK served task=3 label=44 result=182602720 live=0
SLIME_CLOCK served task=2 label=44 result=182614686 live=0
SLIME_CLOCK served task=3 label=44 result=182627635 live=0
SLIME_CLOCK served task=2 label=44 result=182729174 live=0
SLIME_CLOCK served task=3 label=44 result=182744433 live=0
SLIME_CLOCK served task=2 label=44 result=182759169 live=0
SLIME_CLOCK served task=3 label=44 result=182774598 live=0
SLIME_CLOCK served task=2 label=44 result=182789233 live=0
SLIME_CLOCK served task=3 label=44 result=182804413 live=0
SLIME_CLOCK served task=2 label=44 result=182818809 live=0
SLIME_CLOCK served task=3 label=44 result=182834045 live=0
SLIME_CLOCK served task=2 label=44 result=182849318 live=0
SLIME_CLOCK served task=3 label=44 result=182862924 live=0
SLIME_CLOCK served task=2 label=44 result=182875353 live=0
SLIME_CLOCK served task=3 label=44 result=182888107 live=0
SLIME_CLOCK served task=2 label=44 result=182900084 live=0
SLIME_CLOCK served task=3 label=44 result=182914925 live=0
SLIME_CLOCK served task=2 label=44 result=182928908 live=0
SLIME_CLOCK served task=3 label=44 result=182943618 live=0
SLIME_CLOCK served task=2 label=44 result=182957141 live=0
SLIME_CLOCK served task=3 label=44 result=182971436 live=0
SLIME_CLOCK served task=2 label=44 result=182987323 live=0
SLIME_CLOCK served task=3 label=44 result=183001108 live=0
SLIME_CLOCK served task=2 label=44 result=183012432 live=0
SLIME_CLOCK served task=3 label=44 result=183024173 live=0
SLIME_CLOCK served task=2 label=44 result=183035159 live=0
SLIME_CLOCK served task=3 label=44 result=183046329 live=0
SLIME_CLOCK served task=2 label=44 result=183059155 live=0
SLIME_CLOCK served task=3 label=44 result=183073178 live=0
SLIME_CLOCK served task=2 label=44 result=183087756 live=0
SLIME_CLOCK served task=3 label=44 result=183107029 live=0
SLIME_CLOCK served task=2 label=44 result=183123510 live=0
SLIME_CLOCK served task=3 label=44 result=183138255 live=0
SLIME_CLOCK served task=2 label=44 result=183152648 live=0
SLIME_CLOCK served task=3 label=44 result=183167997 live=0
SLIME_CLOCK served task=2 label=44 result=183182490 live=0
SLIME_CLOCK served task=3 label=44 result=183197817 live=0
SLIME_CLOCK served task=2 label=44 result=183212156 live=0
SLIME_CLOCK served task=3 label=44 result=183227367 live=0
SLIME_CLOCK served task=2 label=44 result=183242896 live=0
SLIME_CLOCK served task=3 label=44 result=183255670 live=0
SLIME_CLOCK served task=2 label=44 result=183267780 live=0
SLIME_CLOCK served task=3 label=44 result=183280306 live=0
SLIME_CLOCK served task=2 label=44 result=183293529 live=0
SLIME_CLOCK served task=3 label=44 result=183306354 live=0
SLIME_CLOCK served task=2 label=44 result=183318334 live=0
SLIME_CLOCK served task=3 label=44 result=183330672 live=0
SLIME_CLOCK served task=2 label=44 result=183342785 live=0
SLIME_CLOCK served task=3 label=44 result=183355364 live=0
SLIME_CLOCK served task=2 label=44 result=183368892 live=0
SLIME_CLOCK served task=3 label=44 result=183381386 live=0
SLIME_CLOCK served task=2 label=44 result=183393247 live=0
SLIME_CLOCK served task=3 label=44 result=183406047 live=0
SLIME_CLOCK served task=2 label=44 result=183418082 live=0
SLIME_CLOCK served task=3 label=44 result=183430823 live=0
SLIME_CLOCK served task=2 label=44 result=183442634 live=0
SLIME_CLOCK served task=3 label=44 result=183454997 live=0
SLIME_CLOCK served task=2 label=44 result=183467051 live=0
SLIME_CLOCK served task=3 label=44 result=183480180 live=0
SLIME_CLOCK served task=2 label=44 result=183494404 live=0
SLIME_CLOCK served task=3 label=44 result=183507715 live=0
SLIME_CLOCK served task=2 label=44 result=183519820 live=0
SLIME_CLOCK served task=3 label=44 result=183532806 live=0
SLIME_CLOCK served task=2 label=44 result=183545229 live=0
SLIME_CLOCK served task=3 label=44 result=183559193 live=0
SLIME_CLOCK served task=2 label=44 result=183571909 live=0
SLIME_CLOCK served task=3 label=44 result=183584826 live=0
SLIME_CLOCK served task=2 label=44 result=183596904 live=0
SLIME_CLOCK served task=3 label=44 result=183609911 live=0
SLIME_CLOCK served task=2 label=44 result=183628584 live=0
SLIME_CLOCK served task=3 label=44 result=183644600 live=0
SLIME_CLOCK served task=2 label=44 result=183655411 live=0
SLIME_CLOCK served task=3 label=44 result=183665913 live=0
SLIME_CLOCK served task=2 label=44 result=183678066 live=0
SLIME_CLOCK served task=3 label=44 result=183802664 live=0
SLIME_CLOCK served task=2 label=44 result=183814080 live=0
SLIME_CLOCK served task=3 label=44 result=183825148 live=0
SLIME_CLOCK served task=2 label=44 result=183835499 live=0
SLIME_CLOCK served task=3 label=44 result=183849326 live=0
SLIME_CLOCK served task=2 label=44 result=183860813 live=0
SLIME_CLOCK served task=3 label=44 result=183872152 live=0
SLIME_CLOCK served task=2 label=44 result=183882856 live=0
SLIME_CLOCK served task=3 label=44 result=183894111 live=0
SLIME_CLOCK served task=2 label=44 result=183904900 live=0
SLIME_CLOCK served task=3 label=44 result=183916984 live=0
SLIME_CLOCK served task=2 label=44 result=183927691 live=0
SLIME_CLOCK served task=3 label=44 result=183939427 live=0
SLIME_CLOCK served task=2 label=44 result=183950078 live=0
SLIME_CLOCK served task=3 label=44 result=183961111 live=0
SLIME_CLOCK served task=2 label=44 result=183971770 live=0
SLIME_CLOCK served task=3 label=44 result=183984005 live=0
SLIME_CLOCK served task=2 label=44 result=183995241 live=0
SLIME_CLOCK served task=3 label=44 result=184006050 live=0
SLIME_CLOCK served task=2 label=44 result=184016677 live=0
SLIME_CLOCK served task=3 label=44 result=184027633 live=0
SLIME_CLOCK served task=2 label=44 result=184038502 live=0
SLIME_CLOCK served task=3 label=44 result=184051763 live=0
SLIME_CLOCK served task=2 label=44 result=184062360 live=0
SLIME_CLOCK served task=3 label=44 result=184073142 live=0
SLIME_CLOCK served task=2 label=44 result=184083671 live=0
SLIME_CLOCK served task=3 label=44 result=184095175 live=0
SLIME_CLOCK served task=2 label=44 result=184105919 live=0
SLIME_CLOCK served task=3 label=44 result=184117412 live=0
SLIME_CLOCK served task=2 label=44 result=184128430 live=0
SLIME_CLOCK served task=3 label=44 result=184139818 live=0
SLIME_CLOCK served task=2 label=44 result=184151169 live=0
SLIME_CLOCK served task=3 label=44 result=184167436 live=0
SLIME_CLOCK served task=2 label=44 result=184186419 live=0
SLIME_CLOCK served task=3 label=44 result=184204613 live=0
SLIME_CLOCK served task=2 label=44 result=184221602 live=0
SLIME_CLOCK served task=3 label=44 result=184236944 live=0
SLIME_CLOCK served task=2 label=44 result=184252045 live=0
SLIME_CLOCK served task=3 label=44 result=184267742 live=0
SLIME_CLOCK served task=2 label=44 result=184282163 live=0
SLIME_CLOCK served task=3 label=44 result=184297860 live=0
SLIME_CLOCK served task=2 label=44 result=184309497 live=0
SLIME_CLOCK served task=3 label=44 result=184321206 live=0
SLIME_CLOCK served task=2 label=44 result=184331926 live=0
SLIME_CLOCK served task=3 label=44 result=184343563 live=0
SLIME_CLOCK served task=2 label=44 result=184354295 live=0
SLIME_CLOCK served task=3 label=44 result=184366519 live=0
SLIME_CLOCK served task=2 label=44 result=184377839 live=0
SLIME_CLOCK served task=3 label=44 result=184389168 live=0
SLIME_CLOCK served task=2 label=44 result=184399699 live=0
SLIME_CLOCK served task=3 label=44 result=184410784 live=0
SLIME_CLOCK served task=2 label=44 result=184421184 live=0
SLIME_CLOCK served task=3 label=44 result=184433441 live=0
SLIME_CLOCK served task=2 label=44 result=184444117 live=0
SLIME_CLOCK served task=3 label=44 result=184455243 live=0
SLIME_CLOCK served task=2 label=44 result=184465836 live=0
SLIME_CLOCK served task=3 label=44 result=184476821 live=0
SLIME_CLOCK served task=2 label=44 result=184487332 live=0
SLIME_CLOCK served task=3 label=44 result=184498767 live=0
SLIME_CLOCK served task=2 label=44 result=184509064 live=0
SLIME_CLOCK served task=3 label=44 result=184520262 live=0
SLIME_CLOCK served task=2 label=44 result=184530591 live=0
SLIME_CLOCK served task=3 label=44 result=184542100 live=0
SLIME_CLOCK served task=2 label=44 result=184559712 live=0
SLIME_CLOCK served task=3 label=44 result=184577504 live=0
SLIME_CLOCK served task=2 label=44 result=184593131 live=0
SLIME_CLOCK served task=3 label=44 result=184610416 live=0
SLIME_CLOCK served task=2 label=44 result=184626549 live=0
SLIME_CLOCK served task=3 label=44 result=184643381 live=0
SLIME_CLOCK served task=2 label=44 result=184659124 live=0
SLIME_CLOCK served task=3 label=44 result=184677180 live=0
SLIME_CLOCK served task=2 label=44 result=184694293 live=0
SLIME_CLOCK served task=3 label=44 result=184712329 live=0
SLIME_CLOCK served task=2 label=44 result=184730371 live=0
SLIME_CLOCK served task=3 label=44 result=184749120 live=0
SLIME_CLOCK served task=2 label=44 result=184765663 live=0
SLIME_CLOCK served task=3 label=44 result=184781774 live=0
SLIME_CLOCK served task=2 label=44 result=184796552 live=0
SLIME_CLOCK served task=3 label=44 result=184829456 live=0
SLIME_CLOCK served task=2 label=44 result=184845699 live=0
SLIME_CLOCK served task=3 label=44 result=184862874 live=0
SLIME_CLOCK served task=2 label=44 result=184879680 live=0
SLIME_CLOCK served task=3 label=44 result=184892193 live=0
SLIME_CLOCK served task=2 label=44 result=184902791 live=0
SLIME_CLOCK served task=3 label=44 result=184914175 live=0
SLIME_CLOCK served task=2 label=44 result=184924730 live=0
SLIME_CLOCK served task=3 label=44 result=184936171 live=0
SLIME_CLOCK served task=2 label=44 result=184949348 live=0
SLIME_CLOCK served task=3 label=44 result=184960520 live=0
SLIME_CLOCK served task=2 label=44 result=184971000 live=0
SLIME_CLOCK served task=3 label=44 result=184982808 live=0
SLIME_CLOCK served task=2 label=44 result=184993400 live=0
SLIME_CLOCK served task=3 label=44 result=185004595 live=0
SLIME_CLOCK served task=2 label=44 result=185015543 live=0
SLIME_CLOCK served task=3 label=44 result=185026688 live=0
SLIME_CLOCK served task=2 label=44 result=185037256 live=0
SLIME_CLOCK served task=3 label=44 result=185048163 live=0
SLIME_CLOCK served task=2 label=44 result=185059468 live=0
SLIME_CLOCK served task=3 label=44 result=185078715 live=0
SLIME_CLOCK served task=2 label=44 result=185093306 live=0
SLIME_CLOCK served task=3 label=44 result=185104577 live=0
SLIME_CLOCK served task=2 label=44 result=185115011 live=0
SLIME_CLOCK served task=3 label=44 result=185126262 live=0
SLIME_CLOCK served task=2 label=44 result=185136596 live=0
SLIME_CLOCK served task=3 label=44 result=185147565 live=0
SLIME_CLOCK served task=2 label=44 result=185158056 live=0
SLIME_CLOCK served task=3 label=44 result=185169198 live=0
SLIME_CLOCK served task=2 label=44 result=185180118 live=0
SLIME_CLOCK served task=3 label=44 result=185191595 live=0
SLIME_CLOCK served task=2 label=44 result=185203875 live=0
SLIME_CLOCK served task=3 label=44 result=185215192 live=0
SLIME_CLOCK served task=2 label=44 result=185225804 live=0
SLIME_CLOCK served task=3 label=44 result=185236722 live=0
SLIME_CLOCK served task=2 label=44 result=185247329 live=0
SLIME_CLOCK served task=3 label=44 result=185258532 live=0
SLIME_CLOCK served task=2 label=44 result=185272565 live=0
SLIME_CLOCK served task=3 label=44 result=185284780 live=0
SLIME_CLOCK served task=2 label=44 result=185299487 live=0
SLIME_CLOCK served task=3 label=44 result=185315556 live=0
SLIME_CLOCK served task=2 label=44 result=185353725 live=0
SLIME_CLOCK served task=3 label=44 result=185371909 live=0
SLIME_CLOCK served task=2 label=44 result=185385951 live=0
SLIME_CLOCK served task=3 label=44 result=185396539 live=0
SLIME_CLOCK served task=2 label=44 result=185406077 live=0
SLIME_CLOCK served task=3 label=44 result=185416175 live=0
SLIME_CLOCK served task=2 label=44 result=185426982 live=0
SLIME_CLOCK served task=3 label=44 result=185439288 live=0
SLIME_CLOCK served task=2 label=44 result=185450427 live=0
SLIME_CLOCK served task=2 label=44 result=185467583 live=0
SLIME_CLOCK served task=3 label=44 result=185484866 live=0
SLIME_CLOCK served task=2 label=44 result=185501419 live=0
SLIME_CLOCK served task=3 label=44 result=185518439 live=0
SLIME_CLOCK served task=2 label=44 result=185534896 live=0
SLIME_CLOCK served task=3 label=44 result=185551840 live=0
SLIME_CLOCK served task=2 label=44 result=185568444 live=0
SLIME_CLOCK served task=3 label=44 result=185586869 live=0
SLIME_CLOCK served task=2 label=44 result=185603150 live=0
SLIME_CLOCK served task=3 label=44 result=185620469 live=0
SLIME_CLOCK served task=2 label=44 result=185637181 live=0
SLIME_CLOCK served task=3 label=44 result=185654043 live=0
SLIME_CLOCK served task=2 label=44 result=185670501 live=0
SLIME_CLOCK served task=3 label=44 result=185687536 live=0
SLIME_CLOCK served task=2 label=44 result=185705135 live=0
SLIME_CLOCK served task=3 label=44 result=185722307 live=0
SLIME_CLOCK served task=2 label=44 result=185738737 live=0
SLIME_CLOCK served task=3 label=44 result=185755782 live=0
SLIME_CLOCK served task=2 label=44 result=185772502 live=0
SLIME_CLOCK served task=3 label=44 result=185789479 live=0
SLIME_CLOCK served task=2 label=44 result=185806555 live=0
SLIME_CLOCK served task=3 label=44 result=185820174 live=0
SLIME_CLOCK served task=2 label=44 result=185833173 live=0
SLIME_CLOCK served task=3 label=44 result=185850873 live=0
SLIME_CLOCK served task=2 label=44 result=185867769 live=0
SLIME_CLOCK served task=3 label=44 result=185882991 live=0
SLIME_CLOCK served task=2 label=44 result=185897583 live=0
SLIME_CLOCK served task=3 label=44 result=185912822 live=0
SLIME_CLOCK served task=2 label=44 result=185928429 live=0
SLIME_CLOCK served task=3 label=44 result=185946480 live=0
SLIME_CLOCK served task=2 label=44 result=185968355 live=0
SLIME_CLOCK served task=3 label=44 result=185988962 live=0
SLIME_CLOCK served task=2 label=44 result=186003749 live=0
SLIME_CLOCK served task=3 label=44 result=186015095 live=0
SLIME_CLOCK served task=2 label=44 result=186025618 live=0
SLIME_CLOCK served task=3 label=44 result=186036796 live=0
SLIME_CLOCK served task=2 label=44 result=186047121 live=0
SLIME_CLOCK served task=3 label=44 result=186058788 live=0
SLIME_CLOCK served task=2 label=44 result=186069258 live=0
SLIME_CLOCK served task=3 label=44 result=186080454 live=0
SLIME_CLOCK served task=2 label=44 result=186092302 live=0
SLIME_CLOCK served task=3 label=44 result=186103526 live=0
SLIME_CLOCK served task=2 label=44 result=186114232 live=0
SLIME_CLOCK served task=3 label=44 result=186125427 live=0
SLIME_CLOCK served task=2 label=44 result=186136010 live=0
SLIME_CLOCK served task=3 label=44 result=186147288 live=0
SLIME_CLOCK served task=2 label=44 result=186157541 live=0
SLIME_CLOCK served task=3 label=44 result=186168533 live=0
SLIME_CLOCK served task=2 label=44 result=186179095 live=0
SLIME_CLOCK served task=3 label=44 result=186190345 live=0
SLIME_CLOCK served task=2 label=44 result=186200855 live=0
SLIME_CLOCK served task=3 label=44 result=186213238 live=0
SLIME_CLOCK served task=2 label=44 result=186223683 live=0
SLIME_CLOCK served task=3 label=44 result=186234578 live=0
SLIME_CLOCK served task=2 label=44 result=186245066 live=0
SLIME_CLOCK served task=3 label=44 result=186256042 live=0
SLIME_CLOCK served task=2 label=44 result=186266776 live=0
SLIME_CLOCK served task=3 label=44 result=186277561 live=0
SLIME_CLOCK served task=2 label=44 result=186288312 live=0
SLIME_CLOCK served task=3 label=44 result=186299264 live=0
SLIME_CLOCK served task=2 label=44 result=186310000 live=0
SLIME_CLOCK served task=3 label=44 result=186320954 live=0
SLIME_CLOCK served task=2 label=44 result=186332136 live=0
SLIME_CLOCK served task=3 label=44 result=186348114 live=0
SLIME_CLOCK served task=2 label=44 result=186361943 live=0
SLIME_CLOCK served task=3 label=44 result=186377630 live=0
SLIME_CLOCK served task=2 label=44 result=186391334 live=0
SLIME_CLOCK served task=3 label=44 result=186405905 live=0
SLIME_CLOCK served task=2 label=44 result=186419687 live=0
SLIME_CLOCK served task=3 label=44 result=186434182 live=0
SLIME_CLOCK served task=2 label=44 result=186448854 live=0
SLIME_CLOCK served task=3 label=44 result=186467428 live=0
SLIME_CLOCK served task=2 label=44 result=186483567 live=0
SLIME_CLOCK served task=3 label=44 result=186501119 live=0
SLIME_CLOCK served task=2 label=44 result=186516675 live=0
SLIME_CLOCK served task=3 label=44 result=186534110 live=0
SLIME_CLOCK served task=2 label=44 result=186550480 live=0
SLIME_CLOCK served task=3 label=44 result=186567978 live=0
SLIME_CLOCK served task=2 label=44 result=186584146 live=0
SLIME_CLOCK served task=3 label=44 result=186603760 live=0
SLIME_CLOCK served task=2 label=44 result=186620686 live=0
SLIME_CLOCK served task=3 label=44 result=186638160 live=0
SLIME_CLOCK served task=2 label=44 result=186654264 live=0
SLIME_CLOCK served task=3 label=44 result=186671300 live=0
SLIME_CLOCK served task=2 label=44 result=186687556 live=0
SLIME_CLOCK served task=3 label=44 result=186704658 live=0
SLIME_CLOCK served task=2 label=44 result=186722288 live=0
SLIME_CLOCK served task=3 label=44 result=186739684 live=0
SLIME_CLOCK served task=2 label=44 result=186756093 live=0
SLIME_CLOCK served task=3 label=44 result=186773537 live=0
SLIME_CLOCK served task=2 label=44 result=186789962 live=0
SLIME_CLOCK served task=3 label=44 result=186807631 live=0
SLIME_CLOCK served task=2 label=44 result=186824316 live=0
SLIME_CLOCK served task=3 label=44 result=186843549 live=0
SLIME_CLOCK served task=2 label=44 result=186859458 live=0
SLIME_CLOCK served task=3 label=44 result=186878064 live=0
SLIME_CLOCK served task=2 label=44 result=186894879 live=0
SLIME_CLOCK served task=3 label=44 result=186911386 live=0
SLIME_CLOCK served task=2 label=44 result=186926610 live=0
SLIME_CLOCK served task=3 label=44 result=186942185 live=0
SLIME_CLOCK served task=2 label=44 result=186956660 live=0
SLIME_CLOCK served task=3 label=44 result=186975227 live=0
SLIME_CLOCK served task=2 label=44 result=186990195 live=0
SLIME_CLOCK served task=3 label=44 result=187005094 live=0
SLIME_CLOCK served task=2 label=44 result=187018750 live=0
SLIME_CLOCK served task=3 label=44 result=187029391 live=0
SLIME_CLOCK served task=2 label=44 result=187039433 live=0
SLIME_CLOCK served task=3 label=44 result=187049988 live=0
SLIME_CLOCK served task=2 label=44 result=187060252 live=0
SLIME_CLOCK served task=3 label=44 result=187070935 live=0
SLIME_CLOCK served task=2 label=44 result=187081044 live=0
SLIME_CLOCK served task=3 label=44 result=187091695 live=0
SLIME_CLOCK served task=2 label=44 result=187104998 live=0
SLIME_CLOCK served task=3 label=44 result=187117553 live=0
SLIME_CLOCK served task=2 label=44 result=187129048 live=0
SLIME_CLOCK served task=3 label=44 result=187141440 live=0
SLIME_CLOCK served task=2 label=44 result=187152438 live=0
SLIME_CLOCK served task=3 label=44 result=187164245 live=0
SLIME_CLOCK served task=2 label=44 result=187175286 live=0
SLIME_CLOCK served task=3 label=44 result=187187546 live=0
SLIME_CLOCK served task=2 label=44 result=187198693 live=0
SLIME_CLOCK served task=3 label=44 result=187210960 live=0
SLIME_CLOCK served task=2 label=44 result=187222160 live=0
SLIME_CLOCK served task=3 label=44 result=187235364 live=0
SLIME_CLOCK served task=2 label=44 result=187246776 live=0
SLIME_CLOCK served task=3 label=44 result=187258548 live=0
SLIME_CLOCK served task=2 label=44 result=187269568 live=0
SLIME_CLOCK served task=3 label=44 result=187281520 live=0
SLIME_CLOCK served task=2 label=44 result=187292548 live=0
SLIME_CLOCK served task=3 label=44 result=187304418 live=0
SLIME_CLOCK served task=2 label=44 result=187315929 live=0
SLIME_CLOCK served task=3 label=44 result=187327694 live=0
SLIME_CLOCK served task=2 label=44 result=187339208 live=0
SLIME_CLOCK served task=3 label=44 result=187351800 live=0
SLIME_CLOCK served task=2 label=44 result=187362919 live=0
SLIME_CLOCK served task=3 label=44 result=187375305 live=0
SLIME_CLOCK served task=2 label=44 result=187386367 live=0
SLIME_CLOCK served task=3 label=44 result=187398212 live=0
SLIME_CLOCK served task=2 label=44 result=187409466 live=0
SLIME_CLOCK served task=3 label=44 result=187421480 live=0
SLIME_CLOCK served task=2 label=44 result=187433570 live=0
SLIME_CLOCK served task=3 label=44 result=187448968 live=0
SLIME_CLOCK served task=2 label=44 result=187463807 live=0
SLIME_CLOCK served task=3 label=44 result=187480976 live=0
SLIME_CLOCK served task=2 label=44 result=187496597 live=0
SLIME_CLOCK served task=3 label=44 result=187511194 live=0
SLIME_CLOCK served task=2 label=44 result=187526169 live=0
SLIME_CLOCK served task=3 label=44 result=187541941 live=0
SLIME_CLOCK served task=2 label=44 result=187556972 live=0
SLIME_CLOCK served task=3 label=44 result=187572605 live=0
SLIME_CLOCK served task=2 label=44 result=187587289 live=0
SLIME_CLOCK served task=3 label=44 result=187604976 live=0
SLIME_CLOCK served task=2 label=44 result=187623259 live=0
SLIME_CLOCK served task=3 label=44 result=187641711 live=0
SLIME_CLOCK served task=2 label=44 result=187657437 live=0
SLIME_CLOCK served task=3 label=44 result=187674744 live=0
SLIME_CLOCK served task=2 label=44 result=187692154 live=0
SLIME_CLOCK served task=3 label=44 result=187708894 live=0
SLIME_CLOCK served task=2 label=44 result=187725335 live=0
SLIME_CLOCK served task=3 label=44 result=187744278 live=0
SLIME_CLOCK served task=2 label=44 result=187759806 live=0
SLIME_CLOCK served task=3 label=44 result=187776758 live=0
SLIME_CLOCK served task=2 label=44 result=187793175 live=0
SLIME_CLOCK served task=3 label=44 result=187810934 live=0
SLIME_CLOCK served task=2 label=44 result=187826829 live=0
SLIME_CLOCK served task=3 label=44 result=187844644 live=0
SLIME_CLOCK served task=2 label=44 result=187862074 live=0
SLIME_CLOCK served task=3 label=44 result=187879262 live=0
SLIME_CLOCK served task=2 label=44 result=187896249 live=0
SLIME_CLOCK served task=3 label=44 result=187913830 live=0
SLIME_CLOCK served task=2 label=44 result=187930580 live=0
SLIME_CLOCK served task=3 label=44 result=187948814 live=0
SLIME_CLOCK served task=2 label=44 result=187967307 live=0
SLIME_CLOCK served task=3 label=44 result=187987494 live=0
SLIME_CLOCK served task=2 label=44 result=188005328 live=0
SLIME_CLOCK served task=3 label=44 result=188022865 live=0
SLIME_CLOCK served task=2 label=44 result=188037641 live=0
SLIME_CLOCK served task=3 label=44 result=188053058 live=0
SLIME_CLOCK served task=2 label=44 result=188071474 live=0
SLIME_CLOCK served task=3 label=44 result=188087192 live=0
SLIME_CLOCK served task=2 label=44 result=188100135 live=0
SLIME_CLOCK served task=3 label=44 result=188110383 live=0
SLIME_CLOCK served task=2 label=44 result=188123641 live=0
SLIME_CLOCK served task=3 label=44 result=188135478 live=0
SLIME_CLOCK served task=2 label=44 result=188147151 live=0
SLIME_CLOCK served task=3 label=44 result=188159047 live=0
SLIME_CLOCK served task=2 label=44 result=188170322 live=0
SLIME_CLOCK served task=3 label=44 result=188182867 live=0
SLIME_CLOCK served task=2 label=44 result=188194304 live=0
SLIME_CLOCK served task=3 label=44 result=188205948 live=0
SLIME_CLOCK served task=2 label=44 result=188216487 live=0
SLIME_CLOCK served task=3 label=44 result=188227726 live=0
SLIME_CLOCK served task=2 label=44 result=188238329 live=0
SLIME_CLOCK served task=3 label=44 result=188251150 live=0
SLIME_CLOCK served task=2 label=44 result=188261907 live=0
SLIME_CLOCK served task=3 label=44 result=188273899 live=0
SLIME_CLOCK served task=2 label=44 result=188284589 live=0
SLIME_CLOCK served task=3 label=44 result=188295763 live=0
SLIME_CLOCK served task=2 label=44 result=188307069 live=0
SLIME_CLOCK served task=3 label=44 result=188318295 live=0
SLIME_CLOCK served task=2 label=44 result=188329286 live=0
SLIME_CLOCK served task=3 label=44 result=188340803 live=0
SLIME_CLOCK served task=2 label=44 result=188351163 live=0
SLIME_CLOCK served task=3 label=44 result=188362070 live=0
SLIME_CLOCK served task=2 label=44 result=188373976 live=0
SLIME_CLOCK served task=3 label=44 result=188385384 live=0
SLIME_CLOCK served task=2 label=44 result=188396185 live=0
SLIME_CLOCK served task=3 label=44 result=188407581 live=0
SLIME_CLOCK served task=2 label=44 result=188418131 live=0
SLIME_CLOCK served task=3 label=44 result=188429222 live=0
SLIME_CLOCK served task=2 label=44 result=188440413 live=0
SLIME_CLOCK served task=3 label=44 result=188451609 live=0
SLIME_CLOCK served task=2 label=44 result=188462350 live=0
SLIME_CLOCK served task=3 label=44 result=188473538 live=0
SLIME_CLOCK served task=2 label=44 result=188484592 live=0
SLIME_CLOCK served task=3 label=44 result=188497017 live=0
SLIME_CLOCK served task=2 label=44 result=188512493 live=0
SLIME_CLOCK served task=3 label=44 result=188528151 live=0
SLIME_CLOCK served task=2 label=44 result=188541971 live=0
SLIME_CLOCK served task=3 label=44 result=188557506 live=0
SLIME_CLOCK served task=2 label=44 result=188571150 live=0
SLIME_CLOCK served task=3 label=44 result=188586774 live=0
SLIME_CLOCK served task=2 label=44 result=188601557 live=0
SLIME_CLOCK served task=3 label=44 result=188617239 live=0
SLIME_CLOCK served task=2 label=44 result=188637325 live=0
SLIME_CLOCK served task=3 label=44 result=188654911 live=0
SLIME_CLOCK served task=2 label=44 result=188671499 live=0
SLIME_CLOCK served task=3 label=44 result=188689288 live=0
SLIME_CLOCK served task=2 label=44 result=188705414 live=0
SLIME_CLOCK served task=3 label=44 result=188722068 live=0
SLIME_CLOCK served task=2 label=44 result=188737709 live=0
SLIME_CLOCK served task=3 label=44 result=188758260 live=0
SLIME_CLOCK served task=2 label=44 result=188774876 live=0
SLIME_CLOCK served task=3 label=44 result=188791597 live=0
SLIME_CLOCK served task=2 label=44 result=188808139 live=0
SLIME_CLOCK served task=3 label=44 result=188824715 live=0
SLIME_CLOCK served task=2 label=44 result=188841307 live=0
SLIME_CLOCK served task=3 label=44 result=188858480 live=0
SLIME_CLOCK served task=2 label=44 result=188875951 live=0
SLIME_CLOCK served task=3 label=44 result=188894726 live=0
SLIME_CLOCK served task=2 label=44 result=188911161 live=0
SLIME_CLOCK served task=3 label=44 result=188928253 live=0
SLIME_CLOCK served task=2 label=44 result=188944357 live=0
SLIME_CLOCK served task=3 label=44 result=188961642 live=0
SLIME_CLOCK served task=2 label=44 result=188977734 live=0
SLIME_CLOCK served task=3 label=44 result=188994776 live=0
SLIME_CLOCK served task=2 label=44 result=189012541 live=0
SLIME_CLOCK served task=3 label=44 result=189029085 live=0
SLIME_CLOCK served task=2 label=44 result=189046934 live=0
SLIME_CLOCK served task=3 label=44 result=189065603 live=0
SLIME_CLOCK served task=2 label=44 result=189082649 live=0
SLIME_CLOCK served task=3 label=44 result=189100573 live=0
SLIME_CLOCK served task=2 label=44 result=189116182 live=0
SLIME_CLOCK served task=3 label=44 result=189137552 live=0
SLIME_CLOCK served task=2 label=44 result=189158919 live=0
SLIME_CLOCK served task=3 label=44 result=189181768 live=0
SLIME_CLOCK served task=2 label=44 result=189202183 live=0
SLIME_CLOCK served task=3 label=44 result=189224517 live=0
SLIME_CLOCK served task=2 label=44 result=189245128 live=0
SLIME_CLOCK served task=3 label=44 result=189268807 live=0
SLIME_CLOCK served task=2 label=44 result=189289959 live=0
SLIME_CLOCK served task=3 label=44 result=189312668 live=0
SLIME_CLOCK served task=2 label=44 result=189333536 live=0
SLIME_CLOCK served task=3 label=44 result=189355146 live=0
SLIME_CLOCK served task=2 label=44 result=189372049 live=0
SLIME_CLOCK served task=3 label=44 result=189385410 live=0
SLIME_CLOCK served task=2 label=44 result=189397424 live=0
SLIME_CLOCK served task=3 label=44 result=189410140 live=0
SLIME_CLOCK served task=2 label=44 result=189422073 live=0
SLIME_CLOCK served task=3 label=44 result=189444045 live=0
SLIME_CLOCK served task=2 label=44 result=189461736 live=0
SLIME_CLOCK served task=3 label=44 result=189480710 live=0
SLIME_CLOCK served task=2 label=44 result=189504799 live=0
SLIME_CLOCK served task=3 label=44 result=189520715 live=0
SLIME_CLOCK served task=2 label=44 result=189536241 live=0
SLIME_CLOCK served task=3 label=44 result=189551589 live=0
SLIME_CLOCK served task=2 label=44 result=189566229 live=0
SLIME_CLOCK served task=3 label=44 result=189582981 live=0
SLIME_CLOCK served task=2 label=44 result=189596910 live=0
SLIME_CLOCK served task=3 label=44 result=189611298 live=0
SLIME_CLOCK served task=2 label=44 result=189630928 live=0
SLIME_CLOCK served task=3 label=44 result=189647298 live=0
SLIME_CLOCK served task=2 label=44 result=189662854 live=0
SLIME_CLOCK served task=3 label=44 result=189678806 live=0
SLIME_CLOCK served task=2 label=44 result=189695174 live=0
SLIME_CLOCK served task=3 label=44 result=189709584 live=0
SLIME_CLOCK served task=2 label=44 result=189723064 live=0
SLIME_CLOCK served task=3 label=44 result=189737385 live=0
SLIME_CLOCK served task=2 label=44 result=189753088 live=0
SLIME_CLOCK served task=3 label=44 result=189768755 live=0
SLIME_CLOCK served task=2 label=44 result=189783161 live=0
SLIME_CLOCK served task=3 label=44 result=189798480 live=0
SLIME_CLOCK served task=2 label=44 result=189813023 live=0
SLIME_CLOCK served task=3 label=44 result=189829630 live=0
SLIME_CLOCK served task=2 label=44 result=189844636 live=0
SLIME_CLOCK served task=3 label=44 result=189861308 live=0
SLIME_CLOCK served task=2 label=44 result=189878153 live=0
SLIME_CLOCK served task=3 label=44 result=189894810 live=0
SLIME_CLOCK served task=2 label=44 result=189909492 live=0
SLIME_CLOCK served task=3 label=44 result=189920577 live=0
SLIME_CLOCK served task=2 label=44 result=189931416 live=0
SLIME_CLOCK served task=3 label=44 result=189942224 live=0
SLIME_CLOCK served task=2 label=44 result=189952505 live=0
SLIME_CLOCK served task=3 label=44 result=189963770 live=0
SLIME_CLOCK served task=2 label=44 result=189974399 live=0
SLIME_CLOCK served task=3 label=44 result=189986944 live=0
SLIME_CLOCK served task=2 label=44 result=190001754 live=0
SLIME_CLOCK served task=3 label=44 result=190016096 live=0
SLIME_CLOCK served task=2 label=44 result=190028199 live=0
SLIME_CLOCK served task=3 label=44 result=190041218 live=0
SLIME_CLOCK served task=2 label=44 result=190053702 live=0
SLIME_CLOCK served task=3 label=44 result=190067201 live=0
SLIME_CLOCK served task=2 label=44 result=190079534 live=0
SLIME_CLOCK served task=3 label=44 result=190091940 live=0
SLIME_CLOCK served task=2 label=44 result=190103127 live=0
SLIME_CLOCK served task=3 label=44 result=190115138 live=0
SLIME_CLOCK served task=2 label=44 result=190126414 live=0
SLIME_CLOCK served task=3 label=44 result=190142517 live=0
SLIME_CLOCK served task=2 label=44 result=190157319 live=0
SLIME_CLOCK served task=3 label=44 result=190173198 live=0
SLIME_CLOCK served task=2 label=44 result=190188367 live=0
SLIME_CLOCK served task=3 label=44 result=190204181 live=0
SLIME_CLOCK served task=2 label=44 result=190214831 live=0
SLIME_CLOCK served task=3 label=44 result=190224894 live=0
SLIME_CLOCK served task=2 label=44 result=190234397 live=0
SLIME_CLOCK served task=3 label=44 result=190244688 live=0
SLIME_CLOCK served task=2 label=44 result=190254176 live=0
SLIME_CLOCK served task=3 label=44 result=190267105 live=0
SLIME_CLOCK served task=2 label=44 result=190278350 live=0
SLIME_CLOCK served task=3 label=44 result=190289910 live=0
SLIME_CLOCK served task=2 label=44 result=190300672 live=0
SLIME_CLOCK served task=3 label=44 result=190312862 live=0
SLIME_CLOCK served task=2 label=44 result=190323877 live=0
SLIME_CLOCK served task=3 label=44 result=190336357 live=0
SLIME_CLOCK served task=2 label=44 result=190346920 live=0
SLIME_CLOCK served task=3 label=44 result=190357641 live=0
SLIME_CLOCK served task=2 label=44 result=190371112 live=0
SLIME_CLOCK served task=3 label=44 result=190381775 live=0
SLIME_CLOCK served task=2 label=44 result=190394787 live=0
SLIME_CLOCK served task=3 label=44 result=190407575 live=0
SLIME_CLOCK served task=2 label=44 result=190419650 live=0
SLIME_CLOCK served task=3 label=44 result=190433606 live=0
SLIME_CLOCK served task=2 label=44 result=190444537 live=0
SLIME_CLOCK served task=3 label=44 result=190455210 live=0
SLIME_CLOCK served task=2 label=44 result=190465506 live=0
SLIME_CLOCK served task=3 label=44 result=190476165 live=0
SLIME_CLOCK served task=2 label=44 result=190488070 live=0
SLIME_CLOCK served task=3 label=44 result=190503996 live=0
SLIME_CLOCK served task=2 label=44 result=190536029 live=0
SLIME_CLOCK served task=3 label=44 result=190560657 live=0
SLIME_CLOCK served task=2 label=44 result=190571336 live=0
SLIME_CLOCK served task=3 label=44 result=190582565 live=0
SLIME_CLOCK served task=2 label=44 result=190593515 live=0
SLIME_CLOCK served task=3 label=44 result=190605051 live=0
SLIME_CLOCK served task=2 label=44 result=190616162 live=0
SLIME_CLOCK served task=3 label=44 result=190628550 live=0
SLIME_CLOCK served task=2 label=44 result=190640099 live=0
SLIME_CLOCK served task=3 label=44 result=190652887 live=0
SLIME_CLOCK served task=2 label=44 result=190664013 live=0
SLIME_CLOCK served task=3 label=44 result=190675792 live=0
SLIME_CLOCK served task=2 label=44 result=190687469 live=0
SLIME_CLOCK served task=3 label=44 result=190698894 live=0
SLIME_CLOCK served task=2 label=44 result=190709704 live=0
SLIME_CLOCK served task=3 label=44 result=190721505 live=0
SLIME_CLOCK served task=2 label=44 result=190732657 live=0
SLIME_CLOCK served task=3 label=44 result=190745039 live=0
SLIME_CLOCK served task=2 label=44 result=190755802 live=0
SLIME_CLOCK served task=3 label=44 result=190769032 live=0
SLIME_CLOCK served task=3 label=44 result=190781541 live=0
SLIME_CLOCK served task=2 label=44 result=190792505 live=0
SLIME_CLOCK served task=3 label=44 result=190804708 live=0
SLIME_CLOCK served task=2 label=44 result=190815917 live=0
SLIME_CLOCK served task=3 label=44 result=190827503 live=0
SLIME_CLOCK served task=2 label=44 result=190838767 live=0
SLIME_CLOCK served task=3 label=44 result=190850821 live=0
SLIME_CLOCK served task=2 label=44 result=190862016 live=0
SLIME_CLOCK served task=3 label=44 result=190874450 live=0
SLIME_CLOCK served task=2 label=44 result=190885888 live=0
SLIME_CLOCK served task=3 label=44 result=190898884 live=0
SLIME_CLOCK served task=2 label=44 result=190910009 live=0
SLIME_CLOCK served task=3 label=44 result=190921457 live=0
SLIME_CLOCK served task=2 label=44 result=190933122 live=0
SLIME_CLOCK served task=3 label=44 result=190944866 live=0
SLIME_CLOCK served task=2 label=44 result=190955835 live=0
SLIME_CLOCK served task=3 label=44 result=190968734 live=0
SLIME_CLOCK served task=2 label=44 result=190982867 live=0
SLIME_CLOCK served task=3 label=44 result=190998593 live=0
SLIME_CLOCK served task=2 label=44 result=191013479 live=0
SLIME_CLOCK served task=3 label=44 result=191032468 live=0
SLIME_CLOCK served task=2 label=44 result=191046990 live=0
SLIME_CLOCK served task=3 label=44 result=191060082 live=0
SLIME_CLOCK served task=2 label=44 result=191072639 live=0
SLIME_CLOCK served task=3 label=44 result=191086858 live=0
SLIME_CLOCK served task=2 label=44 result=191098097 live=0
SLIME_CLOCK served task=3 label=44 result=191108201 live=0
SLIME_CLOCK served task=2 label=44 result=191117852 live=0
SLIME_CLOCK served task=3 label=44 result=191128118 live=0
SLIME_CLOCK served task=2 label=44 result=191137611 live=0
SLIME_CLOCK served task=3 label=44 result=191150259 live=0
SLIME_CLOCK served task=2 label=44 result=191161200 live=0
SLIME_CLOCK served task=3 label=44 result=191172614 live=0
SLIME_CLOCK served task=2 label=44 result=191183158 live=0
SLIME_CLOCK served task=3 label=44 result=191194184 live=0
SLIME_CLOCK served task=2 label=44 result=191204830 live=0
SLIME_CLOCK served task=3 label=44 result=191215739 live=0
SLIME_CLOCK served task=2 label=44 result=191226163 live=0
SLIME_CLOCK served task=3 label=44 result=191237126 live=0
SLIME_CLOCK served task=2 label=44 result=191248074 live=0
SLIME_CLOCK served task=3 label=44 result=191259070 live=0
SLIME_CLOCK served task=2 label=44 result=191269222 live=0
SLIME_CLOCK served task=3 label=44 result=191282227 live=0
SLIME_CLOCK served task=2 label=44 result=191292700 live=0
SLIME_CLOCK served task=3 label=44 result=191304076 live=0
SLIME_CLOCK served task=2 label=44 result=191315084 live=0
SLIME_CLOCK served task=3 label=44 result=191326036 live=0
SLIME_CLOCK served task=2 label=44 result=191336233 live=0
SLIME_CLOCK served task=3 label=44 result=191347311 live=0
SLIME_CLOCK served task=2 label=44 result=191360106 live=0
SLIME_CLOCK served task=3 label=44 result=191372251 live=0
SLIME_CLOCK served task=2 label=44 result=191382571 live=0
SLIME_CLOCK served task=3 label=44 result=191393425 live=0
SLIME_CLOCK served task=2 label=44 result=191405637 live=0
SLIME_CLOCK served task=3 label=44 result=191416689 live=0
SLIME_CLOCK served task=2 label=44 result=191427273 live=0
SLIME_CLOCK served task=3 label=44 result=191438842 live=0
SLIME_CLOCK served task=2 label=44 result=191449557 live=0
SLIME_CLOCK served task=3 label=44 result=191461010 live=0
SLIME_CLOCK served task=2 label=44 result=191471418 live=0
SLIME_CLOCK served task=3 label=44 result=191482536 live=0
SLIME_CLOCK served task=2 label=44 result=191493340 live=0
SLIME_CLOCK served task=3 label=44 result=191504609 live=0
SLIME_CLOCK served task=2 label=44 result=191515641 live=0
SLIME_CLOCK served task=3 label=44 result=191529964 live=0
SLIME_CLOCK served task=2 label=44 result=191539885 live=0
SLIME_CLOCK served task=3 label=44 result=191550122 live=0
SLIME_CLOCK served task=2 label=44 result=191560103 live=0
SLIME_CLOCK served task=3 label=44 result=191571781 live=0
SLIME_CLOCK served task=2 label=44 result=191586355 live=0
SLIME_CLOCK served task=3 label=44 result=191601880 live=0
SLIME_CLOCK served task=2 label=44 result=191616659 live=0
SLIME_CLOCK served task=3 label=44 result=191641187 live=0
SLIME_CLOCK served task=2 label=44 result=191658496 live=0
SLIME_CLOCK served task=3 label=44 result=191675139 live=0
SLIME_CLOCK served task=2 label=44 result=191686085 live=0
SLIME_CLOCK served task=3 label=44 result=191697689 live=0
SLIME_CLOCK served task=2 label=44 result=191708325 live=0
SLIME_CLOCK served task=3 label=44 result=191719211 live=0
SLIME_CLOCK served task=2 label=44 result=191729393 live=0
SLIME_CLOCK served task=3 label=44 result=191740386 live=0
SLIME_CLOCK served task=2 label=44 result=191752695 live=0
SLIME_CLOCK served task=3 label=44 result=191763688 live=0
SLIME_CLOCK served task=2 label=44 result=191773996 live=0
SLIME_CLOCK served task=3 label=44 result=191784750 live=0
SLIME_CLOCK served task=2 label=44 result=191795338 live=0
SLIME_CLOCK served task=3 label=44 result=191806854 live=0
SLIME_CLOCK served task=2 label=44 result=191817289 live=0
SLIME_CLOCK served task=3 label=44 result=191828193 live=0
SLIME_CLOCK served task=2 label=44 result=191838589 live=0
SLIME_CLOCK served task=3 label=44 result=191849421 live=0
SLIME_CLOCK served task=2 label=44 result=191859731 live=0
SLIME_CLOCK served task=3 label=44 result=191871660 live=0
SLIME_CLOCK served task=2 label=44 result=191882624 live=0
SLIME_CLOCK served task=3 label=44 result=191893791 live=0
SLIME_CLOCK served task=2 label=44 result=191904352 live=0
SLIME_CLOCK served task=3 label=44 result=191915520 live=0
SLIME_CLOCK served task=2 label=44 result=191925800 live=0
SLIME_CLOCK served task=3 label=44 result=191937180 live=0
SLIME_CLOCK served task=2 label=44 result=191947567 live=0
SLIME_CLOCK served task=3 label=44 result=191958793 live=0
SLIME_CLOCK served task=2 label=44 result=191969592 live=0
SLIME_CLOCK served task=3 label=44 result=191980457 live=0
SLIME_CLOCK served task=2 label=44 result=191990737 live=0
SLIME_CLOCK served task=3 label=44 result=192003306 live=0
SLIME_CLOCK served task=2 label=44 result=192013646 live=0
SLIME_CLOCK served task=3 label=44 result=192024855 live=0
SLIME_CLOCK served task=2 label=44 result=192035374 live=0
SLIME_CLOCK served task=3 label=44 result=192048075 live=0
SLIME_CLOCK served task=2 label=44 result=192062465 live=0
SLIME_CLOCK served task=3 label=44 result=192078036 live=0
SLIME_CLOCK served task=2 label=44 result=192093189 live=0
SLIME_CLOCK served task=3 label=44 result=192108823 live=0
SLIME_CLOCK served task=2 label=44 result=192123902 live=0
SLIME_CLOCK served task=3 label=44 result=192153225 live=0
SLIME_CLOCK served task=2 label=44 result=192164251 live=0
SLIME_CLOCK served task=3 label=44 result=192176639 live=0
SLIME_CLOCK served task=2 label=44 result=192189329 live=0
SLIME_CLOCK served task=3 label=44 result=192201934 live=0
SLIME_CLOCK served task=2 label=44 result=192213750 live=0
SLIME_CLOCK served task=3 label=44 result=192224851 live=0
SLIME_CLOCK served task=2 label=44 result=192235451 live=0
SLIME_CLOCK served task=3 label=44 result=192247040 live=0
SLIME_CLOCK served task=2 label=44 result=192258483 live=0
SLIME_CLOCK served task=3 label=44 result=192269381 live=0
SLIME_CLOCK served task=2 label=44 result=192279595 live=0
SLIME_CLOCK served task=3 label=44 result=192290641 live=0
SLIME_CLOCK served task=2 label=44 result=192301049 live=0
SLIME_CLOCK served task=3 label=44 result=192312366 live=0
SLIME_CLOCK served task=2 label=44 result=192322709 live=0
SLIME_CLOCK served task=3 label=44 result=192333701 live=0
SLIME_CLOCK served task=2 label=44 result=192344007 live=0
SLIME_CLOCK served task=3 label=44 result=192354875 live=0
SLIME_CLOCK served task=2 label=44 result=192365360 live=0
SLIME_CLOCK served task=3 label=44 result=192376566 live=0
SLIME_CLOCK served task=2 label=44 result=192388061 live=0
SLIME_CLOCK served task=3 label=44 result=192399483 live=0
SLIME_CLOCK served task=2 label=44 result=192410160 live=0
SLIME_CLOCK served task=3 label=44 result=192421273 live=0
SLIME_CLOCK served task=2 label=44 result=192432343 live=0
SLIME_CLOCK served task=3 label=44 result=192443401 live=0
SLIME_CLOCK served task=2 label=44 result=192453656 live=0
SLIME_CLOCK served task=3 label=44 result=192464908 live=0
SLIME_CLOCK served task=2 label=44 result=192475327 live=0
SLIME_CLOCK served task=3 label=44 result=192486223 live=0
SLIME_CLOCK served task=2 label=44 result=192496856 live=0
SLIME_CLOCK served task=3 label=44 result=192509316 live=0
SLIME_CLOCK served task=2 label=44 result=192519837 live=0
SLIME_CLOCK served task=3 label=44 result=192531164 live=0
SLIME_CLOCK served task=2 label=44 result=192541822 live=0
SLIME_CLOCK served task=3 label=44 result=192552917 live=0
SLIME_CLOCK served task=2 label=44 result=192564528 live=0
SLIME_CLOCK served task=3 label=44 result=192578279 live=0
SLIME_CLOCK served task=2 label=44 result=192589757 live=0
SLIME_CLOCK served task=3 label=44 result=192599974 live=0
SLIME_CLOCK served task=2 label=44 result=192609524 live=0
SLIME_CLOCK served task=3 label=44 result=192622246 live=0
SLIME_CLOCK served task=2 label=44 result=192651345 live=0
SLIME_CLOCK served task=3 label=44 result=192673010 live=0
SLIME_CLOCK served task=2 label=44 result=192690419 live=0
SLIME_CLOCK served task=3 label=44 result=192703642 live=0
SLIME_CLOCK served task=2 label=44 result=192713926 live=0
SLIME_CLOCK served task=3 label=44 result=192724782 live=0
SLIME_CLOCK served task=2 label=44 result=192735719 live=0
SLIME_CLOCK served task=3 label=44 result=192746938 live=0
SLIME_CLOCK served task=2 label=44 result=192757184 live=0
SLIME_CLOCK served task=3 label=44 result=192769970 live=0
SLIME_CLOCK served task=2 label=44 result=192780385 live=0
SLIME_CLOCK served task=3 label=44 result=192791323 live=0
SLIME_CLOCK served task=2 label=44 result=192801669 live=0
SLIME_CLOCK served task=3 label=44 result=192812977 live=0
SLIME_CLOCK served task=2 label=44 result=192823395 live=0
SLIME_CLOCK served task=3 label=44 result=192834747 live=0
SLIME_CLOCK served task=2 label=44 result=192846376 live=0
SLIME_CLOCK served task=3 label=44 result=192858849 live=0
SLIME_CLOCK served task=2 label=44 result=192870874 live=0
SLIME_CLOCK served task=3 label=44 result=192884565 live=0
SLIME_CLOCK served task=2 label=44 result=192897178 live=0
SLIME_CLOCK served task=3 label=44 result=192908896 live=0
SLIME_CLOCK served task=2 label=44 result=192919664 live=0
SLIME_CLOCK served task=3 label=44 result=192930657 live=0
SLIME_CLOCK served task=2 label=44 result=192941118 live=0
SLIME_CLOCK served task=3 label=44 result=192956282 live=0
SLIME_CLOCK served task=2 label=44 result=192970636 live=0
SLIME_CLOCK served task=3 label=44 result=192982626 live=0
SLIME_CLOCK served task=2 label=44 result=192993512 live=0
SLIME_CLOCK served task=3 label=44 result=193004443 live=0
SLIME_CLOCK served task=2 label=44 result=193015704 live=0
SLIME_CLOCK served task=3 label=44 result=193027137 live=0
SLIME_CLOCK served task=2 label=44 result=193038140 live=0
SLIME_CLOCK served task=3 label=44 result=193049939 live=0
SLIME_CLOCK served task=2 label=44 result=193061071 live=0
SLIME_CLOCK served task=3 label=44 result=193072100 live=0
SLIME_CLOCK served task=2 label=44 result=193082554 live=0
SLIME_CLOCK served task=3 label=44 result=193094669 live=0
SLIME_CLOCK served task=2 label=44 result=193109059 live=0
SLIME_CLOCK served task=3 label=44 result=193124874 live=0
SLIME_CLOCK served task=2 label=44 result=193141832 live=0
SLIME_CLOCK served task=3 label=44 result=193159668 live=0
SLIME_CLOCK served task=2 label=44 result=193176357 live=0
SLIME_CLOCK served task=3 label=44 result=193187443 live=0
SLIME_CLOCK served task=2 label=44 result=193197671 live=0
SLIME_CLOCK served task=3 label=44 result=193208072 live=0
SLIME_CLOCK served task=2 label=44 result=193218516 live=0
SLIME_CLOCK served task=3 label=44 result=193230798 live=0
SLIME_CLOCK served task=2 label=44 result=193241425 live=0
SLIME_CLOCK served task=3 label=44 result=193253748 live=0
SLIME_CLOCK served task=2 label=44 result=193268708 live=0
SLIME_CLOCK served task=3 label=44 result=193284344 live=0
SLIME_CLOCK served task=2 label=44 result=193298798 live=0
SLIME_CLOCK served task=3 label=44 result=193314460 live=0
SLIME_CLOCK served task=2 label=44 result=193329163 live=0
SLIME_CLOCK served task=3 label=44 result=193344750 live=0
SLIME_CLOCK served task=2 label=44 result=193359410 live=0
SLIME_CLOCK served task=3 label=44 result=193375358 live=0
SLIME_CLOCK served task=2 label=44 result=193385138 live=0
SLIME_CLOCK served task=3 label=44 result=193398843 live=0
SLIME_CLOCK served task=2 label=44 result=193414767 live=0
SLIME_CLOCK served task=3 label=44 result=193431600 live=0
SLIME_CLOCK served task=2 label=44 result=193447459 live=0
SLIME_CLOCK served task=3 label=44 result=193464106 live=0
SLIME_CLOCK served task=2 label=44 result=193479792 live=0
SLIME_CLOCK served task=3 label=44 result=193496620 live=0
SLIME_CLOCK served task=2 label=44 result=193512549 live=0
SLIME_CLOCK served task=3 label=44 result=193530685 live=0
SLIME_CLOCK served task=2 label=44 result=193546512 live=0
SLIME_CLOCK served task=3 label=44 result=193563224 live=0
SLIME_CLOCK served task=2 label=44 result=193579130 live=0
SLIME_CLOCK served task=3 label=44 result=193595900 live=0
SLIME_CLOCK served task=2 label=44 result=193611718 live=0
SLIME_CLOCK served task=3 label=44 result=193628358 live=0
SLIME_CLOCK served task=2 label=44 result=193643883 live=0
SLIME_CLOCK served task=3 label=44 result=193661716 live=0
SLIME_CLOCK served task=2 label=44 result=193677414 live=0
SLIME_CLOCK served task=3 label=44 result=193694131 live=0
SLIME_CLOCK served task=2 label=44 result=193709704 live=0
SLIME_CLOCK served task=3 label=44 result=193726098 live=0
SLIME_CLOCK served task=2 label=44 result=193741713 live=0
SLIME_CLOCK served task=3 label=44 result=193758521 live=0
SLIME_CLOCK served task=2 label=44 result=193775240 live=0
SLIME_CLOCK served task=3 label=44 result=193791893 live=0
SLIME_CLOCK served task=2 label=44 result=193807944 live=0
SLIME_CLOCK served task=3 label=44 result=193824266 live=0
SLIME_CLOCK served task=2 label=44 result=193839858 live=0
SLIME_CLOCK served task=3 label=44 result=193856359 live=0
SLIME_CLOCK served task=2 label=44 result=193872197 live=0
SLIME_CLOCK served task=3 label=44 result=193888700 live=0
SLIME_CLOCK served task=2 label=44 result=193905427 live=0
SLIME_CLOCK served task=3 label=44 result=193922054 live=0
SLIME_CLOCK served task=2 label=44 result=193937971 live=0
SLIME_CLOCK served task=3 label=44 result=193954575 live=0
SLIME_CLOCK served task=2 label=44 result=193970412 live=0
SLIME_CLOCK served task=3 label=44 result=193987346 live=0
SLIME_CLOCK served task=2 label=44 result=194003278 live=0
SLIME_CLOCK served task=3 label=44 result=194020068 live=0
SLIME_CLOCK served task=2 label=44 result=194037807 live=0
SLIME_CLOCK served task=3 label=44 result=194054493 live=0
SLIME_CLOCK served task=2 label=44 result=194070703 live=0
SLIME_CLOCK served task=3 label=44 result=194087469 live=0
SLIME_CLOCK served task=2 label=44 result=194103540 live=0
SLIME_CLOCK served task=3 label=44 result=194120571 live=0
SLIME_CLOCK served task=2 label=44 result=194136195 live=0
SLIME_CLOCK served task=3 label=44 result=194152822 live=0
SLIME_CLOCK served task=2 label=44 result=194169839 live=0
SLIME_CLOCK served task=3 label=44 result=194186424 live=0
SLIME_CLOCK served task=2 label=44 result=194200455 live=0
SLIME_CLOCK served task=3 label=44 result=194215674 live=0
SLIME_CLOCK served task=2 label=44 result=194229951 live=0
SLIME_CLOCK served task=3 label=44 result=194245549 live=0
SLIME_CLOCK served task=2 label=44 result=194260046 live=0
SLIME_CLOCK served task=3 label=44 result=194275680 live=0
SLIME_CLOCK served task=2 label=44 result=194295178 live=0
SLIME_CLOCK served task=3 label=44 result=194312908 live=0
SLIME_CLOCK served task=2 label=44 result=194325994 live=0
SLIME_CLOCK served task=3 label=44 result=194337365 live=0
SLIME_CLOCK served task=2 label=44 result=194348713 live=0
SLIME_CLOCK served task=3 label=44 result=194360741 live=0
SLIME_CLOCK served task=2 label=44 result=194371866 live=0
SLIME_CLOCK served task=3 label=44 result=194383529 live=0
SLIME_CLOCK served task=2 label=44 result=194396805 live=0
SLIME_CLOCK served task=3 label=44 result=194415117 live=0
SLIME_CLOCK served task=2 label=44 result=194448937 live=0
SLIME_CLOCK served task=3 label=44 result=194465020 live=0
SLIME_CLOCK served task=2 label=44 result=194479189 live=0
SLIME_CLOCK served task=3 label=44 result=194494572 live=0
SLIME_CLOCK served task=2 label=44 result=194505094 live=0
SLIME_CLOCK served task=3 label=44 result=194515658 live=0
SLIME_CLOCK served task=2 label=44 result=194525159 live=0
SLIME_CLOCK served task=3 label=44 result=194536866 live=0
SLIME_CLOCK served task=2 label=44 result=194549436 live=0
SLIME_CLOCK served task=3 label=44 result=194561509 live=0
SLIME_CLOCK served task=2 label=44 result=194570993 live=0
SLIME_CLOCK served task=3 label=44 result=194581459 live=0
SLIME_CLOCK served task=2 label=44 result=194590990 live=0
SLIME_CLOCK served task=3 label=44 result=194601059 live=0
SLIME_CLOCK served task=2 label=44 result=194610518 live=0
SLIME_CLOCK served task=3 label=44 result=194623380 live=0
SLIME_CLOCK served task=2 label=44 result=194633895 live=0
SLIME_CLOCK served task=3 label=44 result=194644843 live=0
SLIME_CLOCK served task=2 label=44 result=194655195 live=0
SLIME_CLOCK served task=3 label=44 result=194667835 live=0
SLIME_CLOCK served task=2 label=44 result=194679642 live=0
SLIME_CLOCK served task=3 label=44 result=194692224 live=0
SLIME_CLOCK served task=2 label=44 result=194704268 live=0
SLIME_CLOCK served task=3 label=44 result=194717218 live=0
SLIME_CLOCK served task=2 label=44 result=194727593 live=0
SLIME_CLOCK served task=3 label=44 result=194738609 live=0
SLIME_CLOCK served task=2 label=44 result=194750273 live=0
SLIME_CLOCK served task=3 label=44 result=194761142 live=0
SLIME_CLOCK served task=2 label=44 result=194771266 live=0
SLIME_CLOCK served task=3 label=44 result=194782309 live=0
SLIME_CLOCK served task=2 label=44 result=194792902 live=0
SLIME_CLOCK served task=3 label=44 result=194804206 live=0
SLIME_CLOCK served task=2 label=44 result=194814718 live=0
SLIME_CLOCK served task=3 label=44 result=194825709 live=0
SLIME_CLOCK served task=2 label=44 result=194836230 live=0
SLIME_CLOCK served task=3 label=44 result=194847665 live=0
SLIME_CLOCK served task=2 label=44 result=194857852 live=0
SLIME_CLOCK served task=3 label=44 result=194868956 live=0
SLIME_CLOCK served task=2 label=44 result=194880660 live=0
SLIME_CLOCK served task=3 label=44 result=194891565 live=0
SLIME_CLOCK served task=2 label=44 result=194902190 live=0
SLIME_CLOCK served task=3 label=44 result=194913481 live=0
SLIME_CLOCK served task=2 label=44 result=194923799 live=0
SLIME_CLOCK served task=3 label=44 result=194935135 live=0
SLIME_CLOCK served task=2 label=44 result=194945688 live=0
SLIME_CLOCK served task=3 label=44 result=194956816 live=0
SLIME_CLOCK served task=2 label=44 result=194967196 live=0
SLIME_CLOCK served task=3 label=44 result=194978355 live=0
SLIME_CLOCK served task=2 label=44 result=194988918 live=0
SLIME_CLOCK served task=3 label=44 result=195000541 live=0
SLIME_CLOCK served task=2 label=44 result=195010906 live=0
SLIME_CLOCK served task=3 label=44 result=195021980 live=0
SLIME_CLOCK served task=2 label=44 result=195032301 live=0
SLIME_CLOCK served task=3 label=44 result=195043618 live=0
SLIME_CLOCK served task=2 label=44 result=195053935 live=0
SLIME_CLOCK served task=3 label=44 result=195065227 live=0
SLIME_CLOCK served task=2 label=44 result=195075969 live=0
SLIME_CLOCK served task=3 label=44 result=195087592 live=0
SLIME_CLOCK served task=2 label=44 result=195098105 live=0
SLIME_CLOCK served task=3 label=44 result=195109996 live=0
SLIME_CLOCK served task=2 label=44 result=195126222 live=0
SLIME_CLOCK served task=3 label=44 result=195143219 live=0
SLIME_CLOCK served task=2 label=44 result=195153813 live=0
SLIME_CLOCK served task=3 label=44 result=195164894 live=0
SLIME_CLOCK served task=2 label=44 result=195175338 live=0
SLIME_CLOCK served task=3 label=44 result=195186688 live=0
SLIME_CLOCK served task=2 label=44 result=195196922 live=0
SLIME_CLOCK served task=3 label=44 result=195208151 live=0
SLIME_CLOCK served task=2 label=44 result=195218362 live=0
SLIME_CLOCK served task=3 label=44 result=195229188 live=0
SLIME_CLOCK served task=2 label=44 result=195239519 live=0
SLIME_CLOCK served task=2 label=44 result=195252004 live=0
SLIME_CLOCK served task=3 label=44 result=195264217 live=0
SLIME_CLOCK served task=2 label=44 result=195274798 live=0
SLIME_CLOCK served task=3 label=44 result=195285710 live=0
SLIME_CLOCK served task=2 label=44 result=195298143 live=0
SLIME_CLOCK served task=3 label=44 result=195310624 live=0
SLIME_CLOCK served task=2 label=44 result=195325326 live=0
SLIME_CLOCK served task=3 label=44 result=195340090 live=0
SLIME_CLOCK served task=2 label=44 result=195354342 live=0
SLIME_CLOCK served task=3 label=44 result=195369804 live=0
SLIME_CLOCK served task=2 label=44 result=195402617 live=0
SLIME_CLOCK served task=3 label=44 result=195423361 live=0
SLIME_CLOCK served task=2 label=44 result=195440415 live=0
SLIME_CLOCK served task=3 label=44 result=195453575 live=0
SLIME_CLOCK served task=2 label=44 result=195464494 live=0
SLIME_CLOCK served task=3 label=44 result=195475586 live=0
SLIME_CLOCK served task=2 label=44 result=195486094 live=0
SLIME_CLOCK served task=3 label=44 result=195497398 live=0
SLIME_CLOCK served task=2 label=44 result=195509077 live=0
SLIME_CLOCK served task=3 label=44 result=195520339 live=0
SLIME_CLOCK served task=2 label=44 result=195531287 live=0
SLIME_CLOCK served task=3 label=44 result=195542434 live=0
SLIME_CLOCK served task=2 label=44 result=195552902 live=0
SLIME_CLOCK served task=3 label=44 result=195564791 live=0
SLIME_CLOCK served task=2 label=44 result=195580397 live=0
SLIME_CLOCK served task=3 label=44 result=195596342 live=0
SLIME_CLOCK served task=2 label=44 result=195610611 live=0
SLIME_CLOCK served task=3 label=44 result=195626089 live=0
SLIME_CLOCK served task=2 label=44 result=195647343 live=0
SLIME_CLOCK served task=3 label=44 result=195667024 live=0
SLIME_CLOCK served task=2 label=44 result=195685740 live=0
SLIME_CLOCK served task=3 label=44 result=195702577 live=0
SLIME_CLOCK served task=2 label=44 result=195717213 live=0
SLIME_CLOCK served task=3 label=44 result=195732344 live=0
SLIME_CLOCK served task=2 label=44 result=195746952 live=0
SLIME_CLOCK served task=3 label=44 result=195763058 live=0
SLIME_CLOCK served task=3 label=44 result=195779130 live=0
SLIME_CLOCK served task=2 label=44 result=195794062 live=0
SLIME_CLOCK served task=3 label=44 result=195809886 live=0
SLIME_CLOCK served task=2 label=44 result=195824630 live=0
SLIME_CLOCK served task=3 label=44 result=195840306 live=0
SLIME_CLOCK served task=2 label=44 result=195855265 live=0
SLIME_CLOCK served task=3 label=44 result=195871198 live=0
SLIME_CLOCK served task=2 label=44 result=195886655 live=0
SLIME_CLOCK served task=3 label=44 result=195902861 live=0
SLIME_CLOCK served task=2 label=44 result=195918017 live=0
SLIME_CLOCK served task=3 label=44 result=195933867 live=0
SLIME_CLOCK served task=2 label=44 result=195948602 live=0
SLIME_CLOCK served task=3 label=44 result=195964296 live=0
SLIME_CLOCK served task=2 label=44 result=195979167 live=0
SLIME_CLOCK served task=3 label=44 result=195995010 live=0
SLIME_CLOCK served task=2 label=44 result=196009842 live=0
SLIME_CLOCK served task=3 label=44 result=196026684 live=0
SLIME_CLOCK served task=2 label=44 result=196041178 live=0
SLIME_CLOCK served task=3 label=44 result=196058102 live=0
SLIME_CLOCK served task=2 label=44 result=196073360 live=0
SLIME_CLOCK served task=3 label=44 result=196088590 live=0
SLIME_CLOCK served task=2 label=44 result=196101210 live=0
SLIME_CLOCK served task=3 label=44 result=196111756 live=0
SLIME_CLOCK served task=2 label=44 result=196125663 live=0
SLIME_CLOCK served task=3 label=44 result=196144185 live=0
SLIME_CLOCK served task=2 label=44 result=196159910 live=0
SLIME_CLOCK served task=3 label=44 result=196175334 live=0
SLIME_CLOCK served task=2 label=44 result=196190606 live=0
SLIME_CLOCK served task=3 label=44 result=196200785 live=0
SLIME_CLOCK served task=2 label=44 result=196210586 live=0
SLIME_CLOCK served task=3 label=44 result=196220657 live=0
SLIME_CLOCK served task=2 label=44 result=196230108 live=0
SLIME_CLOCK served task=3 label=44 result=196240195 live=0
SLIME_CLOCK served task=2 label=44 result=196252124 live=0
SLIME_CLOCK served task=3 label=44 result=196263415 live=0
SLIME_CLOCK served task=2 label=44 result=196275557 live=0
SLIME_CLOCK served task=3 label=44 result=196286599 live=0
SLIME_CLOCK served task=2 label=44 result=196297227 live=0
SLIME_CLOCK served task=3 label=44 result=196308358 live=0
SLIME_CLOCK served task=2 label=44 result=196319160 live=0
SLIME_CLOCK served task=3 label=44 result=196330080 live=0
SLIME_CLOCK served task=2 label=44 result=196340596 live=0
SLIME_CLOCK served task=3 label=44 result=196353063 live=0
SLIME_CLOCK served task=2 label=44 result=196365292 live=0
SLIME_CLOCK served task=3 label=44 result=196378176 live=0
SLIME_CLOCK served task=2 label=44 result=196390417 live=0
SLIME_CLOCK served task=3 label=44 result=196404082 live=0
SLIME_CLOCK served task=2 label=44 result=196414855 live=0
SLIME_CLOCK served task=3 label=44 result=196425690 live=0
SLIME_CLOCK served task=2 label=44 result=196436508 live=0
SLIME_CLOCK served task=3 label=44 result=196447483 live=0
SLIME_CLOCK served task=2 label=44 result=196457970 live=0
SLIME_CLOCK served task=3 label=44 result=196469459 live=0
SLIME_CLOCK served task=2 label=44 result=196479734 live=0
SLIME_CLOCK served task=3 label=44 result=196490922 live=0
SLIME_CLOCK served task=2 label=44 result=196501945 live=0
SLIME_CLOCK served task=3 label=44 result=196513212 live=0
SLIME_CLOCK served task=2 label=44 result=196525483 live=0
SLIME_CLOCK served task=3 label=44 result=196536894 live=0
SLIME_CLOCK served task=2 label=44 result=196547663 live=0
SLIME_CLOCK served task=3 label=44 result=196559195 live=0
SLIME_CLOCK served task=2 label=44 result=196568760 live=0
SLIME_CLOCK served task=3 label=44 result=196579589 live=0
SLIME_CLOCK served task=2 label=44 result=196590040 live=0
SLIME_CLOCK served task=3 label=44 result=196604532 live=0
SLIME_CLOCK served task=2 label=44 result=196614099 live=0
SLIME_CLOCK served task=3 label=44 result=196624565 live=0
SLIME_CLOCK served task=2 label=44 result=196634156 live=0
SLIME_CLOCK served task=3 label=44 result=196644282 live=0
SLIME_CLOCK served task=2 label=44 result=196662425 live=0
SLIME_CLOCK served task=3 label=44 result=196679574 live=0
SLIME_CLOCK served task=2 label=44 result=196696390 live=0
SLIME_CLOCK served task=3 label=44 result=196713313 live=0
SLIME_CLOCK served task=2 label=44 result=196729738 live=0
SLIME_CLOCK served task=3 label=44 result=196746713 live=0
SLIME_CLOCK served task=2 label=44 result=196763533 live=0
SLIME_CLOCK served task=3 label=44 result=196789806 live=0
SLIME_CLOCK served task=2 label=44 result=196834137 live=0
SLIME_CLOCK served task=3 label=44 result=196851503 live=0
SLIME_CLOCK served task=2 label=44 result=196868163 live=0
SLIME_CLOCK served task=3 label=44 result=196885266 live=0
SLIME_CLOCK served task=2 label=44 result=196903124 live=0
SLIME_CLOCK served task=3 label=44 result=196920519 live=0
SLIME_CLOCK served task=2 label=44 result=196936051 live=0
SLIME_CLOCK served task=3 label=44 result=196947754 live=0
SLIME_CLOCK served task=2 label=44 result=196959063 live=0
SLIME_CLOCK served task=3 label=44 result=196970873 live=0
SLIME_CLOCK served task=2 label=44 result=196982046 live=0
SLIME_CLOCK served task=3 label=44 result=196994258 live=0
SLIME_CLOCK served task=2 label=44 result=197005358 live=0
SLIME_CLOCK served task=3 label=44 result=197017391 live=0
SLIME_CLOCK served task=2 label=44 result=197030120 live=0
SLIME_CLOCK served task=3 label=44 result=197042222 live=0
SLIME_CLOCK served task=2 label=44 result=197053465 live=0
SLIME_CLOCK served task=3 label=44 result=197065324 live=0
SLIME_CLOCK served task=2 label=44 result=197076805 live=0
SLIME_CLOCK served task=3 label=44 result=197089190 live=0
SLIME_CLOCK served task=2 label=44 result=197101049 live=0
SLIME_CLOCK served task=3 label=44 result=197113593 live=0
SLIME_CLOCK served task=2 label=44 result=197125497 live=0
SLIME_CLOCK served task=3 label=44 result=197137280 live=0
SLIME_CLOCK served task=2 label=44 result=197148933 live=0
SLIME_CLOCK served task=3 label=44 result=197162594 live=0
SLIME_CLOCK served task=2 label=44 result=197173911 live=0
SLIME_CLOCK served task=3 label=44 result=197185924 live=0
SLIME_CLOCK served task=2 label=44 result=197197842 live=0
SLIME_CLOCK served task=3 label=44 result=197210112 live=0
SLIME_CLOCK served task=2 label=44 result=197222043 live=0
SLIME_CLOCK served task=3 label=44 result=197234356 live=0
SLIME_CLOCK served task=2 label=44 result=197249020 live=0
SLIME_CLOCK served task=3 label=44 result=197264499 live=0
SLIME_CLOCK served task=2 label=44 result=197280957 live=0
SLIME_CLOCK served task=3 label=44 result=197298137 live=0
SLIME_CLOCK served task=2 label=44 result=197312598 live=0
SLIME_CLOCK served task=3 label=44 result=197328101 live=0
SLIME_CLOCK served task=2 label=44 result=197342465 live=0
SLIME_CLOCK served task=3 label=44 result=197357636 live=0
SLIME_CLOCK served task=2 label=44 result=197373701 live=0
SLIME_CLOCK served task=3 label=44 result=197387070 live=0
SLIME_CLOCK served task=2 label=44 result=197397766 live=0
SLIME_CLOCK served task=3 label=44 result=197409826 live=0
SLIME_CLOCK served task=2 label=44 result=197420190 live=0
SLIME_CLOCK served task=3 label=44 result=197434476 live=0
SLIME_CLOCK served task=2 label=44 result=197444974 live=0
SLIME_CLOCK served task=3 label=44 result=197456026 live=0
SLIME_CLOCK served task=2 label=44 result=197466341 live=0
SLIME_CLOCK served task=3 label=44 result=197477846 live=0
SLIME_CLOCK served task=2 label=44 result=197488472 live=0
SLIME_CLOCK served task=3 label=44 result=197500060 live=0
SLIME_CLOCK served task=2 label=44 result=197510954 live=0
SLIME_CLOCK served task=3 label=44 result=197522579 live=0
SLIME_CLOCK served task=2 label=44 result=197533794 live=0
SLIME_CLOCK served task=3 label=44 result=197545057 live=0
SLIME_CLOCK served task=2 label=44 result=197555905 live=0
SLIME_CLOCK served task=3 label=44 result=197567410 live=0
SLIME_CLOCK served task=2 label=44 result=197577825 live=0
SLIME_CLOCK served task=3 label=44 result=197589157 live=0
SLIME_CLOCK served task=2 label=44 result=197600690 live=0
SLIME_CLOCK served task=3 label=44 result=197612517 live=0
SLIME_CLOCK served task=2 label=44 result=197623886 live=0
SLIME_CLOCK served task=3 label=44 result=197635738 live=0
SLIME_CLOCK served task=2 label=44 result=197646176 live=0
SLIME_CLOCK served task=3 label=44 result=197657298 live=0
SLIME_CLOCK served task=2 label=44 result=197669130 live=0
SLIME_CLOCK served task=3 label=44 result=197681084 live=0
SLIME_CLOCK served task=2 label=44 result=197691954 live=0
SLIME_CLOCK served task=3 label=44 result=197702907 live=0
SLIME_CLOCK served task=2 label=44 result=197713545 live=0
SLIME_CLOCK served task=3 label=44 result=197724818 live=0
SLIME_CLOCK served task=2 label=44 result=197735481 live=0
SLIME_CLOCK served task=3 label=44 result=197747281 live=0
SLIME_CLOCK served task=2 label=44 result=197758172 live=0
SLIME_CLOCK served task=3 label=44 result=197769422 live=0
SLIME_CLOCK served task=2 label=44 result=197779920 live=0
SLIME_CLOCK served task=3 label=44 result=197795785 live=0
SLIME_CLOCK served task=2 label=44 result=197811999 live=0
SLIME_CLOCK served task=3 label=44 result=197829812 live=0
SLIME_CLOCK served task=2 label=44 result=197844548 live=0
SLIME_CLOCK served task=3 label=44 result=197860499 live=0
SLIME_CLOCK served task=2 label=44 result=197875540 live=0
SLIME_CLOCK served task=3 label=44 result=197891235 live=0
SLIME_CLOCK served task=2 label=44 result=197906040 live=0
SLIME_CLOCK served task=3 label=44 result=197923937 live=0
SLIME_CLOCK served task=2 label=44 result=197933801 live=0
SLIME_CLOCK served task=3 label=44 result=197943926 live=0
SLIME_CLOCK served task=2 label=44 result=197953487 live=0
SLIME_CLOCK served task=3 label=44 result=197963594 live=0
SLIME_CLOCK served task=2 label=44 result=197973188 live=0
SLIME_CLOCK served task=3 label=44 result=197983331 live=0
SLIME_CLOCK served task=2 label=44 result=197992934 live=0
SLIME_CLOCK served task=3 label=44 result=198003188 live=0
SLIME_CLOCK served task=2 label=44 result=198012758 live=0
SLIME_CLOCK served task=3 label=44 result=198022935 live=0
SLIME_CLOCK served task=2 label=44 result=198032465 live=0
SLIME_CLOCK served task=3 label=44 result=198045222 live=0
SLIME_CLOCK served task=2 label=44 result=198057319 live=0
SLIME_CLOCK served task=3 label=44 result=198069440 live=0
SLIME_CLOCK served task=2 label=44 result=198081151 live=0
SLIME_CLOCK served task=3 label=44 result=198093466 live=0
SLIME_CLOCK served task=2 label=44 result=198105317 live=0
SLIME_CLOCK served task=3 label=44 result=198117576 live=0
SLIME_CLOCK served task=2 label=44 result=198129681 live=0
SLIME_CLOCK served task=3 label=44 result=198142100 live=0
SLIME_CLOCK served task=2 label=44 result=198154025 live=0
SLIME_CLOCK served task=3 label=44 result=198166230 live=0
SLIME_CLOCK served task=2 label=44 result=198176635 live=0
SLIME_CLOCK served task=3 label=44 result=198188194 live=0
SLIME_CLOCK served task=2 label=44 result=198199148 live=0
SLIME_CLOCK served task=3 label=44 result=198211243 live=0
SLIME_CLOCK served task=2 label=44 result=198222397 live=0
SLIME_CLOCK served task=3 label=44 result=198233727 live=0
SLIME_CLOCK served task=2 label=44 result=198244879 live=0
SLIME_CLOCK served task=3 label=44 result=198256080 live=0
SLIME_CLOCK served task=2 label=44 result=198266697 live=0
SLIME_CLOCK served task=3 label=44 result=198277780 live=0
SLIME_CLOCK served task=2 label=44 result=198288435 live=0
SLIME_CLOCK served task=3 label=44 result=198301010 live=0
SLIME_CLOCK served task=2 label=44 result=198312007 live=0
SLIME_CLOCK served task=3 label=44 result=198327946 live=0
SLIME_CLOCK served task=2 label=44 result=198342748 live=0
SLIME_CLOCK served task=3 label=44 result=198358636 live=0
SLIME_CLOCK served task=2 label=44 result=198373341 live=0
SLIME_CLOCK served task=3 label=44 result=198388997 live=0
SLIME_CLOCK served task=2 label=44 result=198403659 live=0
SLIME_CLOCK served task=3 label=44 result=198421724 live=0
SLIME_CLOCK served task=2 label=44 result=198438772 live=0
SLIME_CLOCK served task=3 label=44 result=198456568 live=0
SLIME_CLOCK served task=2 label=44 result=198470051 live=0
SLIME_CLOCK served task=3 label=44 result=198481958 live=0
SLIME_CLOCK served task=2 label=44 result=198492884 live=0
SLIME_CLOCK served task=3 label=44 result=198504016 live=0
SLIME_CLOCK served task=2 label=44 result=198514326 live=0
SLIME_CLOCK served task=3 label=44 result=198525564 live=0
SLIME_CLOCK served task=2 label=44 result=198535729 live=0
SLIME_CLOCK served task=3 label=44 result=198547642 live=0
SLIME_CLOCK served task=2 label=44 result=198558733 live=0
SLIME_CLOCK served task=3 label=44 result=198570024 live=0
SLIME_CLOCK served task=2 label=44 result=198580542 live=0
SLIME_CLOCK served task=3 label=44 result=198591960 live=0
SLIME_CLOCK served task=2 label=44 result=198602696 live=0
SLIME_CLOCK served task=3 label=44 result=198613862 live=0
SLIME_CLOCK served task=2 label=44 result=198624518 live=0
SLIME_CLOCK served task=3 label=44 result=198635913 live=0
SLIME_CLOCK served task=2 label=44 result=198646442 live=0
SLIME_CLOCK served task=3 label=44 result=198657660 live=0
SLIME_CLOCK served task=2 label=44 result=198668283 live=0
SLIME_CLOCK served task=3 label=44 result=198680886 live=0
SLIME_CLOCK served task=2 label=44 result=198691347 live=0
SLIME_CLOCK served task=3 label=44 result=198702473 live=0
SLIME_CLOCK served task=2 label=44 result=198713016 live=0
SLIME_CLOCK served task=3 label=44 result=198724215 live=0
SLIME_CLOCK served task=2 label=44 result=198735323 live=0
SLIME_CLOCK served task=3 label=44 result=198746900 live=0
SLIME_CLOCK served task=2 label=44 result=198757374 live=0
SLIME_CLOCK served task=3 label=44 result=198768953 live=0
SLIME_CLOCK served task=2 label=44 result=198779955 live=0
SLIME_CLOCK served task=3 label=44 result=198791126 live=0
SLIME_CLOCK served task=2 label=44 result=198802548 live=0
SLIME_CLOCK served task=3 label=44 result=198814231 live=0
SLIME_CLOCK served task=2 label=44 result=198824555 live=0
SLIME_CLOCK served task=3 label=44 result=198836185 live=0
SLIME_CLOCK served task=2 label=44 result=198847326 live=0
SLIME_CLOCK served task=3 label=44 result=198862349 live=0
SLIME_CLOCK served task=2 label=44 result=198877043 live=0
SLIME_CLOCK served task=3 label=44 result=198892458 live=0
SLIME_CLOCK served task=2 label=44 result=198906396 live=0
SLIME_CLOCK served task=3 label=44 result=198921867 live=0
SLIME_CLOCK served task=2 label=44 result=198952204 live=0
SLIME_CLOCK served task=3 label=44 result=198968245 live=0
SLIME_CLOCK served task=2 label=44 result=198983140 live=0
SLIME_CLOCK served task=3 label=44 result=198995188 live=0
SLIME_CLOCK served task=2 label=44 result=199004705 live=0
SLIME_CLOCK served task=3 label=44 result=199014809 live=0
SLIME_CLOCK served task=2 label=44 result=199024259 live=0
SLIME_CLOCK served task=3 label=44 result=199034309 live=0
SLIME_CLOCK served task=2 label=44 result=199043762 live=0
SLIME_CLOCK served task=3 label=44 result=199056420 live=0
SLIME_CLOCK served task=2 label=44 result=199067318 live=0
SLIME_CLOCK served task=3 label=44 result=199078122 live=0
SLIME_CLOCK served task=2 label=44 result=199088732 live=0
SLIME_CLOCK served task=3 label=44 result=199099976 live=0
SLIME_CLOCK served task=2 label=44 result=199112036 live=0
SLIME_CLOCK served task=3 label=44 result=199124714 live=0
SLIME_CLOCK served task=2 label=44 result=199136727 live=0
SLIME_CLOCK served task=3 label=44 result=199149177 live=0
SLIME_CLOCK served task=2 label=44 result=199161228 live=0
SLIME_CLOCK served task=3 label=44 result=199172367 live=0
SLIME_CLOCK served task=2 label=44 result=199184275 live=0
SLIME_CLOCK served task=3 label=44 result=199195366 live=0
SLIME_CLOCK served task=2 label=44 result=199205698 live=0
SLIME_CLOCK served task=3 label=44 result=199216789 live=0
SLIME_CLOCK served task=2 label=44 result=199227730 live=0
SLIME_CLOCK served task=3 label=44 result=199238761 live=0
SLIME_CLOCK served task=2 label=44 result=199249320 live=0
SLIME_CLOCK served task=3 label=44 result=199260407 live=0
SLIME_CLOCK served task=2 label=44 result=199270683 live=0
SLIME_CLOCK served task=3 label=44 result=199281949 live=0
SLIME_CLOCK served task=2 label=44 result=199292728 live=0
SLIME_CLOCK served task=3 label=44 result=199304514 live=0
SLIME_CLOCK served task=2 label=44 result=199315184 live=0
SLIME_CLOCK served task=3 label=44 result=199326331 live=0
SLIME_CLOCK served task=2 label=44 result=199336703 live=0
SLIME_CLOCK served task=3 label=44 result=199348308 live=0
SLIME_CLOCK served task=2 label=44 result=199358875 live=0
SLIME_CLOCK served task=3 label=44 result=199369888 live=0
SLIME_CLOCK served task=2 label=44 result=199382834 live=0
SLIME_CLOCK served task=3 label=44 result=199398005 live=0
SLIME_CLOCK served task=2 label=44 result=199412677 live=0
SLIME_CLOCK served task=3 label=44 result=199427708 live=0
SLIME_CLOCK served task=2 label=44 result=199442602 live=0
SLIME_CLOCK served task=3 label=44 result=199458093 live=0
SLIME_CLOCK served task=2 label=44 result=199472487 live=0
SLIME_CLOCK served task=3 label=44 result=199497690 live=0
SLIME_CLOCK served task=2 label=44 result=199509067 live=0
SLIME_CLOCK served task=3 label=44 result=199521258 live=0
SLIME_CLOCK served task=2 label=44 result=199533427 live=0
SLIME_CLOCK served task=3 label=44 result=199545208 live=0
SLIME_CLOCK served task=2 label=44 result=199555876 live=0
SLIME_CLOCK served task=3 label=44 result=199566928 live=0
SLIME_CLOCK served task=2 label=44 result=199577332 live=0
SLIME_CLOCK served task=3 label=44 result=199588589 live=0
SLIME_CLOCK served task=2 label=44 result=199599323 live=0
SLIME_CLOCK served task=3 label=44 result=199611481 live=0
SLIME_CLOCK served task=2 label=44 result=199622248 live=0
SLIME_CLOCK served task=3 label=44 result=199633125 live=0
SLIME_CLOCK served task=2 label=44 result=199643742 live=0
SLIME_CLOCK served task=3 label=44 result=199655192 live=0
SLIME_CLOCK served task=2 label=44 result=199665996 live=0
SLIME_CLOCK served task=3 label=44 result=199677172 live=0
SLIME_CLOCK served task=2 label=44 result=199687907 live=0
SLIME_CLOCK served task=3 label=44 result=199698955 live=0
SLIME_CLOCK served task=2 label=44 result=199709224 live=0
SLIME_CLOCK served task=3 label=44 result=199720110 live=0
SLIME_CLOCK served task=2 label=44 result=199731321 live=0
SLIME_CLOCK served task=3 label=44 result=199742607 live=0
SLIME_CLOCK served task=2 label=44 result=199753343 live=0
SLIME_CLOCK served task=3 label=44 result=199764572 live=0
SLIME_CLOCK served task=2 label=44 result=199774886 live=0
SLIME_CLOCK served task=3 label=44 result=199785870 live=0
SLIME_CLOCK served task=2 label=44 result=199797012 live=0
SLIME_CLOCK served task=3 label=44 result=199808695 live=0
SLIME_CLOCK served task=2 label=44 result=199819408 live=0
SLIME_CLOCK served task=3 label=44 result=199830602 live=0
SLIME_CLOCK served task=2 label=44 result=199841066 live=0
SLIME_CLOCK served task=3 label=44 result=199852085 live=0
SLIME_CLOCK served task=2 label=44 result=199863987 live=0
SLIME_CLOCK served task=3 label=44 result=199875218 live=0
SLIME_CLOCK served task=2 label=44 result=199885856 live=0
SLIME_CLOCK served task=3 label=44 result=199897797 live=0
SLIME_CLOCK served task=2 label=44 result=199911087 live=0
SLIME_CLOCK served task=3 label=44 result=199926059 live=0
SLIME_CLOCK served task=2 label=44 result=199941240 live=0
SLIME_CLOCK served task=3 label=44 result=199957707 live=0
SLIME_CLOCK served task=2 label=44 result=199971909 live=0
SLIME_CLOCK served task=3 label=44 result=199994543 live=0
SLIME_CLOCK served task=2 label=44 result=200011993 live=0
SLIME_CLOCK served task=3 label=44 result=200029780 live=0
SLIME_CLOCK served task=2 label=44 result=200046484 live=0
SLIME_CLOCK served task=3 label=44 result=200064251 live=0
SLIME_CLOCK served task=2 label=44 result=200078000 live=0
SLIME_CLOCK served task=3 label=44 result=200092416 live=0
SLIME_CLOCK served task=2 label=44 result=200105904 live=0
SLIME_CLOCK served task=3 label=44 result=200125082 live=0
SLIME_CLOCK served task=2 label=44 result=200139766 live=0
SLIME_CLOCK served task=3 label=44 result=200154975 live=0
SLIME_CLOCK served task=2 label=44 result=200169499 live=0
SLIME_CLOCK served task=3 label=44 result=200185101 live=0
SLIME_CLOCK served task=2 label=44 result=200199444 live=0
SLIME_CLOCK served task=3 label=44 result=200214543 live=0
SLIME_CLOCK served task=2 label=44 result=200229296 live=0
SLIME_CLOCK served task=3 label=44 result=200245054 live=0
SLIME_CLOCK served task=2 label=44 result=200260370 live=0
SLIME_CLOCK served task=3 label=44 result=200275486 live=0
SLIME_CLOCK served task=2 label=44 result=200290153 live=0
SLIME_CLOCK served task=3 label=44 result=200305361 live=0
SLIME_CLOCK served task=2 label=44 result=200319887 live=0
SLIME_CLOCK served task=3 label=44 result=200335141 live=0
SLIME_CLOCK served task=2 label=44 result=200349597 live=0
SLIME_CLOCK served task=3 label=44 result=200364913 live=0
SLIME_CLOCK served task=2 label=44 result=200380883 live=0
SLIME_CLOCK served task=3 label=44 result=200396059 live=0
SLIME_CLOCK served task=2 label=44 result=200410693 live=0
SLIME_CLOCK served task=3 label=44 result=200426580 live=0
SLIME_CLOCK served task=2 label=44 result=200441381 live=0
SLIME_CLOCK served task=3 label=44 result=200456625 live=0
SLIME_CLOCK served task=2 label=44 result=200470911 live=0
SLIME_CLOCK served task=3 label=44 result=200486017 live=0
SLIME_CLOCK served task=2 label=44 result=200500816 live=0
SLIME_CLOCK served task=3 label=44 result=200516606 live=0
SLIME_CLOCK served task=2 label=44 result=200531435 live=0
SLIME_CLOCK served task=3 label=44 result=200547193 live=0
SLIME_CLOCK served task=2 label=44 result=200558497 live=0
SLIME_CLOCK served task=3 label=44 result=200569657 live=0
SLIME_CLOCK served task=2 label=44 result=200580412 live=0
SLIME_CLOCK served task=3 label=44 result=200591572 live=0
SLIME_CLOCK served task=2 label=44 result=200602207 live=0
SLIME_CLOCK served task=3 label=44 result=200613870 live=0
SLIME_CLOCK served task=2 label=44 result=200626343 live=0
SLIME_CLOCK served task=3 label=44 result=200637337 live=0
SLIME_CLOCK served task=2 label=44 result=200647849 live=0
SLIME_CLOCK served task=3 label=44 result=200658757 live=0
SLIME_CLOCK served task=2 label=44 result=200669383 live=0
SLIME_CLOCK served task=3 label=44 result=200680757 live=0
SLIME_CLOCK served task=2 label=44 result=200691515 live=0
SLIME_CLOCK served task=3 label=44 result=200702849 live=0
SLIME_CLOCK served task=2 label=44 result=200713507 live=0
SLIME_CLOCK served task=3 label=44 result=200724863 live=0
SLIME_CLOCK served task=2 label=44 result=200735327 live=0
SLIME_CLOCK served task=3 label=44 result=200747862 live=0
SLIME_CLOCK served task=2 label=44 result=200758725 live=0
SLIME_CLOCK served task=3 label=44 result=200769736 live=0
SLIME_CLOCK served task=2 label=44 result=200780312 live=0
SLIME_CLOCK served task=3 label=44 result=200791784 live=0
SLIME_CLOCK served task=2 label=44 result=200802304 live=0
SLIME_CLOCK served task=3 label=44 result=200813637 live=0
SLIME_CLOCK served task=2 label=44 result=200824263 live=0
SLIME_CLOCK served task=3 label=44 result=200835807 live=0
SLIME_CLOCK served task=2 label=44 result=200846669 live=0
SLIME_CLOCK served task=3 label=44 result=200857992 live=0
SLIME_CLOCK served task=2 label=44 result=200868537 live=0
SLIME_CLOCK served task=3 label=44 result=200881082 live=0
SLIME_CLOCK served task=2 label=44 result=200891617 live=0
SLIME_CLOCK served task=3 label=44 result=200903040 live=0
SLIME_CLOCK served task=2 label=44 result=200913640 live=0
SLIME_CLOCK served task=3 label=44 result=200924753 live=0
SLIME_CLOCK served task=2 label=44 result=200936200 live=0
SLIME_CLOCK served task=3 label=44 result=200947255 live=0
SLIME_CLOCK served task=2 label=44 result=200958544 live=0
SLIME_CLOCK served task=3 label=44 result=200972012 live=0
SLIME_CLOCK served task=2 label=44 result=200981865 live=0
SLIME_CLOCK served task=3 label=44 result=200992221 live=0
SLIME_CLOCK served task=2 label=44 result=201006908 live=0
SLIME_CLOCK served task=3 label=44 result=201021935 live=0
SLIME_CLOCK served task=2 label=44 result=201036571 live=0
SLIME_CLOCK served task=3 label=44 result=201052353 live=0
SLIME_CLOCK served task=2 label=44 result=201067250 live=0
SLIME_CLOCK served task=3 label=44 result=201082837 live=0
SLIME_CLOCK served task=2 label=44 result=201097167 live=0
SLIME_CLOCK served task=3 label=44 result=201111639 live=0
SLIME_CLOCK served task=2 label=44 result=201121725 live=0
SLIME_CLOCK served task=3 label=44 result=201134945 live=0
SLIME_CLOCK served task=2 label=44 result=201145340 live=0
SLIME_CLOCK served task=3 label=44 result=201156334 live=0
SLIME_CLOCK served task=2 label=44 result=201167040 live=0
SLIME_CLOCK served task=3 label=44 result=201177896 live=0
SLIME_CLOCK served task=2 label=44 result=201189016 live=0
SLIME_CLOCK served task=3 label=44 result=201200651 live=0
SLIME_CLOCK served task=2 label=44 result=201211702 live=0
SLIME_CLOCK served task=3 label=44 result=201223144 live=0
SLIME_CLOCK served task=2 label=44 result=201234010 live=0
SLIME_CLOCK served task=3 label=44 result=201245556 live=0
SLIME_CLOCK served task=2 label=44 result=201258010 live=0
SLIME_CLOCK served task=3 label=44 result=201269215 live=0
SLIME_CLOCK served task=2 label=44 result=201279643 live=0
SLIME_CLOCK served task=3 label=44 result=201290839 live=0
SLIME_CLOCK served task=2 label=44 result=201301376 live=0
SLIME_CLOCK served task=3 label=44 result=201313122 live=0
SLIME_CLOCK served task=2 label=44 result=201323924 live=0
SLIME_CLOCK served task=3 label=44 result=201335615 live=0
SLIME_CLOCK served task=2 label=44 result=201346434 live=0
SLIME_CLOCK served task=3 label=44 result=201357565 live=0
SLIME_CLOCK served task=2 label=44 result=201368084 live=0
SLIME_CLOCK served task=3 label=44 result=201379904 live=0
SLIME_CLOCK served task=2 label=44 result=201390664 live=0
SLIME_CLOCK served task=3 label=44 result=201402372 live=0
SLIME_CLOCK served task=2 label=44 result=201412833 live=0
SLIME_CLOCK served task=3 label=44 result=201424128 live=0
SLIME_CLOCK served task=2 label=44 result=201435211 live=0
SLIME_CLOCK served task=3 label=44 result=201446732 live=0
SLIME_CLOCK served task=2 label=44 result=201457415 live=0
SLIME_CLOCK served task=3 label=44 result=201468946 live=0
SLIME_CLOCK served task=2 label=44 result=201483060 live=0
SLIME_CLOCK served task=3 label=44 result=201498001 live=0
SLIME_CLOCK served task=2 label=44 result=201517488 live=0
SLIME_CLOCK served task=3 label=44 result=201535309 live=0
SLIME_CLOCK served task=2 label=44 result=201550260 live=0
SLIME_CLOCK served task=3 label=44 result=201566040 live=0
SLIME_CLOCK served task=2 label=44 result=201578686 live=0
SLIME_CLOCK served task=3 label=44 result=201588922 live=0
SLIME_CLOCK served task=2 label=44 result=201598805 live=0
SLIME_CLOCK served task=3 label=44 result=201609236 live=0
SLIME_CLOCK served task=2 label=44 result=201618997 live=0
SLIME_CLOCK served task=3 label=44 result=201629340 live=0
SLIME_CLOCK served task=2 label=44 result=201646098 live=0
SLIME_CLOCK served task=3 label=44 result=201659160 live=0
SLIME_CLOCK served task=2 label=44 result=201671492 live=0
SLIME_CLOCK served task=3 label=44 result=201684082 live=0
SLIME_CLOCK served task=2 label=44 result=201696081 live=0
SLIME_CLOCK served task=3 label=44 result=201708029 live=0
SLIME_CLOCK served task=2 label=44 result=201720135 live=0
SLIME_CLOCK served task=3 label=44 result=201733633 live=0
SLIME_CLOCK served task=2 label=44 result=201745843 live=0
SLIME_CLOCK served task=3 label=44 result=201758597 live=0
SLIME_CLOCK served task=2 label=44 result=201771882 live=0
SLIME_CLOCK served task=3 label=44 result=201784991 live=0
SLIME_CLOCK served task=2 label=44 result=201798033 live=0
SLIME_CLOCK served task=3 label=44 result=201811240 live=0
SLIME_CLOCK served task=2 label=44 result=201823503 live=0
SLIME_CLOCK served task=3 label=44 result=201836085 live=0
SLIME_CLOCK served task=2 label=44 result=201848013 live=0
SLIME_CLOCK served task=3 label=44 result=201861056 live=0
SLIME_CLOCK served task=2 label=44 result=201873282 live=0
SLIME_CLOCK served task=3 label=44 result=201885861 live=0
SLIME_CLOCK served task=2 label=44 result=201898610 live=0
SLIME_CLOCK served task=3 label=44 result=201911362 live=0
SLIME_CLOCK served task=2 label=44 result=201923646 live=0
SLIME_CLOCK served task=3 label=44 result=201936723 live=0
SLIME_CLOCK served task=2 label=44 result=201948866 live=0
SLIME_CLOCK served task=3 label=44 result=201961475 live=0
SLIME_CLOCK served task=2 label=44 result=201973680 live=0
SLIME_CLOCK served task=3 label=44 result=201986765 live=0
SLIME_CLOCK served task=2 label=44 result=201998882 live=0
SLIME_CLOCK served task=3 label=44 result=202014707 live=0
SLIME_CLOCK served task=2 label=44 result=202031651 live=0
SLIME_CLOCK served task=3 label=44 result=202049177 live=0
SLIME_CLOCK served task=2 label=44 result=202066200 live=0
SLIME_CLOCK served task=3 label=44 result=202083612 live=0
SLIME_CLOCK served task=2 label=44 result=202100311 live=0
SLIME_CLOCK served task=3 label=44 result=202117760 live=0
SLIME_CLOCK served task=2 label=44 result=202134483 live=0
SLIME_CLOCK served task=3 label=44 result=202152921 live=0
SLIME_CLOCK served task=2 label=44 result=202168135 live=0
SLIME_CLOCK served task=3 label=44 result=202181935 live=0
SLIME_CLOCK served task=2 label=44 result=202195016 live=0
SLIME_CLOCK served task=3 label=44 result=202209766 live=0
SLIME_CLOCK served task=2 label=44 result=202220044 live=0
SLIME_CLOCK served task=3 label=44 result=202230236 live=0
SLIME_CLOCK served task=2 label=44 result=202239833 live=0
SLIME_CLOCK served task=3 label=44 result=202250577 live=0
SLIME_CLOCK served task=2 label=44 result=202260516 live=0
SLIME_CLOCK served task=3 label=44 result=202279969 live=0
SLIME_CLOCK served task=2 label=44 result=202294084 live=0
SLIME_CLOCK served task=3 label=44 result=202306720 live=0
SLIME_CLOCK served task=2 label=44 result=202318426 live=0
SLIME_CLOCK served task=3 label=44 result=202330836 live=0
SLIME_CLOCK served task=2 label=44 result=202343390 live=0
SLIME_CLOCK served task=3 label=44 result=202356578 live=0
SLIME_CLOCK served task=2 label=44 result=202369608 live=0
SLIME_CLOCK served task=3 label=44 result=202383001 live=0
SLIME_CLOCK served task=2 label=44 result=202398035 live=0
SLIME_CLOCK served task=3 label=44 result=202411186 live=0
SLIME_CLOCK served task=2 label=44 result=202423659 live=0
SLIME_CLOCK served task=3 label=44 result=202435710 live=0
SLIME_CLOCK served task=2 label=44 result=202447691 live=0
SLIME_CLOCK served task=3 label=44 result=202460260 live=0
SLIME_CLOCK served task=2 label=44 result=202471986 live=0
SLIME_CLOCK served task=3 label=44 result=202485029 live=0
SLIME_CLOCK served task=2 label=44 result=202498885 live=0
SLIME_CLOCK served task=3 label=44 result=202512385 live=0
SLIME_CLOCK served task=2 label=44 result=202526715 live=0
SLIME_CLOCK served task=3 label=44 result=202538887 live=0
SLIME_CLOCK served task=2 label=44 result=202549834 live=0
SLIME_CLOCK served task=3 label=44 result=202561593 live=0
SLIME_CLOCK served task=2 label=44 result=202572174 live=0
SLIME_CLOCK served task=3 label=44 result=202583393 live=0
SLIME_CLOCK served task=2 label=44 result=202593923 live=0
SLIME_CLOCK served task=3 label=44 result=202605199 live=0
SLIME_CLOCK served task=2 label=44 result=202615952 live=0
SLIME_CLOCK served task=3 label=44 result=202632965 live=0
SLIME_CLOCK served task=2 label=44 result=202651012 live=0
SLIME_CLOCK served task=3 label=44 result=202665850 live=0
SLIME_CLOCK served task=2 label=44 result=202676983 live=0
SLIME_CLOCK served task=3 label=44 result=202692185 live=0
SLIME_CLOCK served task=2 label=44 result=202707324 live=0
SLIME_CLOCK served task=3 label=44 result=202723310 live=0
SLIME_CLOCK served task=2 label=44 result=202738648 live=0
SLIME_CLOCK served task=3 label=44 result=202754850 live=0
SLIME_CLOCK served task=2 label=44 result=202764769 live=0
SLIME_CLOCK served task=3 label=44 result=202778583 live=0
SLIME_CLOCK served task=2 label=44 result=202789298 live=0
SLIME_CLOCK served task=3 label=44 result=202800756 live=0
SLIME_CLOCK served task=2 label=44 result=202811958 live=0
SLIME_CLOCK served task=3 label=44 result=202823001 live=0
SLIME_CLOCK served task=2 label=44 result=202833250 live=0
SLIME_CLOCK served task=3 label=44 result=202844269 live=0
SLIME_CLOCK served task=2 label=44 result=202854740 live=0
SLIME_CLOCK served task=3 label=44 result=202865862 live=0
SLIME_CLOCK served task=2 label=44 result=202876578 live=0
SLIME_CLOCK served task=3 label=44 result=202887772 live=0
SLIME_CLOCK served task=2 label=44 result=202899840 live=0
SLIME_CLOCK served task=3 label=44 result=202911437 live=0
SLIME_CLOCK served task=2 label=44 result=202922191 live=0
SLIME_CLOCK served task=3 label=44 result=202933940 live=0
SLIME_CLOCK served task=2 label=44 result=202944626 live=0
SLIME_CLOCK served task=3 label=44 result=202955914 live=0
SLIME_CLOCK served task=2 label=44 result=202966409 live=0
SLIME_CLOCK served task=3 label=44 result=202977349 live=0
SLIME_CLOCK served task=2 label=44 result=202988007 live=0
SLIME_CLOCK served task=3 label=44 result=203000056 live=0
SLIME_CLOCK served task=2 label=44 result=203011142 live=0
SLIME_CLOCK served task=3 label=44 result=203022155 live=0
SLIME_CLOCK served task=2 label=44 result=203035015 live=0
SLIME_CLOCK served task=3 label=44 result=203046365 live=0
SLIME_CLOCK served task=2 label=44 result=203056780 live=0
SLIME_CLOCK served task=3 label=44 result=203067977 live=0
SLIME_CLOCK served task=2 label=44 result=203078694 live=0
SLIME_CLOCK served task=3 label=44 result=203092380 live=0
SLIME_CLOCK served task=2 label=44 result=203106444 live=0
SLIME_CLOCK served task=3 label=44 result=203119198 live=0
SLIME_CLOCK served task=2 label=44 result=203130235 live=0
SLIME_CLOCK served task=3 label=44 result=203141261 live=0
SLIME_CLOCK served task=2 label=44 result=203151854 live=0
SLIME_CLOCK served task=3 label=44 result=203168579 live=0
SLIME_CLOCK served task=2 label=44 result=203186097 live=0
SLIME_CLOCK served task=3 label=44 result=203204152 live=0
SLIME_CLOCK served task=2 label=44 result=203221105 live=0
SLIME_CLOCK served task=3 label=44 result=203239329 live=0
SLIME_CLOCK served task=2 label=44 result=203251171 live=0
SLIME_CLOCK served task=3 label=44 result=203262298 live=0
SLIME_CLOCK served task=2 label=44 result=203273137 live=0
SLIME_CLOCK served task=3 label=44 result=203286524 live=0
SLIME_CLOCK served task=2 label=44 result=203297234 live=0
SLIME_CLOCK served task=3 label=44 result=203308939 live=0
SLIME_CLOCK served task=2 label=44 result=203319745 live=0
SLIME_CLOCK served task=3 label=44 result=203331209 live=0
SLIME_CLOCK served task=2 label=44 result=203341652 live=0
SLIME_CLOCK served task=3 label=44 result=203354640 live=0
SLIME_CLOCK served task=2 label=44 result=203370036 live=0
SLIME_CLOCK served task=3 label=44 result=203385761 live=0
SLIME_CLOCK served task=2 label=44 result=203400426 live=0
SLIME_CLOCK served task=3 label=44 result=203423279 live=0
SLIME_CLOCK served task=2 label=44 result=203434807 live=0
SLIME_CLOCK served task=3 label=44 result=203447520 live=0
SLIME_CLOCK served task=2 label=44 result=203461186 live=0
SLIME_CLOCK served task=3 label=44 result=203475375 live=0
SLIME_CLOCK served task=2 label=44 result=203487783 live=0
SLIME_CLOCK served task=3 label=44 result=203500616 live=0
SLIME_CLOCK served task=2 label=44 result=203512507 live=0
SLIME_CLOCK served task=3 label=44 result=203525136 live=0
SLIME_CLOCK served task=2 label=44 result=203539036 live=0
SLIME_CLOCK served task=3 label=44 result=203553151 live=0
SLIME_CLOCK served task=2 label=44 result=203566763 live=0
SLIME_CLOCK served task=3 label=44 result=203580796 live=0
SLIME_CLOCK served task=2 label=44 result=203593975 live=0
SLIME_CLOCK served task=3 label=44 result=203608399 live=0
SLIME_CLOCK served task=2 label=44 result=203622205 live=0
SLIME_CLOCK served task=3 label=44 result=203636219 live=0
SLIME_CLOCK served task=2 label=44 result=203649505 live=0
SLIME_CLOCK served task=3 label=44 result=203664222 live=0
SLIME_CLOCK served task=2 label=44 result=203677709 live=0
SLIME_CLOCK served task=3 label=44 result=203692160 live=0
SLIME_CLOCK served task=2 label=44 result=203703835 live=0
SLIME_CLOCK served task=3 label=44 result=203716363 live=0
SLIME_CLOCK served task=2 label=44 result=203728040 live=0
SLIME_CLOCK served task=3 label=44 result=203740100 live=0
SLIME_CLOCK served task=2 label=44 result=203752375 live=0
SLIME_CLOCK served task=3 label=44 result=203764304 live=0
SLIME_CLOCK served task=2 label=44 result=203775920 live=0
SLIME_CLOCK served task=3 label=44 result=203787739 live=0
SLIME_CLOCK served task=2 label=44 result=203800856 live=0
SLIME_CLOCK served task=3 label=44 result=203813999 live=0
SLIME_CLOCK served task=2 label=44 result=203825630 live=0
SLIME_CLOCK served task=3 label=44 result=203839906 live=0
SLIME_CLOCK served task=2 label=44 result=203856727 live=0
SLIME_CLOCK served task=3 label=44 result=203874545 live=0
SLIME_CLOCK served task=2 label=44 result=203889869 live=0
SLIME_CLOCK served task=3 label=44 result=203904952 live=0
SLIME_CLOCK served task=2 label=44 result=203922001 live=0
SLIME_CLOCK served task=3 label=44 result=203939979 live=0
SLIME_CLOCK served task=2 label=44 result=203954195 live=0
SLIME_CLOCK served task=3 label=44 result=203964439 live=0
SLIME_CLOCK served task=2 label=44 result=203973985 live=0
SLIME_CLOCK served task=3 label=44 result=203984101 live=0
SLIME_CLOCK served task=2 label=44 result=203995524 live=0
SLIME_CLOCK served task=3 label=44 result=204007435 live=0
SLIME_CLOCK served task=2 label=44 result=204018380 live=0
SLIME_CLOCK served task=3 label=44 result=204029814 live=0
SLIME_CLOCK served task=2 label=44 result=204040113 live=0
SLIME_CLOCK served task=3 label=44 result=204051173 live=0
SLIME_CLOCK served task=2 label=44 result=204064217 live=0
SLIME_CLOCK served task=3 label=44 result=204075216 live=0
SLIME_CLOCK served task=2 label=44 result=204085815 live=0
SLIME_CLOCK served task=3 label=44 result=204096692 live=0
SLIME_CLOCK served task=2 label=44 result=204107423 live=0
SLIME_CLOCK served task=3 label=44 result=204118947 live=0
SLIME_CLOCK served task=2 label=44 result=204129699 live=0
SLIME_CLOCK served task=3 label=44 result=204141055 live=0
SLIME_CLOCK served task=2 label=44 result=204151584 live=0
SLIME_CLOCK served task=3 label=44 result=204162509 live=0
SLIME_CLOCK served task=2 label=44 result=204172853 live=0
SLIME_CLOCK served task=3 label=44 result=204185293 live=0
SLIME_CLOCK served task=2 label=44 result=204195734 live=0
SLIME_CLOCK served task=3 label=44 result=204206857 live=0
SLIME_CLOCK served task=2 label=44 result=204217420 live=0
SLIME_CLOCK served task=3 label=44 result=204228438 live=0
SLIME_CLOCK served task=2 label=44 result=204238880 live=0
SLIME_CLOCK served task=3 label=44 result=204250814 live=0
SLIME_CLOCK served task=2 label=44 result=204261084 live=0
SLIME_CLOCK served task=3 label=44 result=204272050 live=0
SLIME_CLOCK served task=2 label=44 result=204282430 live=0
SLIME_CLOCK served task=3 label=44 result=204293624 live=0
SLIME_CLOCK served task=2 label=44 result=204303787 live=0
SLIME_CLOCK served task=3 label=44 result=204317120 live=0
SLIME_CLOCK served task=2 label=44 result=204327875 live=0
SLIME_CLOCK served task=3 label=44 result=204339379 live=0
SLIME_CLOCK served task=2 label=44 result=204350497 live=0
SLIME_CLOCK served task=3 label=44 result=204362878 live=0
SLIME_CLOCK served task=2 label=44 result=204379529 live=0
SLIME_CLOCK served task=3 label=44 result=204397267 live=0
SLIME_CLOCK served task=2 label=44 result=204411578 live=0
SLIME_CLOCK served task=3 label=44 result=204426346 live=0
SLIME_CLOCK served task=2 label=44 result=204453779 live=0
SLIME_CLOCK served task=3 label=44 result=204486602 live=0
SLIME_CLOCK served task=2 label=44 result=204500632 live=0
SLIME_CLOCK served task=3 label=44 result=204511602 live=0
SLIME_CLOCK served task=2 label=44 result=204522007 live=0
SLIME_CLOCK served task=3 label=44 result=204536304 live=0
SLIME_CLOCK served task=2 label=44 result=204546790 live=0
SLIME_CLOCK served task=3 label=44 result=204558583 live=0
SLIME_CLOCK served task=2 label=44 result=204571337 live=0
SLIME_CLOCK served task=3 label=44 result=204582317 live=0
SLIME_CLOCK served task=2 label=44 result=204592782 live=0
SLIME_CLOCK served task=3 label=44 result=204603661 live=0
SLIME_CLOCK served task=2 label=44 result=204613855 live=0
SLIME_CLOCK served task=3 label=44 result=204625136 live=0
SLIME_CLOCK served task=2 label=44 result=204635555 live=0
SLIME_CLOCK served task=3 label=44 result=204646564 live=0
SLIME_CLOCK served task=2 label=44 result=204656876 live=0
SLIME_CLOCK served task=3 label=44 result=204668023 live=0
SLIME_CLOCK served task=2 label=44 result=204678294 live=0
SLIME_CLOCK served task=3 label=44 result=204689570 live=0
SLIME_CLOCK served task=2 label=44 result=204700920 live=0
SLIME_CLOCK served task=3 label=44 result=204712311 live=0
SLIME_CLOCK served task=2 label=44 result=204722783 live=0
SLIME_CLOCK served task=3 label=44 result=204733638 live=0
SLIME_CLOCK served task=2 label=44 result=204744461 live=0
SLIME_CLOCK served task=3 label=44 result=204755909 live=0
SLIME_CLOCK served task=2 label=44 result=204766731 live=0
SLIME_CLOCK served task=3 label=44 result=204778148 live=0
SLIME_CLOCK served task=2 label=44 result=204788481 live=0
SLIME_CLOCK served task=3 label=44 result=204799393 live=0
SLIME_CLOCK served task=2 label=44 result=204810026 live=0
SLIME_CLOCK served task=3 label=44 result=204822931 live=0
SLIME_CLOCK served task=2 label=44 result=204833540 live=0
SLIME_CLOCK served task=3 label=44 result=204844961 live=0
SLIME_CLOCK served task=2 label=44 result=204855838 live=0
SLIME_CLOCK served task=3 label=44 result=204866628 live=0
SLIME_CLOCK served task=2 label=44 result=204877198 live=0
SLIME_CLOCK served task=3 label=44 result=204889892 live=0
SLIME_CLOCK served task=2 label=44 result=204905488 live=0
SLIME_CLOCK served task=3 label=44 result=204923031 live=0
SLIME_CLOCK served task=2 label=44 result=204940652 live=0
SLIME_CLOCK served task=3 label=44 result=204972875 live=0
SLIME_CLOCK served task=2 label=44 result=204987419 live=0
SLIME_CLOCK served task=3 label=44 result=205000089 live=0
SLIME_CLOCK served task=2 label=44 result=205010046 live=0
SLIME_CLOCK served task=3 label=44 result=205020214 live=0
SLIME_CLOCK served task=2 label=44 result=205029756 live=0
SLIME_CLOCK served task=3 label=44 result=205043159 live=0
SLIME_CLOCK served task=2 label=44 result=205052933 live=0
SLIME_CLOCK served task=3 label=44 result=205063468 live=0
SLIME_CLOCK served task=2 label=44 result=205075060 live=0
SLIME_CLOCK served task=3 label=44 result=205086743 live=0
SLIME_CLOCK served task=2 label=44 result=205097841 live=0
SLIME_CLOCK served task=3 label=44 result=205109381 live=0
SLIME_CLOCK served task=2 label=44 result=205120661 live=0
SLIME_CLOCK served task=3 label=44 result=205132431 live=0
SLIME_CLOCK served task=2 label=44 result=205143537 live=0
SLIME_CLOCK served task=3 label=44 result=205155283 live=0
SLIME_CLOCK served task=2 label=44 result=205166102 live=0
SLIME_CLOCK served task=3 label=44 result=205177637 live=0
SLIME_CLOCK served task=2 label=44 result=205188829 live=0
SLIME_CLOCK served task=3 label=44 result=205201080 live=0
SLIME_CLOCK served task=2 label=44 result=205211360 live=0
SLIME_CLOCK served task=3 label=44 result=205222373 live=0
SLIME_CLOCK served task=2 label=44 result=205232484 live=0
SLIME_CLOCK served task=3 label=44 result=205243956 live=0
SLIME_CLOCK served task=2 label=44 result=205255173 live=0
SLIME_CLOCK served task=3 label=44 result=205267012 live=0
SLIME_CLOCK served task=2 label=44 result=205277949 live=0
SLIME_CLOCK served task=3 label=44 result=205289365 live=0
SLIME_CLOCK served task=2 label=44 result=205300005 live=0
SLIME_CLOCK served task=3 label=44 result=205311294 live=0
SLIME_CLOCK served task=2 label=44 result=205321915 live=0
SLIME_CLOCK served task=3 label=44 result=205333906 live=0
SLIME_CLOCK served task=2 label=44 result=205344003 live=0
SLIME_CLOCK served task=3 label=44 result=205354861 live=0
SLIME_CLOCK served task=2 label=44 result=205364996 live=0
SLIME_CLOCK served task=3 label=44 result=205376174 live=0
SLIME_CLOCK served task=2 label=44 result=205387098 live=0
SLIME_CLOCK served task=3 label=44 result=205399533 live=0
SLIME_CLOCK served task=2 label=44 result=205411214 live=0
SLIME_CLOCK served task=3 label=44 result=205425165 live=0
SLIME_CLOCK served task=2 label=44 result=205439930 live=0
SLIME_CLOCK served task=3 label=44 result=205457562 live=0
SLIME_CLOCK served task=2 label=44 result=205472034 live=0
SLIME_CLOCK served task=3 label=44 result=205487953 live=0
SLIME_CLOCK served task=2 label=44 result=205502808 live=0
SLIME_CLOCK served task=3 label=44 result=205518233 live=0
SLIME_CLOCK served task=2 label=44 result=205532700 live=0
SLIME_CLOCK served task=3 label=44 result=205547972 live=0
SLIME_CLOCK served task=2 label=44 result=205558186 live=0
SLIME_CLOCK served task=3 label=44 result=205568297 live=0
SLIME_CLOCK served task=2 label=44 result=205582360 live=0
SLIME_CLOCK served task=3 label=44 result=205594215 live=0
SLIME_CLOCK served task=2 label=44 result=205604611 live=0
SLIME_CLOCK served task=3 label=44 result=205616013 live=0
SLIME_CLOCK served task=2 label=44 result=205626835 live=0
SLIME_CLOCK served task=3 label=44 result=205638079 live=0
SLIME_CLOCK served task=2 label=44 result=205648511 live=0
SLIME_CLOCK served task=3 label=44 result=205659754 live=0
SLIME_CLOCK served task=2 label=44 result=205670544 live=0
SLIME_CLOCK served task=3 label=44 result=205682049 live=0
SLIME_CLOCK served task=2 label=44 result=205694590 live=0
SLIME_CLOCK served task=3 label=44 result=205708085 live=0
SLIME_CLOCK served task=2 label=44 result=205720265 live=0
SLIME_CLOCK served task=3 label=44 result=205732940 live=0
SLIME_CLOCK served task=2 label=44 result=205745449 live=0
SLIME_CLOCK served task=3 label=44 result=205758127 live=0
SLIME_CLOCK served task=2 label=44 result=205770543 live=0
SLIME_CLOCK served task=3 label=44 result=205783171 live=0
SLIME_CLOCK served task=2 label=44 result=205795259 live=0
SLIME_CLOCK served task=3 label=44 result=205807054 live=0
SLIME_CLOCK served task=2 label=44 result=205817777 live=0
SLIME_CLOCK served task=3 label=44 result=205828607 live=0
SLIME_CLOCK served task=2 label=44 result=205840136 live=0
SLIME_CLOCK served task=3 label=44 result=205850974 live=0
SLIME_CLOCK served task=2 label=44 result=205861236 live=0
SLIME_CLOCK served task=3 label=44 result=205872447 live=0
SLIME_CLOCK served task=2 label=44 result=205883084 live=0
SLIME_CLOCK served task=3 label=44 result=205894110 live=0
SLIME_CLOCK served task=2 label=44 result=205904621 live=0
SLIME_CLOCK served task=3 label=44 result=205915877 live=0
SLIME_CLOCK served task=2 label=44 result=205926239 live=0
SLIME_CLOCK served task=3 label=44 result=205940615 live=0
SLIME_CLOCK served task=2 label=44 result=205955499 live=0
SLIME_CLOCK served task=3 label=44 result=205984648 live=0
SLIME_CLOCK served task=2 label=44 result=205999259 live=0
SLIME_CLOCK served task=3 label=44 result=206014740 live=0
SLIME_CLOCK served task=2 label=44 result=206029521 live=0
SLIME_CLOCK served task=3 label=44 result=206047195 live=0
SLIME_CLOCK served task=2 label=44 result=206064117 live=0
SLIME_CLOCK served task=3 label=44 result=206081899 live=0
SLIME_CLOCK served task=2 label=44 result=206102267 live=0
SLIME_CLOCK served task=3 label=44 result=206117802 live=0
SLIME_CLOCK served task=2 label=44 result=206132393 live=0
SLIME_CLOCK served task=3 label=44 result=206147829 live=0
SLIME_CLOCK served task=2 label=44 result=206162468 live=0
SLIME_CLOCK served task=3 label=44 result=206178099 live=0
SLIME_CLOCK served task=2 label=44 result=206192975 live=0
SLIME_CLOCK served task=3 label=44 result=206208262 live=0
SLIME_CLOCK served task=2 label=44 result=206224245 live=0
SLIME_CLOCK served task=3 label=44 result=206240299 live=0
SLIME_CLOCK served task=2 label=44 result=206255170 live=0
SLIME_CLOCK served task=3 label=44 result=206270884 live=0
SLIME_CLOCK served task=2 label=44 result=206285347 live=0
SLIME_CLOCK served task=3 label=44 result=206300682 live=0
SLIME_CLOCK served task=2 label=44 result=206315454 live=0
SLIME_CLOCK served task=3 label=44 result=206330846 live=0
SLIME_CLOCK served task=2 label=44 result=206346890 live=0
SLIME_CLOCK served task=3 label=44 result=206362446 live=0
SLIME_CLOCK served task=2 label=44 result=206377587 live=0
SLIME_CLOCK served task=3 label=44 result=206393142 live=0
SLIME_CLOCK served task=2 label=44 result=206408038 live=0
SLIME_CLOCK served task=3 label=44 result=206423636 live=0
SLIME_CLOCK served task=2 label=44 result=206438386 live=0
SLIME_CLOCK served task=3 label=44 result=206454114 live=0
SLIME_CLOCK served task=2 label=44 result=206473342 live=0
SLIME_CLOCK served task=3 label=44 result=206490101 live=0
SLIME_CLOCK served task=2 label=44 result=206503302 live=0
SLIME_CLOCK served task=3 label=44 result=206519037 live=0
SLIME_CLOCK served task=2 label=44 result=206533774 live=0
SLIME_CLOCK served task=3 label=44 result=206549671 live=0
SLIME_CLOCK served task=2 label=44 result=206564804 live=0
SLIME_CLOCK served task=3 label=44 result=206580677 live=0
SLIME_CLOCK served task=2 label=44 result=206595169 live=0
SLIME_CLOCK served task=3 label=44 result=206607137 live=0
SLIME_CLOCK served task=2 label=44 result=206618928 live=0
SLIME_CLOCK served task=3 label=44 result=206631032 live=0
SLIME_CLOCK served task=2 label=44 result=206642468 live=0
SLIME_CLOCK served task=3 label=44 result=206654003 live=0
SLIME_CLOCK served task=2 label=44 result=206665296 live=0
SLIME_CLOCK served task=3 label=44 result=206677397 live=0
SLIME_CLOCK served task=2 label=44 result=206689417 live=0
SLIME_CLOCK served task=3 label=44 result=206701389 live=0
SLIME_CLOCK served task=2 label=44 result=206712730 live=0
SLIME_CLOCK served task=3 label=44 result=206725815 live=0
SLIME_CLOCK served task=2 label=44 result=206737143 live=0
SLIME_CLOCK served task=3 label=44 result=206749522 live=0
SLIME_CLOCK served task=2 label=44 result=206761182 live=0
SLIME_CLOCK served task=3 label=44 result=206773393 live=0
SLIME_CLOCK served task=2 label=44 result=206784595 live=0
SLIME_CLOCK served task=3 label=44 result=206796381 live=0
SLIME_CLOCK served task=2 label=44 result=206808114 live=0
SLIME_CLOCK served task=3 label=44 result=206819851 live=0
SLIME_CLOCK served task=2 label=44 result=206831393 live=0
SLIME_CLOCK served task=3 label=44 result=206843112 live=0
SLIME_CLOCK served task=2 label=44 result=206855407 live=0
SLIME_CLOCK served task=3 label=44 result=206867286 live=0
SLIME_CLOCK served task=2 label=44 result=206878806 live=0
SLIME_CLOCK served task=3 label=44 result=206890707 live=0
SLIME_CLOCK served task=2 label=44 result=206902033 live=0
SLIME_CLOCK served task=3 label=44 result=206913984 live=0
SLIME_CLOCK served task=2 label=44 result=206925122 live=0
SLIME_CLOCK served task=3 label=44 result=206937060 live=0
SLIME_CLOCK served task=2 label=44 result=206948155 live=0
SLIME_CLOCK served task=3 label=44 result=206959961 live=0
SLIME_CLOCK served task=2 label=44 result=206972002 live=0
SLIME_CLOCK served task=3 label=44 result=206986678 live=0
SLIME_CLOCK served task=2 label=44 result=207001421 live=0
SLIME_CLOCK served task=3 label=44 result=207017129 live=0
SLIME_CLOCK served task=2 label=44 result=207031880 live=0
SLIME_CLOCK served task=3 label=44 result=207046959 live=0
SLIME_CLOCK served task=2 label=44 result=207061283 live=0
SLIME_CLOCK served task=3 label=44 result=207076399 live=0
SLIME_CLOCK served task=2 label=44 result=207090677 live=0
SLIME_CLOCK served task=3 label=44 result=207106664 live=0
SLIME_CLOCK served task=2 label=44 result=207118851 live=0
SLIME_CLOCK served task=3 label=44 result=207130721 live=0
SLIME_CLOCK served task=2 label=44 result=207142953 live=0
SLIME_CLOCK served task=3 label=44 result=207156651 live=0
SLIME_CLOCK served task=2 label=44 result=207167557 live=0
SLIME_CLOCK served task=3 label=44 result=207179403 live=0
SLIME_CLOCK served task=2 label=44 result=207191278 live=0
SLIME_CLOCK served task=3 label=44 result=207203415 live=0
SLIME_CLOCK served task=2 label=44 result=207215048 live=0
SLIME_CLOCK served task=3 label=44 result=207227909 live=0
SLIME_CLOCK served task=2 label=44 result=207239183 live=0
SLIME_CLOCK served task=3 label=44 result=207251860 live=0
SLIME_CLOCK served task=2 label=44 result=207263524 live=0
SLIME_CLOCK served task=3 label=44 result=207275128 live=0
SLIME_CLOCK served task=2 label=44 result=207286525 live=0
SLIME_CLOCK served task=3 label=44 result=207298112 live=0
SLIME_CLOCK served task=2 label=44 result=207309958 live=0
SLIME_CLOCK served task=3 label=44 result=207321887 live=0
SLIME_CLOCK served task=2 label=44 result=207333245 live=0
SLIME_CLOCK served task=3 label=44 result=207345027 live=0
SLIME_CLOCK served task=2 label=44 result=207357789 live=0
SLIME_CLOCK served task=3 label=44 result=207370006 live=0
SLIME_CLOCK served task=2 label=44 result=207381365 live=0
SLIME_CLOCK served task=3 label=44 result=207393316 live=0
SLIME_CLOCK served task=2 label=44 result=207404689 live=0
SLIME_CLOCK served task=3 label=44 result=207416434 live=0
SLIME_CLOCK served task=2 label=44 result=207427727 live=0
SLIME_CLOCK served task=3 label=44 result=207439870 live=0
SLIME_CLOCK served task=2 label=44 result=207451145 live=0
SLIME_CLOCK served task=3 label=44 result=207463228 live=0
SLIME_CLOCK served task=2 label=44 result=207474649 live=0
SLIME_CLOCK served task=3 label=44 result=207487437 live=0
SLIME_CLOCK served task=2 label=44 result=207500368 live=0
SLIME_CLOCK served task=3 label=44 result=207516102 live=0
SLIME_CLOCK served task=2 label=44 result=207533349 live=0
SLIME_CLOCK served task=3 label=44 result=207550824 live=0
SLIME_CLOCK served task=2 label=44 result=207566001 live=0
SLIME_CLOCK served task=3 label=44 result=207581697 live=0
SLIME_CLOCK served task=2 label=44 result=207596392 live=0
SLIME_CLOCK served task=3 label=44 result=207615868 live=0
SLIME_CLOCK served task=2 label=44 result=207633037 live=0
SLIME_CLOCK served task=3 label=44 result=207646288 live=0
SLIME_CLOCK served task=2 label=44 result=207657044 live=0
SLIME_CLOCK served task=3 label=44 result=207668252 live=0
SLIME_CLOCK served task=2 label=44 result=207678852 live=0
SLIME_CLOCK served task=3 label=44 result=207690418 live=0
SLIME_CLOCK served task=2 label=44 result=207700738 live=0
SLIME_CLOCK served task=3 label=44 result=207711586 live=0
SLIME_CLOCK served task=2 label=44 result=207722072 live=0
SLIME_CLOCK served task=2 label=44 result=207733660 live=0
SLIME_CLOCK served task=3 label=44 result=207745088 live=0
SLIME_CLOCK served task=2 label=44 result=207755526 live=0
SLIME_CLOCK served task=3 label=44 result=207766413 live=0
SLIME_CLOCK served task=2 label=44 result=207776736 live=0
SLIME_CLOCK served task=3 label=44 result=207787718 live=0
SLIME_CLOCK served task=2 label=44 result=207798061 live=0
SLIME_CLOCK served task=3 label=44 result=207809607 live=0
SLIME_CLOCK served task=2 label=44 result=207819987 live=0
SLIME_CLOCK served task=3 label=44 result=207831161 live=0
SLIME_CLOCK served task=2 label=44 result=207842164 live=0
SLIME_CLOCK served task=3 label=44 result=207853470 live=0
SLIME_CLOCK served task=2 label=44 result=207865163 live=0
SLIME_CLOCK served task=3 label=44 result=207876654 live=0
SLIME_CLOCK served task=2 label=44 result=207887125 live=0
SLIME_CLOCK served task=3 label=44 result=207898278 live=0
SLIME_CLOCK served task=2 label=44 result=207908621 live=0
SLIME_CLOCK served task=3 label=44 result=207919474 live=0
SLIME_CLOCK served task=2 label=44 result=207929909 live=0
SLIME_CLOCK served task=3 label=44 result=207941733 live=0
SLIME_CLOCK served task=2 label=44 result=207952913 live=0
SLIME_CLOCK served task=3 label=44 result=207964876 live=0
SLIME_CLOCK served task=2 label=44 result=207976046 live=0
SLIME_CLOCK served task=3 label=44 result=207989960 live=0
SLIME_CLOCK served task=2 label=44 result=208001271 live=0
SLIME_CLOCK served task=3 label=44 result=208012304 live=0
SLIME_CLOCK served task=2 label=44 result=208025685 live=0
SLIME_CLOCK served task=3 label=44 result=208042675 live=0
SLIME_CLOCK served task=2 label=44 result=208058065 live=0
SLIME_CLOCK served task=3 label=44 result=208073372 live=0
SLIME_CLOCK served task=2 label=44 result=208087872 live=0
SLIME_CLOCK served task=3 label=44 result=208103535 live=0
SLIME_CLOCK served task=2 label=44 result=208121520 live=0
SLIME_CLOCK served task=3 label=44 result=208147736 live=0
SLIME_CLOCK served task=2 label=44 result=208160441 live=0
SLIME_CLOCK served task=3 label=44 result=208173293 live=0
SLIME_CLOCK served task=2 label=44 result=208185920 live=0
SLIME_CLOCK served task=3 label=44 result=208198595 live=0
SLIME_CLOCK served task=2 label=44 result=208210982 live=0
SLIME_CLOCK served task=3 label=44 result=208223930 live=0
SLIME_CLOCK served task=2 label=44 result=208236118 live=0
SLIME_CLOCK served task=3 label=44 result=208250337 live=0
SLIME_CLOCK served task=2 label=44 result=208262355 live=0
SLIME_CLOCK served task=3 label=44 result=208274626 live=0
SLIME_CLOCK served task=2 label=44 result=208286843 live=0
SLIME_CLOCK served task=3 label=44 result=208299728 live=0
SLIME_CLOCK served task=2 label=44 result=208312293 live=0
SLIME_CLOCK served task=3 label=44 result=208324690 live=0
SLIME_CLOCK served task=2 label=44 result=208336665 live=0
SLIME_CLOCK served task=3 label=44 result=208348901 live=0
SLIME_CLOCK served task=2 label=44 result=208360745 live=0
SLIME_CLOCK served task=3 label=44 result=208374364 live=0
SLIME_CLOCK served task=2 label=44 result=208386329 live=0
SLIME_CLOCK served task=3 label=44 result=208398902 live=0
SLIME_CLOCK served task=2 label=44 result=208410887 live=0
SLIME_CLOCK served task=3 label=44 result=208423444 live=0
SLIME_CLOCK served task=2 label=44 result=208435569 live=0
SLIME_CLOCK served task=3 label=44 result=208448029 live=0
SLIME_CLOCK served task=2 label=44 result=208459759 live=0
SLIME_CLOCK served task=3 label=44 result=208472105 live=0
SLIME_CLOCK served task=2 label=44 result=208483596 live=0
SLIME_CLOCK served task=3 label=44 result=208496774 live=0
SLIME_CLOCK served task=2 label=44 result=208509479 live=0
SLIME_CLOCK served task=3 label=44 result=208522342 live=0
SLIME_CLOCK served task=2 label=44 result=208534283 live=0
SLIME_CLOCK served task=3 label=44 result=208546509 live=0
SLIME_CLOCK served task=2 label=44 result=208560502 live=0
SLIME_CLOCK served task=3 label=44 result=208574565 live=0
SLIME_CLOCK served task=2 label=44 result=208589029 live=0
SLIME_CLOCK served task=3 label=44 result=208604788 live=0
SLIME_CLOCK served task=2 label=44 result=208619829 live=0
SLIME_CLOCK served task=3 label=44 result=208639529 live=0
SLIME_CLOCK served task=2 label=44 result=208651674 live=0
SLIME_CLOCK served task=3 label=44 result=208663372 live=0
SLIME_CLOCK served task=2 label=44 result=208673898 live=0
SLIME_CLOCK served task=3 label=44 result=208685751 live=0
SLIME_CLOCK served task=2 label=44 result=208696420 live=0
SLIME_CLOCK served task=3 label=44 result=208707710 live=0
SLIME_CLOCK served task=2 label=44 result=208718200 live=0
SLIME_CLOCK served task=3 label=44 result=208729317 live=0
SLIME_CLOCK served task=2 label=44 result=208741738 live=0
SLIME_CLOCK served task=3 label=44 result=208762103 live=0
SLIME_CLOCK served task=2 label=44 result=208778457 live=0
SLIME_CLOCK served task=3 label=44 result=208796713 live=0
SLIME_CLOCK served task=2 label=44 result=208812949 live=0
SLIME_CLOCK served task=3 label=44 result=208824199 live=0
SLIME_CLOCK served task=2 label=44 result=208834717 live=0
SLIME_CLOCK served task=3 label=44 result=208846338 live=0
SLIME_CLOCK served task=2 label=44 result=208859862 live=0
SLIME_CLOCK served task=3 label=44 result=208872302 live=0
SLIME_CLOCK served task=2 label=44 result=208886490 live=0
SLIME_CLOCK served task=3 label=44 result=208898562 live=0
SLIME_CLOCK served task=2 label=44 result=208909642 live=0
SLIME_CLOCK served task=3 label=44 result=208921216 live=0
SLIME_CLOCK served task=2 label=44 result=208932551 live=0
SLIME_CLOCK served task=3 label=44 result=208944117 live=0
SLIME_CLOCK served task=2 label=44 result=208955067 live=0
SLIME_CLOCK served task=3 label=44 result=208966638 live=0
SLIME_CLOCK served task=2 label=44 result=208977472 live=0
SLIME_CLOCK served task=3 label=44 result=208989194 live=0
SLIME_CLOCK served task=2 label=44 result=209000996 live=0
SLIME_CLOCK served task=3 label=44 result=209014780 live=0
SLIME_CLOCK served task=2 label=44 result=209025928 live=0
SLIME_CLOCK served task=3 label=44 result=209037603 live=0
SLIME_CLOCK served task=2 label=44 result=209048581 live=0
SLIME_CLOCK served task=3 label=44 result=209060594 live=0
SLIME_CLOCK served task=2 label=44 result=209071717 live=0
SLIME_CLOCK served task=3 label=44 result=209083434 live=0
SLIME_CLOCK served task=2 label=44 result=209094758 live=0
SLIME_CLOCK served task=3 label=44 result=209106361 live=0
SLIME_CLOCK served task=2 label=44 result=209117705 live=0
SLIME_CLOCK served task=3 label=44 result=209129535 live=0
SLIME_CLOCK served task=2 label=44 result=209143592 live=0
SLIME_CLOCK served task=3 label=44 result=209157945 live=0
SLIME_CLOCK served task=2 label=44 result=209172293 live=0
SLIME_CLOCK served task=3 label=44 result=209187724 live=0
SLIME_CLOCK served task=2 label=44 result=209199715 live=0
SLIME_CLOCK served task=3 label=44 result=209211348 live=0
SLIME_CLOCK served task=2 label=44 result=209220870 live=0
SLIME_CLOCK served task=3 label=44 result=209231124 live=0
SLIME_CLOCK served task=2 label=44 result=209240633 live=0
SLIME_CLOCK served task=3 label=44 result=209251045 live=0
SLIME_CLOCK served task=2 label=44 result=209265017 live=0
SLIME_CLOCK served task=3 label=44 result=209276618 live=0
SLIME_CLOCK served task=2 label=44 result=209287573 live=0
SLIME_CLOCK served task=3 label=44 result=209299080 live=0
SLIME_CLOCK served task=2 label=44 result=209311667 live=0
SLIME_CLOCK served task=3 label=44 result=209327539 live=0
SLIME_CLOCK served task=2 label=44 result=209342846 live=0
SLIME_CLOCK served task=3 label=44 result=209359183 live=0
SLIME_CLOCK served task=2 label=44 result=209374616 live=0
SLIME_CLOCK served task=3 label=44 result=209388450 live=0
SLIME_CLOCK served task=2 label=44 result=209402864 live=0
SLIME_CLOCK served task=3 label=44 result=209418109 live=0
SLIME_CLOCK served task=2 label=44 result=209436145 live=0
SLIME_CLOCK served task=3 label=44 result=209453866 live=0
SLIME_CLOCK served task=2 label=44 result=209470602 live=0
SLIME_CLOCK served task=3 label=44 result=209487655 live=0
SLIME_CLOCK served task=2 label=44 result=209504360 live=0
SLIME_CLOCK served task=3 label=44 result=209521715 live=0
SLIME_CLOCK served task=2 label=44 result=209537953 live=0
SLIME_CLOCK served task=3 label=44 result=209557554 live=0
SLIME_CLOCK served task=2 label=44 result=209574289 live=0
SLIME_CLOCK served task=3 label=44 result=209591492 live=0
SLIME_CLOCK served task=2 label=44 result=209607958 live=0
SLIME_CLOCK served task=3 label=44 result=209625423 live=0
SLIME_CLOCK served task=2 label=44 result=209641910 live=0
SLIME_CLOCK served task=3 label=44 result=209659085 live=0
SLIME_CLOCK served task=2 label=44 result=209675527 live=0
SLIME_CLOCK served task=3 label=44 result=209695172 live=0
SLIME_CLOCK served task=2 label=44 result=209711911 live=0
SLIME_CLOCK served task=3 label=44 result=209729205 live=0
SLIME_CLOCK served task=2 label=44 result=209746079 live=0
SLIME_CLOCK served task=3 label=44 result=209763351 live=0
SLIME_CLOCK served task=2 label=44 result=209779789 live=0
SLIME_CLOCK served task=3 label=44 result=209797023 live=0
SLIME_CLOCK served task=2 label=44 result=209814985 live=0
SLIME_CLOCK served task=3 label=44 result=209832250 live=0
SLIME_CLOCK served task=2 label=44 result=209848938 live=0
SLIME_CLOCK served task=3 label=44 result=209866062 live=0
SLIME_CLOCK served task=2 label=44 result=209882984 live=0
SLIME_CLOCK served task=3 label=44 result=209900125 live=0
SLIME_CLOCK served task=2 label=44 result=209916956 live=0
SLIME_CLOCK served task=3 label=44 result=210120197 live=0
SLIME_CLOCK served task=2 label=44 result=210137606 live=0
SLIME_CLOCK served task=3 label=44 result=210154934 live=0
SLIME_CLOCK served task=2 label=44 result=210171517 live=0
SLIME_CLOCK served task=3 label=44 result=210186700 live=0
SLIME_CLOCK served task=2 label=44 result=210198741 live=0
SLIME_CLOCK served task=3 label=44 result=210211196 live=0
SLIME_CLOCK served task=2 label=44 result=210223201 live=0
SLIME_CLOCK served task=3 label=44 result=210235795 live=0
SLIME_CLOCK served task=2 label=44 result=210252277 live=0
SLIME_CLOCK served task=3 label=44 result=210267927 live=0
SLIME_CLOCK served task=2 label=44 result=210282748 live=0
SLIME_CLOCK served task=3 label=44 result=210298077 live=0
SLIME_CLOCK served task=2 label=44 result=210312015 live=0
SLIME_CLOCK served task=3 label=44 result=210323542 live=0
SLIME_CLOCK served task=2 label=44 result=210334517 live=0
SLIME_CLOCK served task=3 label=44 result=210346138 live=0
SLIME_CLOCK served task=2 label=44 result=210357313 live=0
SLIME_CLOCK served task=3 label=44 result=210369193 live=0
SLIME_CLOCK served task=2 label=44 result=210381643 live=0
SLIME_CLOCK served task=3 label=44 result=210393331 live=0
SLIME_CLOCK served task=2 label=44 result=210404092 live=0
SLIME_CLOCK served task=3 label=44 result=210415654 live=0
SLIME_CLOCK served task=2 label=44 result=210426815 live=0
SLIME_CLOCK served task=3 label=44 result=210439186 live=0
SLIME_CLOCK served task=2 label=44 result=210451947 live=0
SLIME_CLOCK served task=3 label=44 result=210463746 live=0
SLIME_CLOCK served task=2 label=44 result=210474848 live=0
SLIME_CLOCK served task=3 label=44 result=210486496 live=0
SLIME_CLOCK served task=2 label=44 result=210499171 live=0
SLIME_CLOCK served task=3 label=44 result=210511231 live=0
SLIME_CLOCK served task=2 label=44 result=210524909 live=0
SLIME_CLOCK served task=3 label=44 result=210541261 live=0
SLIME_CLOCK served task=2 label=44 result=210555905 live=0
SLIME_CLOCK served task=3 label=44 result=210570594 live=0
SLIME_CLOCK served task=2 label=44 result=210584391 live=0
SLIME_CLOCK served task=3 label=44 result=210599782 live=0
SLIME_CLOCK served task=2 label=44 result=210614189 live=0
SLIME_CLOCK served task=3 label=44 result=210633433 live=0
SLIME_CLOCK served task=2 label=44 result=210650040 live=0
SLIME_CLOCK served task=3 label=44 result=210666418 live=0
SLIME_CLOCK served task=2 label=44 result=210681404 live=0
SLIME_CLOCK served task=3 label=44 result=210697195 live=0
SLIME_CLOCK served task=2 label=44 result=210708929 live=0
SLIME_CLOCK served task=3 label=44 result=210719333 live=0
SLIME_CLOCK served task=2 label=44 result=210728765 live=0
SLIME_CLOCK served task=3 label=44 result=210738714 live=0
SLIME_CLOCK served task=2 label=44 result=210748407 live=0
SLIME_CLOCK served task=3 label=44 result=210761476 live=0
SLIME_CLOCK served task=2 label=44 result=210771881 live=0
SLIME_CLOCK served task=3 label=44 result=210782702 live=0
SLIME_CLOCK served task=2 label=44 result=210793821 live=0
SLIME_CLOCK served task=3 label=44 result=210805032 live=0
SLIME_CLOCK served task=2 label=44 result=210815693 live=0
SLIME_CLOCK served task=3 label=44 result=210826716 live=0
SLIME_CLOCK served task=2 label=44 result=210837149 live=0
SLIME_CLOCK served task=3 label=44 result=210848357 live=0
SLIME_CLOCK served task=2 label=44 result=210859224 live=0
SLIME_CLOCK served task=3 label=44 result=210870507 live=0
SLIME_CLOCK served task=2 label=44 result=210883499 live=0
SLIME_CLOCK served task=3 label=44 result=210895719 live=0
SLIME_CLOCK served task=2 label=44 result=210907373 live=0
SLIME_CLOCK served task=3 label=44 result=210919465 live=0
SLIME_CLOCK served task=2 label=44 result=210931567 live=0
SLIME_CLOCK served task=3 label=44 result=210942965 live=0
SLIME_CLOCK served task=2 label=44 result=210953577 live=0
SLIME_CLOCK served task=3 label=44 result=210965238 live=0
SLIME_CLOCK served task=2 label=44 result=210976126 live=0
SLIME_CLOCK served task=3 label=44 result=210987322 live=0
SLIME_CLOCK served task=2 label=44 result=210998404 live=0
SLIME_CLOCK served task=3 label=44 result=211011228 live=0
SLIME_CLOCK served task=2 label=44 result=211021691 live=0
SLIME_CLOCK served task=3 label=44 result=211032952 live=0
SLIME_CLOCK served task=2 label=44 result=211043910 live=0
SLIME_CLOCK served task=3 label=44 result=211061335 live=0
SLIME_CLOCK served task=2 label=44 result=211075992 live=0
SLIME_CLOCK served task=3 label=44 result=211091419 live=0
SLIME_CLOCK served task=2 label=44 result=211106071 live=0
SLIME_CLOCK served task=3 label=44 result=211121184 live=0
SLIME_CLOCK served task=2 label=44 result=211138070 live=0
SLIME_CLOCK served task=3 label=44 result=211153521 live=0
SLIME_CLOCK served task=2 label=44 result=211167766 live=0
SLIME_CLOCK served task=3 label=44 result=211182054 live=0
SLIME_CLOCK served task=2 label=44 result=211191715 live=0
SLIME_CLOCK served task=3 label=44 result=211201718 live=0
SLIME_CLOCK served task=2 label=44 result=211211138 live=0
SLIME_CLOCK served task=3 label=44 result=211221204 live=0
SLIME_CLOCK served task=2 label=44 result=211230651 live=0
SLIME_CLOCK served task=3 label=44 result=211240635 live=0
SLIME_CLOCK served task=2 label=44 result=211250722 live=0
SLIME_CLOCK served task=3 label=44 result=211262623 live=0
SLIME_CLOCK served task=2 label=44 result=211273343 live=0
SLIME_CLOCK served task=3 label=44 result=211284527 live=0
SLIME_CLOCK served task=2 label=44 result=211295109 live=0
SLIME_CLOCK served task=3 label=44 result=211307018 live=0
SLIME_CLOCK served task=2 label=44 result=211317491 live=0
SLIME_CLOCK served task=3 label=44 result=211328979 live=0
SLIME_CLOCK served task=2 label=44 result=211339297 live=0
SLIME_CLOCK served task=3 label=44 result=211350204 live=0
SLIME_CLOCK served task=2 label=44 result=211360749 live=0
SLIME_CLOCK served task=3 label=44 result=211371996 live=0
SLIME_CLOCK served task=2 label=44 result=211382311 live=0
SLIME_CLOCK served task=3 label=44 result=211395117 live=0
SLIME_CLOCK served task=2 label=44 result=211405922 live=0
SLIME_CLOCK served task=3 label=44 result=211416952 live=0
SLIME_CLOCK served task=2 label=44 result=211427579 live=0
SLIME_CLOCK served task=3 label=44 result=211438872 live=0
SLIME_CLOCK served task=2 label=44 result=211449182 live=0
SLIME_CLOCK served task=3 label=44 result=211460391 live=0
SLIME_CLOCK served task=2 label=44 result=211470897 live=0
SLIME_CLOCK served task=3 label=44 result=211481892 live=0
SLIME_CLOCK served task=2 label=44 result=211492352 live=0
SLIME_CLOCK served task=3 label=44 result=211506066 live=0
SLIME_CLOCK served task=2 label=44 result=211522088 live=0
SLIME_CLOCK served task=3 label=44 result=211538446 live=0
SLIME_CLOCK served task=2 label=44 result=211553486 live=0
SLIME_CLOCK served task=3 label=44 result=211568550 live=0
SLIME_CLOCK served task=2 label=44 result=211582971 live=0
SLIME_CLOCK served task=3 label=44 result=211599804 live=0
SLIME_CLOCK served task=2 label=44 result=211613939 live=0
SLIME_CLOCK served task=3 label=44 result=211629732 live=0
SLIME_CLOCK served task=2 label=44 result=211653374 live=0
SLIME_CLOCK served task=3 label=44 result=211679341 live=0
SLIME_CLOCK served task=2 label=44 result=211694652 live=0
SLIME_CLOCK served task=3 label=44 result=211710247 live=0
SLIME_CLOCK served task=2 label=44 result=211725078 live=0
SLIME_CLOCK served task=3 label=44 result=211735294 live=0
SLIME_CLOCK served task=2 label=44 result=211745022 live=0
SLIME_CLOCK served task=3 label=44 result=211755322 live=0
SLIME_CLOCK served task=2 label=44 result=211764760 live=0
SLIME_CLOCK served task=3 label=44 result=211778728 live=0
SLIME_CLOCK served task=2 label=44 result=211790876 live=0
SLIME_CLOCK served task=3 label=44 result=211803582 live=0
SLIME_CLOCK served task=2 label=44 result=211815838 live=0
SLIME_CLOCK served task=3 label=44 result=211827853 live=0
SLIME_CLOCK served task=2 label=44 result=211839899 live=0
SLIME_CLOCK served task=3 label=44 result=211852583 live=0
SLIME_CLOCK served task=2 label=44 result=211864691 live=0
SLIME_CLOCK served task=3 label=44 result=211877298 live=0
SLIME_CLOCK served task=2 label=44 result=211889205 live=0
SLIME_CLOCK served task=3 label=44 result=211902814 live=0
SLIME_CLOCK served task=2 label=44 result=211914994 live=0
SLIME_CLOCK served task=3 label=44 result=211927717 live=0
SLIME_CLOCK served task=2 label=44 result=211940080 live=0
SLIME_CLOCK served task=3 label=44 result=211952982 live=0
SLIME_CLOCK served task=2 label=44 result=211965362 live=0
SLIME_CLOCK served task=3 label=44 result=211978273 live=0
SLIME_CLOCK served task=2 label=44 result=211990597 live=0
SLIME_CLOCK served task=3 label=44 result=212003770 live=0
SLIME_CLOCK served task=2 label=44 result=212016180 live=0
SLIME_CLOCK served task=3 label=44 result=212029921 live=0
SLIME_CLOCK served task=2 label=44 result=212042405 live=0
SLIME_CLOCK served task=3 label=44 result=212055363 live=0
SLIME_CLOCK served task=2 label=44 result=212068006 live=0
SLIME_CLOCK served task=3 label=44 result=212081003 live=0
SLIME_CLOCK served task=2 label=44 result=212093157 live=0
SLIME_CLOCK served task=3 label=44 result=212106247 live=0
SLIME_CLOCK served task=2 label=44 result=212121019 live=0
SLIME_CLOCK served task=3 label=44 result=212137052 live=0
SLIME_CLOCK served task=2 label=44 result=212154592 live=0
SLIME_CLOCK served task=3 label=44 result=212172504 live=0
SLIME_CLOCK served task=2 label=44 result=212188366 live=0
SLIME_CLOCK served task=3 label=44 result=212203828 live=0
SLIME_CLOCK served task=2 label=44 result=212217558 live=0
SLIME_CLOCK served task=3 label=44 result=212230281 live=0
SLIME_CLOCK served task=2 label=44 result=212239850 live=0
SLIME_CLOCK served task=3 label=44 result=212250807 live=0
SLIME_CLOCK served task=2 label=44 result=212260991 live=0
SLIME_CLOCK served task=3 label=44 result=212271466 live=0
SLIME_CLOCK served task=2 label=44 result=212289416 live=0
SLIME_CLOCK served task=3 label=44 result=212306922 live=0
SLIME_CLOCK served task=2 label=44 result=212323434 live=0
SLIME_CLOCK served task=3 label=44 result=212340484 live=0
SLIME_CLOCK served task=2 label=44 result=212356970 live=0
SLIME_CLOCK served task=3 label=44 result=212374325 live=0
SLIME_CLOCK served task=2 label=44 result=212390944 live=0
SLIME_CLOCK served task=3 label=44 result=212409780 live=0
SLIME_CLOCK served task=2 label=44 result=212426163 live=0
SLIME_CLOCK served task=3 label=44 result=212443341 live=0
SLIME_CLOCK served task=2 label=44 result=212456904 live=0
SLIME_CLOCK served task=3 label=44 result=212470763 live=0
SLIME_CLOCK served task=2 label=44 result=212483778 live=0
SLIME_CLOCK served task=3 label=44 result=212497829 live=0
SLIME_CLOCK served task=2 label=44 result=212510795 live=0
SLIME_CLOCK served task=3 label=44 result=212524374 live=0
SLIME_CLOCK served task=2 label=44 result=212539377 live=0
SLIME_CLOCK served task=3 label=44 result=212553314 live=0
SLIME_CLOCK served task=2 label=44 result=212565893 live=0
SLIME_CLOCK served task=3 label=44 result=212576916 live=0
SLIME_CLOCK served task=2 label=44 result=212587390 live=0
SLIME_CLOCK served task=3 label=44 result=212598500 live=0
SLIME_CLOCK served task=2 label=44 result=212608895 live=0
SLIME_CLOCK served task=3 label=44 result=212620188 live=0
SLIME_CLOCK served task=2 label=44 result=212630849 live=0
SLIME_CLOCK served task=3 label=44 result=212644789 live=0
SLIME_CLOCK served task=2 label=44 result=212660865 live=0
SLIME_CLOCK served task=3 label=44 result=212678656 live=0
SLIME_CLOCK served task=2 label=44 result=212695552 live=0
SLIME_CLOCK served task=3 label=44 result=212711891 live=0
SLIME_CLOCK served task=2 label=44 result=212726723 live=0
SLIME_CLOCK served task=3 label=44 result=212742623 live=0
SLIME_CLOCK served task=2 label=44 result=212757698 live=0
SLIME_CLOCK served task=3 label=44 result=212773523 live=0
SLIME_CLOCK served task=2 label=44 result=212788387 live=0
SLIME_CLOCK served task=3 label=44 result=212799540 live=0
SLIME_CLOCK served task=2 label=44 result=212810312 live=0
SLIME_CLOCK served task=3 label=44 result=212821456 live=0
SLIME_CLOCK served task=2 label=44 result=212831832 live=0
SLIME_CLOCK served task=3 label=44 result=212842930 live=0
SLIME_CLOCK served task=2 label=44 result=212853420 live=0
SLIME_CLOCK served task=3 label=44 result=212864473 live=0
SLIME_CLOCK served task=2 label=44 result=212875329 live=0
SLIME_CLOCK served task=3 label=44 result=212886334 live=0
SLIME_CLOCK served task=2 label=44 result=212897682 live=0
SLIME_CLOCK served task=3 label=44 result=212912466 live=0
SLIME_CLOCK served task=2 label=44 result=212923011 live=0
SLIME_CLOCK served task=3 label=44 result=212934510 live=0
SLIME_CLOCK served task=2 label=44 result=212944854 live=0
SLIME_CLOCK served task=3 label=44 result=212955913 live=0
SLIME_CLOCK served task=2 label=44 result=212966162 live=0
SLIME_CLOCK served task=3 label=44 result=212976905 live=0
SLIME_CLOCK served task=2 label=44 result=212987382 live=0
SLIME_CLOCK served task=3 label=44 result=212998831 live=0
SLIME_CLOCK served task=2 label=44 result=213009477 live=0
SLIME_CLOCK served task=3 label=44 result=213020435 live=0
SLIME_CLOCK served task=2 label=44 result=213030972 live=0
SLIME_CLOCK served task=3 label=44 result=213043487 live=0
SLIME_CLOCK served task=2 label=44 result=213053778 live=0
SLIME_CLOCK served task=3 label=44 result=213065027 live=0
SLIME_CLOCK served task=2 label=44 result=213075272 live=0
SLIME_CLOCK served task=3 label=44 result=213086038 live=0
SLIME_CLOCK served task=2 label=44 result=213096344 live=0
SLIME_CLOCK served task=3 label=44 result=213107223 live=0
SLIME_CLOCK served task=2 label=44 result=213117834 live=0
SLIME_CLOCK served task=3 label=44 result=213128945 live=0
SLIME_CLOCK served task=2 label=44 result=213139257 live=0
SLIME_CLOCK served task=3 label=44 result=213152079 live=0
SLIME_CLOCK served task=2 label=44 result=213167956 live=0
SLIME_CLOCK served task=3 label=44 result=213183461 live=0
SLIME_CLOCK served task=2 label=44 result=213198627 live=0
SLIME_CLOCK served task=3 label=44 result=213214270 live=0
SLIME_CLOCK served task=2 label=44 result=213228902 live=0
SLIME_CLOCK served task=3 label=44 result=213244950 live=0
SLIME_CLOCK served task=2 label=44 result=213260093 live=0
SLIME_CLOCK served task=3 label=44 result=213275806 live=0
SLIME_CLOCK served task=2 label=44 result=213290914 live=0
SLIME_CLOCK served task=3 label=44 result=213302481 live=0
SLIME_CLOCK served task=2 label=44 result=213313418 live=0
SLIME_CLOCK served task=3 label=44 result=213325989 live=0
SLIME_CLOCK served task=2 label=44 result=213337799 live=0
SLIME_CLOCK served task=3 label=44 result=213350364 live=0
SLIME_CLOCK served task=2 label=44 result=213362102 live=0
SLIME_CLOCK served task=3 label=44 result=213374664 live=0
SLIME_CLOCK served task=2 label=44 result=213386369 live=0
SLIME_CLOCK served task=3 label=44 result=213398902 live=0
SLIME_CLOCK served task=2 label=44 result=213410980 live=0
SLIME_CLOCK served task=3 label=44 result=213424219 live=0
SLIME_CLOCK served task=2 label=44 result=213436255 live=0
SLIME_CLOCK served task=3 label=44 result=213448414 live=0
SLIME_CLOCK served task=2 label=44 result=213459851 live=0
SLIME_CLOCK served task=3 label=44 result=213471915 live=0
SLIME_CLOCK served task=2 label=44 result=213483431 live=0
SLIME_CLOCK served task=3 label=44 result=213495764 live=0
SLIME_CLOCK served task=2 label=44 result=213507639 live=0
SLIME_CLOCK served task=3 label=44 result=213519836 live=0
SLIME_CLOCK served task=2 label=44 result=213531593 live=0
SLIME_CLOCK served task=3 label=44 result=213545025 live=0
SLIME_CLOCK served task=2 label=44 result=213556828 live=0
SLIME_CLOCK served task=3 label=44 result=213568995 live=0
SLIME_CLOCK served task=2 label=44 result=213580542 live=0
SLIME_CLOCK served task=3 label=44 result=213607293 live=0
SLIME_CLOCK served task=2 label=44 result=213622691 live=0
SLIME_CLOCK served task=3 label=44 result=213639590 live=0
SLIME_CLOCK served task=2 label=44 result=213651969 live=0
SLIME_CLOCK served task=3 label=44 result=213664340 live=0
SLIME_CLOCK served task=2 label=44 result=213678171 live=0
SLIME_CLOCK served task=3 label=44 result=213697092 live=0
SLIME_CLOCK served task=2 label=44 result=213711351 live=0
SLIME_CLOCK served task=3 label=44 result=213726999 live=0
SLIME_CLOCK served task=2 label=44 result=213741505 live=0
SLIME_CLOCK served task=3 label=44 result=213757524 live=0
SLIME_CLOCK served task=2 label=44 result=213772002 live=0
SLIME_CLOCK served task=3 label=44 result=213787305 live=0
SLIME_CLOCK served task=2 label=44 result=213807800 live=0
SLIME_CLOCK served task=3 label=44 result=213825658 live=0
SLIME_CLOCK served task=2 label=44 result=213842691 live=0
SLIME_CLOCK served task=3 label=44 result=213857566 live=0
SLIME_CLOCK served task=2 label=44 result=213868789 live=0
SLIME_CLOCK served task=3 label=44 result=213879959 live=0
SLIME_CLOCK served task=2 label=44 result=213893745 live=0
SLIME_CLOCK served task=3 label=44 result=213904478 live=0
SLIME_CLOCK served task=2 label=44 result=213913998 live=0
SLIME_CLOCK served task=3 label=44 result=213925004 live=0
SLIME_CLOCK served task=2 label=44 result=213937056 live=0
SLIME_CLOCK served task=3 label=44 result=213948618 live=0
SLIME_CLOCK served task=2 label=44 result=213959292 live=0
SLIME_CLOCK served task=3 label=44 result=213970742 live=0
SLIME_CLOCK served task=2 label=44 result=213981156 live=0
SLIME_CLOCK served task=3 label=44 result=213992685 live=0
SLIME_CLOCK served task=2 label=44 result=214003770 live=0
SLIME_CLOCK served task=3 label=44 result=214015245 live=0
SLIME_CLOCK served task=2 label=44 result=214025865 live=0
SLIME_CLOCK served task=3 label=44 result=214037538 live=0
SLIME_CLOCK served task=2 label=44 result=214048118 live=0
SLIME_CLOCK served task=3 label=44 result=214060870 live=0
SLIME_CLOCK served task=2 label=44 result=214071548 live=0
SLIME_CLOCK served task=3 label=44 result=214083274 live=0
SLIME_CLOCK served task=2 label=44 result=214094127 live=0
SLIME_CLOCK served task=3 label=44 result=214105448 live=0
SLIME_CLOCK served task=2 label=44 result=214116479 live=0
SLIME_CLOCK served task=3 label=44 result=214128316 live=0
SLIME_CLOCK served task=2 label=44 result=214139292 live=0
SLIME_CLOCK served task=3 label=44 result=214150632 live=0
SLIME_CLOCK served task=2 label=44 result=214161969 live=0
SLIME_CLOCK served task=3 label=44 result=214173512 live=0
SLIME_CLOCK served task=2 label=44 result=214185779 live=0
SLIME_CLOCK served task=3 label=44 result=214197603 live=0
SLIME_CLOCK served task=2 label=44 result=214208774 live=0
SLIME_CLOCK served task=3 label=44 result=214223737 live=0
SLIME_CLOCK served task=2 label=44 result=214236109 live=0
SLIME_CLOCK served task=3 label=44 result=214252160 live=0
SLIME_CLOCK served task=2 label=44 result=214267030 live=0
SLIME_CLOCK served task=3 label=44 result=214282804 live=0
SLIME_CLOCK served task=2 label=44 result=214297311 live=0
SLIME_CLOCK served task=3 label=44 result=214319749 live=0
SLIME_CLOCK served task=2 label=44 result=214334727 live=0
SLIME_CLOCK served task=3 label=44 result=214349792 live=0
SLIME_CLOCK served task=2 label=44 result=214359563 live=0
SLIME_CLOCK served task=3 label=44 result=214370284 live=0
SLIME_CLOCK served task=2 label=44 result=214380098 live=0
SLIME_CLOCK served task=3 label=44 result=214390263 live=0
SLIME_CLOCK served task=2 label=44 result=214399858 live=0
SLIME_CLOCK served task=3 label=44 result=214410031 live=0
SLIME_CLOCK served task=2 label=44 result=214419617 live=0
SLIME_CLOCK served task=3 label=44 result=214429851 live=0
SLIME_CLOCK served task=2 label=44 result=214447728 live=0
SLIME_CLOCK served task=3 label=44 result=214465054 live=0
SLIME_CLOCK served task=2 label=44 result=214481819 live=0
SLIME_CLOCK served task=3 label=44 result=214499262 live=0
SLIME_CLOCK served task=2 label=44 result=214515943 live=0
SLIME_CLOCK served task=3 label=44 result=214533215 live=0
SLIME_CLOCK served task=2 label=44 result=214549690 live=0
SLIME_CLOCK served task=3 label=44 result=214568879 live=0
SLIME_CLOCK served task=2 label=44 result=214585580 live=0
SLIME_CLOCK served task=3 label=44 result=214602557 live=0
SLIME_CLOCK served task=2 label=44 result=214619748 live=0
SLIME_CLOCK served task=3 label=44 result=214637273 live=0
SLIME_CLOCK served task=2 label=44 result=214653938 live=0
SLIME_CLOCK served task=3 label=44 result=214671215 live=0
SLIME_CLOCK served task=2 label=44 result=214688679 live=0
SLIME_CLOCK served task=3 label=44 result=214706304 live=0
SLIME_CLOCK served task=2 label=44 result=214723115 live=0
SLIME_CLOCK served task=3 label=44 result=214740429 live=0
SLIME_CLOCK served task=2 label=44 result=214757594 live=0
SLIME_CLOCK served task=3 label=44 result=214771655 live=0
SLIME_CLOCK served task=2 label=44 result=214784931 live=0
SLIME_CLOCK served task=3 label=44 result=214800848 live=0
SLIME_CLOCK served task=2 label=44 result=214817986 live=0
SLIME_CLOCK served task=3 label=44 result=214834394 live=0
SLIME_CLOCK served task=2 label=44 result=214849452 live=0
SLIME_CLOCK served task=3 label=44 result=214865520 live=0
SLIME_CLOCK served task=2 label=44 result=214884343 live=0
SLIME_CLOCK served task=3 label=44 result=214900537 live=0
SLIME_CLOCK served task=2 label=44 result=214911216 live=0
SLIME_CLOCK served task=3 label=44 result=214922815 live=0
SLIME_CLOCK served task=2 label=44 result=214934305 live=0
SLIME_CLOCK served task=3 label=44 result=214947749 live=0
SLIME_CLOCK served task=2 label=44 result=214958296 live=0
SLIME_CLOCK served task=3 label=44 result=214969833 live=0
SLIME_CLOCK served task=2 label=44 result=214980691 live=0
SLIME_CLOCK served task=3 label=44 result=214992677 live=0
SLIME_CLOCK served task=2 label=44 result=215003274 live=0
SLIME_CLOCK served task=3 label=44 result=215014437 live=0
SLIME_CLOCK served task=2 label=44 result=215024707 live=0
SLIME_CLOCK served task=3 label=44 result=215035904 live=0
SLIME_CLOCK served task=2 label=44 result=215047674 live=0
SLIME_CLOCK served task=3 label=44 result=215060028 live=0
SLIME_CLOCK served task=2 label=44 result=215071921 live=0
SLIME_CLOCK served task=3 label=44 result=215082974 live=0
SLIME_CLOCK served task=2 label=44 result=215093493 live=0
SLIME_CLOCK served task=3 label=44 result=215104514 live=0
SLIME_CLOCK served task=2 label=44 result=215114768 live=0
SLIME_CLOCK served task=3 label=44 result=215126493 live=0
SLIME_CLOCK served task=2 label=44 result=215136834 live=0
SLIME_CLOCK served task=3 label=44 result=215148362 live=0
SLIME_CLOCK served task=2 label=44 result=215159404 live=0
SLIME_CLOCK served task=3 label=44 result=215171580 live=0
SLIME_CLOCK served task=2 label=44 result=215183449 live=0
SLIME_CLOCK served task=3 label=44 result=215195118 live=0
SLIME_CLOCK served task=2 label=44 result=215206617 live=0
SLIME_CLOCK served task=3 label=44 result=215218839 live=0
SLIME_CLOCK served task=2 label=44 result=215229417 live=0
SLIME_CLOCK served task=3 label=44 result=215240381 live=0
SLIME_CLOCK served task=2 label=44 result=215251415 live=0
SLIME_CLOCK served task=3 label=44 result=215263756 live=0
SLIME_CLOCK served task=2 label=44 result=215275085 live=0
SLIME_CLOCK served task=3 label=44 result=215287495 live=0
SLIME_CLOCK served task=2 label=44 result=215298421 live=0
SLIME_CLOCK served task=3 label=44 result=215313861 live=0
SLIME_CLOCK served task=2 label=44 result=215332076 live=0
SLIME_CLOCK served task=3 label=44 result=215351534 live=0
SLIME_CLOCK served task=2 label=44 result=215366262 live=0
SLIME_CLOCK served task=3 label=44 result=215382567 live=0
SLIME_CLOCK served task=2 label=44 result=215397349 live=0
SLIME_CLOCK served task=3 label=44 result=215411192 live=0
SLIME_CLOCK served task=2 label=44 result=215426143 live=0
SLIME_CLOCK served task=3 label=44 result=215441031 live=0
SLIME_CLOCK served task=2 label=44 result=215453485 live=0
SLIME_CLOCK served task=3 label=44 result=215465749 live=0
SLIME_CLOCK served task=2 label=44 result=215480751 live=0
SLIME_CLOCK served task=3 label=44 result=215496403 live=0
SLIME_CLOCK served task=2 label=44 result=215511248 live=0
SLIME_CLOCK served task=3 label=44 result=215527372 live=0
SLIME_CLOCK served task=2 label=44 result=215542310 live=0
SLIME_CLOCK served task=3 label=44 result=215558213 live=0
SLIME_CLOCK served task=2 label=44 result=215572724 live=0
SLIME_CLOCK served task=3 label=44 result=215589504 live=0
SLIME_CLOCK served task=2 label=44 result=215604144 live=0
SLIME_CLOCK served task=3 label=44 result=215619824 live=0
SLIME_CLOCK served task=2 label=44 result=215634677 live=0
SLIME_CLOCK served task=3 label=44 result=215650443 live=0
SLIME_CLOCK served task=2 label=44 result=215665143 live=0
SLIME_CLOCK served task=3 label=44 result=215680968 live=0
SLIME_CLOCK served task=2 label=44 result=215695529 live=0
SLIME_CLOCK served task=3 label=44 result=215712742 live=0
SLIME_CLOCK served task=2 label=44 result=215727536 live=0
SLIME_CLOCK served task=3 label=44 result=215743414 live=0
SLIME_CLOCK served task=2 label=44 result=215758588 live=0
SLIME_CLOCK served task=3 label=44 result=215774081 live=0
SLIME_CLOCK served task=2 label=44 result=215788743 live=0
SLIME_CLOCK served task=3 label=44 result=215804497 live=0
SLIME_CLOCK served task=2 label=44 result=215819458 live=0
SLIME_CLOCK served task=3 label=44 result=215836605 live=0
SLIME_CLOCK served task=2 label=44 result=215851794 live=0
SLIME_CLOCK served task=3 label=44 result=215867450 live=0
SLIME_CLOCK served task=2 label=44 result=215880740 live=0
SLIME_CLOCK served task=3 label=44 result=215891710 live=0
SLIME_CLOCK served task=2 label=44 result=215905286 live=0
SLIME_CLOCK served task=3 label=44 result=215921077 live=0
SLIME_CLOCK served task=2 label=44 result=215936359 live=0
SLIME_CLOCK served task=3 label=44 result=215952580 live=0
SLIME_CLOCK served task=2 label=44 result=215972240 live=0
SLIME_CLOCK served task=3 label=44 result=215990406 live=0
SLIME_CLOCK served task=2 label=44 result=216001488 live=0
SLIME_CLOCK served task=3 label=44 result=216013218 live=0
SLIME_CLOCK served task=2 label=44 result=216023927 live=0
SLIME_CLOCK served task=3 label=44 result=216035439 live=0
SLIME_CLOCK served task=2 label=44 result=216046730 live=0
SLIME_CLOCK served task=3 label=44 result=216058920 live=0
SLIME_CLOCK served task=2 label=44 result=216070348 live=0
SLIME_CLOCK served task=3 label=44 result=216083178 live=0
SLIME_CLOCK served task=2 label=44 result=216094906 live=0
SLIME_CLOCK served task=3 label=44 result=216107194 live=0
SLIME_CLOCK served task=2 label=44 result=216119240 live=0
SLIME_CLOCK served task=3 label=44 result=216131651 live=0
SLIME_CLOCK served task=2 label=44 result=216143527 live=0
SLIME_CLOCK served task=3 label=44 result=216155905 live=0
SLIME_CLOCK served task=2 label=44 result=216168134 live=0
SLIME_CLOCK served task=3 label=44 result=216180646 live=0
SLIME_CLOCK served task=2 label=44 result=216192461 live=0
SLIME_CLOCK served task=3 label=44 result=216204639 live=0
SLIME_CLOCK served task=2 label=44 result=216217642 live=0
SLIME_CLOCK served task=3 label=44 result=216230024 live=0
SLIME_CLOCK served task=2 label=44 result=216241774 live=0
SLIME_CLOCK served task=3 label=44 result=216254536 live=0
SLIME_CLOCK served task=2 label=44 result=216266447 live=0
SLIME_CLOCK served task=3 label=44 result=216278525 live=0
SLIME_CLOCK served task=2 label=44 result=216289630 live=0
SLIME_CLOCK served task=3 label=44 result=216300815 live=0
SLIME_CLOCK served task=2 label=44 result=216312138 live=0
SLIME_CLOCK served task=3 label=44 result=216323778 live=0
SLIME_CLOCK served task=2 label=44 result=216334991 live=0
SLIME_CLOCK served task=3 label=44 result=216346676 live=0
SLIME_CLOCK served task=2 label=44 result=216357365 live=0
SLIME_CLOCK served task=3 label=44 result=216369272 live=0
SLIME_CLOCK served task=2 label=44 result=216384198 live=0
SLIME_CLOCK served task=3 label=44 result=216401722 live=0
SLIME_CLOCK served task=2 label=44 result=216418640 live=0
SLIME_CLOCK served task=3 label=44 result=216436539 live=0
SLIME_CLOCK served task=2 label=44 result=216453046 live=0
SLIME_CLOCK served task=3 label=44 result=216468949 live=0
SLIME_CLOCK served task=2 label=44 result=216481254 live=0
SLIME_CLOCK served task=3 label=44 result=216494078 live=0
SLIME_CLOCK served task=2 label=44 result=216506154 live=0
SLIME_CLOCK served task=3 label=44 result=216517869 live=0
SLIME_CLOCK served task=2 label=44 result=216529533 live=0
SLIME_CLOCK served task=3 label=44 result=216541379 live=0
SLIME_CLOCK served task=2 label=44 result=216552535 live=0
SLIME_CLOCK served task=3 label=44 result=216564675 live=0
SLIME_CLOCK served task=2 label=44 result=216575232 live=0
SLIME_CLOCK served task=3 label=44 result=216586945 live=0
SLIME_CLOCK served task=2 label=44 result=216599090 live=0
SLIME_CLOCK served task=3 label=44 result=216611488 live=0
SLIME_CLOCK served task=2 label=44 result=216623697 live=0
SLIME_CLOCK served task=3 label=44 result=216636365 live=0
SLIME_CLOCK served task=2 label=44 result=216647895 live=0
SLIME_CLOCK served task=3 label=44 result=216662943 live=0
SLIME_CLOCK served task=2 label=44 result=216677338 live=0
SLIME_CLOCK served task=3 label=44 result=216693639 live=0
SLIME_CLOCK served task=2 label=44 result=216708572 live=0
SLIME_CLOCK served task=3 label=44 result=216727373 live=0
SLIME_CLOCK served task=2 label=44 result=216745040 live=0
SLIME_CLOCK served task=3 label=44 result=216762705 live=0
SLIME_CLOCK served task=2 label=44 result=216778995 live=0
SLIME_CLOCK served task=3 label=44 result=216790136 live=0
SLIME_CLOCK served task=2 label=44 result=216800696 live=0
SLIME_CLOCK served task=3 label=44 result=216811356 live=0
SLIME_CLOCK served task=2 label=44 result=216821062 live=0
SLIME_CLOCK served task=3 label=44 result=216831314 live=0
SLIME_CLOCK served task=2 label=44 result=216842852 live=0
SLIME_CLOCK served task=3 label=44 result=216860403 live=0
SLIME_CLOCK served task=2 label=44 result=216877189 live=0
SLIME_CLOCK served task=3 label=44 result=216894671 live=0
SLIME_CLOCK served task=2 label=44 result=216911360 live=0
SLIME_CLOCK served task=3 label=44 result=216929006 live=0
SLIME_CLOCK served task=2 label=44 result=216946438 live=0
SLIME_CLOCK served task=3 label=44 result=216963815 live=0
SLIME_CLOCK served task=2 label=44 result=216981895 live=0
SLIME_CLOCK served task=3 label=44 result=216999368 live=0
SLIME_CLOCK served task=2 label=44 result=217016532 live=0
SLIME_CLOCK served task=3 label=44 result=217034366 live=0
SLIME_CLOCK served task=2 label=44 result=217051137 live=0
SLIME_CLOCK served task=3 label=44 result=217068969 live=0
SLIME_CLOCK served task=2 label=44 result=217085820 live=0
SLIME_CLOCK served task=3 label=44 result=217104658 live=0
SLIME_CLOCK served task=2 label=44 result=217122449 live=0
SLIME_CLOCK served task=3 label=44 result=217135956 live=0
SLIME_CLOCK served task=2 label=44 result=217146336 live=0
SLIME_CLOCK served task=3 label=44 result=217157264 live=0
SLIME_CLOCK served task=2 label=44 result=217167571 live=0
SLIME_CLOCK served task=3 label=44 result=217178492 live=0
SLIME_CLOCK served task=2 label=44 result=217189012 live=0
SLIME_CLOCK served task=3 label=44 result=217199953 live=0
SLIME_CLOCK served task=2 label=44 result=217210249 live=0
SLIME_CLOCK served task=3 label=44 result=217223117 live=0
SLIME_CLOCK served task=2 label=44 result=217236707 live=0
SLIME_CLOCK served task=3 label=44 result=217250458 live=0
SLIME_CLOCK served task=2 label=44 result=217263299 live=0
SLIME_CLOCK served task=3 label=44 result=217280180 live=0
SLIME_CLOCK served task=2 label=44 result=217294531 live=0
SLIME_CLOCK served task=3 label=44 result=217310044 live=0
SLIME_CLOCK served task=2 label=44 result=217324330 live=0
SLIME_CLOCK served task=3 label=44 result=217334787 live=0
SLIME_CLOCK served task=2 label=44 result=217344596 live=0
SLIME_CLOCK served task=3 label=44 result=217360037 live=0
SLIME_CLOCK served task=2 label=44 result=217372357 live=0
SLIME_CLOCK served task=3 label=44 result=217386361 live=0
SLIME_CLOCK served task=2 label=44 result=217399751 live=0
SLIME_CLOCK served task=3 label=44 result=217412183 live=0
SLIME_CLOCK served task=2 label=44 result=217423882 live=0
SLIME_CLOCK served task=3 label=44 result=217436498 live=0
SLIME_CLOCK served task=2 label=44 result=217448781 live=0
SLIME_CLOCK served task=3 label=44 result=217461404 live=0
SLIME_CLOCK served task=2 label=44 result=217474976 live=0
SLIME_CLOCK served task=3 label=44 result=217487464 live=0
SLIME_CLOCK served task=2 label=44 result=217499435 live=0
SLIME_CLOCK served task=3 label=44 result=217511735 live=0
SLIME_CLOCK served task=2 label=44 result=217523248 live=0
SLIME_CLOCK served task=3 label=44 result=217535554 live=0
SLIME_CLOCK served task=2 label=44 result=217547122 live=0
SLIME_CLOCK served task=3 label=44 result=217559568 live=0
SLIME_CLOCK served task=2 label=44 result=217571281 live=0
SLIME_CLOCK served task=3 label=44 result=217583411 live=0
SLIME_CLOCK served task=2 label=44 result=217594959 live=0
SLIME_CLOCK served task=3 label=44 result=217608659 live=0
SLIME_CLOCK served task=2 label=44 result=217620505 live=0
SLIME_CLOCK served task=3 label=44 result=217632715 live=0
SLIME_CLOCK served task=2 label=44 result=217646883 live=0
SLIME_CLOCK served task=3 label=44 result=217662754 live=0
SLIME_CLOCK served task=2 label=44 result=217676553 live=0
SLIME_CLOCK served task=3 label=44 result=217687050 live=0
SLIME_CLOCK served task=2 label=44 result=217696739 live=0
SLIME_CLOCK served task=3 label=44 result=217707187 live=0
SLIME_CLOCK served task=2 label=44 result=217716803 live=0
SLIME_CLOCK served task=3 label=44 result=217729897 live=0
SLIME_CLOCK served task=2 label=44 result=217747032 live=0
SLIME_CLOCK served task=3 label=44 result=217763141 live=0
SLIME_CLOCK served task=2 label=44 result=217778225 live=0
SLIME_CLOCK served task=3 label=44 result=217794247 live=0
SLIME_CLOCK served task=2 label=44 result=217813687 live=0
SLIME_CLOCK served task=3 label=44 result=217831694 live=0
SLIME_CLOCK served task=2 label=44 result=217848561 live=0
SLIME_CLOCK served task=3 label=44 result=217867135 live=0
SLIME_CLOCK served task=2 label=44 result=217883118 live=0
SLIME_CLOCK served task=3 label=44 result=217898954 live=0
SLIME_CLOCK served task=2 label=44 result=217913326 live=0
SLIME_CLOCK served task=3 label=44 result=217928977 live=0
SLIME_CLOCK served task=2 label=44 result=217943369 live=0
SLIME_CLOCK served task=3 label=44 result=217953670 live=0
SLIME_CLOCK served task=2 label=44 result=217963381 live=0
SLIME_CLOCK served task=3 label=44 result=217973597 live=0
SLIME_CLOCK served task=2 label=44 result=217986708 live=0
SLIME_CLOCK served task=3 label=44 result=217999241 live=0
SLIME_CLOCK served task=2 label=44 result=218011450 live=0
SLIME_CLOCK served task=3 label=44 result=218023123 live=0
SLIME_CLOCK served task=2 label=44 result=218034837 live=0
[io-tcp-probe] held ms=3000
[io-tcp-probe] closed capabilities=1 shutdown=1
SLIME_GRAPH component exit task=2 status=0
SLIME_CLOCK teardown task=2 before=0 live=0
SLIME_LIFECYCLE terminated task=2 instance=2 cause=exit
SLIME_GRAPH holder reclaimed task=2 charges=9 actions=12
SLIME_GRAPH quota released task=2 live=2
SLIME_ROOT reclaim census task=2 slots=2694 bytes=527202672 live_objects=270 arena_reuses=0
SLIME_CLOCK served task=3 label=44 result=218248352 live=0
[network-service] link frames total=47 tx=21 rx=26 arp=2 icmp=10 tcp=35 other=0
[network-service] link statistics tx=21 rx=26
[network-service] tcp sockets opened=2 established=1 reset=1 bytes-tx=4096 bytes-rx=4096
[virtio-net-driver] rx drained=26 replenished=30 stalled=0 tx-stalled=0 device-refused=0
[virtio-net-driver] coalesced pass tx=4 rx=4 drained=all remaining-tx=0
[virtio-net-driver] reset settled tx=0 rx=4 leases=4
[virtio-net-driver] restart reclaimed dma=0 requests=0 leases=0 mmio=1 irq=1
[virtio-net-driver] fresh epoch old=1 new=2
SLIME_GRAPH component exit task=4 status=0
SLIME_CLOCK teardown task=4 before=0 live=0
SLIME_LIFECYCLE terminated task=4 instance=4 cause=exit
SLIME_IO reclaim task=4 pre_mmio_bytes=0 pre_mmio_mappings=0 pre_irq_sources=0 pre_dma_pages=4 pre_dma_mappings=2 pre_requests=0 reclaimed_mmio_bytes=0 reclaimed_mmio_mappings=0 reclaimed_irq_sources=0 reclaimed_dma_pages=4 reclaimed_dma_mappings=2 settled_requests=0 post_mmio_bytes=0 post_mmio_mappings=0 post_irq_sources=0 post_dma_pages=0 post_dma_mappings=0 post_requests=0 actions=2 fresh_epoch=2
SLIME_GRAPH holder reclaimed task=4 charges=2 actions=2
SLIME_GRAPH quota released task=4 live=1
SLIME_ROOT reclaim census task=4 slots=2776 bytes=527202672 live_objects=201 arena_reuses=0
[network-service] link released
[network-service] observed requests=24 packets=4 socket_refusals=0 listener_refusals=0 dns_refusals=0 cross_holder_refusals=1
SLIME_GRAPH component exit task=3 status=0
SLIME_CLOCK teardown task=3 before=0 live=0
SLIME_LIFECYCLE terminated task=3 instance=3 cause=exit
SLIME_GRAPH holder reclaimed task=3 charges=20 actions=30
SLIME_GRAPH quota released task=3 live=0
SLIME_ROOT reclaim census task=3 slots=2880 bytes=527202672 live_objects=106 arena_reuses=0
SLIME_ROOT allocator quiescent live_slots=104 live_objects=106 live_bytes=2988304
SLIME_GRAPH served live=0 unsupported=0 buffers=26 windows=0 tasks=0
SLIME_GRAPH tasks reclaimed live=0 slots=388
SLIME_GRAPH native task_caps=0 exports=0 tickets=0
SLIME_GRAPH capabilities exports=13 imports=13 cancels=0 finalized=13 outstanding=0 tickets=0
SLIME_GRAPH loans served=18 loans=0 mappings=0 regions=0 orphans=0 quota=0
SLIME_GRAPH spawns served=0 drops=0 terminated=5
SLIME_ROOT allocator live_slots=104 live_objects=106 live_bytes=2988304 slot_reuses=72 arena_reuses=0
SLIME_GRAPH HEALTHY generation=54 required=5 live=0 completed=5 failed=0
[peer] received 21 (arp-reply=1, icmp-echo-reply=5, tcp=15); sent 28
