seL4 kernel loader | INFO   Starting loader
seL4 kernel loader | DEBUG  Platform info: PlatformInfo {
    memory: [
        0x60000000..0xc0000000,
    ],
    devices: [
        0x0..0x8000000,
        0x8001000..0x8010000,
        0x8011000..0x8030000,
        0x8031000..0x60000000,
        0xc0000000..0x10000000000,
    ],
}
seL4 kernel loader | DEBUG  Loader footprint: 0x60280000..0x60850878
seL4 kernel loader | DEBUG  Payload info: ArchivedPayloadInfo {
    kernel_entry: 0x8060000000,
    user_image: ArchivedUserImageInfo {
        ui_p_reg_start: 0xbf819000,
        ui_p_reg_end: 0xc0000000,
        pv_offset: 0xbf619000,
        v_entry: 0x2923dc,
    },
    dtb: Some(
        ArchivedDtbInfo {
            addr_p: 0xbf817000,
            size: 0x1e84,
        },
    ),
}
seL4 kernel loader | DEBUG  Payload regions:
seL4 kernel loader | DEBUG      0x60000000 (filesz = 0x240000, memsz = 0x311a0)
seL4 kernel loader | DEBUG      0xbf819000 (filesz = 0xdf9e8, memsz = 0xdf9e8)
seL4 kernel loader | DEBUG      0xbf8f99e8 (filesz = 0x705d90, memsz = 0x4a3b90)
seL4 kernel loader | DEBUG      0xbf817000 (filesz = 0x1e84, memsz = 0x1e84)
seL4 kernel loader | DEBUG  Copying payload data
seL4 kernel loader | INFO   Entering kernel
Bootstrapping kernel
Warning: Could not infer GIC interrupt target ID, assuming 0.
Available phys memory regions: 1
  [60000000..c0000000)
Reserved virt address space regions: 3
  [8060000000..8060240000)
  [80bf817000..80bf818e84)
  [80bf819000..80c0000000)
Booting all finished, dropped to user space
SLIME_ROOT allocator slots=522173 untypeds=34 bytes=1583196528
SLIME_ROOT ordinary range=0 paddr=0x60000000 bytes=65536
SLIME_ROOT ordinary range=1 paddr=0x60240000 bytes=262144
SLIME_ROOT ordinary range=2 paddr=0x60280000 bytes=524288
SLIME_ROOT ordinary range=3 paddr=0x60300000 bytes=1048576
SLIME_ROOT ordinary range=4 paddr=0x60400000 bytes=4194304
SLIME_ROOT ordinary range=5 paddr=0x60800000 bytes=8388608
SLIME_ROOT ordinary range=6 paddr=0x61000000 bytes=16777216
SLIME_ROOT ordinary range=7 paddr=0x62000000 bytes=33554432
SLIME_ROOT ordinary range=8 paddr=0x64000000 bytes=67108864
SLIME_ROOT ordinary range=9 paddr=0x68000000 bytes=134217728
SLIME_ROOT ordinary range=10 paddr=0x70000000 bytes=268435456
SLIME_ROOT ordinary range=11 paddr=0x80000000 bytes=536870912
SLIME_ROOT ordinary range=12 paddr=0xa0000000 bytes=268435456
SLIME_ROOT ordinary range=13 paddr=0xb0000000 bytes=134217728
SLIME_ROOT ordinary range=14 paddr=0xb8000000 bytes=67108864
SLIME_ROOT ordinary range=15 paddr=0xbc000000 bytes=33554432
SLIME_ROOT ordinary range=16 paddr=0xbf00c800 bytes=2048
SLIME_ROOT ordinary range=17 paddr=0xbf00d000 bytes=4096
SLIME_ROOT ordinary range=18 paddr=0xbf00e000 bytes=8192
SLIME_ROOT ordinary range=19 paddr=0xbf010000 bytes=65536
SLIME_ROOT ordinary range=20 paddr=0xbf020000 bytes=131072
SLIME_ROOT ordinary range=21 paddr=0xbf040000 bytes=262144
SLIME_ROOT ordinary range=22 paddr=0xbf080000 bytes=524288
SLIME_ROOT ordinary range=23 paddr=0xbf100000 bytes=1048576
SLIME_ROOT ordinary range=24 paddr=0xbf200000 bytes=2097152
SLIME_ROOT ordinary range=25 paddr=0xbf400000 bytes=4194304
SLIME_ROOT ordinary range=26 paddr=0xbf800000 bytes=65536
SLIME_ROOT ordinary range=27 paddr=0xbf810000 bytes=16384
SLIME_ROOT ordinary range=28 paddr=0xbf814000 bytes=8192
SLIME_ROOT ordinary range=29 paddr=0xbf816000 bytes=4096
SLIME_ROOT ordinary range=30 paddr=0xbf818e90 bytes=16
SLIME_ROOT ordinary range=31 paddr=0xbf818ea0 bytes=32
SLIME_ROOT ordinary range=32 paddr=0xbf818ec0 bytes=64
SLIME_ROOT ordinary range=33 paddr=0xbf818f00 bytes=256
SLIME_ROOT ordinary ranges=34 bytes=1583196528 end=0xbf819000
SLIME_ROOT ordinary probe paddr=0xbf816000 bytes=4096 beyond_legacy=1 verified=1
SLIME_TIMER acquired irq=30 freq_hz=62500000
SLIME_TIMER delivered badge=0x1 polls=8206
SLIME_TIMER serviced events=1 programming=Disarm
SLIME_TIMER advanced start=2253625 end=3000750 delta=747125
SLIME_TIMER OK
SLIME_FOUNDATION frames independent objects_delta=2 slots_delta=2 bytes_delta=8192 caps_deleted=2
SLIME_ROOT plan slots required=33232 available=522168
SLIME_ROOT generation admitted number=40 executables=3 instances=6 grants=2 health=1 bootstrap=1
SLIME_ROOT fabric graph=absent schemas=0 routes=0 participants=0 interpositions=0
SLIME_ROOT authority manifest=[66, ff, bf, f5, b0, da, 13, ae, 9b, d3, 48, 90, 43, f4, bf, e9, e5, 89, 18, c2, 59, 17, 0d, d8, 78, 04, 3b, 2f, b5, 9a, c2, 48]
SLIME_ROOT graph admitted executables=3 instances=6 slimecm=0 elf=3 unrecognized=0
SLIME_MEM budget holders=3 declared=1
SLIME_CLOCK authority holders=0 timer_quota=0
SLIME_WAIT sources declared=0 resource=0
SLIME_GRAPH schedule instance=init priority=254 default=254
SLIME_GRAPH threads instance=init count=1
[0m[1m<<[0m[32mseL4(CPU 0)[0m[1m [decodeCNodeInvocation/107 T0x80bf00c400 "rootserver" @2d72cc]: CNode Copy/Mint/Move/Mutate: Source slot invalid or empty.>>[0m
[0m[1m<<[0m[32mseL4(CPU 0)[0m[1m [decodeCNodeInvocation/95 T0x80bf00c400 "rootserver" @2d72cc]: CNode Copy/Mint/Move/Mutate: Destination not empty.>>[0m
[0m[1m<<[0m[32mseL4(CPU 0)[0m[1m [decodeCNodeInvocation/95 T0x80bf00c400 "rootserver" @2d72cc]: CNode Copy/Mint/Move/Mutate: Destination not empty.>>[0m
[0m[1m<<[0m[32mseL4(CPU 0)[0m[1m [decodeCNodeInvocation/95 T0x80bf00c400 "rootserver" @2d72cc]: CNode Copy/Mint/Move/Mutate: Destination not empty.>>[0m
[0m[1m<<[0m[32mseL4(CPU 0)[0m[1m [decodeCNodeInvocation/95 T0x80bf00c400 "rootserver" @2d72cc]: CNode Copy/Mint/Move/Mutate: Destination not empty.>>[0m
[0m[1m<<[0m[32mseL4(CPU 0)[0m[1m [decodeCNodeInvocation/107 T0x80bf00c400 "rootserver" @2d72cc]: CNode Copy/Mint/Move/Mutate: Source slot invalid or empty.>>[0m
[0m[1m<<[0m[32mseL4(CPU 0)[0m[1m [decodeCNodeInvocation/107 T0x80bf00c400 "rootserver" @2d72cc]: CNode Copy/Mint/Move/Mutate: Source slot invalid or empty.>>[0m
[0m[1m<<[0m[32mseL4(CPU 0)[0m[1m [decodeCNodeInvocation/107 T0x80bf00c400 "rootserver" @2d72cc]: CNode Copy/Mint/Move/Mutate: Source slot invalid or empty.>>[0m
[0m[1m<<[0m[32mseL4(CPU 0)[0m[1m [decodeCNodeInvocation/107 T0x80bf00c400 "rootserver" @2d72cc]: CNode Copy/Mint/Move/Mutate: Source slot invalid or empty.>>[0m
[0m[1m<<[0m[32mseL4(CPU 0)[0m[1m [decodeCNodeInvocation/107 T0x80bf00c400 "rootserver" @2d72cc]: CNode Copy/Mint/Move/Mutate: Source slot invalid or empty.>>[0m
[0m[1m<<[0m[32mseL4(CPU 0)[0m[1m [decodeCNodeInvocation/107 T0x80bf00c400 "rootserver" @2d72cc]: CNode Copy/Mint/Move/Mutate: Source slot invalid or empty.>>[0m
[0m[1m<<[0m[32mseL4(CPU 0)[0m[1m [decodeCNodeInvocation/107 T0x80bf00c400 "rootserver" @2d72cc]: CNode Copy/Mint/Move/Mutate: Source slot invalid or empty.>>[0m
[0m[1m<<[0m[32mseL4(CPU 0)[0m[1m [decodeCNodeInvocation/107 T0x80bf00c400 "rootserver" @2d72cc]: CNode Copy/Mint/Move/Mutate: Source slot invalid or empty.>>[0m
[0m[1m<<[0m[32mseL4(CPU 0)[0m[1m [decodeCNodeInvocation/107 T0x80bf00c400 "rootserver" @2d72cc]: CNode Copy/Mint/Move/Mutate: Source slot invalid or empty.>>[0m
[0m[1m<<[0m[32mseL4(CPU 0)[0m[1m [decodeCNodeInvocation/107 T0x80bf00c400 "rootserver" @2d72cc]: CNode Copy/Mint/Move/Mutate: Source slot invalid or empty.>>[0m
[0m[1m<<[0m[32mseL4(CPU 0)[0m[1m [decodeCNodeInvocation/107 T0x80bf00c400 "rootserver" @2d72cc]: CNode Copy/Mint/Move/Mutate: Source slot invalid or empty.>>[0m
[0m[1m<<[0m[32mseL4(CPU 0)[0m[1m [decodeCNodeInvocation/107 T0x80bf00c400 "rootserver" @2d72cc]: CNode Copy/Mint/Move/Mutate: Source slot invalid or empty.>>[0m
[0m[1m<<[0m[32mseL4(CPU 0)[0m[1m [decodeCNodeInvocation/107 T0x80bf00c400 "rootserver" @2d72cc]: CNode Copy/Mint/Move/Mutate: Source slot invalid or empty.>>[0m
[0m[1m<<[0m[32mseL4(CPU 0)[0m[1m [decodeCNodeInvocation/107 T0x80bf00c400 "rootserver" @2d72cc]: CNode Copy/Mint/Move/Mutate: Source slot invalid or empty.>>[0m
[0m[1m<<[0m[32mseL4(CPU 0)[0m[1m [decodeCNodeInvocation/107 T0x80bf00c400 "rootserver" @2d72cc]: CNode Copy/Mint/Move/Mutate: Source slot invalid or empty.>>[0m
[0m[1m<<[0m[32mseL4(CPU 0)[0m[1m [decodeCNodeInvocation/107 T0x80bf00c400 "rootserver" @2d72cc]: CNode Copy/Mint/Move/Mutate: Source slot invalid or empty.>>[0m
[0m[1m<<[0m[32mseL4(CPU 0)[0m[1m [decodeCNodeInvocation/107 T0x80bf00c400 "rootserver" @2d72cc]: CNode Copy/Mint/Move/Mutate: Source slot invalid or empty.>>[0m
[0m[1m<<[0m[32mseL4(CPU 0)[0m[1m [decodeCNodeInvocation/107 T0x80bf00c400 "rootserver" @2d72cc]: CNode Copy/Mint/Move/Mutate: Source slot invalid or empty.>>[0m
[0m[1m<<[0m[32mseL4(CPU 0)[0m[1m [decodeCNodeInvocation/107 T0x80bf00c400 "rootserver" @2d72cc]: CNode Copy/Mint/Move/Mutate: Source slot invalid or empty.>>[0m
[0m[1m<<[0m[32mseL4(CPU 0)[0m[1m [decodeCNodeInvocation/107 T0x80bf00c400 "rootserver" @2d72cc]: CNode Copy/Mint/Move/Mutate: Source slot invalid or empty.>>[0m
[0m[1m<<[0m[32mseL4(CPU 0)[0m[1m [decodeCNodeInvocation/107 T0x80bf00c400 "rootserver" @2d72cc]: CNode Copy/Mint/Move/Mutate: Source slot invalid or empty.>>[0m
[0m[1m<<[0m[32mseL4(CPU 0)[0m[1m [decodeCNodeInvocation/107 T0x80bf00c400 "rootserver" @2d72cc]: CNode Copy/Mint/Move/Mutate: Source slot invalid or empty.>>[0m
[0m[1m<<[0m[32mseL4(CPU 0)[0m[1m [decodeCNodeInvocation/107 T0x80bf00c400 "rootserver" @2d72cc]: CNode Copy/Mint/Move/Mutate: Source slot invalid or empty.>>[0m
[0m[1m<<[0m[32mseL4(CPU 0)[0m[1m [decodeCNodeInvocation/107 T0x80bf00c400 "rootserver" @2d72cc]: CNode Copy/Mint/Move/Mutate: Source slot invalid or empty.>>[0m
[0m[1m<<[0m[32mseL4(CPU 0)[0m[1m [decodeCNodeInvocation/107 T0x80bf00c400 "rootserver" @2d72cc]: CNode Copy/Mint/Move/Mutate: Source slot invalid or empty.>>[0m
[0m[1m<<[0m[32mseL4(CPU 0)[0m[1m [decodeCNodeInvocation/107 T0x80bf00c400 "rootserver" @2d72cc]: CNode Copy/Mint/Move/Mutate: Source slot invalid or empty.>>[0m
[0m[1m<<[0m[32mseL4(CPU 0)[0m[1m [decodeCNodeInvocation/107 T0x80bf00c400 "rootserver" @2d72cc]: CNode Copy/Mint/Move/Mutate: Source slot invalid or empty.>>[0m
[0m[1m<<[0m[32mseL4(CPU 0)[0m[1m [decodeCNodeInvocation/95 T0x80bf00c400 "rootserver" @2d72cc]: CNode Copy/Mint/Move/Mutate: Destination not empty.>>[0m
[0m[1m<<[0m[32mseL4(CPU 0)[0m[1m [decodeCNodeInvocation/107 T0x80bf00c400 "rootserver" @2d72cc]: CNode Copy/Mint/Move/Mutate: Source slot invalid or empty.>>[0m
[0m[1m<<[0m[32mseL4(CPU 0)[0m[1m [decodeCNodeInvocation/107 T0x80bf00c400 "rootserver" @2d72cc]: CNode Copy/Mint/Move/Mutate: Source slot invalid or empty.>>[0m
[0m[1m<<[0m[32mseL4(CPU 0)[0m[1m [decodeCNodeInvocation/107 T0x80bf00c400 "rootserver" @2d72cc]: CNode Copy/Mint/Move/Mutate: Source slot invalid or empty.>>[0m
[0m[1m<<[0m[32mseL4(CPU 0)[0m[1m [decodeCNodeInvocation/107 T0x80bf00c400 "rootserver" @2d72cc]: CNode Copy/Mint/Move/Mutate: Source slot invalid or empty.>>[0m
[0m[1m<<[0m[32mseL4(CPU 0)[0m[1m [decodeCNodeInvocation/107 T0x80bf00c400 "rootserver" @2d72cc]: CNode Copy/Mint/Move/Mutate: Source slot invalid or empty.>>[0m
[0m[1m<<[0m[32mseL4(CPU 0)[0m[1m [decodeCNodeInvocation/107 T0x80bf00c400 "rootserver" @2d72cc]: CNode Copy/Mint/Move/Mutate: Source slot invalid or empty.>>[0m
[0m[1m<<[0m[32mseL4(CPU 0)[0m[1m [decodeCNodeInvocation/107 T0x80bf00c400 "rootserver" @2d72cc]: CNode Copy/Mint/Move/Mutate: Source slot invalid or empty.>>[0m
[0m[1m<<[0m[32mseL4(CPU 0)[0m[1m [decodeCNodeInvocation/107 T0x80bf00c400 "rootserver" @2d72cc]: CNode Copy/Mint/Move/Mutate: Source slot invalid or empty.>>[0m
[0m[1m<<[0m[32mseL4(CPU 0)[0m[1m [decodeCNodeInvocation/107 T0x80bf00c400 "rootserver" @2d72cc]: CNode Copy/Mint/Move/Mutate: Source slot invalid or empty.>>[0m
[0m[1m<<[0m[32mseL4(CPU 0)[0m[1m [decodeCNodeInvocation/107 T0x80bf00c400 "rootserver" @2d72cc]: CNode Copy/Mint/Move/Mutate: Source slot invalid or empty.>>[0m
[0m[1m<<[0m[32mseL4(CPU 0)[0m[1m [decodeCNodeInvocation/107 T0x80bf00c400 "rootserver" @2d72cc]: CNode Copy/Mint/Move/Mutate: Source slot invalid or empty.>>[0m
[0m[1m<<[0m[32mseL4(CPU 0)[0m[1m [decodeCNodeInvocation/107 T0x80bf00c400 "rootserver" @2d72cc]: CNode Copy/Mint/Move/Mutate: Source slot invalid or empty.>>[0m
[0m[1m<<[0m[32mseL4(CPU 0)[0m[1m [decodeCNodeInvocation/107 T0x80bf00c400 "rootserver" @2d72cc]: CNode Copy/Mint/Move/Mutate: Source slot invalid or empty.>>[0m
[0m[1m<<[0m[32mseL4(CPU 0)[0m[1m [decodeCNodeInvocation/107 T0x80bf00c400 "rootserver" @2d72cc]: CNode Copy/Mint/Move/Mutate: Source slot invalid or empty.>>[0m
[0m[1m<<[0m[32mseL4(CPU 0)[0m[1m [decodeCNodeInvocation/107 T0x80bf00c400 "rootserver" @2d72cc]: CNode Copy/Mint/Move/Mutate: Source slot invalid or empty.>>[0m
[0m[1m<<[0m[32mseL4(CPU 0)[0m[1m [decodeCNodeInvocation/107 T0x80bf00c400 "rootserver" @2d72cc]: CNode Copy/Mint/Move/Mutate: Source slot invalid or empty.>>[0m
[0m[1m<<[0m[32mseL4(CPU 0)[0m[1m [decodeCNodeInvocation/107 T0x80bf00c400 "rootserver" @2d72cc]: CNode Copy/Mint/Move/Mutate: Source slot invalid or empty.>>[0m
[0m[1m<<[0m[32mseL4(CPU 0)[0m[1m [decodeCNodeInvocation/107 T0x80bf00c400 "rootserver" @2d72cc]: CNode Copy/Mint/Move/Mutate: Source slot invalid or empty.>>[0m
[0m[1m<<[0m[32mseL4(CPU 0)[0m[1m [decodeCNodeInvocation/107 T0x80bf00c400 "rootserver" @2d72cc]: CNode Copy/Mint/Move/Mutate: Source slot invalid or empty.>>[0m
[0m[1m<<[0m[32mseL4(CPU 0)[0m[1m [decodeCNodeInvocation/107 T0x80bf00c400 "rootserver" @2d72cc]: CNode Copy/Mint/Move/Mutate: Source slot invalid or empty.>>[0m
[0m[1m<<[0m[32mseL4(CPU 0)[0m[1m [decodeCNodeInvocation/107 T0x80bf00c400 "rootserver" @2d72cc]: CNode Copy/Mint/Move/Mutate: Source slot invalid or empty.>>[0m
[0m[1m<<[0m[32mseL4(CPU 0)[0m[1m [decodeCNodeInvocation/107 T0x80bf00c400 "rootserver" @2d72cc]: CNode Copy/Mint/Move/Mutate: Source slot invalid or empty.>>[0m
[0m[1m<<[0m[32mseL4(CPU 0)[0m[1m [decodeCNodeInvocation/107 T0x80bf00c400 "rootserver" @2d72cc]: CNode Copy/Mint/Move/Mutate: Source slot invalid or empty.>>[0m
[0m[1m<<[0m[32mseL4(CPU 0)[0m[1m [decodeCNodeInvocation/107 T0x80bf00c400 "rootserver" @2d72cc]: CNode Copy/Mint/Move/Mutate: Source slot invalid or empty.>>[0m
[0m[1m<<[0m[32mseL4(CPU 0)[0m[1m [decodeCNodeInvocation/107 T0x80bf00c400 "rootserver" @2d72cc]: CNode Copy/Mint/Move/Mutate: Source slot invalid or empty.>>[0m
[0m[1m<<[0m[32mseL4(CPU 0)[0m[1m [decodeCNodeInvocation/107 T0x80bf00c400 "rootserver" @2d72cc]: CNode Copy/Mint/Move/Mutate: Source slot invalid or empty.>>[0m
[0m[1m<<[0m[32mseL4(CPU 0)[0m[1m [decodeCNodeInvocation/107 T0x80bf00c400 "rootserver" @2d72cc]: CNode Copy/Mint/Move/Mutate: Source slot invalid or empty.>>[0m
[0m[1m<<[0m[32mseL4(CPU 0)[0m[1m [decodeCNodeInvocation/107 T0x80bf00c400 "rootserver" @2d72cc]: CNode Copy/Mint/Move/Mutate: Source slot invalid or empty.>>[0m
[0m[1m<<[0m[32mseL4(CPU 0)[0m[1m [decodeCNodeInvocation/107 T0x80bf00c400 "rootserver" @2d72cc]: CNode Copy/Mint/Move/Mutate: Source slot invalid or empty.>>[0m
[0m[1m<<[0m[32mseL4(CPU 0)[0m[1m [decodeCNodeInvocation/107 T0x80bf00c400 "rootserver" @2d72cc]: CNode Copy/Mint/Move/Mutate: Source slot invalid or empty.>>[0m
[0m[1m<<[0m[32mseL4(CPU 0)[0m[1m [decodeCNodeInvocation/107 T0x80bf00c400 "rootserver" @2d72cc]: CNode Copy/Mint/Move/Mutate: Source slot invalid or empty.>>[0m
[0m[1m<<[0m[32mseL4(CPU 0)[0m[1m [decodeCNodeInvocation/107 T0x80bf00c400 "rootserver" @2d72cc]: CNode Copy/Mint/Move/Mutate: Source slot invalid or empty.>>[0m
[0m[1m<<[0m[32mseL4(CPU 0)[0m[1m [decodeCNodeInvocation/107 T0x80bf00c400 "rootserver" @2d72cc]: CNode Copy/Mint/Move/Mutate: Source slot invalid or empty.>>[0m
[0m[1m<<[0m[32mseL4(CPU 0)[0m[1m [decodeCNodeInvocation/107 T0x80bf00c400 "rootserver" @2d72cc]: CNode Copy/Mint/Move/Mutate: Source slot invalid or empty.>>[0m
[0m[1m<<[0m[32mseL4(CPU 0)[0m[1m [decodeCNodeInvocation/107 T0x80bf00c400 "rootserver" @2d72cc]: CNode Copy/Mint/Move/Mutate: Source slot invalid or empty.>>[0m
[0m[1m<<[0m[32mseL4(CPU 0)[0m[1m [decodeCNodeInvocation/107 T0x80bf00c400 "rootserver" @2d72cc]: CNode Copy/Mint/Move/Mutate: Source slot invalid or empty.>>[0m
[0m[1m<<[0m[32mseL4(CPU 0)[0m[1m [decodeCNodeInvocation/107 T0x80bf00c400 "rootserver" @2d72cc]: CNode Copy/Mint/Move/Mutate: Source slot invalid or empty.>>[0m
[0m[1m<<[0m[32mseL4(CPU 0)[0m[1m [decodeCNodeInvocation/107 T0x80bf00c400 "rootserver" @2d72cc]: CNode Copy/Mint/Move/Mutate: Source slot invalid or empty.>>[0m
[0m[1m<<[0m[32mseL4(CPU 0)[0m[1m [decodeCNodeInvocation/107 T0x80bf00c400 "rootserver" @2d72cc]: CNode Copy/Mint/Move/Mutate: Source slot invalid or empty.>>[0m
[0m[1m<<[0m[32mseL4(CPU 0)[0m[1m [decodeCNodeInvocation/107 T0x80bf00c400 "rootserver" @2d72cc]: CNode Copy/Mint/Move/Mutate: Source slot invalid or empty.>>[0m
[0m[1m<<[0m[32mseL4(CPU 0)[0m[1m [decodeCNodeInvocation/107 T0x80bf00c400 "rootserver" @2d72cc]: CNode Copy/Mint/Move/Mutate: Source slot invalid or empty.>>[0m
[0m[1m<<[0m[32mseL4(CPU 0)[0m[1m [decodeCNodeInvocation/107 T0x80bf00c400 "rootserver" @2d72cc]: CNode Copy/Mint/Move/Mutate: Source slot invalid or empty.>>[0m
[0m[1m<<[0m[32mseL4(CPU 0)[0m[1m [decodeCNodeInvocation/107 T0x80bf00c400 "rootserver" @2d72cc]: CNode Copy/Mint/Move/Mutate: Source slot invalid or empty.>>[0m
[0m[1m<<[0m[32mseL4(CPU 0)[0m[1m [decodeCNodeInvocation/107 T0x80bf00c400 "rootserver" @2d72cc]: CNode Copy/Mint/Move/Mutate: Source slot invalid or empty.>>[0m
[0m[1m<<[0m[32mseL4(CPU 0)[0m[1m [decodeCNodeInvocation/107 T0x80bf00c400 "rootserver" @2d72cc]: CNode Copy/Mint/Move/Mutate: Source slot invalid or empty.>>[0m
[0m[1m<<[0m[32mseL4(CPU 0)[0m[1m [decodeCNodeInvocation/107 T0x80bf00c400 "rootserver" @2d72cc]: CNode Copy/Mint/Move/Mutate: Source slot invalid or empty.>>[0m
[0m[1m<<[0m[32mseL4(CPU 0)[0m[1m [decodeCNodeInvocation/107 T0x80bf00c400 "rootserver" @2d72cc]: CNode Copy/Mint/Move/Mutate: Source slot invalid or empty.>>[0m
[0m[1m<<[0m[32mseL4(CPU 0)[0m[1m [decodeCNodeInvocation/107 T0x80bf00c400 "rootserver" @2d72cc]: CNode Copy/Mint/Move/Mutate: Source slot invalid or empty.>>[0m
[0m[1m<<[0m[32mseL4(CPU 0)[0m[1m [decodeCNodeInvocation/107 T0x80bf00c400 "rootserver" @2d72cc]: CNode Copy/Mint/Move/Mutate: Source slot invalid or empty.>>[0m
[0m[1m<<[0m[32mseL4(CPU 0)[0m[1m [decodeCNodeInvocation/107 T0x80bf00c400 "rootserver" @2d72cc]: CNode Copy/Mint/Move/Mutate: Source slot invalid or empty.>>[0m
[0m[1m<<[0m[32mseL4(CPU 0)[0m[1m [decodeCNodeInvocation/107 T0x80bf00c400 "rootserver" @2d72cc]: CNode Copy/Mint/Move/Mutate: Source slot invalid or empty.>>[0m
[0m[1m<<[0m[32mseL4(CPU 0)[0m[1m [decodeCNodeInvocation/107 T0x80bf00c400 "rootserver" @2d72cc]: CNode Copy/Mint/Move/Mutate: Source slot invalid or empty.>>[0m
[0m[1m<<[0m[32mseL4(CPU 0)[0m[1m [decodeCNodeInvocation/107 T0x80bf00c400 "rootserver" @2d72cc]: CNode Copy/Mint/Move/Mutate: Source slot invalid or empty.>>[0m
[0m[1m<<[0m[32mseL4(CPU 0)[0m[1m [decodeCNodeInvocation/107 T0x80bf00c400 "rootserver" @2d72cc]: CNode Copy/Mint/Move/Mutate: Source slot invalid or empty.>>[0m
[0m[1m<<[0m[32mseL4(CPU 0)[0m[1m [decodeCNodeInvocation/107 T0x80bf00c400 "rootserver" @2d72cc]: CNode Copy/Mint/Move/Mutate: Source slot invalid or empty.>>[0m
[0m[1m<<[0m[32mseL4(CPU 0)[0m[1m [decodeCNodeInvocation/107 T0x80bf00c400 "rootserver" @2d72cc]: CNode Copy/Mint/Move/Mutate: Source slot invalid or empty.>>[0m
[0m[1m<<[0m[32mseL4(CPU 0)[0m[1m [decodeCNodeInvocation/107 T0x80bf00c400 "rootserver" @2d72cc]: CNode Copy/Mint/Move/Mutate: Source slot invalid or empty.>>[0m
[0m[1m<<[0m[32mseL4(CPU 0)[0m[1m [decodeCNodeInvocation/107 T0x80bf00c400 "rootserver" @2d72cc]: CNode Copy/Mint/Move/Mutate: Source slot invalid or empty.>>[0m
[0m[1m<<[0m[32mseL4(CPU 0)[0m[1m [decodeCNodeInvocation/107 T0x80bf00c400 "rootserver" @2d72cc]: CNode Copy/Mint/Move/Mutate: Source slot invalid or empty.>>[0m
[0m[1m<<[0m[32mseL4(CPU 0)[0m[1m [decodeCNodeInvocation/107 T0x80bf00c400 "rootserver" @2d72cc]: CNode Copy/Mint/Move/Mutate: Source slot invalid or empty.>>[0m
[0m[1m<<[0m[32mseL4(CPU 0)[0m[1m [decodeCNodeInvocation/107 T0x80bf00c400 "rootserver" @2d72cc]: CNode Copy/Mint/Move/Mutate: Source slot invalid or empty.>>[0m
[0m[1m<<[0m[32mseL4(CPU 0)[0m[1m [decodeCNodeInvocation/107 T0x80bf00c400 "rootserver" @2d72cc]: CNode Copy/Mint/Move/Mutate: Source slot invalid or empty.>>[0m
[0m[1m<<[0m[32mseL4(CPU 0)[0m[1m [decodeCNodeInvocation/107 T0x80bf00c400 "rootserver" @2d72cc]: CNode Copy/Mint/Move/Mutate: Source slot invalid or empty.>>[0m
[0m[1m<<[0m[32mseL4(CPU 0)[0m[1m [decodeCNodeInvocation/107 T0x80bf00c400 "rootserver" @2d72cc]: CNode Copy/Mint/Move/Mutate: Source slot invalid or empty.>>[0m
[0m[1m<<[0m[32mseL4(CPU 0)[0m[1m [decodeCNodeInvocation/107 T0x80bf00c400 "rootserver" @2d72cc]: CNode Copy/Mint/Move/Mutate: Source slot invalid or empty.>>[0m
[0m[1m<<[0m[32mseL4(CPU 0)[0m[1m [decodeCNodeInvocation/107 T0x80bf00c400 "rootserver" @2d72cc]: CNode Copy/Mint/Move/Mutate: Source slot invalid or empty.>>[0m
[0m[1m<<[0m[32mseL4(CPU 0)[0m[1m [decodeCNodeInvocation/107 T0x80bf00c400 "rootserver" @2d72cc]: CNode Copy/Mint/Move/Mutate: Source slot invalid or empty.>>[0m
[0m[1m<<[0m[32mseL4(CPU 0)[0m[1m [decodeCNodeInvocation/107 T0x80bf00c400 "rootserver" @2d72cc]: CNode Copy/Mint/Move/Mutate: Source slot invalid or empty.>>[0m
[0m[1m<<[0m[32mseL4(CPU 0)[0m[1m [decodeCNodeInvocation/107 T0x80bf00c400 "rootserver" @2d72cc]: CNode Copy/Mint/Move/Mutate: Source slot invalid or empty.>>[0m
[0m[1m<<[0m[32mseL4(CPU 0)[0m[1m [decodeCNodeInvocation/107 T0x80bf00c400 "rootserver" @2d72cc]: CNode Copy/Mint/Move/Mutate: Source slot invalid or empty.>>[0m
[0m[1m<<[0m[32mseL4(CPU 0)[0m[1m [decodeCNodeInvocation/107 T0x80bf00c400 "rootserver" @2d72cc]: CNode Copy/Mint/Move/Mutate: Source slot invalid or empty.>>[0m
[0m[1m<<[0m[32mseL4(CPU 0)[0m[1m [decodeCNodeInvocation/107 T0x80bf00c400 "rootserver" @2d72cc]: CNode Copy/Mint/Move/Mutate: Source slot invalid or empty.>>[0m
[0m[1m<<[0m[32mseL4(CPU 0)[0m[1m [decodeCNodeInvocation/107 T0x80bf00c400 "rootserver" @2d72cc]: CNode Copy/Mint/Move/Mutate: Source slot invalid or empty.>>[0m
[0m[1m<<[0m[32mseL4(CPU 0)[0m[1m [decodeCNodeInvocation/107 T0x80bf00c400 "rootserver" @2d72cc]: CNode Copy/Mint/Move/Mutate: Source slot invalid or empty.>>[0m
[0m[1m<<[0m[32mseL4(CPU 0)[0m[1m [decodeCNodeInvocation/107 T0x80bf00c400 "rootserver" @2d72cc]: CNode Copy/Mint/Move/Mutate: Source slot invalid or empty.>>[0m
[0m[1m<<[0m[32mseL4(CPU 0)[0m[1m [decodeCNodeInvocation/107 T0x80bf00c400 "rootserver" @2d72cc]: CNode Copy/Mint/Move/Mutate: Source slot invalid or empty.>>[0m
[0m[1m<<[0m[32mseL4(CPU 0)[0m[1m [decodeCNodeInvocation/107 T0x80bf00c400 "rootserver" @2d72cc]: CNode Copy/Mint/Move/Mutate: Source slot invalid or empty.>>[0m
[0m[1m<<[0m[32mseL4(CPU 0)[0m[1m [decodeCNodeInvocation/107 T0x80bf00c400 "rootserver" @2d72cc]: CNode Copy/Mint/Move/Mutate: Source slot invalid or empty.>>[0m
[0m[1m<<[0m[32mseL4(CPU 0)[0m[1m [decodeCNodeInvocation/107 T0x80bf00c400 "rootserver" @2d72cc]: CNode Copy/Mint/Move/Mutate: Source slot invalid or empty.>>[0m
[0m[1m<<[0m[32mseL4(CPU 0)[0m[1m [decodeCNodeInvocation/107 T0x80bf00c400 "rootserver" @2d72cc]: CNode Copy/Mint/Move/Mutate: Source slot invalid or empty.>>[0m
[0m[1m<<[0m[32mseL4(CPU 0)[0m[1m [decodeCNodeInvocation/107 T0x80bf00c400 "rootserver" @2d72cc]: CNode Copy/Mint/Move/Mutate: Source slot invalid or empty.>>[0m
[0m[1m<<[0m[32mseL4(CPU 0)[0m[1m [decodeCNodeInvocation/107 T0x80bf00c400 "rootserver" @2d72cc]: CNode Copy/Mint/Move/Mutate: Source slot invalid or empty.>>[0m
[0m[1m<<[0m[32mseL4(CPU 0)[0m[1m [decodeCNodeInvocation/107 T0x80bf00c400 "rootserver" @2d72cc]: CNode Copy/Mint/Move/Mutate: Source slot invalid or empty.>>[0m
[0m[1m<<[0m[32mseL4(CPU 0)[0m[1m [decodeCNodeInvocation/107 T0x80bf00c400 "rootserver" @2d72cc]: CNode Copy/Mint/Move/Mutate: Source slot invalid or empty.>>[0m
[0m[1m<<[0m[32mseL4(CPU 0)[0m[1m [decodeCNodeInvocation/107 T0x80bf00c400 "rootserver" @2d72cc]: CNode Copy/Mint/Move/Mutate: Source slot invalid or empty.>>[0m
[0m[1m<<[0m[32mseL4(CPU 0)[0m[1m [decodeCNodeInvocation/107 T0x80bf00c400 "rootserver" @2d72cc]: CNode Copy/Mint/Move/Mutate: Source slot invalid or empty.>>[0m
[0m[1m<<[0m[32mseL4(CPU 0)[0m[1m [decodeCNodeInvocation/107 T0x80bf00c400 "rootserver" @2d72cc]: CNode Copy/Mint/Move/Mutate: Source slot invalid or empty.>>[0m
[0m[1m<<[0m[32mseL4(CPU 0)[0m[1m [decodeCNodeInvocation/107 T0x80bf00c400 "rootserver" @2d72cc]: CNode Copy/Mint/Move/Mutate: Source slot invalid or empty.>>[0m
[0m[1m<<[0m[32mseL4(CPU 0)[0m[1m [decodeCNodeInvocation/107 T0x80bf00c400 "rootserver" @2d72cc]: CNode Copy/Mint/Move/Mutate: Source slot invalid or empty.>>[0m
[0m[1m<<[0m[32mseL4(CPU 0)[0m[1m [decodeCNodeInvocation/107 T0x80bf00c400 "rootserver" @2d72cc]: CNode Copy/Mint/Move/Mutate: Source slot invalid or empty.>>[0m
[0m[1m<<[0m[32mseL4(CPU 0)[0m[1m [decodeCNodeInvocation/107 T0x80bf00c400 "rootserver" @2d72cc]: CNode Copy/Mint/Move/Mutate: Source slot invalid or empty.>>[0m
[0m[1m<<[0m[32mseL4(CPU 0)[0m[1m [decodeCNodeInvocation/107 T0x80bf00c400 "rootserver" @2d72cc]: CNode Copy/Mint/Move/Mutate: Source slot invalid or empty.>>[0m
[0m[1m<<[0m[32mseL4(CPU 0)[0m[1m [decodeCNodeInvocation/107 T0x80bf00c400 "rootserver" @2d72cc]: CNode Copy/Mint/Move/Mutate: Source slot invalid or empty.>>[0m
[0m[1m<<[0m[32mseL4(CPU 0)[0m[1m [decodeCNodeInvocation/107 T0x80bf00c400 "rootserver" @2d72cc]: CNode Copy/Mint/Move/Mutate: Source slot invalid or empty.>>[0m
[0m[1m<<[0m[32mseL4(CPU 0)[0m[1m [decodeCNodeInvocation/107 T0x80bf00c400 "rootserver" @2d72cc]: CNode Copy/Mint/Move/Mutate: Source slot invalid or empty.>>[0m
SLIME_GRAPH staged task=0 instance=init executable=init grants=0 bindings=0 window=0x240000 frames=65 tables=3 entry=0x2152a8
SLIME_GRAPH schedule instance=private-heap-both priority=254 default=254
SLIME_GRAPH threads instance=private-heap-both count=1
[0m[1m<<[0m[32mseL4(CPU 0)[0m[1m [decodeCNodeInvocation/107 T0x80bf00c400 "rootserver" @2d72cc]: CNode Copy/Mint/Move/Mutate: Source slot invalid or empty.>>[0m
[0m[1m<<[0m[32mseL4(CPU 0)[0m[1m [decodeCNodeInvocation/95 T0x80bf00c400 "rootserver" @2d72cc]: CNode Copy/Mint/Move/Mutate: Destination not empty.>>[0m
[0m[1m<<[0m[32mseL4(CPU 0)[0m[1m [decodeCNodeInvocation/95 T0x80bf00c400 "rootserver" @2d72cc]: CNode Copy/Mint/Move/Mutate: Destination not empty.>>[0m
[0m[1m<<[0m[32mseL4(CPU 0)[0m[1m [decodeCNodeInvocation/95 T0x80bf00c400 "rootserver" @2d72cc]: CNode Copy/Mint/Move/Mutate: Destination not empty.>>[0m
[0m[1m<<[0m[32mseL4(CPU 0)[0m[1m [decodeCNodeInvocation/95 T0x80bf00c400 "rootserver" @2d72cc]: CNode Copy/Mint/Move/Mutate: Destination not empty.>>[0m
[0m[1m<<[0m[32mseL4(CPU 0)[0m[1m [decodeCNodeInvocation/107 T0x80bf00c400 "rootserver" @2d72cc]: CNode Copy/Mint/Move/Mutate: Source slot invalid or empty.>>[0m
[0m[1m<<[0m[32mseL4(CPU 0)[0m[1m [decodeCNodeInvocation/107 T0x80bf00c400 "rootserver" @2d72cc]: CNode Copy/Mint/Move/Mutate: Source slot invalid or empty.>>[0m
[0m[1m<<[0m[32mseL4(CPU 0)[0m[1m [decodeCNodeInvocation/107 T0x80bf00c400 "rootserver" @2d72cc]: CNode Copy/Mint/Move/Mutate: Source slot invalid or empty.>>[0m
[0m[1m<<[0m[32mseL4(CPU 0)[0m[1m [decodeCNodeInvocation/107 T0x80bf00c400 "rootserver" @2d72cc]: CNode Copy/Mint/Move/Mutate: Source slot invalid or empty.>>[0m
[0m[1m<<[0m[32mseL4(CPU 0)[0m[1m [decodeCNodeInvocation/107 T0x80bf00c400 "rootserver" @2d72cc]: CNode Copy/Mint/Move/Mutate: Source slot invalid or empty.>>[0m
[0m[1m<<[0m[32mseL4(CPU 0)[0m[1m [decodeCNodeInvocation/107 T0x80bf00c400 "rootserver" @2d72cc]: CNode Copy/Mint/Move/Mutate: Source slot invalid or empty.>>[0m
[0m[1m<<[0m[32mseL4(CPU 0)[0m[1m [decodeCNodeInvocation/107 T0x80bf00c400 "rootserver" @2d72cc]: CNode Copy/Mint/Move/Mutate: Source slot invalid or empty.>>[0m
[0m[1m<<[0m[32mseL4(CPU 0)[0m[1m [decodeCNodeInvocation/107 T0x80bf00c400 "rootserver" @2d72cc]: CNode Copy/Mint/Move/Mutate: Source slot invalid or empty.>>[0m
[0m[1m<<[0m[32mseL4(CPU 0)[0m[1m [decodeCNodeInvocation/107 T0x80bf00c400 "rootserver" @2d72cc]: CNode Copy/Mint/Move/Mutate: Source slot invalid or empty.>>[0m
[0m[1m<<[0m[32mseL4(CPU 0)[0m[1m [decodeCNodeInvocation/107 T0x80bf00c400 "rootserver" @2d72cc]: CNode Copy/Mint/Move/Mutate: Source slot invalid or empty.>>[0m
[0m[1m<<[0m[32mseL4(CPU 0)[0m[1m [decodeCNodeInvocation/107 T0x80bf00c400 "rootserver" @2d72cc]: CNode Copy/Mint/Move/Mutate: Source slot invalid or empty.>>[0m
[0m[1m<<[0m[32mseL4(CPU 0)[0m[1m [decodeCNodeInvocation/107 T0x80bf00c400 "rootserver" @2d72cc]: CNode Copy/Mint/Move/Mutate: Source slot invalid or empty.>>[0m
[0m[1m<<[0m[32mseL4(CPU 0)[0m[1m [decodeCNodeInvocation/107 T0x80bf00c400 "rootserver" @2d72cc]: CNode Copy/Mint/Move/Mutate: Source slot invalid or empty.>>[0m
[0m[1m<<[0m[32mseL4(CPU 0)[0m[1m [decodeCNodeInvocation/107 T0x80bf00c400 "rootserver" @2d72cc]: CNode Copy/Mint/Move/Mutate: Source slot invalid or empty.>>[0m
[0m[1m<<[0m[32mseL4(CPU 0)[0m[1m [decodeCNodeInvocation/107 T0x80bf00c400 "rootserver" @2d72cc]: CNode Copy/Mint/Move/Mutate: Source slot invalid or empty.>>[0m
[0m[1m<<[0m[32mseL4(CPU 0)[0m[1m [decodeCNodeInvocation/107 T0x80bf00c400 "rootserver" @2d72cc]: CNode Copy/Mint/Move/Mutate: Source slot invalid or empty.>>[0m
[0m[1m<<[0m[32mseL4(CPU 0)[0m[1m [decodeCNodeInvocation/107 T0x80bf00c400 "rootserver" @2d72cc]: CNode Copy/Mint/Move/Mutate: Source slot invalid or empty.>>[0m
[0m[1m<<[0m[32mseL4(CPU 0)[0m[1m [decodeCNodeInvocation/107 T0x80bf00c400 "rootserver" @2d72cc]: CNode Copy/Mint/Move/Mutate: Source slot invalid or empty.>>[0m
[0m[1m<<[0m[32mseL4(CPU 0)[0m[1m [decodeCNodeInvocation/107 T0x80bf00c400 "rootserver" @2d72cc]: CNode Copy/Mint/Move/Mutate: Source slot invalid or empty.>>[0m
[0m[1m<<[0m[32mseL4(CPU 0)[0m[1m [decodeCNodeInvocation/107 T0x80bf00c400 "rootserver" @2d72cc]: CNode Copy/Mint/Move/Mutate: Source slot invalid or empty.>>[0m
[0m[1m<<[0m[32mseL4(CPU 0)[0m[1m [decodeCNodeInvocation/107 T0x80bf00c400 "rootserver" @2d72cc]: CNode Copy/Mint/Move/Mutate: Source slot invalid or empty.>>[0m
[0m[1m<<[0m[32mseL4(CPU 0)[0m[1m [decodeCNodeInvocation/107 T0x80bf00c400 "rootserver" @2d72cc]: CNode Copy/Mint/Move/Mutate: Source slot invalid or empty.>>[0m
[0m[1m<<[0m[32mseL4(CPU 0)[0m[1m [decodeCNodeInvocation/107 T0x80bf00c400 "rootserver" @2d72cc]: CNode Copy/Mint/Move/Mutate: Source slot invalid or empty.>>[0m
[0m[1m<<[0m[32mseL4(CPU 0)[0m[1m [decodeCNodeInvocation/107 T0x80bf00c400 "rootserver" @2d72cc]: CNode Copy/Mint/Move/Mutate: Source slot invalid or empty.>>[0m
[0m[1m<<[0m[32mseL4(CPU 0)[0m[1m [decodeCNodeInvocation/107 T0x80bf00c400 "rootserver" @2d72cc]: CNode Copy/Mint/Move/Mutate: Source slot invalid or empty.>>[0m
[0m[1m<<[0m[32mseL4(CPU 0)[0m[1m [decodeCNodeInvocation/107 T0x80bf00c400 "rootserver" @2d72cc]: CNode Copy/Mint/Move/Mutate: Source slot invalid or empty.>>[0m
[0m[1m<<[0m[32mseL4(CPU 0)[0m[1m [decodeCNodeInvocation/107 T0x80bf00c400 "rootserver" @2d72cc]: CNode Copy/Mint/Move/Mutate: Source slot invalid or empty.>>[0m
[0m[1m<<[0m[32mseL4(CPU 0)[0m[1m [decodeCNodeInvocation/95 T0x80bf00c400 "rootserver" @2d72cc]: CNode Copy/Mint/Move/Mutate: Destination not empty.>>[0m
[0m[1m<<[0m[32mseL4(CPU 0)[0m[1m [decodeCNodeInvocation/107 T0x80bf00c400 "rootserver" @2d72cc]: CNode Copy/Mint/Move/Mutate: Source slot invalid or empty.>>[0m
[0m[1m<<[0m[32mseL4(CPU 0)[0m[1m [decodeCNodeInvocation/107 T0x80bf00c400 "rootserver" @2d72cc]: CNode Copy/Mint/Move/Mutate: Source slot invalid or empty.>>[0m
[0m[1m<<[0m[32mseL4(CPU 0)[0m[1m [decodeCNodeInvocation/107 T0x80bf00c400 "rootserver" @2d72cc]: CNode Copy/Mint/Move/Mutate: Source slot invalid or empty.>>[0m
[0m[1m<<[0m[32mseL4(CPU 0)[0m[1m [decodeCNodeInvocation/107 T0x80bf00c400 "rootserver" @2d72cc]: CNode Copy/Mint/Move/Mutate: Source slot invalid or empty.>>[0m
[0m[1m<<[0m[32mseL4(CPU 0)[0m[1m [decodeCNodeInvocation/107 T0x80bf00c400 "rootserver" @2d72cc]: CNode Copy/Mint/Move/Mutate: Source slot invalid or empty.>>[0m
[0m[1m<<[0m[32mseL4(CPU 0)[0m[1m [decodeCNodeInvocation/107 T0x80bf00c400 "rootserver" @2d72cc]: CNode Copy/Mint/Move/Mutate: Source slot invalid or empty.>>[0m
[0m[1m<<[0m[32mseL4(CPU 0)[0m[1m [decodeCNodeInvocation/107 T0x80bf00c400 "rootserver" @2d72cc]: CNode Copy/Mint/Move/Mutate: Source slot invalid or empty.>>[0m
[0m[1m<<[0m[32mseL4(CPU 0)[0m[1m [decodeCNodeInvocation/107 T0x80bf00c400 "rootserver" @2d72cc]: CNode Copy/Mint/Move/Mutate: Source slot invalid or empty.>>[0m
[0m[1m<<[0m[32mseL4(CPU 0)[0m[1m [decodeCNodeInvocation/107 T0x80bf00c400 "rootserver" @2d72cc]: CNode Copy/Mint/Move/Mutate: Source slot invalid or empty.>>[0m
[0m[1m<<[0m[32mseL4(CPU 0)[0m[1m [decodeCNodeInvocation/107 T0x80bf00c400 "rootserver" @2d72cc]: CNode Copy/Mint/Move/Mutate: Source slot invalid or empty.>>[0m
[0m[1m<<[0m[32mseL4(CPU 0)[0m[1m [decodeCNodeInvocation/107 T0x80bf00c400 "rootserver" @2d72cc]: CNode Copy/Mint/Move/Mutate: Source slot invalid or empty.>>[0m
[0m[1m<<[0m[32mseL4(CPU 0)[0m[1m [decodeCNodeInvocation/107 T0x80bf00c400 "rootserver" @2d72cc]: CNode Copy/Mint/Move/Mutate: Source slot invalid or empty.>>[0m
[0m[1m<<[0m[32mseL4(CPU 0)[0m[1m [decodeCNodeInvocation/107 T0x80bf00c400 "rootserver" @2d72cc]: CNode Copy/Mint/Move/Mutate: Source slot invalid or empty.>>[0m
[0m[1m<<[0m[32mseL4(CPU 0)[0m[1m [decodeCNodeInvocation/107 T0x80bf00c400 "rootserver" @2d72cc]: CNode Copy/Mint/Move/Mutate: Source slot invalid or empty.>>[0m
[0m[1m<<[0m[32mseL4(CPU 0)[0m[1m [decodeCNodeInvocation/107 T0x80bf00c400 "rootserver" @2d72cc]: CNode Copy/Mint/Move/Mutate: Source slot invalid or empty.>>[0m
[0m[1m<<[0m[32mseL4(CPU 0)[0m[1m [decodeCNodeInvocation/107 T0x80bf00c400 "rootserver" @2d72cc]: CNode Copy/Mint/Move/Mutate: Source slot invalid or empty.>>[0m
[0m[1m<<[0m[32mseL4(CPU 0)[0m[1m [decodeCNodeInvocation/107 T0x80bf00c400 "rootserver" @2d72cc]: CNode Copy/Mint/Move/Mutate: Source slot invalid or empty.>>[0m
[0m[1m<<[0m[32mseL4(CPU 0)[0m[1m [decodeCNodeInvocation/107 T0x80bf00c400 "rootserver" @2d72cc]: CNode Copy/Mint/Move/Mutate: Source slot invalid or empty.>>[0m
[0m[1m<<[0m[32mseL4(CPU 0)[0m[1m [decodeCNodeInvocation/107 T0x80bf00c400 "rootserver" @2d72cc]: CNode Copy/Mint/Move/Mutate: Source slot invalid or empty.>>[0m
[0m[1m<<[0m[32mseL4(CPU 0)[0m[1m [decodeCNodeInvocation/107 T0x80bf00c400 "rootserver" @2d72cc]: CNode Copy/Mint/Move/Mutate: Source slot invalid or empty.>>[0m
[0m[1m<<[0m[32mseL4(CPU 0)[0m[1m [decodeCNodeInvocation/107 T0x80bf00c400 "rootserver" @2d72cc]: CNode Copy/Mint/Move/Mutate: Source slot invalid or empty.>>[0m
[0m[1m<<[0m[32mseL4(CPU 0)[0m[1m [decodeCNodeInvocation/107 T0x80bf00c400 "rootserver" @2d72cc]: CNode Copy/Mint/Move/Mutate: Source slot invalid or empty.>>[0m
[0m[1m<<[0m[32mseL4(CPU 0)[0m[1m [decodeCNodeInvocation/107 T0x80bf00c400 "rootserver" @2d72cc]: CNode Copy/Mint/Move/Mutate: Source slot invalid or empty.>>[0m
[0m[1m<<[0m[32mseL4(CPU 0)[0m[1m [decodeCNodeInvocation/107 T0x80bf00c400 "rootserver" @2d72cc]: CNode Copy/Mint/Move/Mutate: Source slot invalid or empty.>>[0m
[0m[1m<<[0m[32mseL4(CPU 0)[0m[1m [decodeCNodeInvocation/107 T0x80bf00c400 "rootserver" @2d72cc]: CNode Copy/Mint/Move/Mutate: Source slot invalid or empty.>>[0m
[0m[1m<<[0m[32mseL4(CPU 0)[0m[1m [decodeCNodeInvocation/107 T0x80bf00c400 "rootserver" @2d72cc]: CNode Copy/Mint/Move/Mutate: Source slot invalid or empty.>>[0m
[0m[1m<<[0m[32mseL4(CPU 0)[0m[1m [decodeCNodeInvocation/107 T0x80bf00c400 "rootserver" @2d72cc]: CNode Copy/Mint/Move/Mutate: Source slot invalid or empty.>>[0m
[0m[1m<<[0m[32mseL4(CPU 0)[0m[1m [decodeCNodeInvocation/107 T0x80bf00c400 "rootserver" @2d72cc]: CNode Copy/Mint/Move/Mutate: Source slot invalid or empty.>>[0m
[0m[1m<<[0m[32mseL4(CPU 0)[0m[1m [decodeCNodeInvocation/107 T0x80bf00c400 "rootserver" @2d72cc]: CNode Copy/Mint/Move/Mutate: Source slot invalid or empty.>>[0m
[0m[1m<<[0m[32mseL4(CPU 0)[0m[1m [decodeCNodeInvocation/107 T0x80bf00c400 "rootserver" @2d72cc]: CNode Copy/Mint/Move/Mutate: Source slot invalid or empty.>>[0m
[0m[1m<<[0m[32mseL4(CPU 0)[0m[1m [decodeCNodeInvocation/107 T0x80bf00c400 "rootserver" @2d72cc]: CNode Copy/Mint/Move/Mutate: Source slot invalid or empty.>>[0m
[0m[1m<<[0m[32mseL4(CPU 0)[0m[1m [decodeCNodeInvocation/107 T0x80bf00c400 "rootserver" @2d72cc]: CNode Copy/Mint/Move/Mutate: Source slot invalid or empty.>>[0m
[0m[1m<<[0m[32mseL4(CPU 0)[0m[1m [decodeCNodeInvocation/107 T0x80bf00c400 "rootserver" @2d72cc]: CNode Copy/Mint/Move/Mutate: Source slot invalid or empty.>>[0m
[0m[1m<<[0m[32mseL4(CPU 0)[0m[1m [decodeCNodeInvocation/107 T0x80bf00c400 "rootserver" @2d72cc]: CNode Copy/Mint/Move/Mutate: Source slot invalid or empty.>>[0m
[0m[1m<<[0m[32mseL4(CPU 0)[0m[1m [decodeCNodeInvocation/107 T0x80bf00c400 "rootserver" @2d72cc]: CNode Copy/Mint/Move/Mutate: Source slot invalid or empty.>>[0m
[0m[1m<<[0m[32mseL4(CPU 0)[0m[1m [decodeCNodeInvocation/107 T0x80bf00c400 "rootserver" @2d72cc]: CNode Copy/Mint/Move/Mutate: Source slot invalid or empty.>>[0m
[0m[1m<<[0m[32mseL4(CPU 0)[0m[1m [decodeCNodeInvocation/107 T0x80bf00c400 "rootserver" @2d72cc]: CNode Copy/Mint/Move/Mutate: Source slot invalid or empty.>>[0m
[0m[1m<<[0m[32mseL4(CPU 0)[0m[1m [decodeCNodeInvocation/107 T0x80bf00c400 "rootserver" @2d72cc]: CNode Copy/Mint/Move/Mutate: Source slot invalid or empty.>>[0m
[0m[1m<<[0m[32mseL4(CPU 0)[0m[1m [decodeCNodeInvocation/107 T0x80bf00c400 "rootserver" @2d72cc]: CNode Copy/Mint/Move/Mutate: Source slot invalid or empty.>>[0m
[0m[1m<<[0m[32mseL4(CPU 0)[0m[1m [decodeCNodeInvocation/107 T0x80bf00c400 "rootserver" @2d72cc]: CNode Copy/Mint/Move/Mutate: Source slot invalid or empty.>>[0m
[0m[1m<<[0m[32mseL4(CPU 0)[0m[1m [decodeCNodeInvocation/107 T0x80bf00c400 "rootserver" @2d72cc]: CNode Copy/Mint/Move/Mutate: Source slot invalid or empty.>>[0m
[0m[1m<<[0m[32mseL4(CPU 0)[0m[1m [decodeCNodeInvocation/107 T0x80bf00c400 "rootserver" @2d72cc]: CNode Copy/Mint/Move/Mutate: Source slot invalid or empty.>>[0m
[0m[1m<<[0m[32mseL4(CPU 0)[0m[1m [decodeCNodeInvocation/107 T0x80bf00c400 "rootserver" @2d72cc]: CNode Copy/Mint/Move/Mutate: Source slot invalid or empty.>>[0m
[0m[1m<<[0m[32mseL4(CPU 0)[0m[1m [decodeCNodeInvocation/107 T0x80bf00c400 "rootserver" @2d72cc]: CNode Copy/Mint/Move/Mutate: Source slot invalid or empty.>>[0m
[0m[1m<<[0m[32mseL4(CPU 0)[0m[1m [decodeCNodeInvocation/107 T0x80bf00c400 "rootserver" @2d72cc]: CNode Copy/Mint/Move/Mutate: Source slot invalid or empty.>>[0m
[0m[1m<<[0m[32mseL4(CPU 0)[0m[1m [decodeCNodeInvocation/107 T0x80bf00c400 "rootserver" @2d72cc]: CNode Copy/Mint/Move/Mutate: Source slot invalid or empty.>>[0m
[0m[1m<<[0m[32mseL4(CPU 0)[0m[1m [decodeCNodeInvocation/107 T0x80bf00c400 "rootserver" @2d72cc]: CNode Copy/Mint/Move/Mutate: Source slot invalid or empty.>>[0m
[0m[1m<<[0m[32mseL4(CPU 0)[0m[1m [decodeCNodeInvocation/107 T0x80bf00c400 "rootserver" @2d72cc]: CNode Copy/Mint/Move/Mutate: Source slot invalid or empty.>>[0m
[0m[1m<<[0m[32mseL4(CPU 0)[0m[1m [decodeCNodeInvocation/107 T0x80bf00c400 "rootserver" @2d72cc]: CNode Copy/Mint/Move/Mutate: Source slot invalid or empty.>>[0m
[0m[1m<<[0m[32mseL4(CPU 0)[0m[1m [decodeCNodeInvocation/107 T0x80bf00c400 "rootserver" @2d72cc]: CNode Copy/Mint/Move/Mutate: Source slot invalid or empty.>>[0m
[0m[1m<<[0m[32mseL4(CPU 0)[0m[1m [decodeCNodeInvocation/107 T0x80bf00c400 "rootserver" @2d72cc]: CNode Copy/Mint/Move/Mutate: Source slot invalid or empty.>>[0m
[0m[1m<<[0m[32mseL4(CPU 0)[0m[1m [decodeCNodeInvocation/107 T0x80bf00c400 "rootserver" @2d72cc]: CNode Copy/Mint/Move/Mutate: Source slot invalid or empty.>>[0m
[0m[1m<<[0m[32mseL4(CPU 0)[0m[1m [decodeCNodeInvocation/107 T0x80bf00c400 "rootserver" @2d72cc]: CNode Copy/Mint/Move/Mutate: Source slot invalid or empty.>>[0m
[0m[1m<<[0m[32mseL4(CPU 0)[0m[1m [decodeCNodeInvocation/107 T0x80bf00c400 "rootserver" @2d72cc]: CNode Copy/Mint/Move/Mutate: Source slot invalid or empty.>>[0m
[0m[1m<<[0m[32mseL4(CPU 0)[0m[1m [decodeCNodeInvocation/107 T0x80bf00c400 "rootserver" @2d72cc]: CNode Copy/Mint/Move/Mutate: Source slot invalid or empty.>>[0m
[0m[1m<<[0m[32mseL4(CPU 0)[0m[1m [decodeCNodeInvocation/107 T0x80bf00c400 "rootserver" @2d72cc]: CNode Copy/Mint/Move/Mutate: Source slot invalid or empty.>>[0m
[0m[1m<<[0m[32mseL4(CPU 0)[0m[1m [decodeCNodeInvocation/107 T0x80bf00c400 "rootserver" @2d72cc]: CNode Copy/Mint/Move/Mutate: Source slot invalid or empty.>>[0m
[0m[1m<<[0m[32mseL4(CPU 0)[0m[1m [decodeCNodeInvocation/107 T0x80bf00c400 "rootserver" @2d72cc]: CNode Copy/Mint/Move/Mutate: Source slot invalid or empty.>>[0m
[0m[1m<<[0m[32mseL4(CPU 0)[0m[1m [decodeCNodeInvocation/107 T0x80bf00c400 "rootserver" @2d72cc]: CNode Copy/Mint/Move/Mutate: Source slot invalid or empty.>>[0m
[0m[1m<<[0m[32mseL4(CPU 0)[0m[1m [decodeCNodeInvocation/107 T0x80bf00c400 "rootserver" @2d72cc]: CNode Copy/Mint/Move/Mutate: Source slot invalid or empty.>>[0m
[0m[1m<<[0m[32mseL4(CPU 0)[0m[1m [decodeCNodeInvocation/107 T0x80bf00c400 "rootserver" @2d72cc]: CNode Copy/Mint/Move/Mutate: Source slot invalid or empty.>>[0m
[0m[1m<<[0m[32mseL4(CPU 0)[0m[1m [decodeCNodeInvocation/107 T0x80bf00c400 "rootserver" @2d72cc]: CNode Copy/Mint/Move/Mutate: Source slot invalid or empty.>>[0m
[0m[1m<<[0m[32mseL4(CPU 0)[0m[1m [decodeCNodeInvocation/107 T0x80bf00c400 "rootserver" @2d72cc]: CNode Copy/Mint/Move/Mutate: Source slot invalid or empty.>>[0m
[0m[1m<<[0m[32mseL4(CPU 0)[0m[1m [decodeCNodeInvocation/107 T0x80bf00c400 "rootserver" @2d72cc]: CNode Copy/Mint/Move/Mutate: Source slot invalid or empty.>>[0m
[0m[1m<<[0m[32mseL4(CPU 0)[0m[1m [decodeCNodeInvocation/107 T0x80bf00c400 "rootserver" @2d72cc]: CNode Copy/Mint/Move/Mutate: Source slot invalid or empty.>>[0m
[0m[1m<<[0m[32mseL4(CPU 0)[0m[1m [decodeCNodeInvocation/107 T0x80bf00c400 "rootserver" @2d72cc]: CNode Copy/Mint/Move/Mutate: Source slot invalid or empty.>>[0m
[0m[1m<<[0m[32mseL4(CPU 0)[0m[1m [decodeCNodeInvocation/107 T0x80bf00c400 "rootserver" @2d72cc]: CNode Copy/Mint/Move/Mutate: Source slot invalid or empty.>>[0m
[0m[1m<<[0m[32mseL4(CPU 0)[0m[1m [decodeCNodeInvocation/107 T0x80bf00c400 "rootserver" @2d72cc]: CNode Copy/Mint/Move/Mutate: Source slot invalid or empty.>>[0m
[0m[1m<<[0m[32mseL4(CPU 0)[0m[1m [decodeCNodeInvocation/107 T0x80bf00c400 "rootserver" @2d72cc]: CNode Copy/Mint/Move/Mutate: Source slot invalid or empty.>>[0m
[0m[1m<<[0m[32mseL4(CPU 0)[0m[1m [decodeCNodeInvocation/107 T0x80bf00c400 "rootserver" @2d72cc]: CNode Copy/Mint/Move/Mutate: Source slot invalid or empty.>>[0m
[0m[1m<<[0m[32mseL4(CPU 0)[0m[1m [decodeCNodeInvocation/107 T0x80bf00c400 "rootserver" @2d72cc]: CNode Copy/Mint/Move/Mutate: Source slot invalid or empty.>>[0m
[0m[1m<<[0m[32mseL4(CPU 0)[0m[1m [decodeCNodeInvocation/107 T0x80bf00c400 "rootserver" @2d72cc]: CNode Copy/Mint/Move/Mutate: Source slot invalid or empty.>>[0m
[0m[1m<<[0m[32mseL4(CPU 0)[0m[1m [decodeCNodeInvocation/107 T0x80bf00c400 "rootserver" @2d72cc]: CNode Copy/Mint/Move/Mutate: Source slot invalid or empty.>>[0m
[0m[1m<<[0m[32mseL4(CPU 0)[0m[1m [decodeCNodeInvocation/107 T0x80bf00c400 "rootserver" @2d72cc]: CNode Copy/Mint/Move/Mutate: Source slot invalid or empty.>>[0m
[0m[1m<<[0m[32mseL4(CPU 0)[0m[1m [decodeCNodeInvocation/107 T0x80bf00c400 "rootserver" @2d72cc]: CNode Copy/Mint/Move/Mutate: Source slot invalid or empty.>>[0m
[0m[1m<<[0m[32mseL4(CPU 0)[0m[1m [decodeCNodeInvocation/107 T0x80bf00c400 "rootserver" @2d72cc]: CNode Copy/Mint/Move/Mutate: Source slot invalid or empty.>>[0m
[0m[1m<<[0m[32mseL4(CPU 0)[0m[1m [decodeCNodeInvocation/107 T0x80bf00c400 "rootserver" @2d72cc]: CNode Copy/Mint/Move/Mutate: Source slot invalid or empty.>>[0m
[0m[1m<<[0m[32mseL4(CPU 0)[0m[1m [decodeCNodeInvocation/107 T0x80bf00c400 "rootserver" @2d72cc]: CNode Copy/Mint/Move/Mutate: Source slot invalid or empty.>>[0m
[0m[1m<<[0m[32mseL4(CPU 0)[0m[1m [decodeCNodeInvocation/107 T0x80bf00c400 "rootserver" @2d72cc]: CNode Copy/Mint/Move/Mutate: Source slot invalid or empty.>>[0m
[0m[1m<<[0m[32mseL4(CPU 0)[0m[1m [decodeCNodeInvocation/107 T0x80bf00c400 "rootserver" @2d72cc]: CNode Copy/Mint/Move/Mutate: Source slot invalid or empty.>>[0m
[0m[1m<<[0m[32mseL4(CPU 0)[0m[1m [decodeCNodeInvocation/107 T0x80bf00c400 "rootserver" @2d72cc]: CNode Copy/Mint/Move/Mutate: Source slot invalid or empty.>>[0m
[0m[1m<<[0m[32mseL4(CPU 0)[0m[1m [decodeCNodeInvocation/107 T0x80bf00c400 "rootserver" @2d72cc]: CNode Copy/Mint/Move/Mutate: Source slot invalid or empty.>>[0m
[0m[1m<<[0m[32mseL4(CPU 0)[0m[1m [decodeCNodeInvocation/107 T0x80bf00c400 "rootserver" @2d72cc]: CNode Copy/Mint/Move/Mutate: Source slot invalid or empty.>>[0m
[0m[1m<<[0m[32mseL4(CPU 0)[0m[1m [decodeCNodeInvocation/107 T0x80bf00c400 "rootserver" @2d72cc]: CNode Copy/Mint/Move/Mutate: Source slot invalid or empty.>>[0m
[0m[1m<<[0m[32mseL4(CPU 0)[0m[1m [decodeCNodeInvocation/107 T0x80bf00c400 "rootserver" @2d72cc]: CNode Copy/Mint/Move/Mutate: Source slot invalid or empty.>>[0m
[0m[1m<<[0m[32mseL4(CPU 0)[0m[1m [decodeCNodeInvocation/107 T0x80bf00c400 "rootserver" @2d72cc]: CNode Copy/Mint/Move/Mutate: Source slot invalid or empty.>>[0m
[0m[1m<<[0m[32mseL4(CPU 0)[0m[1m [decodeCNodeInvocation/107 T0x80bf00c400 "rootserver" @2d72cc]: CNode Copy/Mint/Move/Mutate: Source slot invalid or empty.>>[0m
[0m[1m<<[0m[32mseL4(CPU 0)[0m[1m [decodeCNodeInvocation/107 T0x80bf00c400 "rootserver" @2d72cc]: CNode Copy/Mint/Move/Mutate: Source slot invalid or empty.>>[0m
[0m[1m<<[0m[32mseL4(CPU 0)[0m[1m [decodeCNodeInvocation/107 T0x80bf00c400 "rootserver" @2d72cc]: CNode Copy/Mint/Move/Mutate: Source slot invalid or empty.>>[0m
[0m[1m<<[0m[32mseL4(CPU 0)[0m[1m [decodeCNodeInvocation/107 T0x80bf00c400 "rootserver" @2d72cc]: CNode Copy/Mint/Move/Mutate: Source slot invalid or empty.>>[0m
[0m[1m<<[0m[32mseL4(CPU 0)[0m[1m [decodeCNodeInvocation/107 T0x80bf00c400 "rootserver" @2d72cc]: CNode Copy/Mint/Move/Mutate: Source slot invalid or empty.>>[0m
[0m[1m<<[0m[32mseL4(CPU 0)[0m[1m [decodeCNodeInvocation/107 T0x80bf00c400 "rootserver" @2d72cc]: CNode Copy/Mint/Move/Mutate: Source slot invalid or empty.>>[0m
[0m[1m<<[0m[32mseL4(CPU 0)[0m[1m [decodeCNodeInvocation/107 T0x80bf00c400 "rootserver" @2d72cc]: CNode Copy/Mint/Move/Mutate: Source slot invalid or empty.>>[0m
[0m[1m<<[0m[32mseL4(CPU 0)[0m[1m [decodeCNodeInvocation/107 T0x80bf00c400 "rootserver" @2d72cc]: CNode Copy/Mint/Move/Mutate: Source slot invalid or empty.>>[0m
[0m[1m<<[0m[32mseL4(CPU 0)[0m[1m [decodeCNodeInvocation/107 T0x80bf00c400 "rootserver" @2d72cc]: CNode Copy/Mint/Move/Mutate: Source slot invalid or empty.>>[0m
SLIME_GRAPH factory placed task=1 component=private-heap-both slot=1 kind=shared-buffer-factory
SLIME_GRAPH staged task=1 instance=private-heap-both executable=private-heap-probe grants=1 bindings=1 window=0x238000 frames=57 tables=3 entry=0x212538
SLIME_GRAPH schedule instance=private-heap-denied priority=254 default=254
SLIME_GRAPH threads instance=private-heap-denied count=1
[0m[1m<<[0m[32mseL4(CPU 0)[0m[1m [decodeCNodeInvocation/107 T0x80bf00c400 "rootserver" @2d72cc]: CNode Copy/Mint/Move/Mutate: Source slot invalid or empty.>>[0m
[0m[1m<<[0m[32mseL4(CPU 0)[0m[1m [decodeCNodeInvocation/95 T0x80bf00c400 "rootserver" @2d72cc]: CNode Copy/Mint/Move/Mutate: Destination not empty.>>[0m
[0m[1m<<[0m[32mseL4(CPU 0)[0m[1m [decodeCNodeInvocation/95 T0x80bf00c400 "rootserver" @2d72cc]: CNode Copy/Mint/Move/Mutate: Destination not empty.>>[0m
[0m[1m<<[0m[32mseL4(CPU 0)[0m[1m [decodeCNodeInvocation/95 T0x80bf00c400 "rootserver" @2d72cc]: CNode Copy/Mint/Move/Mutate: Destination not empty.>>[0m
[0m[1m<<[0m[32mseL4(CPU 0)[0m[1m [decodeCNodeInvocation/95 T0x80bf00c400 "rootserver" @2d72cc]: CNode Copy/Mint/Move/Mutate: Destination not empty.>>[0m
[0m[1m<<[0m[32mseL4(CPU 0)[0m[1m [decodeCNodeInvocation/107 T0x80bf00c400 "rootserver" @2d72cc]: CNode Copy/Mint/Move/Mutate: Source slot invalid or empty.>>[0m
[0m[1m<<[0m[32mseL4(CPU 0)[0m[1m [decodeCNodeInvocation/107 T0x80bf00c400 "rootserver" @2d72cc]: CNode Copy/Mint/Move/Mutate: Source slot invalid or empty.>>[0m
[0m[1m<<[0m[32mseL4(CPU 0)[0m[1m [decodeCNodeInvocation/107 T0x80bf00c400 "rootserver" @2d72cc]: CNode Copy/Mint/Move/Mutate: Source slot invalid or empty.>>[0m
[0m[1m<<[0m[32mseL4(CPU 0)[0m[1m [decodeCNodeInvocation/107 T0x80bf00c400 "rootserver" @2d72cc]: CNode Copy/Mint/Move/Mutate: Source slot invalid or empty.>>[0m
[0m[1m<<[0m[32mseL4(CPU 0)[0m[1m [decodeCNodeInvocation/107 T0x80bf00c400 "rootserver" @2d72cc]: CNode Copy/Mint/Move/Mutate: Source slot invalid or empty.>>[0m
[0m[1m<<[0m[32mseL4(CPU 0)[0m[1m [decodeCNodeInvocation/107 T0x80bf00c400 "rootserver" @2d72cc]: CNode Copy/Mint/Move/Mutate: Source slot invalid or empty.>>[0m
[0m[1m<<[0m[32mseL4(CPU 0)[0m[1m [decodeCNodeInvocation/107 T0x80bf00c400 "rootserver" @2d72cc]: CNode Copy/Mint/Move/Mutate: Source slot invalid or empty.>>[0m
[0m[1m<<[0m[32mseL4(CPU 0)[0m[1m [decodeCNodeInvocation/107 T0x80bf00c400 "rootserver" @2d72cc]: CNode Copy/Mint/Move/Mutate: Source slot invalid or empty.>>[0m
[0m[1m<<[0m[32mseL4(CPU 0)[0m[1m [decodeCNodeInvocation/107 T0x80bf00c400 "rootserver" @2d72cc]: CNode Copy/Mint/Move/Mutate: Source slot invalid or empty.>>[0m
[0m[1m<<[0m[32mseL4(CPU 0)[0m[1m [decodeCNodeInvocation/107 T0x80bf00c400 "rootserver" @2d72cc]: CNode Copy/Mint/Move/Mutate: Source slot invalid or empty.>>[0m
[0m[1m<<[0m[32mseL4(CPU 0)[0m[1m [decodeCNodeInvocation/107 T0x80bf00c400 "rootserver" @2d72cc]: CNode Copy/Mint/Move/Mutate: Source slot invalid or empty.>>[0m
[0m[1m<<[0m[32mseL4(CPU 0)[0m[1m [decodeCNodeInvocation/107 T0x80bf00c400 "rootserver" @2d72cc]: CNode Copy/Mint/Move/Mutate: Source slot invalid or empty.>>[0m
[0m[1m<<[0m[32mseL4(CPU 0)[0m[1m [decodeCNodeInvocation/107 T0x80bf00c400 "rootserver" @2d72cc]: CNode Copy/Mint/Move/Mutate: Source slot invalid or empty.>>[0m
[0m[1m<<[0m[32mseL4(CPU 0)[0m[1m [decodeCNodeInvocation/107 T0x80bf00c400 "rootserver" @2d72cc]: CNode Copy/Mint/Move/Mutate: Source slot invalid or empty.>>[0m
[0m[1m<<[0m[32mseL4(CPU 0)[0m[1m [decodeCNodeInvocation/107 T0x80bf00c400 "rootserver" @2d72cc]: CNode Copy/Mint/Move/Mutate: Source slot invalid or empty.>>[0m
[0m[1m<<[0m[32mseL4(CPU 0)[0m[1m [decodeCNodeInvocation/107 T0x80bf00c400 "rootserver" @2d72cc]: CNode Copy/Mint/Move/Mutate: Source slot invalid or empty.>>[0m
[0m[1m<<[0m[32mseL4(CPU 0)[0m[1m [decodeCNodeInvocation/107 T0x80bf00c400 "rootserver" @2d72cc]: CNode Copy/Mint/Move/Mutate: Source slot invalid or empty.>>[0m
[0m[1m<<[0m[32mseL4(CPU 0)[0m[1m [decodeCNodeInvocation/107 T0x80bf00c400 "rootserver" @2d72cc]: CNode Copy/Mint/Move/Mutate: Source slot invalid or empty.>>[0m
[0m[1m<<[0m[32mseL4(CPU 0)[0m[1m [decodeCNodeInvocation/107 T0x80bf00c400 "rootserver" @2d72cc]: CNode Copy/Mint/Move/Mutate: Source slot invalid or empty.>>[0m
[0m[1m<<[0m[32mseL4(CPU 0)[0m[1m [decodeCNodeInvocation/107 T0x80bf00c400 "rootserver" @2d72cc]: CNode Copy/Mint/Move/Mutate: Source slot invalid or empty.>>[0m
[0m[1m<<[0m[32mseL4(CPU 0)[0m[1m [decodeCNodeInvocation/107 T0x80bf00c400 "rootserver" @2d72cc]: CNode Copy/Mint/Move/Mutate: Source slot invalid or empty.>>[0m
[0m[1m<<[0m[32mseL4(CPU 0)[0m[1m [decodeCNodeInvocation/107 T0x80bf00c400 "rootserver" @2d72cc]: CNode Copy/Mint/Move/Mutate: Source slot invalid or empty.>>[0m
[0m[1m<<[0m[32mseL4(CPU 0)[0m[1m [decodeCNodeInvocation/107 T0x80bf00c400 "rootserver" @2d72cc]: CNode Copy/Mint/Move/Mutate: Source slot invalid or empty.>>[0m
[0m[1m<<[0m[32mseL4(CPU 0)[0m[1m [decodeCNodeInvocation/107 T0x80bf00c400 "rootserver" @2d72cc]: CNode Copy/Mint/Move/Mutate: Source slot invalid or empty.>>[0m
[0m[1m<<[0m[32mseL4(CPU 0)[0m[1m [decodeCNodeInvocation/107 T0x80bf00c400 "rootserver" @2d72cc]: CNode Copy/Mint/Move/Mutate: Source slot invalid or empty.>>[0m
[0m[1m<<[0m[32mseL4(CPU 0)[0m[1m [decodeCNodeInvocation/107 T0x80bf00c400 "rootserver" @2d72cc]: CNode Copy/Mint/Move/Mutate: Source slot invalid or empty.>>[0m
[0m[1m<<[0m[32mseL4(CPU 0)[0m[1m [decodeCNodeInvocation/107 T0x80bf00c400 "rootserver" @2d72cc]: CNode Copy/Mint/Move/Mutate: Source slot invalid or empty.>>[0m
[0m[1m<<[0m[32mseL4(CPU 0)[0m[1m [decodeCNodeInvocation/95 T0x80bf00c400 "rootserver" @2d72cc]: CNode Copy/Mint/Move/Mutate: Destination not empty.>>[0m
[0m[1m<<[0m[32mseL4(CPU 0)[0m[1m [decodeCNodeInvocation/107 T0x80bf00c400 "rootserver" @2d72cc]: CNode Copy/Mint/Move/Mutate: Source slot invalid or empty.>>[0m
[0m[1m<<[0m[32mseL4(CPU 0)[0m[1m [decodeCNodeInvocation/107 T0x80bf00c400 "rootserver" @2d72cc]: CNode Copy/Mint/Move/Mutate: Source slot invalid or empty.>>[0m
[0m[1m<<[0m[32mseL4(CPU 0)[0m[1m [decodeCNodeInvocation/107 T0x80bf00c400 "rootserver" @2d72cc]: CNode Copy/Mint/Move/Mutate: Source slot invalid or empty.>>[0m
[0m[1m<<[0m[32mseL4(CPU 0)[0m[1m [decodeCNodeInvocation/107 T0x80bf00c400 "rootserver" @2d72cc]: CNode Copy/Mint/Move/Mutate: Source slot invalid or empty.>>[0m
[0m[1m<<[0m[32mseL4(CPU 0)[0m[1m [decodeCNodeInvocation/107 T0x80bf00c400 "rootserver" @2d72cc]: CNode Copy/Mint/Move/Mutate: Source slot invalid or empty.>>[0m
[0m[1m<<[0m[32mseL4(CPU 0)[0m[1m [decodeCNodeInvocation/107 T0x80bf00c400 "rootserver" @2d72cc]: CNode Copy/Mint/Move/Mutate: Source slot invalid or empty.>>[0m
[0m[1m<<[0m[32mseL4(CPU 0)[0m[1m [decodeCNodeInvocation/107 T0x80bf00c400 "rootserver" @2d72cc]: CNode Copy/Mint/Move/Mutate: Source slot invalid or empty.>>[0m
[0m[1m<<[0m[32mseL4(CPU 0)[0m[1m [decodeCNodeInvocation/107 T0x80bf00c400 "rootserver" @2d72cc]: CNode Copy/Mint/Move/Mutate: Source slot invalid or empty.>>[0m
[0m[1m<<[0m[32mseL4(CPU 0)[0m[1m [decodeCNodeInvocation/107 T0x80bf00c400 "rootserver" @2d72cc]: CNode Copy/Mint/Move/Mutate: Source slot invalid or empty.>>[0m
[0m[1m<<[0m[32mseL4(CPU 0)[0m[1m [decodeCNodeInvocation/107 T0x80bf00c400 "rootserver" @2d72cc]: CNode Copy/Mint/Move/Mutate: Source slot invalid or empty.>>[0m
[0m[1m<<[0m[32mseL4(CPU 0)[0m[1m [decodeCNodeInvocation/107 T0x80bf00c400 "rootserver" @2d72cc]: CNode Copy/Mint/Move/Mutate: Source slot invalid or empty.>>[0m
[0m[1m<<[0m[32mseL4(CPU 0)[0m[1m [decodeCNodeInvocation/107 T0x80bf00c400 "rootserver" @2d72cc]: CNode Copy/Mint/Move/Mutate: Source slot invalid or empty.>>[0m
[0m[1m<<[0m[32mseL4(CPU 0)[0m[1m [decodeCNodeInvocation/107 T0x80bf00c400 "rootserver" @2d72cc]: CNode Copy/Mint/Move/Mutate: Source slot invalid or empty.>>[0m
[0m[1m<<[0m[32mseL4(CPU 0)[0m[1m [decodeCNodeInvocation/107 T0x80bf00c400 "rootserver" @2d72cc]: CNode Copy/Mint/Move/Mutate: Source slot invalid or empty.>>[0m
[0m[1m<<[0m[32mseL4(CPU 0)[0m[1m [decodeCNodeInvocation/107 T0x80bf00c400 "rootserver" @2d72cc]: CNode Copy/Mint/Move/Mutate: Source slot invalid or empty.>>[0m
[0m[1m<<[0m[32mseL4(CPU 0)[0m[1m [decodeCNodeInvocation/107 T0x80bf00c400 "rootserver" @2d72cc]: CNode Copy/Mint/Move/Mutate: Source slot invalid or empty.>>[0m
[0m[1m<<[0m[32mseL4(CPU 0)[0m[1m [decodeCNodeInvocation/107 T0x80bf00c400 "rootserver" @2d72cc]: CNode Copy/Mint/Move/Mutate: Source slot invalid or empty.>>[0m
[0m[1m<<[0m[32mseL4(CPU 0)[0m[1m [decodeCNodeInvocation/107 T0x80bf00c400 "rootserver" @2d72cc]: CNode Copy/Mint/Move/Mutate: Source slot invalid or empty.>>[0m
[0m[1m<<[0m[32mseL4(CPU 0)[0m[1m [decodeCNodeInvocation/107 T0x80bf00c400 "rootserver" @2d72cc]: CNode Copy/Mint/Move/Mutate: Source slot invalid or empty.>>[0m
[0m[1m<<[0m[32mseL4(CPU 0)[0m[1m [decodeCNodeInvocation/107 T0x80bf00c400 "rootserver" @2d72cc]: CNode Copy/Mint/Move/Mutate: Source slot invalid or empty.>>[0m
[0m[1m<<[0m[32mseL4(CPU 0)[0m[1m [decodeCNodeInvocation/107 T0x80bf00c400 "rootserver" @2d72cc]: CNode Copy/Mint/Move/Mutate: Source slot invalid or empty.>>[0m
[0m[1m<<[0m[32mseL4(CPU 0)[0m[1m [decodeCNodeInvocation/107 T0x80bf00c400 "rootserver" @2d72cc]: CNode Copy/Mint/Move/Mutate: Source slot invalid or empty.>>[0m
[0m[1m<<[0m[32mseL4(CPU 0)[0m[1m [decodeCNodeInvocation/107 T0x80bf00c400 "rootserver" @2d72cc]: CNode Copy/Mint/Move/Mutate: Source slot invalid or empty.>>[0m
[0m[1m<<[0m[32mseL4(CPU 0)[0m[1m [decodeCNodeInvocation/107 T0x80bf00c400 "rootserver" @2d72cc]: CNode Copy/Mint/Move/Mutate: Source slot invalid or empty.>>[0m
[0m[1m<<[0m[32mseL4(CPU 0)[0m[1m [decodeCNodeInvocation/107 T0x80bf00c400 "rootserver" @2d72cc]: CNode Copy/Mint/Move/Mutate: Source slot invalid or empty.>>[0m
[0m[1m<<[0m[32mseL4(CPU 0)[0m[1m [decodeCNodeInvocation/107 T0x80bf00c400 "rootserver" @2d72cc]: CNode Copy/Mint/Move/Mutate: Source slot invalid or empty.>>[0m
[0m[1m<<[0m[32mseL4(CPU 0)[0m[1m [decodeCNodeInvocation/107 T0x80bf00c400 "rootserver" @2d72cc]: CNode Copy/Mint/Move/Mutate: Source slot invalid or empty.>>[0m
[0m[1m<<[0m[32mseL4(CPU 0)[0m[1m [decodeCNodeInvocation/107 T0x80bf00c400 "rootserver" @2d72cc]: CNode Copy/Mint/Move/Mutate: Source slot invalid or empty.>>[0m
[0m[1m<<[0m[32mseL4(CPU 0)[0m[1m [decodeCNodeInvocation/107 T0x80bf00c400 "rootserver" @2d72cc]: CNode Copy/Mint/Move/Mutate: Source slot invalid or empty.>>[0m
[0m[1m<<[0m[32mseL4(CPU 0)[0m[1m [decodeCNodeInvocation/107 T0x80bf00c400 "rootserver" @2d72cc]: CNode Copy/Mint/Move/Mutate: Source slot invalid or empty.>>[0m
[0m[1m<<[0m[32mseL4(CPU 0)[0m[1m [decodeCNodeInvocation/107 T0x80bf00c400 "rootserver" @2d72cc]: CNode Copy/Mint/Move/Mutate: Source slot invalid or empty.>>[0m
[0m[1m<<[0m[32mseL4(CPU 0)[0m[1m [decodeCNodeInvocation/107 T0x80bf00c400 "rootserver" @2d72cc]: CNode Copy/Mint/Move/Mutate: Source slot invalid or empty.>>[0m
[0m[1m<<[0m[32mseL4(CPU 0)[0m[1m [decodeCNodeInvocation/107 T0x80bf00c400 "rootserver" @2d72cc]: CNode Copy/Mint/Move/Mutate: Source slot invalid or empty.>>[0m
[0m[1m<<[0m[32mseL4(CPU 0)[0m[1m [decodeCNodeInvocation/107 T0x80bf00c400 "rootserver" @2d72cc]: CNode Copy/Mint/Move/Mutate: Source slot invalid or empty.>>[0m
[0m[1m<<[0m[32mseL4(CPU 0)[0m[1m [decodeCNodeInvocation/107 T0x80bf00c400 "rootserver" @2d72cc]: CNode Copy/Mint/Move/Mutate: Source slot invalid or empty.>>[0m
[0m[1m<<[0m[32mseL4(CPU 0)[0m[1m [decodeCNodeInvocation/107 T0x80bf00c400 "rootserver" @2d72cc]: CNode Copy/Mint/Move/Mutate: Source slot invalid or empty.>>[0m
[0m[1m<<[0m[32mseL4(CPU 0)[0m[1m [decodeCNodeInvocation/107 T0x80bf00c400 "rootserver" @2d72cc]: CNode Copy/Mint/Move/Mutate: Source slot invalid or empty.>>[0m
[0m[1m<<[0m[32mseL4(CPU 0)[0m[1m [decodeCNodeInvocation/107 T0x80bf00c400 "rootserver" @2d72cc]: CNode Copy/Mint/Move/Mutate: Source slot invalid or empty.>>[0m
[0m[1m<<[0m[32mseL4(CPU 0)[0m[1m [decodeCNodeInvocation/107 T0x80bf00c400 "rootserver" @2d72cc]: CNode Copy/Mint/Move/Mutate: Source slot invalid or empty.>>[0m
[0m[1m<<[0m[32mseL4(CPU 0)[0m[1m [decodeCNodeInvocation/107 T0x80bf00c400 "rootserver" @2d72cc]: CNode Copy/Mint/Move/Mutate: Source slot invalid or empty.>>[0m
[0m[1m<<[0m[32mseL4(CPU 0)[0m[1m [decodeCNodeInvocation/107 T0x80bf00c400 "rootserver" @2d72cc]: CNode Copy/Mint/Move/Mutate: Source slot invalid or empty.>>[0m
[0m[1m<<[0m[32mseL4(CPU 0)[0m[1m [decodeCNodeInvocation/107 T0x80bf00c400 "rootserver" @2d72cc]: CNode Copy/Mint/Move/Mutate: Source slot invalid or empty.>>[0m
[0m[1m<<[0m[32mseL4(CPU 0)[0m[1m [decodeCNodeInvocation/107 T0x80bf00c400 "rootserver" @2d72cc]: CNode Copy/Mint/Move/Mutate: Source slot invalid or empty.>>[0m
[0m[1m<<[0m[32mseL4(CPU 0)[0m[1m [decodeCNodeInvocation/107 T0x80bf00c400 "rootserver" @2d72cc]: CNode Copy/Mint/Move/Mutate: Source slot invalid or empty.>>[0m
[0m[1m<<[0m[32mseL4(CPU 0)[0m[1m [decodeCNodeInvocation/107 T0x80bf00c400 "rootserver" @2d72cc]: CNode Copy/Mint/Move/Mutate: Source slot invalid or empty.>>[0m
[0m[1m<<[0m[32mseL4(CPU 0)[0m[1m [decodeCNodeInvocation/107 T0x80bf00c400 "rootserver" @2d72cc]: CNode Copy/Mint/Move/Mutate: Source slot invalid or empty.>>[0m
[0m[1m<<[0m[32mseL4(CPU 0)[0m[1m [decodeCNodeInvocation/107 T0x80bf00c400 "rootserver" @2d72cc]: CNode Copy/Mint/Move/Mutate: Source slot invalid or empty.>>[0m
[0m[1m<<[0m[32mseL4(CPU 0)[0m[1m [decodeCNodeInvocation/107 T0x80bf00c400 "rootserver" @2d72cc]: CNode Copy/Mint/Move/Mutate: Source slot invalid or empty.>>[0m
[0m[1m<<[0m[32mseL4(CPU 0)[0m[1m [decodeCNodeInvocation/107 T0x80bf00c400 "rootserver" @2d72cc]: CNode Copy/Mint/Move/Mutate: Source slot invalid or empty.>>[0m
[0m[1m<<[0m[32mseL4(CPU 0)[0m[1m [decodeCNodeInvocation/107 T0x80bf00c400 "rootserver" @2d72cc]: CNode Copy/Mint/Move/Mutate: Source slot invalid or empty.>>[0m
[0m[1m<<[0m[32mseL4(CPU 0)[0m[1m [decodeCNodeInvocation/107 T0x80bf00c400 "rootserver" @2d72cc]: CNode Copy/Mint/Move/Mutate: Source slot invalid or empty.>>[0m
[0m[1m<<[0m[32mseL4(CPU 0)[0m[1m [decodeCNodeInvocation/107 T0x80bf00c400 "rootserver" @2d72cc]: CNode Copy/Mint/Move/Mutate: Source slot invalid or empty.>>[0m
[0m[1m<<[0m[32mseL4(CPU 0)[0m[1m [decodeCNodeInvocation/107 T0x80bf00c400 "rootserver" @2d72cc]: CNode Copy/Mint/Move/Mutate: Source slot invalid or empty.>>[0m
[0m[1m<<[0m[32mseL4(CPU 0)[0m[1m [decodeCNodeInvocation/107 T0x80bf00c400 "rootserver" @2d72cc]: CNode Copy/Mint/Move/Mutate: Source slot invalid or empty.>>[0m
[0m[1m<<[0m[32mseL4(CPU 0)[0m[1m [decodeCNodeInvocation/107 T0x80bf00c400 "rootserver" @2d72cc]: CNode Copy/Mint/Move/Mutate: Source slot invalid or empty.>>[0m
[0m[1m<<[0m[32mseL4(CPU 0)[0m[1m [decodeCNodeInvocation/107 T0x80bf00c400 "rootserver" @2d72cc]: CNode Copy/Mint/Move/Mutate: Source slot invalid or empty.>>[0m
[0m[1m<<[0m[32mseL4(CPU 0)[0m[1m [decodeCNodeInvocation/107 T0x80bf00c400 "rootserver" @2d72cc]: CNode Copy/Mint/Move/Mutate: Source slot invalid or empty.>>[0m
[0m[1m<<[0m[32mseL4(CPU 0)[0m[1m [decodeCNodeInvocation/107 T0x80bf00c400 "rootserver" @2d72cc]: CNode Copy/Mint/Move/Mutate: Source slot invalid or empty.>>[0m
[0m[1m<<[0m[32mseL4(CPU 0)[0m[1m [decodeCNodeInvocation/107 T0x80bf00c400 "rootserver" @2d72cc]: CNode Copy/Mint/Move/Mutate: Source slot invalid or empty.>>[0m
[0m[1m<<[0m[32mseL4(CPU 0)[0m[1m [decodeCNodeInvocation/107 T0x80bf00c400 "rootserver" @2d72cc]: CNode Copy/Mint/Move/Mutate: Source slot invalid or empty.>>[0m
[0m[1m<<[0m[32mseL4(CPU 0)[0m[1m [decodeCNodeInvocation/107 T0x80bf00c400 "rootserver" @2d72cc]: CNode Copy/Mint/Move/Mutate: Source slot invalid or empty.>>[0m
[0m[1m<<[0m[32mseL4(CPU 0)[0m[1m [decodeCNodeInvocation/107 T0x80bf00c400 "rootserver" @2d72cc]: CNode Copy/Mint/Move/Mutate: Source slot invalid or empty.>>[0m
[0m[1m<<[0m[32mseL4(CPU 0)[0m[1m [decodeCNodeInvocation/107 T0x80bf00c400 "rootserver" @2d72cc]: CNode Copy/Mint/Move/Mutate: Source slot invalid or empty.>>[0m
[0m[1m<<[0m[32mseL4(CPU 0)[0m[1m [decodeCNodeInvocation/107 T0x80bf00c400 "rootserver" @2d72cc]: CNode Copy/Mint/Move/Mutate: Source slot invalid or empty.>>[0m
[0m[1m<<[0m[32mseL4(CPU 0)[0m[1m [decodeCNodeInvocation/107 T0x80bf00c400 "rootserver" @2d72cc]: CNode Copy/Mint/Move/Mutate: Source slot invalid or empty.>>[0m
[0m[1m<<[0m[32mseL4(CPU 0)[0m[1m [decodeCNodeInvocation/107 T0x80bf00c400 "rootserver" @2d72cc]: CNode Copy/Mint/Move/Mutate: Source slot invalid or empty.>>[0m
[0m[1m<<[0m[32mseL4(CPU 0)[0m[1m [decodeCNodeInvocation/107 T0x80bf00c400 "rootserver" @2d72cc]: CNode Copy/Mint/Move/Mutate: Source slot invalid or empty.>>[0m
[0m[1m<<[0m[32mseL4(CPU 0)[0m[1m [decodeCNodeInvocation/107 T0x80bf00c400 "rootserver" @2d72cc]: CNode Copy/Mint/Move/Mutate: Source slot invalid or empty.>>[0m
[0m[1m<<[0m[32mseL4(CPU 0)[0m[1m [decodeCNodeInvocation/107 T0x80bf00c400 "rootserver" @2d72cc]: CNode Copy/Mint/Move/Mutate: Source slot invalid or empty.>>[0m
[0m[1m<<[0m[32mseL4(CPU 0)[0m[1m [decodeCNodeInvocation/107 T0x80bf00c400 "rootserver" @2d72cc]: CNode Copy/Mint/Move/Mutate: Source slot invalid or empty.>>[0m
[0m[1m<<[0m[32mseL4(CPU 0)[0m[1m [decodeCNodeInvocation/107 T0x80bf00c400 "rootserver" @2d72cc]: CNode Copy/Mint/Move/Mutate: Source slot invalid or empty.>>[0m
[0m[1m<<[0m[32mseL4(CPU 0)[0m[1m [decodeCNodeInvocation/107 T0x80bf00c400 "rootserver" @2d72cc]: CNode Copy/Mint/Move/Mutate: Source slot invalid or empty.>>[0m
[0m[1m<<[0m[32mseL4(CPU 0)[0m[1m [decodeCNodeInvocation/107 T0x80bf00c400 "rootserver" @2d72cc]: CNode Copy/Mint/Move/Mutate: Source slot invalid or empty.>>[0m
[0m[1m<<[0m[32mseL4(CPU 0)[0m[1m [decodeCNodeInvocation/107 T0x80bf00c400 "rootserver" @2d72cc]: CNode Copy/Mint/Move/Mutate: Source slot invalid or empty.>>[0m
[0m[1m<<[0m[32mseL4(CPU 0)[0m[1m [decodeCNodeInvocation/107 T0x80bf00c400 "rootserver" @2d72cc]: CNode Copy/Mint/Move/Mutate: Source slot invalid or empty.>>[0m
[0m[1m<<[0m[32mseL4(CPU 0)[0m[1m [decodeCNodeInvocation/107 T0x80bf00c400 "rootserver" @2d72cc]: CNode Copy/Mint/Move/Mutate: Source slot invalid or empty.>>[0m
[0m[1m<<[0m[32mseL4(CPU 0)[0m[1m [decodeCNodeInvocation/107 T0x80bf00c400 "rootserver" @2d72cc]: CNode Copy/Mint/Move/Mutate: Source slot invalid or empty.>>[0m
[0m[1m<<[0m[32mseL4(CPU 0)[0m[1m [decodeCNodeInvocation/107 T0x80bf00c400 "rootserver" @2d72cc]: CNode Copy/Mint/Move/Mutate: Source slot invalid or empty.>>[0m
[0m[1m<<[0m[32mseL4(CPU 0)[0m[1m [decodeCNodeInvocation/107 T0x80bf00c400 "rootserver" @2d72cc]: CNode Copy/Mint/Move/Mutate: Source slot invalid or empty.>>[0m
[0m[1m<<[0m[32mseL4(CPU 0)[0m[1m [decodeCNodeInvocation/107 T0x80bf00c400 "rootserver" @2d72cc]: CNode Copy/Mint/Move/Mutate: Source slot invalid or empty.>>[0m
[0m[1m<<[0m[32mseL4(CPU 0)[0m[1m [decodeCNodeInvocation/107 T0x80bf00c400 "rootserver" @2d72cc]: CNode Copy/Mint/Move/Mutate: Source slot invalid or empty.>>[0m
[0m[1m<<[0m[32mseL4(CPU 0)[0m[1m [decodeCNodeInvocation/107 T0x80bf00c400 "rootserver" @2d72cc]: CNode Copy/Mint/Move/Mutate: Source slot invalid or empty.>>[0m
[0m[1m<<[0m[32mseL4(CPU 0)[0m[1m [decodeCNodeInvocation/107 T0x80bf00c400 "rootserver" @2d72cc]: CNode Copy/Mint/Move/Mutate: Source slot invalid or empty.>>[0m
[0m[1m<<[0m[32mseL4(CPU 0)[0m[1m [decodeCNodeInvocation/107 T0x80bf00c400 "rootserver" @2d72cc]: CNode Copy/Mint/Move/Mutate: Source slot invalid or empty.>>[0m
[0m[1m<<[0m[32mseL4(CPU 0)[0m[1m [decodeCNodeInvocation/107 T0x80bf00c400 "rootserver" @2d72cc]: CNode Copy/Mint/Move/Mutate: Source slot invalid or empty.>>[0m
[0m[1m<<[0m[32mseL4(CPU 0)[0m[1m [decodeCNodeInvocation/107 T0x80bf00c400 "rootserver" @2d72cc]: CNode Copy/Mint/Move/Mutate: Source slot invalid or empty.>>[0m
[0m[1m<<[0m[32mseL4(CPU 0)[0m[1m [decodeCNodeInvocation/107 T0x80bf00c400 "rootserver" @2d72cc]: CNode Copy/Mint/Move/Mutate: Source slot invalid or empty.>>[0m
[0m[1m<<[0m[32mseL4(CPU 0)[0m[1m [decodeCNodeInvocation/107 T0x80bf00c400 "rootserver" @2d72cc]: CNode Copy/Mint/Move/Mutate: Source slot invalid or empty.>>[0m
[0m[1m<<[0m[32mseL4(CPU 0)[0m[1m [decodeCNodeInvocation/107 T0x80bf00c400 "rootserver" @2d72cc]: CNode Copy/Mint/Move/Mutate: Source slot invalid or empty.>>[0m
[0m[1m<<[0m[32mseL4(CPU 0)[0m[1m [decodeCNodeInvocation/107 T0x80bf00c400 "rootserver" @2d72cc]: CNode Copy/Mint/Move/Mutate: Source slot invalid or empty.>>[0m
[0m[1m<<[0m[32mseL4(CPU 0)[0m[1m [decodeCNodeInvocation/107 T0x80bf00c400 "rootserver" @2d72cc]: CNode Copy/Mint/Move/Mutate: Source slot invalid or empty.>>[0m
[0m[1m<<[0m[32mseL4(CPU 0)[0m[1m [decodeCNodeInvocation/107 T0x80bf00c400 "rootserver" @2d72cc]: CNode Copy/Mint/Move/Mutate: Source slot invalid or empty.>>[0m
[0m[1m<<[0m[32mseL4(CPU 0)[0m[1m [decodeCNodeInvocation/107 T0x80bf00c400 "rootserver" @2d72cc]: CNode Copy/Mint/Move/Mutate: Source slot invalid or empty.>>[0m
[0m[1m<<[0m[32mseL4(CPU 0)[0m[1m [decodeCNodeInvocation/107 T0x80bf00c400 "rootserver" @2d72cc]: CNode Copy/Mint/Move/Mutate: Source slot invalid or empty.>>[0m
[0m[1m<<[0m[32mseL4(CPU 0)[0m[1m [decodeCNodeInvocation/107 T0x80bf00c400 "rootserver" @2d72cc]: CNode Copy/Mint/Move/Mutate: Source slot invalid or empty.>>[0m
SLIME_GRAPH staged task=2 instance=private-heap-denied executable=private-heap-probe grants=0 bindings=0 window=0x238000 frames=57 tables=3 entry=0x212538
SLIME_GRAPH schedule instance=private-heap-granted priority=254 default=254
SLIME_GRAPH threads instance=private-heap-granted count=1
[0m[1m<<[0m[32mseL4(CPU 0)[0m[1m [decodeCNodeInvocation/107 T0x80bf00c400 "rootserver" @2d72cc]: CNode Copy/Mint/Move/Mutate: Source slot invalid or empty.>>[0m
[0m[1m<<[0m[32mseL4(CPU 0)[0m[1m [decodeCNodeInvocation/95 T0x80bf00c400 "rootserver" @2d72cc]: CNode Copy/Mint/Move/Mutate: Destination not empty.>>[0m
[0m[1m<<[0m[32mseL4(CPU 0)[0m[1m [decodeCNodeInvocation/95 T0x80bf00c400 "rootserver" @2d72cc]: CNode Copy/Mint/Move/Mutate: Destination not empty.>>[0m
[0m[1m<<[0m[32mseL4(CPU 0)[0m[1m [decodeCNodeInvocation/95 T0x80bf00c400 "rootserver" @2d72cc]: CNode Copy/Mint/Move/Mutate: Destination not empty.>>[0m
[0m[1m<<[0m[32mseL4(CPU 0)[0m[1m [decodeCNodeInvocation/95 T0x80bf00c400 "rootserver" @2d72cc]: CNode Copy/Mint/Move/Mutate: Destination not empty.>>[0m
[0m[1m<<[0m[32mseL4(CPU 0)[0m[1m [decodeCNodeInvocation/107 T0x80bf00c400 "rootserver" @2d72cc]: CNode Copy/Mint/Move/Mutate: Source slot invalid or empty.>>[0m
[0m[1m<<[0m[32mseL4(CPU 0)[0m[1m [decodeCNodeInvocation/107 T0x80bf00c400 "rootserver" @2d72cc]: CNode Copy/Mint/Move/Mutate: Source slot invalid or empty.>>[0m
[0m[1m<<[0m[32mseL4(CPU 0)[0m[1m [decodeCNodeInvocation/107 T0x80bf00c400 "rootserver" @2d72cc]: CNode Copy/Mint/Move/Mutate: Source slot invalid or empty.>>[0m
[0m[1m<<[0m[32mseL4(CPU 0)[0m[1m [decodeCNodeInvocation/107 T0x80bf00c400 "rootserver" @2d72cc]: CNode Copy/Mint/Move/Mutate: Source slot invalid or empty.>>[0m
[0m[1m<<[0m[32mseL4(CPU 0)[0m[1m [decodeCNodeInvocation/107 T0x80bf00c400 "rootserver" @2d72cc]: CNode Copy/Mint/Move/Mutate: Source slot invalid or empty.>>[0m
[0m[1m<<[0m[32mseL4(CPU 0)[0m[1m [decodeCNodeInvocation/107 T0x80bf00c400 "rootserver" @2d72cc]: CNode Copy/Mint/Move/Mutate: Source slot invalid or empty.>>[0m
[0m[1m<<[0m[32mseL4(CPU 0)[0m[1m [decodeCNodeInvocation/107 T0x80bf00c400 "rootserver" @2d72cc]: CNode Copy/Mint/Move/Mutate: Source slot invalid or empty.>>[0m
[0m[1m<<[0m[32mseL4(CPU 0)[0m[1m [decodeCNodeInvocation/107 T0x80bf00c400 "rootserver" @2d72cc]: CNode Copy/Mint/Move/Mutate: Source slot invalid or empty.>>[0m
[0m[1m<<[0m[32mseL4(CPU 0)[0m[1m [decodeCNodeInvocation/107 T0x80bf00c400 "rootserver" @2d72cc]: CNode Copy/Mint/Move/Mutate: Source slot invalid or empty.>>[0m
[0m[1m<<[0m[32mseL4(CPU 0)[0m[1m [decodeCNodeInvocation/107 T0x80bf00c400 "rootserver" @2d72cc]: CNode Copy/Mint/Move/Mutate: Source slot invalid or empty.>>[0m
[0m[1m<<[0m[32mseL4(CPU 0)[0m[1m [decodeCNodeInvocation/107 T0x80bf00c400 "rootserver" @2d72cc]: CNode Copy/Mint/Move/Mutate: Source slot invalid or empty.>>[0m
[0m[1m<<[0m[32mseL4(CPU 0)[0m[1m [decodeCNodeInvocation/107 T0x80bf00c400 "rootserver" @2d72cc]: CNode Copy/Mint/Move/Mutate: Source slot invalid or empty.>>[0m
[0m[1m<<[0m[32mseL4(CPU 0)[0m[1m [decodeCNodeInvocation/107 T0x80bf00c400 "rootserver" @2d72cc]: CNode Copy/Mint/Move/Mutate: Source slot invalid or empty.>>[0m
[0m[1m<<[0m[32mseL4(CPU 0)[0m[1m [decodeCNodeInvocation/107 T0x80bf00c400 "rootserver" @2d72cc]: CNode Copy/Mint/Move/Mutate: Source slot invalid or empty.>>[0m
[0m[1m<<[0m[32mseL4(CPU 0)[0m[1m [decodeCNodeInvocation/107 T0x80bf00c400 "rootserver" @2d72cc]: CNode Copy/Mint/Move/Mutate: Source slot invalid or empty.>>[0m
[0m[1m<<[0m[32mseL4(CPU 0)[0m[1m [decodeCNodeInvocation/107 T0x80bf00c400 "rootserver" @2d72cc]: CNode Copy/Mint/Move/Mutate: Source slot invalid or empty.>>[0m
[0m[1m<<[0m[32mseL4(CPU 0)[0m[1m [decodeCNodeInvocation/107 T0x80bf00c400 "rootserver" @2d72cc]: CNode Copy/Mint/Move/Mutate: Source slot invalid or empty.>>[0m
[0m[1m<<[0m[32mseL4(CPU 0)[0m[1m [decodeCNodeInvocation/107 T0x80bf00c400 "rootserver" @2d72cc]: CNode Copy/Mint/Move/Mutate: Source slot invalid or empty.>>[0m
[0m[1m<<[0m[32mseL4(CPU 0)[0m[1m [decodeCNodeInvocation/107 T0x80bf00c400 "rootserver" @2d72cc]: CNode Copy/Mint/Move/Mutate: Source slot invalid or empty.>>[0m
[0m[1m<<[0m[32mseL4(CPU 0)[0m[1m [decodeCNodeInvocation/107 T0x80bf00c400 "rootserver" @2d72cc]: CNode Copy/Mint/Move/Mutate: Source slot invalid or empty.>>[0m
[0m[1m<<[0m[32mseL4(CPU 0)[0m[1m [decodeCNodeInvocation/107 T0x80bf00c400 "rootserver" @2d72cc]: CNode Copy/Mint/Move/Mutate: Source slot invalid or empty.>>[0m
[0m[1m<<[0m[32mseL4(CPU 0)[0m[1m [decodeCNodeInvocation/107 T0x80bf00c400 "rootserver" @2d72cc]: CNode Copy/Mint/Move/Mutate: Source slot invalid or empty.>>[0m
[0m[1m<<[0m[32mseL4(CPU 0)[0m[1m [decodeCNodeInvocation/107 T0x80bf00c400 "rootserver" @2d72cc]: CNode Copy/Mint/Move/Mutate: Source slot invalid or empty.>>[0m
[0m[1m<<[0m[32mseL4(CPU 0)[0m[1m [decodeCNodeInvocation/107 T0x80bf00c400 "rootserver" @2d72cc]: CNode Copy/Mint/Move/Mutate: Source slot invalid or empty.>>[0m
[0m[1m<<[0m[32mseL4(CPU 0)[0m[1m [decodeCNodeInvocation/107 T0x80bf00c400 "rootserver" @2d72cc]: CNode Copy/Mint/Move/Mutate: Source slot invalid or empty.>>[0m
[0m[1m<<[0m[32mseL4(CPU 0)[0m[1m [decodeCNodeInvocation/107 T0x80bf00c400 "rootserver" @2d72cc]: CNode Copy/Mint/Move/Mutate: Source slot invalid or empty.>>[0m
[0m[1m<<[0m[32mseL4(CPU 0)[0m[1m [decodeCNodeInvocation/107 T0x80bf00c400 "rootserver" @2d72cc]: CNode Copy/Mint/Move/Mutate: Source slot invalid or empty.>>[0m
[0m[1m<<[0m[32mseL4(CPU 0)[0m[1m [decodeCNodeInvocation/95 T0x80bf00c400 "rootserver" @2d72cc]: CNode Copy/Mint/Move/Mutate: Destination not empty.>>[0m
[0m[1m<<[0m[32mseL4(CPU 0)[0m[1m [decodeCNodeInvocation/107 T0x80bf00c400 "rootserver" @2d72cc]: CNode Copy/Mint/Move/Mutate: Source slot invalid or empty.>>[0m
[0m[1m<<[0m[32mseL4(CPU 0)[0m[1m [decodeCNodeInvocation/107 T0x80bf00c400 "rootserver" @2d72cc]: CNode Copy/Mint/Move/Mutate: Source slot invalid or empty.>>[0m
[0m[1m<<[0m[32mseL4(CPU 0)[0m[1m [decodeCNodeInvocation/107 T0x80bf00c400 "rootserver" @2d72cc]: CNode Copy/Mint/Move/Mutate: Source slot invalid or empty.>>[0m
[0m[1m<<[0m[32mseL4(CPU 0)[0m[1m [decodeCNodeInvocation/107 T0x80bf00c400 "rootserver" @2d72cc]: CNode Copy/Mint/Move/Mutate: Source slot invalid or empty.>>[0m
[0m[1m<<[0m[32mseL4(CPU 0)[0m[1m [decodeCNodeInvocation/107 T0x80bf00c400 "rootserver" @2d72cc]: CNode Copy/Mint/Move/Mutate: Source slot invalid or empty.>>[0m
[0m[1m<<[0m[32mseL4(CPU 0)[0m[1m [decodeCNodeInvocation/107 T0x80bf00c400 "rootserver" @2d72cc]: CNode Copy/Mint/Move/Mutate: Source slot invalid or empty.>>[0m
[0m[1m<<[0m[32mseL4(CPU 0)[0m[1m [decodeCNodeInvocation/107 T0x80bf00c400 "rootserver" @2d72cc]: CNode Copy/Mint/Move/Mutate: Source slot invalid or empty.>>[0m
[0m[1m<<[0m[32mseL4(CPU 0)[0m[1m [decodeCNodeInvocation/107 T0x80bf00c400 "rootserver" @2d72cc]: CNode Copy/Mint/Move/Mutate: Source slot invalid or empty.>>[0m
[0m[1m<<[0m[32mseL4(CPU 0)[0m[1m [decodeCNodeInvocation/107 T0x80bf00c400 "rootserver" @2d72cc]: CNode Copy/Mint/Move/Mutate: Source slot invalid or empty.>>[0m
[0m[1m<<[0m[32mseL4(CPU 0)[0m[1m [decodeCNodeInvocation/107 T0x80bf00c400 "rootserver" @2d72cc]: CNode Copy/Mint/Move/Mutate: Source slot invalid or empty.>>[0m
[0m[1m<<[0m[32mseL4(CPU 0)[0m[1m [decodeCNodeInvocation/107 T0x80bf00c400 "rootserver" @2d72cc]: CNode Copy/Mint/Move/Mutate: Source slot invalid or empty.>>[0m
[0m[1m<<[0m[32mseL4(CPU 0)[0m[1m [decodeCNodeInvocation/107 T0x80bf00c400 "rootserver" @2d72cc]: CNode Copy/Mint/Move/Mutate: Source slot invalid or empty.>>[0m
[0m[1m<<[0m[32mseL4(CPU 0)[0m[1m [decodeCNodeInvocation/107 T0x80bf00c400 "rootserver" @2d72cc]: CNode Copy/Mint/Move/Mutate: Source slot invalid or empty.>>[0m
[0m[1m<<[0m[32mseL4(CPU 0)[0m[1m [decodeCNodeInvocation/107 T0x80bf00c400 "rootserver" @2d72cc]: CNode Copy/Mint/Move/Mutate: Source slot invalid or empty.>>[0m
[0m[1m<<[0m[32mseL4(CPU 0)[0m[1m [decodeCNodeInvocation/107 T0x80bf00c400 "rootserver" @2d72cc]: CNode Copy/Mint/Move/Mutate: Source slot invalid or empty.>>[0m
[0m[1m<<[0m[32mseL4(CPU 0)[0m[1m [decodeCNodeInvocation/107 T0x80bf00c400 "rootserver" @2d72cc]: CNode Copy/Mint/Move/Mutate: Source slot invalid or empty.>>[0m
[0m[1m<<[0m[32mseL4(CPU 0)[0m[1m [decodeCNodeInvocation/107 T0x80bf00c400 "rootserver" @2d72cc]: CNode Copy/Mint/Move/Mutate: Source slot invalid or empty.>>[0m
[0m[1m<<[0m[32mseL4(CPU 0)[0m[1m [decodeCNodeInvocation/107 T0x80bf00c400 "rootserver" @2d72cc]: CNode Copy/Mint/Move/Mutate: Source slot invalid or empty.>>[0m
[0m[1m<<[0m[32mseL4(CPU 0)[0m[1m [decodeCNodeInvocation/107 T0x80bf00c400 "rootserver" @2d72cc]: CNode Copy/Mint/Move/Mutate: Source slot invalid or empty.>>[0m
[0m[1m<<[0m[32mseL4(CPU 0)[0m[1m [decodeCNodeInvocation/107 T0x80bf00c400 "rootserver" @2d72cc]: CNode Copy/Mint/Move/Mutate: Source slot invalid or empty.>>[0m
[0m[1m<<[0m[32mseL4(CPU 0)[0m[1m [decodeCNodeInvocation/107 T0x80bf00c400 "rootserver" @2d72cc]: CNode Copy/Mint/Move/Mutate: Source slot invalid or empty.>>[0m
[0m[1m<<[0m[32mseL4(CPU 0)[0m[1m [decodeCNodeInvocation/107 T0x80bf00c400 "rootserver" @2d72cc]: CNode Copy/Mint/Move/Mutate: Source slot invalid or empty.>>[0m
[0m[1m<<[0m[32mseL4(CPU 0)[0m[1m [decodeCNodeInvocation/107 T0x80bf00c400 "rootserver" @2d72cc]: CNode Copy/Mint/Move/Mutate: Source slot invalid or empty.>>[0m
[0m[1m<<[0m[32mseL4(CPU 0)[0m[1m [decodeCNodeInvocation/107 T0x80bf00c400 "rootserver" @2d72cc]: CNode Copy/Mint/Move/Mutate: Source slot invalid or empty.>>[0m
[0m[1m<<[0m[32mseL4(CPU 0)[0m[1m [decodeCNodeInvocation/107 T0x80bf00c400 "rootserver" @2d72cc]: CNode Copy/Mint/Move/Mutate: Source slot invalid or empty.>>[0m
[0m[1m<<[0m[32mseL4(CPU 0)[0m[1m [decodeCNodeInvocation/107 T0x80bf00c400 "rootserver" @2d72cc]: CNode Copy/Mint/Move/Mutate: Source slot invalid or empty.>>[0m
[0m[1m<<[0m[32mseL4(CPU 0)[0m[1m [decodeCNodeInvocation/107 T0x80bf00c400 "rootserver" @2d72cc]: CNode Copy/Mint/Move/Mutate: Source slot invalid or empty.>>[0m
[0m[1m<<[0m[32mseL4(CPU 0)[0m[1m [decodeCNodeInvocation/107 T0x80bf00c400 "rootserver" @2d72cc]: CNode Copy/Mint/Move/Mutate: Source slot invalid or empty.>>[0m
[0m[1m<<[0m[32mseL4(CPU 0)[0m[1m [decodeCNodeInvocation/107 T0x80bf00c400 "rootserver" @2d72cc]: CNode Copy/Mint/Move/Mutate: Source slot invalid or empty.>>[0m
[0m[1m<<[0m[32mseL4(CPU 0)[0m[1m [decodeCNodeInvocation/107 T0x80bf00c400 "rootserver" @2d72cc]: CNode Copy/Mint/Move/Mutate: Source slot invalid or empty.>>[0m
[0m[1m<<[0m[32mseL4(CPU 0)[0m[1m [decodeCNodeInvocation/107 T0x80bf00c400 "rootserver" @2d72cc]: CNode Copy/Mint/Move/Mutate: Source slot invalid or empty.>>[0m
[0m[1m<<[0m[32mseL4(CPU 0)[0m[1m [decodeCNodeInvocation/107 T0x80bf00c400 "rootserver" @2d72cc]: CNode Copy/Mint/Move/Mutate: Source slot invalid or empty.>>[0m
[0m[1m<<[0m[32mseL4(CPU 0)[0m[1m [decodeCNodeInvocation/107 T0x80bf00c400 "rootserver" @2d72cc]: CNode Copy/Mint/Move/Mutate: Source slot invalid or empty.>>[0m
[0m[1m<<[0m[32mseL4(CPU 0)[0m[1m [decodeCNodeInvocation/107 T0x80bf00c400 "rootserver" @2d72cc]: CNode Copy/Mint/Move/Mutate: Source slot invalid or empty.>>[0m
[0m[1m<<[0m[32mseL4(CPU 0)[0m[1m [decodeCNodeInvocation/107 T0x80bf00c400 "rootserver" @2d72cc]: CNode Copy/Mint/Move/Mutate: Source slot invalid or empty.>>[0m
[0m[1m<<[0m[32mseL4(CPU 0)[0m[1m [decodeCNodeInvocation/107 T0x80bf00c400 "rootserver" @2d72cc]: CNode Copy/Mint/Move/Mutate: Source slot invalid or empty.>>[0m
[0m[1m<<[0m[32mseL4(CPU 0)[0m[1m [decodeCNodeInvocation/107 T0x80bf00c400 "rootserver" @2d72cc]: CNode Copy/Mint/Move/Mutate: Source slot invalid or empty.>>[0m
[0m[1m<<[0m[32mseL4(CPU 0)[0m[1m [decodeCNodeInvocation/107 T0x80bf00c400 "rootserver" @2d72cc]: CNode Copy/Mint/Move/Mutate: Source slot invalid or empty.>>[0m
[0m[1m<<[0m[32mseL4(CPU 0)[0m[1m [decodeCNodeInvocation/107 T0x80bf00c400 "rootserver" @2d72cc]: CNode Copy/Mint/Move/Mutate: Source slot invalid or empty.>>[0m
[0m[1m<<[0m[32mseL4(CPU 0)[0m[1m [decodeCNodeInvocation/107 T0x80bf00c400 "rootserver" @2d72cc]: CNode Copy/Mint/Move/Mutate: Source slot invalid or empty.>>[0m
[0m[1m<<[0m[32mseL4(CPU 0)[0m[1m [decodeCNodeInvocation/107 T0x80bf00c400 "rootserver" @2d72cc]: CNode Copy/Mint/Move/Mutate: Source slot invalid or empty.>>[0m
[0m[1m<<[0m[32mseL4(CPU 0)[0m[1m [decodeCNodeInvocation/107 T0x80bf00c400 "rootserver" @2d72cc]: CNode Copy/Mint/Move/Mutate: Source slot invalid or empty.>>[0m
[0m[1m<<[0m[32mseL4(CPU 0)[0m[1m [decodeCNodeInvocation/107 T0x80bf00c400 "rootserver" @2d72cc]: CNode Copy/Mint/Move/Mutate: Source slot invalid or empty.>>[0m
[0m[1m<<[0m[32mseL4(CPU 0)[0m[1m [decodeCNodeInvocation/107 T0x80bf00c400 "rootserver" @2d72cc]: CNode Copy/Mint/Move/Mutate: Source slot invalid or empty.>>[0m
[0m[1m<<[0m[32mseL4(CPU 0)[0m[1m [decodeCNodeInvocation/107 T0x80bf00c400 "rootserver" @2d72cc]: CNode Copy/Mint/Move/Mutate: Source slot invalid or empty.>>[0m
[0m[1m<<[0m[32mseL4(CPU 0)[0m[1m [decodeCNodeInvocation/107 T0x80bf00c400 "rootserver" @2d72cc]: CNode Copy/Mint/Move/Mutate: Source slot invalid or empty.>>[0m
[0m[1m<<[0m[32mseL4(CPU 0)[0m[1m [decodeCNodeInvocation/107 T0x80bf00c400 "rootserver" @2d72cc]: CNode Copy/Mint/Move/Mutate: Source slot invalid or empty.>>[0m
[0m[1m<<[0m[32mseL4(CPU 0)[0m[1m [decodeCNodeInvocation/107 T0x80bf00c400 "rootserver" @2d72cc]: CNode Copy/Mint/Move/Mutate: Source slot invalid or empty.>>[0m
[0m[1m<<[0m[32mseL4(CPU 0)[0m[1m [decodeCNodeInvocation/107 T0x80bf00c400 "rootserver" @2d72cc]: CNode Copy/Mint/Move/Mutate: Source slot invalid or empty.>>[0m
[0m[1m<<[0m[32mseL4(CPU 0)[0m[1m [decodeCNodeInvocation/107 T0x80bf00c400 "rootserver" @2d72cc]: CNode Copy/Mint/Move/Mutate: Source slot invalid or empty.>>[0m
[0m[1m<<[0m[32mseL4(CPU 0)[0m[1m [decodeCNodeInvocation/107 T0x80bf00c400 "rootserver" @2d72cc]: CNode Copy/Mint/Move/Mutate: Source slot invalid or empty.>>[0m
[0m[1m<<[0m[32mseL4(CPU 0)[0m[1m [decodeCNodeInvocation/107 T0x80bf00c400 "rootserver" @2d72cc]: CNode Copy/Mint/Move/Mutate: Source slot invalid or empty.>>[0m
[0m[1m<<[0m[32mseL4(CPU 0)[0m[1m [decodeCNodeInvocation/107 T0x80bf00c400 "rootserver" @2d72cc]: CNode Copy/Mint/Move/Mutate: Source slot invalid or empty.>>[0m
[0m[1m<<[0m[32mseL4(CPU 0)[0m[1m [decodeCNodeInvocation/107 T0x80bf00c400 "rootserver" @2d72cc]: CNode Copy/Mint/Move/Mutate: Source slot invalid or empty.>>[0m
[0m[1m<<[0m[32mseL4(CPU 0)[0m[1m [decodeCNodeInvocation/107 T0x80bf00c400 "rootserver" @2d72cc]: CNode Copy/Mint/Move/Mutate: Source slot invalid or empty.>>[0m
[0m[1m<<[0m[32mseL4(CPU 0)[0m[1m [decodeCNodeInvocation/107 T0x80bf00c400 "rootserver" @2d72cc]: CNode Copy/Mint/Move/Mutate: Source slot invalid or empty.>>[0m
[0m[1m<<[0m[32mseL4(CPU 0)[0m[1m [decodeCNodeInvocation/107 T0x80bf00c400 "rootserver" @2d72cc]: CNode Copy/Mint/Move/Mutate: Source slot invalid or empty.>>[0m
[0m[1m<<[0m[32mseL4(CPU 0)[0m[1m [decodeCNodeInvocation/107 T0x80bf00c400 "rootserver" @2d72cc]: CNode Copy/Mint/Move/Mutate: Source slot invalid or empty.>>[0m
[0m[1m<<[0m[32mseL4(CPU 0)[0m[1m [decodeCNodeInvocation/107 T0x80bf00c400 "rootserver" @2d72cc]: CNode Copy/Mint/Move/Mutate: Source slot invalid or empty.>>[0m
[0m[1m<<[0m[32mseL4(CPU 0)[0m[1m [decodeCNodeInvocation/107 T0x80bf00c400 "rootserver" @2d72cc]: CNode Copy/Mint/Move/Mutate: Source slot invalid or empty.>>[0m
[0m[1m<<[0m[32mseL4(CPU 0)[0m[1m [decodeCNodeInvocation/107 T0x80bf00c400 "rootserver" @2d72cc]: CNode Copy/Mint/Move/Mutate: Source slot invalid or empty.>>[0m
[0m[1m<<[0m[32mseL4(CPU 0)[0m[1m [decodeCNodeInvocation/107 T0x80bf00c400 "rootserver" @2d72cc]: CNode Copy/Mint/Move/Mutate: Source slot invalid or empty.>>[0m
[0m[1m<<[0m[32mseL4(CPU 0)[0m[1m [decodeCNodeInvocation/107 T0x80bf00c400 "rootserver" @2d72cc]: CNode Copy/Mint/Move/Mutate: Source slot invalid or empty.>>[0m
[0m[1m<<[0m[32mseL4(CPU 0)[0m[1m [decodeCNodeInvocation/107 T0x80bf00c400 "rootserver" @2d72cc]: CNode Copy/Mint/Move/Mutate: Source slot invalid or empty.>>[0m
[0m[1m<<[0m[32mseL4(CPU 0)[0m[1m [decodeCNodeInvocation/107 T0x80bf00c400 "rootserver" @2d72cc]: CNode Copy/Mint/Move/Mutate: Source slot invalid or empty.>>[0m
[0m[1m<<[0m[32mseL4(CPU 0)[0m[1m [decodeCNodeInvocation/107 T0x80bf00c400 "rootserver" @2d72cc]: CNode Copy/Mint/Move/Mutate: Source slot invalid or empty.>>[0m
[0m[1m<<[0m[32mseL4(CPU 0)[0m[1m [decodeCNodeInvocation/107 T0x80bf00c400 "rootserver" @2d72cc]: CNode Copy/Mint/Move/Mutate: Source slot invalid or empty.>>[0m
[0m[1m<<[0m[32mseL4(CPU 0)[0m[1m [decodeCNodeInvocation/107 T0x80bf00c400 "rootserver" @2d72cc]: CNode Copy/Mint/Move/Mutate: Source slot invalid or empty.>>[0m
[0m[1m<<[0m[32mseL4(CPU 0)[0m[1m [decodeCNodeInvocation/107 T0x80bf00c400 "rootserver" @2d72cc]: CNode Copy/Mint/Move/Mutate: Source slot invalid or empty.>>[0m
[0m[1m<<[0m[32mseL4(CPU 0)[0m[1m [decodeCNodeInvocation/107 T0x80bf00c400 "rootserver" @2d72cc]: CNode Copy/Mint/Move/Mutate: Source slot invalid or empty.>>[0m
[0m[1m<<[0m[32mseL4(CPU 0)[0m[1m [decodeCNodeInvocation/107 T0x80bf00c400 "rootserver" @2d72cc]: CNode Copy/Mint/Move/Mutate: Source slot invalid or empty.>>[0m
[0m[1m<<[0m[32mseL4(CPU 0)[0m[1m [decodeCNodeInvocation/107 T0x80bf00c400 "rootserver" @2d72cc]: CNode Copy/Mint/Move/Mutate: Source slot invalid or empty.>>[0m
[0m[1m<<[0m[32mseL4(CPU 0)[0m[1m [decodeCNodeInvocation/107 T0x80bf00c400 "rootserver" @2d72cc]: CNode Copy/Mint/Move/Mutate: Source slot invalid or empty.>>[0m
[0m[1m<<[0m[32mseL4(CPU 0)[0m[1m [decodeCNodeInvocation/107 T0x80bf00c400 "rootserver" @2d72cc]: CNode Copy/Mint/Move/Mutate: Source slot invalid or empty.>>[0m
[0m[1m<<[0m[32mseL4(CPU 0)[0m[1m [decodeCNodeInvocation/107 T0x80bf00c400 "rootserver" @2d72cc]: CNode Copy/Mint/Move/Mutate: Source slot invalid or empty.>>[0m
[0m[1m<<[0m[32mseL4(CPU 0)[0m[1m [decodeCNodeInvocation/107 T0x80bf00c400 "rootserver" @2d72cc]: CNode Copy/Mint/Move/Mutate: Source slot invalid or empty.>>[0m
[0m[1m<<[0m[32mseL4(CPU 0)[0m[1m [decodeCNodeInvocation/107 T0x80bf00c400 "rootserver" @2d72cc]: CNode Copy/Mint/Move/Mutate: Source slot invalid or empty.>>[0m
[0m[1m<<[0m[32mseL4(CPU 0)[0m[1m [decodeCNodeInvocation/107 T0x80bf00c400 "rootserver" @2d72cc]: CNode Copy/Mint/Move/Mutate: Source slot invalid or empty.>>[0m
[0m[1m<<[0m[32mseL4(CPU 0)[0m[1m [decodeCNodeInvocation/107 T0x80bf00c400 "rootserver" @2d72cc]: CNode Copy/Mint/Move/Mutate: Source slot invalid or empty.>>[0m
[0m[1m<<[0m[32mseL4(CPU 0)[0m[1m [decodeCNodeInvocation/107 T0x80bf00c400 "rootserver" @2d72cc]: CNode Copy/Mint/Move/Mutate: Source slot invalid or empty.>>[0m
[0m[1m<<[0m[32mseL4(CPU 0)[0m[1m [decodeCNodeInvocation/107 T0x80bf00c400 "rootserver" @2d72cc]: CNode Copy/Mint/Move/Mutate: Source slot invalid or empty.>>[0m
[0m[1m<<[0m[32mseL4(CPU 0)[0m[1m [decodeCNodeInvocation/107 T0x80bf00c400 "rootserver" @2d72cc]: CNode Copy/Mint/Move/Mutate: Source slot invalid or empty.>>[0m
[0m[1m<<[0m[32mseL4(CPU 0)[0m[1m [decodeCNodeInvocation/107 T0x80bf00c400 "rootserver" @2d72cc]: CNode Copy/Mint/Move/Mutate: Source slot invalid or empty.>>[0m
[0m[1m<<[0m[32mseL4(CPU 0)[0m[1m [decodeCNodeInvocation/107 T0x80bf00c400 "rootserver" @2d72cc]: CNode Copy/Mint/Move/Mutate: Source slot invalid or empty.>>[0m
[0m[1m<<[0m[32mseL4(CPU 0)[0m[1m [decodeCNodeInvocation/107 T0x80bf00c400 "rootserver" @2d72cc]: CNode Copy/Mint/Move/Mutate: Source slot invalid or empty.>>[0m
[0m[1m<<[0m[32mseL4(CPU 0)[0m[1m [decodeCNodeInvocation/107 T0x80bf00c400 "rootserver" @2d72cc]: CNode Copy/Mint/Move/Mutate: Source slot invalid or empty.>>[0m
[0m[1m<<[0m[32mseL4(CPU 0)[0m[1m [decodeCNodeInvocation/107 T0x80bf00c400 "rootserver" @2d72cc]: CNode Copy/Mint/Move/Mutate: Source slot invalid or empty.>>[0m
[0m[1m<<[0m[32mseL4(CPU 0)[0m[1m [decodeCNodeInvocation/107 T0x80bf00c400 "rootserver" @2d72cc]: CNode Copy/Mint/Move/Mutate: Source slot invalid or empty.>>[0m
[0m[1m<<[0m[32mseL4(CPU 0)[0m[1m [decodeCNodeInvocation/107 T0x80bf00c400 "rootserver" @2d72cc]: CNode Copy/Mint/Move/Mutate: Source slot invalid or empty.>>[0m
[0m[1m<<[0m[32mseL4(CPU 0)[0m[1m [decodeCNodeInvocation/107 T0x80bf00c400 "rootserver" @2d72cc]: CNode Copy/Mint/Move/Mutate: Source slot invalid or empty.>>[0m
[0m[1m<<[0m[32mseL4(CPU 0)[0m[1m [decodeCNodeInvocation/107 T0x80bf00c400 "rootserver" @2d72cc]: CNode Copy/Mint/Move/Mutate: Source slot invalid or empty.>>[0m
[0m[1m<<[0m[32mseL4(CPU 0)[0m[1m [decodeCNodeInvocation/107 T0x80bf00c400 "rootserver" @2d72cc]: CNode Copy/Mint/Move/Mutate: Source slot invalid or empty.>>[0m
[0m[1m<<[0m[32mseL4(CPU 0)[0m[1m [decodeCNodeInvocation/107 T0x80bf00c400 "rootserver" @2d72cc]: CNode Copy/Mint/Move/Mutate: Source slot invalid or empty.>>[0m
[0m[1m<<[0m[32mseL4(CPU 0)[0m[1m [decodeCNodeInvocation/107 T0x80bf00c400 "rootserver" @2d72cc]: CNode Copy/Mint/Move/Mutate: Source slot invalid or empty.>>[0m
[0m[1m<<[0m[32mseL4(CPU 0)[0m[1m [decodeCNodeInvocation/107 T0x80bf00c400 "rootserver" @2d72cc]: CNode Copy/Mint/Move/Mutate: Source slot invalid or empty.>>[0m
SLIME_GRAPH staged task=3 instance=private-heap-granted executable=private-heap-probe grants=0 bindings=0 window=0x238000 frames=57 tables=3 entry=0x212538
SLIME_GRAPH schedule instance=private-memory-denied priority=149 default=254
SLIME_GRAPH threads instance=private-memory-denied count=2
SLIME_GRAPH schedule instance=private-memory-denied thread=1 priority=150
[0m[1m<<[0m[32mseL4(CPU 0)[0m[1m [decodeCNodeInvocation/107 T0x80bf00c400 "rootserver" @2d72cc]: CNode Copy/Mint/Move/Mutate: Source slot invalid or empty.>>[0m
[0m[1m<<[0m[32mseL4(CPU 0)[0m[1m [decodeCNodeInvocation/95 T0x80bf00c400 "rootserver" @2d72cc]: CNode Copy/Mint/Move/Mutate: Destination not empty.>>[0m
[0m[1m<<[0m[32mseL4(CPU 0)[0m[1m [decodeCNodeInvocation/95 T0x80bf00c400 "rootserver" @2d72cc]: CNode Copy/Mint/Move/Mutate: Destination not empty.>>[0m
[0m[1m<<[0m[32mseL4(CPU 0)[0m[1m [decodeCNodeInvocation/95 T0x80bf00c400 "rootserver" @2d72cc]: CNode Copy/Mint/Move/Mutate: Destination not empty.>>[0m
[0m[1m<<[0m[32mseL4(CPU 0)[0m[1m [decodeCNodeInvocation/95 T0x80bf00c400 "rootserver" @2d72cc]: CNode Copy/Mint/Move/Mutate: Destination not empty.>>[0m
[0m[1m<<[0m[32mseL4(CPU 0)[0m[1m [decodeCNodeInvocation/107 T0x80bf00c400 "rootserver" @2d72cc]: CNode Copy/Mint/Move/Mutate: Source slot invalid or empty.>>[0m
[0m[1m<<[0m[32mseL4(CPU 0)[0m[1m [decodeCNodeInvocation/107 T0x80bf00c400 "rootserver" @2d72cc]: CNode Copy/Mint/Move/Mutate: Source slot invalid or empty.>>[0m
[0m[1m<<[0m[32mseL4(CPU 0)[0m[1m [decodeCNodeInvocation/107 T0x80bf00c400 "rootserver" @2d72cc]: CNode Copy/Mint/Move/Mutate: Source slot invalid or empty.>>[0m
[0m[1m<<[0m[32mseL4(CPU 0)[0m[1m [decodeCNodeInvocation/107 T0x80bf00c400 "rootserver" @2d72cc]: CNode Copy/Mint/Move/Mutate: Source slot invalid or empty.>>[0m
[0m[1m<<[0m[32mseL4(CPU 0)[0m[1m [decodeCNodeInvocation/107 T0x80bf00c400 "rootserver" @2d72cc]: CNode Copy/Mint/Move/Mutate: Source slot invalid or empty.>>[0m
[0m[1m<<[0m[32mseL4(CPU 0)[0m[1m [decodeCNodeInvocation/107 T0x80bf00c400 "rootserver" @2d72cc]: CNode Copy/Mint/Move/Mutate: Source slot invalid or empty.>>[0m
[0m[1m<<[0m[32mseL4(CPU 0)[0m[1m [decodeCNodeInvocation/107 T0x80bf00c400 "rootserver" @2d72cc]: CNode Copy/Mint/Move/Mutate: Source slot invalid or empty.>>[0m
[0m[1m<<[0m[32mseL4(CPU 0)[0m[1m [decodeCNodeInvocation/107 T0x80bf00c400 "rootserver" @2d72cc]: CNode Copy/Mint/Move/Mutate: Source slot invalid or empty.>>[0m
[0m[1m<<[0m[32mseL4(CPU 0)[0m[1m [decodeCNodeInvocation/107 T0x80bf00c400 "rootserver" @2d72cc]: CNode Copy/Mint/Move/Mutate: Source slot invalid or empty.>>[0m
[0m[1m<<[0m[32mseL4(CPU 0)[0m[1m [decodeCNodeInvocation/107 T0x80bf00c400 "rootserver" @2d72cc]: CNode Copy/Mint/Move/Mutate: Source slot invalid or empty.>>[0m
[0m[1m<<[0m[32mseL4(CPU 0)[0m[1m [decodeCNodeInvocation/107 T0x80bf00c400 "rootserver" @2d72cc]: CNode Copy/Mint/Move/Mutate: Source slot invalid or empty.>>[0m
[0m[1m<<[0m[32mseL4(CPU 0)[0m[1m [decodeCNodeInvocation/107 T0x80bf00c400 "rootserver" @2d72cc]: CNode Copy/Mint/Move/Mutate: Source slot invalid or empty.>>[0m
[0m[1m<<[0m[32mseL4(CPU 0)[0m[1m [decodeCNodeInvocation/107 T0x80bf00c400 "rootserver" @2d72cc]: CNode Copy/Mint/Move/Mutate: Source slot invalid or empty.>>[0m
[0m[1m<<[0m[32mseL4(CPU 0)[0m[1m [decodeCNodeInvocation/107 T0x80bf00c400 "rootserver" @2d72cc]: CNode Copy/Mint/Move/Mutate: Source slot invalid or empty.>>[0m
[0m[1m<<[0m[32mseL4(CPU 0)[0m[1m [decodeCNodeInvocation/107 T0x80bf00c400 "rootserver" @2d72cc]: CNode Copy/Mint/Move/Mutate: Source slot invalid or empty.>>[0m
[0m[1m<<[0m[32mseL4(CPU 0)[0m[1m [decodeCNodeInvocation/107 T0x80bf00c400 "rootserver" @2d72cc]: CNode Copy/Mint/Move/Mutate: Source slot invalid or empty.>>[0m
[0m[1m<<[0m[32mseL4(CPU 0)[0m[1m [decodeCNodeInvocation/107 T0x80bf00c400 "rootserver" @2d72cc]: CNode Copy/Mint/Move/Mutate: Source slot invalid or empty.>>[0m
[0m[1m<<[0m[32mseL4(CPU 0)[0m[1m [decodeCNodeInvocation/107 T0x80bf00c400 "rootserver" @2d72cc]: CNode Copy/Mint/Move/Mutate: Source slot invalid or empty.>>[0m
[0m[1m<<[0m[32mseL4(CPU 0)[0m[1m [decodeCNodeInvocation/107 T0x80bf00c400 "rootserver" @2d72cc]: CNode Copy/Mint/Move/Mutate: Source slot invalid or empty.>>[0m
[0m[1m<<[0m[32mseL4(CPU 0)[0m[1m [decodeCNodeInvocation/107 T0x80bf00c400 "rootserver" @2d72cc]: CNode Copy/Mint/Move/Mutate: Source slot invalid or empty.>>[0m
[0m[1m<<[0m[32mseL4(CPU 0)[0m[1m [decodeCNodeInvocation/107 T0x80bf00c400 "rootserver" @2d72cc]: CNode Copy/Mint/Move/Mutate: Source slot invalid or empty.>>[0m
[0m[1m<<[0m[32mseL4(CPU 0)[0m[1m [decodeCNodeInvocation/107 T0x80bf00c400 "rootserver" @2d72cc]: CNode Copy/Mint/Move/Mutate: Source slot invalid or empty.>>[0m
[0m[1m<<[0m[32mseL4(CPU 0)[0m[1m [decodeCNodeInvocation/107 T0x80bf00c400 "rootserver" @2d72cc]: CNode Copy/Mint/Move/Mutate: Source slot invalid or empty.>>[0m
[0m[1m<<[0m[32mseL4(CPU 0)[0m[1m [decodeCNodeInvocation/107 T0x80bf00c400 "rootserver" @2d72cc]: CNode Copy/Mint/Move/Mutate: Source slot invalid or empty.>>[0m
[0m[1m<<[0m[32mseL4(CPU 0)[0m[1m [decodeCNodeInvocation/107 T0x80bf00c400 "rootserver" @2d72cc]: CNode Copy/Mint/Move/Mutate: Source slot invalid or empty.>>[0m
[0m[1m<<[0m[32mseL4(CPU 0)[0m[1m [decodeCNodeInvocation/107 T0x80bf00c400 "rootserver" @2d72cc]: CNode Copy/Mint/Move/Mutate: Source slot invalid or empty.>>[0m
[0m[1m<<[0m[32mseL4(CPU 0)[0m[1m [decodeCNodeInvocation/107 T0x80bf00c400 "rootserver" @2d72cc]: CNode Copy/Mint/Move/Mutate: Source slot invalid or empty.>>[0m
[0m[1m<<[0m[32mseL4(CPU 0)[0m[1m [decodeCNodeInvocation/95 T0x80bf00c400 "rootserver" @2d72cc]: CNode Copy/Mint/Move/Mutate: Destination not empty.>>[0m
[0m[1m<<[0m[32mseL4(CPU 0)[0m[1m [decodeCNodeInvocation/107 T0x80bf00c400 "rootserver" @2d72cc]: CNode Copy/Mint/Move/Mutate: Source slot invalid or empty.>>[0m
[0m[1m<<[0m[32mseL4(CPU 0)[0m[1m [decodeCNodeInvocation/107 T0x80bf00c400 "rootserver" @2d72cc]: CNode Copy/Mint/Move/Mutate: Source slot invalid or empty.>>[0m
[0m[1m<<[0m[32mseL4(CPU 0)[0m[1m [decodeCNodeInvocation/107 T0x80bf00c400 "rootserver" @2d72cc]: CNode Copy/Mint/Move/Mutate: Source slot invalid or empty.>>[0m
[0m[1m<<[0m[32mseL4(CPU 0)[0m[1m [decodeCNodeInvocation/107 T0x80bf00c400 "rootserver" @2d72cc]: CNode Copy/Mint/Move/Mutate: Source slot invalid or empty.>>[0m
[0m[1m<<[0m[32mseL4(CPU 0)[0m[1m [decodeCNodeInvocation/107 T0x80bf00c400 "rootserver" @2d72cc]: CNode Copy/Mint/Move/Mutate: Source slot invalid or empty.>>[0m
[0m[1m<<[0m[32mseL4(CPU 0)[0m[1m [decodeCNodeInvocation/107 T0x80bf00c400 "rootserver" @2d72cc]: CNode Copy/Mint/Move/Mutate: Source slot invalid or empty.>>[0m
[0m[1m<<[0m[32mseL4(CPU 0)[0m[1m [decodeCNodeInvocation/107 T0x80bf00c400 "rootserver" @2d72cc]: CNode Copy/Mint/Move/Mutate: Source slot invalid or empty.>>[0m
[0m[1m<<[0m[32mseL4(CPU 0)[0m[1m [decodeCNodeInvocation/107 T0x80bf00c400 "rootserver" @2d72cc]: CNode Copy/Mint/Move/Mutate: Source slot invalid or empty.>>[0m
[0m[1m<<[0m[32mseL4(CPU 0)[0m[1m [decodeCNodeInvocation/107 T0x80bf00c400 "rootserver" @2d72cc]: CNode Copy/Mint/Move/Mutate: Source slot invalid or empty.>>[0m
[0m[1m<<[0m[32mseL4(CPU 0)[0m[1m [decodeCNodeInvocation/107 T0x80bf00c400 "rootserver" @2d72cc]: CNode Copy/Mint/Move/Mutate: Source slot invalid or empty.>>[0m
[0m[1m<<[0m[32mseL4(CPU 0)[0m[1m [decodeCNodeInvocation/107 T0x80bf00c400 "rootserver" @2d72cc]: CNode Copy/Mint/Move/Mutate: Source slot invalid or empty.>>[0m
[0m[1m<<[0m[32mseL4(CPU 0)[0m[1m [decodeCNodeInvocation/107 T0x80bf00c400 "rootserver" @2d72cc]: CNode Copy/Mint/Move/Mutate: Source slot invalid or empty.>>[0m
[0m[1m<<[0m[32mseL4(CPU 0)[0m[1m [decodeCNodeInvocation/107 T0x80bf00c400 "rootserver" @2d72cc]: CNode Copy/Mint/Move/Mutate: Source slot invalid or empty.>>[0m
[0m[1m<<[0m[32mseL4(CPU 0)[0m[1m [decodeCNodeInvocation/107 T0x80bf00c400 "rootserver" @2d72cc]: CNode Copy/Mint/Move/Mutate: Source slot invalid or empty.>>[0m
[0m[1m<<[0m[32mseL4(CPU 0)[0m[1m [decodeCNodeInvocation/107 T0x80bf00c400 "rootserver" @2d72cc]: CNode Copy/Mint/Move/Mutate: Source slot invalid or empty.>>[0m
[0m[1m<<[0m[32mseL4(CPU 0)[0m[1m [decodeCNodeInvocation/107 T0x80bf00c400 "rootserver" @2d72cc]: CNode Copy/Mint/Move/Mutate: Source slot invalid or empty.>>[0m
[0m[1m<<[0m[32mseL4(CPU 0)[0m[1m [decodeCNodeInvocation/107 T0x80bf00c400 "rootserver" @2d72cc]: CNode Copy/Mint/Move/Mutate: Source slot invalid or empty.>>[0m
[0m[1m<<[0m[32mseL4(CPU 0)[0m[1m [decodeCNodeInvocation/107 T0x80bf00c400 "rootserver" @2d72cc]: CNode Copy/Mint/Move/Mutate: Source slot invalid or empty.>>[0m
[0m[1m<<[0m[32mseL4(CPU 0)[0m[1m [decodeCNodeInvocation/107 T0x80bf00c400 "rootserver" @2d72cc]: CNode Copy/Mint/Move/Mutate: Source slot invalid or empty.>>[0m
[0m[1m<<[0m[32mseL4(CPU 0)[0m[1m [decodeCNodeInvocation/107 T0x80bf00c400 "rootserver" @2d72cc]: CNode Copy/Mint/Move/Mutate: Source slot invalid or empty.>>[0m
[0m[1m<<[0m[32mseL4(CPU 0)[0m[1m [decodeCNodeInvocation/107 T0x80bf00c400 "rootserver" @2d72cc]: CNode Copy/Mint/Move/Mutate: Source slot invalid or empty.>>[0m
[0m[1m<<[0m[32mseL4(CPU 0)[0m[1m [decodeCNodeInvocation/107 T0x80bf00c400 "rootserver" @2d72cc]: CNode Copy/Mint/Move/Mutate: Source slot invalid or empty.>>[0m
[0m[1m<<[0m[32mseL4(CPU 0)[0m[1m [decodeCNodeInvocation/107 T0x80bf00c400 "rootserver" @2d72cc]: CNode Copy/Mint/Move/Mutate: Source slot invalid or empty.>>[0m
[0m[1m<<[0m[32mseL4(CPU 0)[0m[1m [decodeCNodeInvocation/107 T0x80bf00c400 "rootserver" @2d72cc]: CNode Copy/Mint/Move/Mutate: Source slot invalid or empty.>>[0m
[0m[1m<<[0m[32mseL4(CPU 0)[0m[1m [decodeCNodeInvocation/107 T0x80bf00c400 "rootserver" @2d72cc]: CNode Copy/Mint/Move/Mutate: Source slot invalid or empty.>>[0m
[0m[1m<<[0m[32mseL4(CPU 0)[0m[1m [decodeCNodeInvocation/107 T0x80bf00c400 "rootserver" @2d72cc]: CNode Copy/Mint/Move/Mutate: Source slot invalid or empty.>>[0m
[0m[1m<<[0m[32mseL4(CPU 0)[0m[1m [decodeCNodeInvocation/107 T0x80bf00c400 "rootserver" @2d72cc]: CNode Copy/Mint/Move/Mutate: Source slot invalid or empty.>>[0m
[0m[1m<<[0m[32mseL4(CPU 0)[0m[1m [decodeCNodeInvocation/107 T0x80bf00c400 "rootserver" @2d72cc]: CNode Copy/Mint/Move/Mutate: Source slot invalid or empty.>>[0m
[0m[1m<<[0m[32mseL4(CPU 0)[0m[1m [decodeCNodeInvocation/107 T0x80bf00c400 "rootserver" @2d72cc]: CNode Copy/Mint/Move/Mutate: Source slot invalid or empty.>>[0m
[0m[1m<<[0m[32mseL4(CPU 0)[0m[1m [decodeCNodeInvocation/107 T0x80bf00c400 "rootserver" @2d72cc]: CNode Copy/Mint/Move/Mutate: Source slot invalid or empty.>>[0m
[0m[1m<<[0m[32mseL4(CPU 0)[0m[1m [decodeCNodeInvocation/107 T0x80bf00c400 "rootserver" @2d72cc]: CNode Copy/Mint/Move/Mutate: Source slot invalid or empty.>>[0m
[0m[1m<<[0m[32mseL4(CPU 0)[0m[1m [decodeCNodeInvocation/107 T0x80bf00c400 "rootserver" @2d72cc]: CNode Copy/Mint/Move/Mutate: Source slot invalid or empty.>>[0m
[0m[1m<<[0m[32mseL4(CPU 0)[0m[1m [decodeCNodeInvocation/107 T0x80bf00c400 "rootserver" @2d72cc]: CNode Copy/Mint/Move/Mutate: Source slot invalid or empty.>>[0m
[0m[1m<<[0m[32mseL4(CPU 0)[0m[1m [decodeCNodeInvocation/107 T0x80bf00c400 "rootserver" @2d72cc]: CNode Copy/Mint/Move/Mutate: Source slot invalid or empty.>>[0m
[0m[1m<<[0m[32mseL4(CPU 0)[0m[1m [decodeCNodeInvocation/107 T0x80bf00c400 "rootserver" @2d72cc]: CNode Copy/Mint/Move/Mutate: Source slot invalid or empty.>>[0m
[0m[1m<<[0m[32mseL4(CPU 0)[0m[1m [decodeCNodeInvocation/107 T0x80bf00c400 "rootserver" @2d72cc]: CNode Copy/Mint/Move/Mutate: Source slot invalid or empty.>>[0m
[0m[1m<<[0m[32mseL4(CPU 0)[0m[1m [decodeCNodeInvocation/107 T0x80bf00c400 "rootserver" @2d72cc]: CNode Copy/Mint/Move/Mutate: Source slot invalid or empty.>>[0m
[0m[1m<<[0m[32mseL4(CPU 0)[0m[1m [decodeCNodeInvocation/107 T0x80bf00c400 "rootserver" @2d72cc]: CNode Copy/Mint/Move/Mutate: Source slot invalid or empty.>>[0m
[0m[1m<<[0m[32mseL4(CPU 0)[0m[1m [decodeCNodeInvocation/107 T0x80bf00c400 "rootserver" @2d72cc]: CNode Copy/Mint/Move/Mutate: Source slot invalid or empty.>>[0m
[0m[1m<<[0m[32mseL4(CPU 0)[0m[1m [decodeCNodeInvocation/107 T0x80bf00c400 "rootserver" @2d72cc]: CNode Copy/Mint/Move/Mutate: Source slot invalid or empty.>>[0m
[0m[1m<<[0m[32mseL4(CPU 0)[0m[1m [decodeCNodeInvocation/107 T0x80bf00c400 "rootserver" @2d72cc]: CNode Copy/Mint/Move/Mutate: Source slot invalid or empty.>>[0m
[0m[1m<<[0m[32mseL4(CPU 0)[0m[1m [decodeCNodeInvocation/107 T0x80bf00c400 "rootserver" @2d72cc]: CNode Copy/Mint/Move/Mutate: Source slot invalid or empty.>>[0m
[0m[1m<<[0m[32mseL4(CPU 0)[0m[1m [decodeCNodeInvocation/107 T0x80bf00c400 "rootserver" @2d72cc]: CNode Copy/Mint/Move/Mutate: Source slot invalid or empty.>>[0m
[0m[1m<<[0m[32mseL4(CPU 0)[0m[1m [decodeCNodeInvocation/107 T0x80bf00c400 "rootserver" @2d72cc]: CNode Copy/Mint/Move/Mutate: Source slot invalid or empty.>>[0m
[0m[1m<<[0m[32mseL4(CPU 0)[0m[1m [decodeCNodeInvocation/107 T0x80bf00c400 "rootserver" @2d72cc]: CNode Copy/Mint/Move/Mutate: Source slot invalid or empty.>>[0m
[0m[1m<<[0m[32mseL4(CPU 0)[0m[1m [decodeCNodeInvocation/107 T0x80bf00c400 "rootserver" @2d72cc]: CNode Copy/Mint/Move/Mutate: Source slot invalid or empty.>>[0m
[0m[1m<<[0m[32mseL4(CPU 0)[0m[1m [decodeCNodeInvocation/107 T0x80bf00c400 "rootserver" @2d72cc]: CNode Copy/Mint/Move/Mutate: Source slot invalid or empty.>>[0m
[0m[1m<<[0m[32mseL4(CPU 0)[0m[1m [decodeCNodeInvocation/107 T0x80bf00c400 "rootserver" @2d72cc]: CNode Copy/Mint/Move/Mutate: Source slot invalid or empty.>>[0m
[0m[1m<<[0m[32mseL4(CPU 0)[0m[1m [decodeCNodeInvocation/107 T0x80bf00c400 "rootserver" @2d72cc]: CNode Copy/Mint/Move/Mutate: Source slot invalid or empty.>>[0m
[0m[1m<<[0m[32mseL4(CPU 0)[0m[1m [decodeCNodeInvocation/107 T0x80bf00c400 "rootserver" @2d72cc]: CNode Copy/Mint/Move/Mutate: Source slot invalid or empty.>>[0m
[0m[1m<<[0m[32mseL4(CPU 0)[0m[1m [decodeCNodeInvocation/107 T0x80bf00c400 "rootserver" @2d72cc]: CNode Copy/Mint/Move/Mutate: Source slot invalid or empty.>>[0m
[0m[1m<<[0m[32mseL4(CPU 0)[0m[1m [decodeCNodeInvocation/107 T0x80bf00c400 "rootserver" @2d72cc]: CNode Copy/Mint/Move/Mutate: Source slot invalid or empty.>>[0m
[0m[1m<<[0m[32mseL4(CPU 0)[0m[1m [decodeCNodeInvocation/107 T0x80bf00c400 "rootserver" @2d72cc]: CNode Copy/Mint/Move/Mutate: Source slot invalid or empty.>>[0m
[0m[1m<<[0m[32mseL4(CPU 0)[0m[1m [decodeCNodeInvocation/107 T0x80bf00c400 "rootserver" @2d72cc]: CNode Copy/Mint/Move/Mutate: Source slot invalid or empty.>>[0m
[0m[1m<<[0m[32mseL4(CPU 0)[0m[1m [decodeCNodeInvocation/107 T0x80bf00c400 "rootserver" @2d72cc]: CNode Copy/Mint/Move/Mutate: Source slot invalid or empty.>>[0m
[0m[1m<<[0m[32mseL4(CPU 0)[0m[1m [decodeCNodeInvocation/107 T0x80bf00c400 "rootserver" @2d72cc]: CNode Copy/Mint/Move/Mutate: Source slot invalid or empty.>>[0m
[0m[1m<<[0m[32mseL4(CPU 0)[0m[1m [decodeCNodeInvocation/107 T0x80bf00c400 "rootserver" @2d72cc]: CNode Copy/Mint/Move/Mutate: Source slot invalid or empty.>>[0m
[0m[1m<<[0m[32mseL4(CPU 0)[0m[1m [decodeCNodeInvocation/107 T0x80bf00c400 "rootserver" @2d72cc]: CNode Copy/Mint/Move/Mutate: Source slot invalid or empty.>>[0m
[0m[1m<<[0m[32mseL4(CPU 0)[0m[1m [decodeCNodeInvocation/107 T0x80bf00c400 "rootserver" @2d72cc]: CNode Copy/Mint/Move/Mutate: Source slot invalid or empty.>>[0m
[0m[1m<<[0m[32mseL4(CPU 0)[0m[1m [decodeCNodeInvocation/107 T0x80bf00c400 "rootserver" @2d72cc]: CNode Copy/Mint/Move/Mutate: Source slot invalid or empty.>>[0m
[0m[1m<<[0m[32mseL4(CPU 0)[0m[1m [decodeCNodeInvocation/107 T0x80bf00c400 "rootserver" @2d72cc]: CNode Copy/Mint/Move/Mutate: Source slot invalid or empty.>>[0m
[0m[1m<<[0m[32mseL4(CPU 0)[0m[1m [decodeCNodeInvocation/107 T0x80bf00c400 "rootserver" @2d72cc]: CNode Copy/Mint/Move/Mutate: Source slot invalid or empty.>>[0m
[0m[1m<<[0m[32mseL4(CPU 0)[0m[1m [decodeCNodeInvocation/107 T0x80bf00c400 "rootserver" @2d72cc]: CNode Copy/Mint/Move/Mutate: Source slot invalid or empty.>>[0m
[0m[1m<<[0m[32mseL4(CPU 0)[0m[1m [decodeCNodeInvocation/107 T0x80bf00c400 "rootserver" @2d72cc]: CNode Copy/Mint/Move/Mutate: Source slot invalid or empty.>>[0m
[0m[1m<<[0m[32mseL4(CPU 0)[0m[1m [decodeCNodeInvocation/107 T0x80bf00c400 "rootserver" @2d72cc]: CNode Copy/Mint/Move/Mutate: Source slot invalid or empty.>>[0m
[0m[1m<<[0m[32mseL4(CPU 0)[0m[1m [decodeCNodeInvocation/107 T0x80bf00c400 "rootserver" @2d72cc]: CNode Copy/Mint/Move/Mutate: Source slot invalid or empty.>>[0m
[0m[1m<<[0m[32mseL4(CPU 0)[0m[1m [decodeCNodeInvocation/107 T0x80bf00c400 "rootserver" @2d72cc]: CNode Copy/Mint/Move/Mutate: Source slot invalid or empty.>>[0m
[0m[1m<<[0m[32mseL4(CPU 0)[0m[1m [decodeCNodeInvocation/107 T0x80bf00c400 "rootserver" @2d72cc]: CNode Copy/Mint/Move/Mutate: Source slot invalid or empty.>>[0m
[0m[1m<<[0m[32mseL4(CPU 0)[0m[1m [decodeCNodeInvocation/107 T0x80bf00c400 "rootserver" @2d72cc]: CNode Copy/Mint/Move/Mutate: Source slot invalid or empty.>>[0m
[0m[1m<<[0m[32mseL4(CPU 0)[0m[1m [decodeCNodeInvocation/107 T0x80bf00c400 "rootserver" @2d72cc]: CNode Copy/Mint/Move/Mutate: Source slot invalid or empty.>>[0m
[0m[1m<<[0m[32mseL4(CPU 0)[0m[1m [decodeCNodeInvocation/107 T0x80bf00c400 "rootserver" @2d72cc]: CNode Copy/Mint/Move/Mutate: Source slot invalid or empty.>>[0m
[0m[1m<<[0m[32mseL4(CPU 0)[0m[1m [decodeCNodeInvocation/107 T0x80bf00c400 "rootserver" @2d72cc]: CNode Copy/Mint/Move/Mutate: Source slot invalid or empty.>>[0m
[0m[1m<<[0m[32mseL4(CPU 0)[0m[1m [decodeCNodeInvocation/107 T0x80bf00c400 "rootserver" @2d72cc]: CNode Copy/Mint/Move/Mutate: Source slot invalid or empty.>>[0m
[0m[1m<<[0m[32mseL4(CPU 0)[0m[1m [decodeCNodeInvocation/107 T0x80bf00c400 "rootserver" @2d72cc]: CNode Copy/Mint/Move/Mutate: Source slot invalid or empty.>>[0m
[0m[1m<<[0m[32mseL4(CPU 0)[0m[1m [decodeCNodeInvocation/107 T0x80bf00c400 "rootserver" @2d72cc]: CNode Copy/Mint/Move/Mutate: Source slot invalid or empty.>>[0m
[0m[1m<<[0m[32mseL4(CPU 0)[0m[1m [decodeCNodeInvocation/107 T0x80bf00c400 "rootserver" @2d72cc]: CNode Copy/Mint/Move/Mutate: Source slot invalid or empty.>>[0m
[0m[1m<<[0m[32mseL4(CPU 0)[0m[1m [decodeCNodeInvocation/107 T0x80bf00c400 "rootserver" @2d72cc]: CNode Copy/Mint/Move/Mutate: Source slot invalid or empty.>>[0m
[0m[1m<<[0m[32mseL4(CPU 0)[0m[1m [decodeCNodeInvocation/107 T0x80bf00c400 "rootserver" @2d72cc]: CNode Copy/Mint/Move/Mutate: Source slot invalid or empty.>>[0m
[0m[1m<<[0m[32mseL4(CPU 0)[0m[1m [decodeCNodeInvocation/107 T0x80bf00c400 "rootserver" @2d72cc]: CNode Copy/Mint/Move/Mutate: Source slot invalid or empty.>>[0m
[0m[1m<<[0m[32mseL4(CPU 0)[0m[1m [decodeCNodeInvocation/107 T0x80bf00c400 "rootserver" @2d72cc]: CNode Copy/Mint/Move/Mutate: Source slot invalid or empty.>>[0m
[0m[1m<<[0m[32mseL4(CPU 0)[0m[1m [decodeCNodeInvocation/107 T0x80bf00c400 "rootserver" @2d72cc]: CNode Copy/Mint/Move/Mutate: Source slot invalid or empty.>>[0m
[0m[1m<<[0m[32mseL4(CPU 0)[0m[1m [decodeCNodeInvocation/107 T0x80bf00c400 "rootserver" @2d72cc]: CNode Copy/Mint/Move/Mutate: Source slot invalid or empty.>>[0m
[0m[1m<<[0m[32mseL4(CPU 0)[0m[1m [decodeCNodeInvocation/107 T0x80bf00c400 "rootserver" @2d72cc]: CNode Copy/Mint/Move/Mutate: Source slot invalid or empty.>>[0m
[0m[1m<<[0m[32mseL4(CPU 0)[0m[1m [decodeCNodeInvocation/107 T0x80bf00c400 "rootserver" @2d72cc]: CNode Copy/Mint/Move/Mutate: Source slot invalid or empty.>>[0m
[0m[1m<<[0m[32mseL4(CPU 0)[0m[1m [decodeCNodeInvocation/107 T0x80bf00c400 "rootserver" @2d72cc]: CNode Copy/Mint/Move/Mutate: Source slot invalid or empty.>>[0m
[0m[1m<<[0m[32mseL4(CPU 0)[0m[1m [decodeCNodeInvocation/107 T0x80bf00c400 "rootserver" @2d72cc]: CNode Copy/Mint/Move/Mutate: Source slot invalid or empty.>>[0m
[0m[1m<<[0m[32mseL4(CPU 0)[0m[1m [decodeCNodeInvocation/107 T0x80bf00c400 "rootserver" @2d72cc]: CNode Copy/Mint/Move/Mutate: Source slot invalid or empty.>>[0m
[0m[1m<<[0m[32mseL4(CPU 0)[0m[1m [decodeCNodeInvocation/107 T0x80bf00c400 "rootserver" @2d72cc]: CNode Copy/Mint/Move/Mutate: Source slot invalid or empty.>>[0m
[0m[1m<<[0m[32mseL4(CPU 0)[0m[1m [decodeCNodeInvocation/107 T0x80bf00c400 "rootserver" @2d72cc]: CNode Copy/Mint/Move/Mutate: Source slot invalid or empty.>>[0m
[0m[1m<<[0m[32mseL4(CPU 0)[0m[1m [decodeCNodeInvocation/107 T0x80bf00c400 "rootserver" @2d72cc]: CNode Copy/Mint/Move/Mutate: Source slot invalid or empty.>>[0m
[0m[1m<<[0m[32mseL4(CPU 0)[0m[1m [decodeCNodeInvocation/107 T0x80bf00c400 "rootserver" @2d72cc]: CNode Copy/Mint/Move/Mutate: Source slot invalid or empty.>>[0m
[0m[1m<<[0m[32mseL4(CPU 0)[0m[1m [decodeCNodeInvocation/107 T0x80bf00c400 "rootserver" @2d72cc]: CNode Copy/Mint/Move/Mutate: Source slot invalid or empty.>>[0m
[0m[1m<<[0m[32mseL4(CPU 0)[0m[1m [decodeCNodeInvocation/107 T0x80bf00c400 "rootserver" @2d72cc]: CNode Copy/Mint/Move/Mutate: Source slot invalid or empty.>>[0m
[0m[1m<<[0m[32mseL4(CPU 0)[0m[1m [decodeCNodeInvocation/107 T0x80bf00c400 "rootserver" @2d72cc]: CNode Copy/Mint/Move/Mutate: Source slot invalid or empty.>>[0m
[0m[1m<<[0m[32mseL4(CPU 0)[0m[1m [decodeCNodeInvocation/107 T0x80bf00c400 "rootserver" @2d72cc]: CNode Copy/Mint/Move/Mutate: Source slot invalid or empty.>>[0m
SLIME_GRAPH staged task=4 instance=private-memory-denied executable=private-memory-probe grants=1 bindings=1 window=0x249000 frames=76 tables=3 entry=0x212838
SLIME_GRAPH schedule instance=private-memory-granted priority=149 default=254
SLIME_GRAPH threads instance=private-memory-granted count=2
SLIME_GRAPH schedule instance=private-memory-granted thread=1 priority=150
[0m[1m<<[0m[32mseL4(CPU 0)[0m[1m [decodeCNodeInvocation/107 T0x80bf00c400 "rootserver" @2d72cc]: CNode Copy/Mint/Move/Mutate: Source slot invalid or empty.>>[0m
[0m[1m<<[0m[32mseL4(CPU 0)[0m[1m [decodeCNodeInvocation/95 T0x80bf00c400 "rootserver" @2d72cc]: CNode Copy/Mint/Move/Mutate: Destination not empty.>>[0m
[0m[1m<<[0m[32mseL4(CPU 0)[0m[1m [decodeCNodeInvocation/95 T0x80bf00c400 "rootserver" @2d72cc]: CNode Copy/Mint/Move/Mutate: Destination not empty.>>[0m
[0m[1m<<[0m[32mseL4(CPU 0)[0m[1m [decodeCNodeInvocation/95 T0x80bf00c400 "rootserver" @2d72cc]: CNode Copy/Mint/Move/Mutate: Destination not empty.>>[0m
[0m[1m<<[0m[32mseL4(CPU 0)[0m[1m [decodeCNodeInvocation/95 T0x80bf00c400 "rootserver" @2d72cc]: CNode Copy/Mint/Move/Mutate: Destination not empty.>>[0m
[0m[1m<<[0m[32mseL4(CPU 0)[0m[1m [decodeCNodeInvocation/107 T0x80bf00c400 "rootserver" @2d72cc]: CNode Copy/Mint/Move/Mutate: Source slot invalid or empty.>>[0m
[0m[1m<<[0m[32mseL4(CPU 0)[0m[1m [decodeCNodeInvocation/107 T0x80bf00c400 "rootserver" @2d72cc]: CNode Copy/Mint/Move/Mutate: Source slot invalid or empty.>>[0m
[0m[1m<<[0m[32mseL4(CPU 0)[0m[1m [decodeCNodeInvocation/107 T0x80bf00c400 "rootserver" @2d72cc]: CNode Copy/Mint/Move/Mutate: Source slot invalid or empty.>>[0m
[0m[1m<<[0m[32mseL4(CPU 0)[0m[1m [decodeCNodeInvocation/107 T0x80bf00c400 "rootserver" @2d72cc]: CNode Copy/Mint/Move/Mutate: Source slot invalid or empty.>>[0m
[0m[1m<<[0m[32mseL4(CPU 0)[0m[1m [decodeCNodeInvocation/107 T0x80bf00c400 "rootserver" @2d72cc]: CNode Copy/Mint/Move/Mutate: Source slot invalid or empty.>>[0m
[0m[1m<<[0m[32mseL4(CPU 0)[0m[1m [decodeCNodeInvocation/107 T0x80bf00c400 "rootserver" @2d72cc]: CNode Copy/Mint/Move/Mutate: Source slot invalid or empty.>>[0m
[0m[1m<<[0m[32mseL4(CPU 0)[0m[1m [decodeCNodeInvocation/107 T0x80bf00c400 "rootserver" @2d72cc]: CNode Copy/Mint/Move/Mutate: Source slot invalid or empty.>>[0m
[0m[1m<<[0m[32mseL4(CPU 0)[0m[1m [decodeCNodeInvocation/107 T0x80bf00c400 "rootserver" @2d72cc]: CNode Copy/Mint/Move/Mutate: Source slot invalid or empty.>>[0m
[0m[1m<<[0m[32mseL4(CPU 0)[0m[1m [decodeCNodeInvocation/107 T0x80bf00c400 "rootserver" @2d72cc]: CNode Copy/Mint/Move/Mutate: Source slot invalid or empty.>>[0m
[0m[1m<<[0m[32mseL4(CPU 0)[0m[1m [decodeCNodeInvocation/107 T0x80bf00c400 "rootserver" @2d72cc]: CNode Copy/Mint/Move/Mutate: Source slot invalid or empty.>>[0m
[0m[1m<<[0m[32mseL4(CPU 0)[0m[1m [decodeCNodeInvocation/107 T0x80bf00c400 "rootserver" @2d72cc]: CNode Copy/Mint/Move/Mutate: Source slot invalid or empty.>>[0m
[0m[1m<<[0m[32mseL4(CPU 0)[0m[1m [decodeCNodeInvocation/107 T0x80bf00c400 "rootserver" @2d72cc]: CNode Copy/Mint/Move/Mutate: Source slot invalid or empty.>>[0m
[0m[1m<<[0m[32mseL4(CPU 0)[0m[1m [decodeCNodeInvocation/107 T0x80bf00c400 "rootserver" @2d72cc]: CNode Copy/Mint/Move/Mutate: Source slot invalid or empty.>>[0m
[0m[1m<<[0m[32mseL4(CPU 0)[0m[1m [decodeCNodeInvocation/107 T0x80bf00c400 "rootserver" @2d72cc]: CNode Copy/Mint/Move/Mutate: Source slot invalid or empty.>>[0m
[0m[1m<<[0m[32mseL4(CPU 0)[0m[1m [decodeCNodeInvocation/107 T0x80bf00c400 "rootserver" @2d72cc]: CNode Copy/Mint/Move/Mutate: Source slot invalid or empty.>>[0m
[0m[1m<<[0m[32mseL4(CPU 0)[0m[1m [decodeCNodeInvocation/107 T0x80bf00c400 "rootserver" @2d72cc]: CNode Copy/Mint/Move/Mutate: Source slot invalid or empty.>>[0m
[0m[1m<<[0m[32mseL4(CPU 0)[0m[1m [decodeCNodeInvocation/107 T0x80bf00c400 "rootserver" @2d72cc]: CNode Copy/Mint/Move/Mutate: Source slot invalid or empty.>>[0m
[0m[1m<<[0m[32mseL4(CPU 0)[0m[1m [decodeCNodeInvocation/107 T0x80bf00c400 "rootserver" @2d72cc]: CNode Copy/Mint/Move/Mutate: Source slot invalid or empty.>>[0m
[0m[1m<<[0m[32mseL4(CPU 0)[0m[1m [decodeCNodeInvocation/107 T0x80bf00c400 "rootserver" @2d72cc]: CNode Copy/Mint/Move/Mutate: Source slot invalid or empty.>>[0m
[0m[1m<<[0m[32mseL4(CPU 0)[0m[1m [decodeCNodeInvocation/107 T0x80bf00c400 "rootserver" @2d72cc]: CNode Copy/Mint/Move/Mutate: Source slot invalid or empty.>>[0m
[0m[1m<<[0m[32mseL4(CPU 0)[0m[1m [decodeCNodeInvocation/107 T0x80bf00c400 "rootserver" @2d72cc]: CNode Copy/Mint/Move/Mutate: Source slot invalid or empty.>>[0m
[0m[1m<<[0m[32mseL4(CPU 0)[0m[1m [decodeCNodeInvocation/107 T0x80bf00c400 "rootserver" @2d72cc]: CNode Copy/Mint/Move/Mutate: Source slot invalid or empty.>>[0m
[0m[1m<<[0m[32mseL4(CPU 0)[0m[1m [decodeCNodeInvocation/107 T0x80bf00c400 "rootserver" @2d72cc]: CNode Copy/Mint/Move/Mutate: Source slot invalid or empty.>>[0m
[0m[1m<<[0m[32mseL4(CPU 0)[0m[1m [decodeCNodeInvocation/107 T0x80bf00c400 "rootserver" @2d72cc]: CNode Copy/Mint/Move/Mutate: Source slot invalid or empty.>>[0m
[0m[1m<<[0m[32mseL4(CPU 0)[0m[1m [decodeCNodeInvocation/107 T0x80bf00c400 "rootserver" @2d72cc]: CNode Copy/Mint/Move/Mutate: Source slot invalid or empty.>>[0m
[0m[1m<<[0m[32mseL4(CPU 0)[0m[1m [decodeCNodeInvocation/107 T0x80bf00c400 "rootserver" @2d72cc]: CNode Copy/Mint/Move/Mutate: Source slot invalid or empty.>>[0m
[0m[1m<<[0m[32mseL4(CPU 0)[0m[1m [decodeCNodeInvocation/107 T0x80bf00c400 "rootserver" @2d72cc]: CNode Copy/Mint/Move/Mutate: Source slot invalid or empty.>>[0m
[0m[1m<<[0m[32mseL4(CPU 0)[0m[1m [decodeCNodeInvocation/95 T0x80bf00c400 "rootserver" @2d72cc]: CNode Copy/Mint/Move/Mutate: Destination not empty.>>[0m
[0m[1m<<[0m[32mseL4(CPU 0)[0m[1m [decodeCNodeInvocation/107 T0x80bf00c400 "rootserver" @2d72cc]: CNode Copy/Mint/Move/Mutate: Source slot invalid or empty.>>[0m
[0m[1m<<[0m[32mseL4(CPU 0)[0m[1m [decodeCNodeInvocation/107 T0x80bf00c400 "rootserver" @2d72cc]: CNode Copy/Mint/Move/Mutate: Source slot invalid or empty.>>[0m
[0m[1m<<[0m[32mseL4(CPU 0)[0m[1m [decodeCNodeInvocation/107 T0x80bf00c400 "rootserver" @2d72cc]: CNode Copy/Mint/Move/Mutate: Source slot invalid or empty.>>[0m
[0m[1m<<[0m[32mseL4(CPU 0)[0m[1m [decodeCNodeInvocation/107 T0x80bf00c400 "rootserver" @2d72cc]: CNode Copy/Mint/Move/Mutate: Source slot invalid or empty.>>[0m
[0m[1m<<[0m[32mseL4(CPU 0)[0m[1m [decodeCNodeInvocation/107 T0x80bf00c400 "rootserver" @2d72cc]: CNode Copy/Mint/Move/Mutate: Source slot invalid or empty.>>[0m
[0m[1m<<[0m[32mseL4(CPU 0)[0m[1m [decodeCNodeInvocation/107 T0x80bf00c400 "rootserver" @2d72cc]: CNode Copy/Mint/Move/Mutate: Source slot invalid or empty.>>[0m
[0m[1m<<[0m[32mseL4(CPU 0)[0m[1m [decodeCNodeInvocation/107 T0x80bf00c400 "rootserver" @2d72cc]: CNode Copy/Mint/Move/Mutate: Source slot invalid or empty.>>[0m
[0m[1m<<[0m[32mseL4(CPU 0)[0m[1m [decodeCNodeInvocation/107 T0x80bf00c400 "rootserver" @2d72cc]: CNode Copy/Mint/Move/Mutate: Source slot invalid or empty.>>[0m
[0m[1m<<[0m[32mseL4(CPU 0)[0m[1m [decodeCNodeInvocation/107 T0x80bf00c400 "rootserver" @2d72cc]: CNode Copy/Mint/Move/Mutate: Source slot invalid or empty.>>[0m
[0m[1m<<[0m[32mseL4(CPU 0)[0m[1m [decodeCNodeInvocation/107 T0x80bf00c400 "rootserver" @2d72cc]: CNode Copy/Mint/Move/Mutate: Source slot invalid or empty.>>[0m
[0m[1m<<[0m[32mseL4(CPU 0)[0m[1m [decodeCNodeInvocation/107 T0x80bf00c400 "rootserver" @2d72cc]: CNode Copy/Mint/Move/Mutate: Source slot invalid or empty.>>[0m
[0m[1m<<[0m[32mseL4(CPU 0)[0m[1m [decodeCNodeInvocation/107 T0x80bf00c400 "rootserver" @2d72cc]: CNode Copy/Mint/Move/Mutate: Source slot invalid or empty.>>[0m
[0m[1m<<[0m[32mseL4(CPU 0)[0m[1m [decodeCNodeInvocation/107 T0x80bf00c400 "rootserver" @2d72cc]: CNode Copy/Mint/Move/Mutate: Source slot invalid or empty.>>[0m
[0m[1m<<[0m[32mseL4(CPU 0)[0m[1m [decodeCNodeInvocation/107 T0x80bf00c400 "rootserver" @2d72cc]: CNode Copy/Mint/Move/Mutate: Source slot invalid or empty.>>[0m
[0m[1m<<[0m[32mseL4(CPU 0)[0m[1m [decodeCNodeInvocation/107 T0x80bf00c400 "rootserver" @2d72cc]: CNode Copy/Mint/Move/Mutate: Source slot invalid or empty.>>[0m
[0m[1m<<[0m[32mseL4(CPU 0)[0m[1m [decodeCNodeInvocation/107 T0x80bf00c400 "rootserver" @2d72cc]: CNode Copy/Mint/Move/Mutate: Source slot invalid or empty.>>[0m
[0m[1m<<[0m[32mseL4(CPU 0)[0m[1m [decodeCNodeInvocation/107 T0x80bf00c400 "rootserver" @2d72cc]: CNode Copy/Mint/Move/Mutate: Source slot invalid or empty.>>[0m
[0m[1m<<[0m[32mseL4(CPU 0)[0m[1m [decodeCNodeInvocation/107 T0x80bf00c400 "rootserver" @2d72cc]: CNode Copy/Mint/Move/Mutate: Source slot invalid or empty.>>[0m
[0m[1m<<[0m[32mseL4(CPU 0)[0m[1m [decodeCNodeInvocation/107 T0x80bf00c400 "rootserver" @2d72cc]: CNode Copy/Mint/Move/Mutate: Source slot invalid or empty.>>[0m
[0m[1m<<[0m[32mseL4(CPU 0)[0m[1m [decodeCNodeInvocation/107 T0x80bf00c400 "rootserver" @2d72cc]: CNode Copy/Mint/Move/Mutate: Source slot invalid or empty.>>[0m
[0m[1m<<[0m[32mseL4(CPU 0)[0m[1m [decodeCNodeInvocation/107 T0x80bf00c400 "rootserver" @2d72cc]: CNode Copy/Mint/Move/Mutate: Source slot invalid or empty.>>[0m
[0m[1m<<[0m[32mseL4(CPU 0)[0m[1m [decodeCNodeInvocation/107 T0x80bf00c400 "rootserver" @2d72cc]: CNode Copy/Mint/Move/Mutate: Source slot invalid or empty.>>[0m
[0m[1m<<[0m[32mseL4(CPU 0)[0m[1m [decodeCNodeInvocation/107 T0x80bf00c400 "rootserver" @2d72cc]: CNode Copy/Mint/Move/Mutate: Source slot invalid or empty.>>[0m
[0m[1m<<[0m[32mseL4(CPU 0)[0m[1m [decodeCNodeInvocation/107 T0x80bf00c400 "rootserver" @2d72cc]: CNode Copy/Mint/Move/Mutate: Source slot invalid or empty.>>[0m
[0m[1m<<[0m[32mseL4(CPU 0)[0m[1m [decodeCNodeInvocation/107 T0x80bf00c400 "rootserver" @2d72cc]: CNode Copy/Mint/Move/Mutate: Source slot invalid or empty.>>[0m
[0m[1m<<[0m[32mseL4(CPU 0)[0m[1m [decodeCNodeInvocation/107 T0x80bf00c400 "rootserver" @2d72cc]: CNode Copy/Mint/Move/Mutate: Source slot invalid or empty.>>[0m
[0m[1m<<[0m[32mseL4(CPU 0)[0m[1m [decodeCNodeInvocation/107 T0x80bf00c400 "rootserver" @2d72cc]: CNode Copy/Mint/Move/Mutate: Source slot invalid or empty.>>[0m
[0m[1m<<[0m[32mseL4(CPU 0)[0m[1m [decodeCNodeInvocation/107 T0x80bf00c400 "rootserver" @2d72cc]: CNode Copy/Mint/Move/Mutate: Source slot invalid or empty.>>[0m
[0m[1m<<[0m[32mseL4(CPU 0)[0m[1m [decodeCNodeInvocation/107 T0x80bf00c400 "rootserver" @2d72cc]: CNode Copy/Mint/Move/Mutate: Source slot invalid or empty.>>[0m
[0m[1m<<[0m[32mseL4(CPU 0)[0m[1m [decodeCNodeInvocation/107 T0x80bf00c400 "rootserver" @2d72cc]: CNode Copy/Mint/Move/Mutate: Source slot invalid or empty.>>[0m
[0m[1m<<[0m[32mseL4(CPU 0)[0m[1m [decodeCNodeInvocation/107 T0x80bf00c400 "rootserver" @2d72cc]: CNode Copy/Mint/Move/Mutate: Source slot invalid or empty.>>[0m
[0m[1m<<[0m[32mseL4(CPU 0)[0m[1m [decodeCNodeInvocation/107 T0x80bf00c400 "rootserver" @2d72cc]: CNode Copy/Mint/Move/Mutate: Source slot invalid or empty.>>[0m
[0m[1m<<[0m[32mseL4(CPU 0)[0m[1m [decodeCNodeInvocation/107 T0x80bf00c400 "rootserver" @2d72cc]: CNode Copy/Mint/Move/Mutate: Source slot invalid or empty.>>[0m
[0m[1m<<[0m[32mseL4(CPU 0)[0m[1m [decodeCNodeInvocation/107 T0x80bf00c400 "rootserver" @2d72cc]: CNode Copy/Mint/Move/Mutate: Source slot invalid or empty.>>[0m
[0m[1m<<[0m[32mseL4(CPU 0)[0m[1m [decodeCNodeInvocation/107 T0x80bf00c400 "rootserver" @2d72cc]: CNode Copy/Mint/Move/Mutate: Source slot invalid or empty.>>[0m
[0m[1m<<[0m[32mseL4(CPU 0)[0m[1m [decodeCNodeInvocation/107 T0x80bf00c400 "rootserver" @2d72cc]: CNode Copy/Mint/Move/Mutate: Source slot invalid or empty.>>[0m
[0m[1m<<[0m[32mseL4(CPU 0)[0m[1m [decodeCNodeInvocation/107 T0x80bf00c400 "rootserver" @2d72cc]: CNode Copy/Mint/Move/Mutate: Source slot invalid or empty.>>[0m
[0m[1m<<[0m[32mseL4(CPU 0)[0m[1m [decodeCNodeInvocation/107 T0x80bf00c400 "rootserver" @2d72cc]: CNode Copy/Mint/Move/Mutate: Source slot invalid or empty.>>[0m
[0m[1m<<[0m[32mseL4(CPU 0)[0m[1m [decodeCNodeInvocation/107 T0x80bf00c400 "rootserver" @2d72cc]: CNode Copy/Mint/Move/Mutate: Source slot invalid or empty.>>[0m
[0m[1m<<[0m[32mseL4(CPU 0)[0m[1m [decodeCNodeInvocation/107 T0x80bf00c400 "rootserver" @2d72cc]: CNode Copy/Mint/Move/Mutate: Source slot invalid or empty.>>[0m
[0m[1m<<[0m[32mseL4(CPU 0)[0m[1m [decodeCNodeInvocation/107 T0x80bf00c400 "rootserver" @2d72cc]: CNode Copy/Mint/Move/Mutate: Source slot invalid or empty.>>[0m
[0m[1m<<[0m[32mseL4(CPU 0)[0m[1m [decodeCNodeInvocation/107 T0x80bf00c400 "rootserver" @2d72cc]: CNode Copy/Mint/Move/Mutate: Source slot invalid or empty.>>[0m
[0m[1m<<[0m[32mseL4(CPU 0)[0m[1m [decodeCNodeInvocation/107 T0x80bf00c400 "rootserver" @2d72cc]: CNode Copy/Mint/Move/Mutate: Source slot invalid or empty.>>[0m
[0m[1m<<[0m[32mseL4(CPU 0)[0m[1m [decodeCNodeInvocation/107 T0x80bf00c400 "rootserver" @2d72cc]: CNode Copy/Mint/Move/Mutate: Source slot invalid or empty.>>[0m
[0m[1m<<[0m[32mseL4(CPU 0)[0m[1m [decodeCNodeInvocation/107 T0x80bf00c400 "rootserver" @2d72cc]: CNode Copy/Mint/Move/Mutate: Source slot invalid or empty.>>[0m
[0m[1m<<[0m[32mseL4(CPU 0)[0m[1m [decodeCNodeInvocation/107 T0x80bf00c400 "rootserver" @2d72cc]: CNode Copy/Mint/Move/Mutate: Source slot invalid or empty.>>[0m
[0m[1m<<[0m[32mseL4(CPU 0)[0m[1m [decodeCNodeInvocation/107 T0x80bf00c400 "rootserver" @2d72cc]: CNode Copy/Mint/Move/Mutate: Source slot invalid or empty.>>[0m
[0m[1m<<[0m[32mseL4(CPU 0)[0m[1m [decodeCNodeInvocation/107 T0x80bf00c400 "rootserver" @2d72cc]: CNode Copy/Mint/Move/Mutate: Source slot invalid or empty.>>[0m
[0m[1m<<[0m[32mseL4(CPU 0)[0m[1m [decodeCNodeInvocation/107 T0x80bf00c400 "rootserver" @2d72cc]: CNode Copy/Mint/Move/Mutate: Source slot invalid or empty.>>[0m
[0m[1m<<[0m[32mseL4(CPU 0)[0m[1m [decodeCNodeInvocation/107 T0x80bf00c400 "rootserver" @2d72cc]: CNode Copy/Mint/Move/Mutate: Source slot invalid or empty.>>[0m
[0m[1m<<[0m[32mseL4(CPU 0)[0m[1m [decodeCNodeInvocation/107 T0x80bf00c400 "rootserver" @2d72cc]: CNode Copy/Mint/Move/Mutate: Source slot invalid or empty.>>[0m
[0m[1m<<[0m[32mseL4(CPU 0)[0m[1m [decodeCNodeInvocation/107 T0x80bf00c400 "rootserver" @2d72cc]: CNode Copy/Mint/Move/Mutate: Source slot invalid or empty.>>[0m
[0m[1m<<[0m[32mseL4(CPU 0)[0m[1m [decodeCNodeInvocation/107 T0x80bf00c400 "rootserver" @2d72cc]: CNode Copy/Mint/Move/Mutate: Source slot invalid or empty.>>[0m
[0m[1m<<[0m[32mseL4(CPU 0)[0m[1m [decodeCNodeInvocation/107 T0x80bf00c400 "rootserver" @2d72cc]: CNode Copy/Mint/Move/Mutate: Source slot invalid or empty.>>[0m
[0m[1m<<[0m[32mseL4(CPU 0)[0m[1m [decodeCNodeInvocation/107 T0x80bf00c400 "rootserver" @2d72cc]: CNode Copy/Mint/Move/Mutate: Source slot invalid or empty.>>[0m
[0m[1m<<[0m[32mseL4(CPU 0)[0m[1m [decodeCNodeInvocation/107 T0x80bf00c400 "rootserver" @2d72cc]: CNode Copy/Mint/Move/Mutate: Source slot invalid or empty.>>[0m
[0m[1m<<[0m[32mseL4(CPU 0)[0m[1m [decodeCNodeInvocation/107 T0x80bf00c400 "rootserver" @2d72cc]: CNode Copy/Mint/Move/Mutate: Source slot invalid or empty.>>[0m
[0m[1m<<[0m[32mseL4(CPU 0)[0m[1m [decodeCNodeInvocation/107 T0x80bf00c400 "rootserver" @2d72cc]: CNode Copy/Mint/Move/Mutate: Source slot invalid or empty.>>[0m
[0m[1m<<[0m[32mseL4(CPU 0)[0m[1m [decodeCNodeInvocation/107 T0x80bf00c400 "rootserver" @2d72cc]: CNode Copy/Mint/Move/Mutate: Source slot invalid or empty.>>[0m
[0m[1m<<[0m[32mseL4(CPU 0)[0m[1m [decodeCNodeInvocation/107 T0x80bf00c400 "rootserver" @2d72cc]: CNode Copy/Mint/Move/Mutate: Source slot invalid or empty.>>[0m
[0m[1m<<[0m[32mseL4(CPU 0)[0m[1m [decodeCNodeInvocation/107 T0x80bf00c400 "rootserver" @2d72cc]: CNode Copy/Mint/Move/Mutate: Source slot invalid or empty.>>[0m
[0m[1m<<[0m[32mseL4(CPU 0)[0m[1m [decodeCNodeInvocation/107 T0x80bf00c400 "rootserver" @2d72cc]: CNode Copy/Mint/Move/Mutate: Source slot invalid or empty.>>[0m
[0m[1m<<[0m[32mseL4(CPU 0)[0m[1m [decodeCNodeInvocation/107 T0x80bf00c400 "rootserver" @2d72cc]: CNode Copy/Mint/Move/Mutate: Source slot invalid or empty.>>[0m
[0m[1m<<[0m[32mseL4(CPU 0)[0m[1m [decodeCNodeInvocation/107 T0x80bf00c400 "rootserver" @2d72cc]: CNode Copy/Mint/Move/Mutate: Source slot invalid or empty.>>[0m
[0m[1m<<[0m[32mseL4(CPU 0)[0m[1m [decodeCNodeInvocation/107 T0x80bf00c400 "rootserver" @2d72cc]: CNode Copy/Mint/Move/Mutate: Source slot invalid or empty.>>[0m
[0m[1m<<[0m[32mseL4(CPU 0)[0m[1m [decodeCNodeInvocation/107 T0x80bf00c400 "rootserver" @2d72cc]: CNode Copy/Mint/Move/Mutate: Source slot invalid or empty.>>[0m
[0m[1m<<[0m[32mseL4(CPU 0)[0m[1m [decodeCNodeInvocation/107 T0x80bf00c400 "rootserver" @2d72cc]: CNode Copy/Mint/Move/Mutate: Source slot invalid or empty.>>[0m
[0m[1m<<[0m[32mseL4(CPU 0)[0m[1m [decodeCNodeInvocation/107 T0x80bf00c400 "rootserver" @2d72cc]: CNode Copy/Mint/Move/Mutate: Source slot invalid or empty.>>[0m
[0m[1m<<[0m[32mseL4(CPU 0)[0m[1m [decodeCNodeInvocation/107 T0x80bf00c400 "rootserver" @2d72cc]: CNode Copy/Mint/Move/Mutate: Source slot invalid or empty.>>[0m
[0m[1m<<[0m[32mseL4(CPU 0)[0m[1m [decodeCNodeInvocation/107 T0x80bf00c400 "rootserver" @2d72cc]: CNode Copy/Mint/Move/Mutate: Source slot invalid or empty.>>[0m
[0m[1m<<[0m[32mseL4(CPU 0)[0m[1m [decodeCNodeInvocation/107 T0x80bf00c400 "rootserver" @2d72cc]: CNode Copy/Mint/Move/Mutate: Source slot invalid or empty.>>[0m
[0m[1m<<[0m[32mseL4(CPU 0)[0m[1m [decodeCNodeInvocation/107 T0x80bf00c400 "rootserver" @2d72cc]: CNode Copy/Mint/Move/Mutate: Source slot invalid or empty.>>[0m
[0m[1m<<[0m[32mseL4(CPU 0)[0m[1m [decodeCNodeInvocation/107 T0x80bf00c400 "rootserver" @2d72cc]: CNode Copy/Mint/Move/Mutate: Source slot invalid or empty.>>[0m
[0m[1m<<[0m[32mseL4(CPU 0)[0m[1m [decodeCNodeInvocation/107 T0x80bf00c400 "rootserver" @2d72cc]: CNode Copy/Mint/Move/Mutate: Source slot invalid or empty.>>[0m
[0m[1m<<[0m[32mseL4(CPU 0)[0m[1m [decodeCNodeInvocation/107 T0x80bf00c400 "rootserver" @2d72cc]: CNode Copy/Mint/Move/Mutate: Source slot invalid or empty.>>[0m
[0m[1m<<[0m[32mseL4(CPU 0)[0m[1m [decodeCNodeInvocation/107 T0x80bf00c400 "rootserver" @2d72cc]: CNode Copy/Mint/Move/Mutate: Source slot invalid or empty.>>[0m
[0m[1m<<[0m[32mseL4(CPU 0)[0m[1m [decodeCNodeInvocation/107 T0x80bf00c400 "rootserver" @2d72cc]: CNode Copy/Mint/Move/Mutate: Source slot invalid or empty.>>[0m
[0m[1m<<[0m[32mseL4(CPU 0)[0m[1m [decodeCNodeInvocation/107 T0x80bf00c400 "rootserver" @2d72cc]: CNode Copy/Mint/Move/Mutate: Source slot invalid or empty.>>[0m
[0m[1m<<[0m[32mseL4(CPU 0)[0m[1m [decodeCNodeInvocation/107 T0x80bf00c400 "rootserver" @2d72cc]: CNode Copy/Mint/Move/Mutate: Source slot invalid or empty.>>[0m
[0m[1m<<[0m[32mseL4(CPU 0)[0m[1m [decodeCNodeInvocation/107 T0x80bf00c400 "rootserver" @2d72cc]: CNode Copy/Mint/Move/Mutate: Source slot invalid or empty.>>[0m
[0m[1m<<[0m[32mseL4(CPU 0)[0m[1m [decodeCNodeInvocation/107 T0x80bf00c400 "rootserver" @2d72cc]: CNode Copy/Mint/Move/Mutate: Source slot invalid or empty.>>[0m
[0m[1m<<[0m[32mseL4(CPU 0)[0m[1m [decodeCNodeInvocation/107 T0x80bf00c400 "rootserver" @2d72cc]: CNode Copy/Mint/Move/Mutate: Source slot invalid or empty.>>[0m
[0m[1m<<[0m[32mseL4(CPU 0)[0m[1m [decodeCNodeInvocation/107 T0x80bf00c400 "rootserver" @2d72cc]: CNode Copy/Mint/Move/Mutate: Source slot invalid or empty.>>[0m
[0m[1m<<[0m[32mseL4(CPU 0)[0m[1m [decodeCNodeInvocation/107 T0x80bf00c400 "rootserver" @2d72cc]: CNode Copy/Mint/Move/Mutate: Source slot invalid or empty.>>[0m
[0m[1m<<[0m[32mseL4(CPU 0)[0m[1m [decodeCNodeInvocation/107 T0x80bf00c400 "rootserver" @2d72cc]: CNode Copy/Mint/Move/Mutate: Source slot invalid or empty.>>[0m
[0m[1m<<[0m[32mseL4(CPU 0)[0m[1m [decodeCNodeInvocation/107 T0x80bf00c400 "rootserver" @2d72cc]: CNode Copy/Mint/Move/Mutate: Source slot invalid or empty.>>[0m
[0m[1m<<[0m[32mseL4(CPU 0)[0m[1m [decodeCNodeInvocation/107 T0x80bf00c400 "rootserver" @2d72cc]: CNode Copy/Mint/Move/Mutate: Source slot invalid or empty.>>[0m
[0m[1m<<[0m[32mseL4(CPU 0)[0m[1m [decodeCNodeInvocation/107 T0x80bf00c400 "rootserver" @2d72cc]: CNode Copy/Mint/Move/Mutate: Source slot invalid or empty.>>[0m
[0m[1m<<[0m[32mseL4(CPU 0)[0m[1m [decodeCNodeInvocation/107 T0x80bf00c400 "rootserver" @2d72cc]: CNode Copy/Mint/Move/Mutate: Source slot invalid or empty.>>[0m
[0m[1m<<[0m[32mseL4(CPU 0)[0m[1m [decodeCNodeInvocation/107 T0x80bf00c400 "rootserver" @2d72cc]: CNode Copy/Mint/Move/Mutate: Source slot invalid or empty.>>[0m
[0m[1m<<[0m[32mseL4(CPU 0)[0m[1m [decodeCNodeInvocation/107 T0x80bf00c400 "rootserver" @2d72cc]: CNode Copy/Mint/Move/Mutate: Source slot invalid or empty.>>[0m
[0m[1m<<[0m[32mseL4(CPU 0)[0m[1m [decodeCNodeInvocation/107 T0x80bf00c400 "rootserver" @2d72cc]: CNode Copy/Mint/Move/Mutate: Source slot invalid or empty.>>[0m
[0m[1m<<[0m[32mseL4(CPU 0)[0m[1m [decodeCNodeInvocation/107 T0x80bf00c400 "rootserver" @2d72cc]: CNode Copy/Mint/Move/Mutate: Source slot invalid or empty.>>[0m
[0m[1m<<[0m[32mseL4(CPU 0)[0m[1m [decodeCNodeInvocation/107 T0x80bf00c400 "rootserver" @2d72cc]: CNode Copy/Mint/Move/Mutate: Source slot invalid or empty.>>[0m
[0m[1m<<[0m[32mseL4(CPU 0)[0m[1m [decodeCNodeInvocation/107 T0x80bf00c400 "rootserver" @2d72cc]: CNode Copy/Mint/Move/Mutate: Source slot invalid or empty.>>[0m
SLIME_GRAPH staged task=5 instance=private-memory-granted executable=private-memory-probe grants=1 bindings=1 window=0x249000 frames=76 tables=3 entry=0x212838
SLIME_GRAPH staged instances=6 root_autostart=6 loadable_executables=3 slimecm=0 wrong_target=0 unrecognized=0
SLIME_GRAPH endpoint grant=private-memory-worker-rpc producer_instance=4 consumer_instance=5
SLIME_GRAPH native endpoint task=4 slot=33 side=both
SLIME_GRAPH native endpoint task=5 slot=33 side=both
SLIME_GRAPH peer endpoints created=1 grants=1 installed=2
SLIME_GRAPH notification grant=private-memory-growth-done source_instance=5 target_instance=4
SLIME_GRAPH notification grant=private-memory-side-effect-ready source_instance=4 target_instance=5
SLIME_GRAPH notification binding task=4 slot=64 role=Signal
SLIME_GRAPH notification binding task=4 slot=65 role=Wait
SLIME_GRAPH notification binding task=5 slot=64 role=Wait
SLIME_GRAPH notification binding task=5 slot=65 role=Signal
SLIME_GRAPH notifications created=2 bindings=4
SLIME_CLOCK authority task=0 instance=init flags=0x0 timers=0 badge=0x0
SLIME_CLOCK authority task=1 instance=private-heap-both flags=0x0 timers=0 badge=0x0
SLIME_CLOCK authority task=2 instance=private-heap-denied flags=0x0 timers=0 badge=0x0
SLIME_CLOCK authority task=3 instance=private-heap-granted flags=0x0 timers=0 badge=0x0
SLIME_CLOCK authority task=4 instance=private-memory-denied flags=0x0 timers=0 badge=0x0
SLIME_CLOCK authority task=5 instance=private-memory-granted flags=0x0 timers=0 badge=0x0
[layout] path=init slots=0 max=64
[layout] end
SLIME_MEM qualification scope=staged-graph-plus-four-probe-clones holders=4 pages=65536 private_allocations=263168 private_extents=1028 private_cslots=264196 private_reserved=1075838976 payload=1073741824 tables=2097152 alignment=0 static_allocations=88 static_reserved=524288 required_allocations=263520 required_extents=1028 required_cslots=264548 required_reserved=1077936128 allocation_capacity=288416 allocations_available=255568 extent_capacity=1072 extents_available=938 cslots_available=489181 ordinary_available=1445288208 ordinary_layout=1 root_image=8286208 root_metadata=4994136 root_stack=1048576 root_heap=524288 fit=0
SLIME_GRAPH activated instances=6
SLIME_TIMER phase=post-graph-start delivered badge=0x1 polls=7639
SLIME_TIMER phase=post-graph-start serviced events=1 programming=Disarm
SLIME_TIMER phase=post-graph-start advanced start=442254125 end=442921187 delta=667062
SLIME_TIMER phase=post-graph-start OK
SLIME_GRAPH quota task=0 instance=init executable=init pages=0 buffers=0 mappings=0 loans=0
SLIME_MEM quota task=0 instance=init declared=0 installed=0 base=0x0
SLIME_GRAPH quota task=1 instance=private-heap-both executable=private-heap-probe pages=1 buffers=1 mappings=1 loans=0
SLIME_MEM quota task=1 instance=private-heap-both declared=24 installed=24 base=0x4000000
SLIME_MEM accounting task=1 instance=private-heap-both reservation=98304 reserved=2101248 payload=98304 tables=4096 alignment=1998848 frames_large=1 frames_base=24 descriptors=26 extents=3 cslots=29
SLIME_GRAPH quota task=2 instance=private-heap-denied executable=private-heap-probe pages=0 buffers=0 mappings=0 loans=0
SLIME_MEM quota task=2 instance=private-heap-denied declared=0 installed=0 base=0x0
SLIME_GRAPH quota task=3 instance=private-heap-granted executable=private-heap-probe pages=0 buffers=0 mappings=0 loans=0
SLIME_MEM quota task=3 instance=private-heap-granted declared=15872 installed=15872 base=0x4000000
SLIME_MEM accounting task=3 instance=private-heap-granted reservation=65011712 reserved=65138688 payload=65011712 tables=126976 alignment=0 frames_large=31 frames_base=15872 descriptors=15934 extents=63 cslots=15997
SLIME_GRAPH quota task=4 instance=private-memory-denied executable=private-memory-probe pages=0 buffers=0 mappings=0 loans=0
SLIME_MEM quota task=4 instance=private-memory-denied declared=0 installed=0 base=0x0
SLIME_GRAPH quota task=5 instance=private-memory-granted executable=private-memory-probe pages=0 buffers=0 mappings=0 loans=0
SLIME_MEM quota task=5 instance=private-memory-granted declared=16384 installed=16384 base=0x4000000
SLIME_MEM accounting task=5 instance=private-memory-granted reservation=67108864 reserved=67239936 payload=67108864 tables=131072 alignment=0 frames_large=32 frames_base=16384 descriptors=16448 extents=65 cslots=16513
SLIME_GRAPH quotas declared=6 budgeted=1 holders=1
SLIME_ROOT console dispatcher started
SLIME_ROOT allocator baseline live_slots=32993 live_objects=570 live_bytes=138606736 allocation_descriptor_capacity=288416 extent_descriptor_capacity=1072
SLIME_MEM grown task=3 delta=0 previous=0 pages=0 base=0x4000000 quota=15872 total=0 large_frames=0 base_frames=0 leaf_tables=0
SLIME_GRAPH healthy generation=40 instances=5ea066509055876e required=1 live=1 idle=1 failed=0
SLIME_GRAPH service refused task=3 label=37 class=undeclared
SLIME_GRAPH service refused task=3 label=21 class=undeclared
SLIME_MEM grown task=3 delta=4 previous=0 pages=4 base=0x4000000 quota=15872 total=4 large_frames=0 base_frames=4 leaf_tables=1
SLIME_MEM grown task=3 delta=4 previous=4 pages=8 base=0x4000000 quota=15872 total=8 large_frames=0 base_frames=8 leaf_tables=1
SLIME_MEM grown task=3 delta=5 previous=8 pages=13 base=0x4000000 quota=15872 total=13 large_frames=0 base_frames=13 leaf_tables=1
SLIME_MEM grown task=3 delta=9 previous=13 pages=22 base=0x4000000 quota=15872 total=22 large_frames=0 base_frames=22 leaf_tables=1
[private-heap-probe:granted] private-heap reuse phase begins
[private-heap-probe:granted] private-heap quota live pages=22 growths=4 reuse_growths=0 leaked=0
SLIME_MEM grown task=3 delta=15361 previous=22 pages=15383 base=0x4000000 quota=15872 total=15383 large_frames=29 base_frames=535 leaf_tables=2
[private-heap-probe:granted] capacity payload=62914560 overhead=16 backed=63008768 pages=15383 touched=1
SLIME_MEM refused task=3 delta=16385 cause=reservation detail=ReservationExceeded { pages: 15383, delta: 16385, reservation: 16384 }
[private-heap-probe:granted] granted pages=15383 growths=5 refused=1 reused=1
SLIME_GRAPH component exit task=3 status=0
SLIME_CLOCK teardown task=3 before=0 live=0
SLIME_LIFECYCLE terminated task=3 instance=3 cause=exit
SLIME_GRAPH quota released task=3 live=5
SLIME_ROOT reclaim census task=3 slots=505178 bytes=1445284208 live_objects=507 extent_reuses=0
SLIME_MEM grown task=2 delta=0 previous=0 pages=0 base=0x0 quota=0 total=0 large_frames=0 base_frames=0 leaf_tables=0
[private-heap-probe:denied] private-heap denied pages=0 growths=0 reuse_growths=0 leaked=0
[private-heap-probe:denied] denied pages=0 growths=0 refused=1
SLIME_GRAPH component exit task=2 status=0
SLIME_CLOCK teardown task=2 before=0 live=0
SLIME_LIFECYCLE terminated task=2 instance=2 cause=exit
SLIME_GRAPH quota released task=2 live=4
SLIME_ROOT reclaim census task=2 slots=505242 bytes=1445284208 live_objects=444 extent_reuses=0
SLIME_MEM grown task=1 delta=0 previous=0 pages=0 base=0x4000000 quota=24 total=0 large_frames=0 base_frames=0 leaf_tables=0
SLIME_GRAPH service refused task=1 label=37 class=undeclared
SLIME_GRAPH buffer created task=1 slot=2 id=1 pages=1 writable=1
SLIME_MEM grown task=1 delta=4 previous=0 pages=4 base=0x4000000 quota=24 total=4 large_frames=0 base_frames=4 leaf_tables=1
SLIME_MEM grown task=1 delta=4 previous=4 pages=8 base=0x4000000 quota=24 total=8 large_frames=0 base_frames=8 leaf_tables=1
SLIME_MEM grown task=1 delta=5 previous=8 pages=13 base=0x4000000 quota=24 total=13 large_frames=0 base_frames=13 leaf_tables=1
SLIME_MEM grown task=1 delta=9 previous=13 pages=22 base=0x4000000 quota=24 total=22 large_frames=0 base_frames=22 leaf_tables=1
[private-heap-probe:both] private-heap reuse phase begins
[private-heap-probe:both] private-heap quota live pages=22 growths=4 reuse_growths=0 leaked=0
SLIME_GRAPH buffer create refused task=1 pages=1 class=quota
SLIME_MEM refused task=1 delta=2049 cause=quota detail=QuotaExceeded { pages: 22, delta: 2049, quota: 24 }
SLIME_MEM mapping refused task=1 base=0x4000000 end=0x4001000 window=0x4000000..0x8000000
SLIME_GRAPH buffer created task=1 slot=2 id=2 pages=1 writable=1
[private-heap-probe:both] both pages=22 growths=4 buffers=1 window_map_refused=1 outside_map=1 released=1 reused=1
SLIME_GRAPH component exit task=1 status=0
SLIME_CLOCK teardown task=1 before=0 live=0
SLIME_LIFECYCLE terminated task=1 instance=1 cause=exit
SLIME_GRAPH holder reclaimed task=1 charges=1 actions=2
SLIME_GRAPH quota released task=1 live=3
SLIME_ROOT reclaim census task=1 slots=505323 bytes=1445247344 live_objects=390 extent_reuses=0
[init] private memory plane is root-launched
[init] private memory plane complete
SLIME_GRAPH component exit task=0 status=0
SLIME_CLOCK teardown task=0 before=0 live=0
SLIME_LIFECYCLE terminated task=0 instance=0 cause=exit
SLIME_GRAPH quota released task=0 live=2
SLIME_ROOT reclaim census task=0 slots=505395 bytes=1445247344 live_objects=319 extent_reuses=0
SLIME_MEM grown task=5 delta=0 previous=0 pages=0 base=0x4000000 quota=16384 total=0 large_frames=0 base_frames=0 leaf_tables=0
SLIME_MEM grown task=4 delta=0 previous=0 pages=0 base=0x0 quota=0 total=0 large_frames=0 base_frames=0 leaf_tables=0
SLIME_MEM grown task=5 delta=0 previous=0 pages=0 base=0x4000000 quota=16384 total=0 large_frames=0 base_frames=0 leaf_tables=0
[private-memory-probe] query pages=0 base=0x4000000
SLIME_MEM refused task=5 delta=16384 cause=frames detail=Frames { allocated: 0, error: Retype { size_bits: 21, error: NotEnoughMemory } }
SLIME_MEM grown task=5 delta=1 previous=0 pages=1 base=0x4000000 quota=16384 total=1 large_frames=0 base_frames=1 leaf_tables=1
SLIME_MEM grown task=5 delta=16383 previous=1 pages=16384 base=0x4000000 quota=16384 total=16384 large_frames=31 base_frames=512 leaf_tables=1
SLIME_MEM grown task=5 delta=0 previous=16384 pages=16384 base=0x4000000 quota=16384 total=16384 large_frames=31 base_frames=512 leaf_tables=1
SLIME_MEM refused task=5 delta=1 cause=reservation detail=ReservationExceeded { pages: 16384, delta: 1, reservation: 16384 }
SLIME_MEM grown task=5 delta=0 previous=16384 pages=16384 base=0x4000000 quota=16384 total=16384 large_frames=31 base_frames=512 leaf_tables=1
SLIME_MEM refused task=5 delta=1 cause=reservation detail=ReservationExceeded { pages: 16384, delta: 1, reservation: 16384 }
[private-memory-probe] granted pages=16384 base=0x4000000 zeroed=1 survived=1 refused=1 worker_rpc_once=1 worker_grow_refused=1 retries=1
SLIME_GRAPH component exit task=5 status=0
SLIME_CLOCK teardown task=5 before=0 live=0
SLIME_LIFECYCLE terminated task=5 instance=5 cause=exit
SLIME_GRAPH quota released task=5 live=1
SLIME_ROOT reclaim census task=5 slots=521931 bytes=1445247344 live_objects=236 extent_reuses=0
SLIME_MEM grown task=4 delta=0 previous=0 pages=0 base=0x0 quota=0 total=0 large_frames=0 base_frames=0 leaf_tables=0
[private-memory-probe] query pages=0 base=0x0
SLIME_MEM refused task=4 delta=16384 cause=reservation detail=ReservationExceeded { pages: 0, delta: 16384, reservation: 0 }
SLIME_MEM grown task=4 delta=0 previous=0 pages=0 base=0x0 quota=0 total=0 large_frames=0 base_frames=0 leaf_tables=0
[private-memory-probe] denied pages=0 base=0x0 refused=1
SLIME_GRAPH component exit task=4 status=0
SLIME_CLOCK teardown task=4 before=0 live=0
SLIME_LIFECYCLE terminated task=4 instance=4 cause=exit
SLIME_GRAPH quota released task=4 live=0
SLIME_ROOT reclaim census task=4 slots=522019 bytes=1445247344 live_objects=153 extent_reuses=0
SLIME_ROOT allocator quiescent live_slots=154 live_objects=153 live_bytes=136890512
SLIME_GRAPH served live=0 unsupported=0 buffers=6 windows=0 tasks=0
SLIME_GRAPH tasks reclaimed live=0 slots=32848
SLIME_GRAPH native task_caps=0 exports=0 tickets=0
SLIME_GRAPH capabilities exports=0 imports=0 cancels=0 finalized=0 outstanding=0 tickets=0
SLIME_GRAPH loans served=0 loans=0 mappings=0 regions=0 orphans=0 quota=0
SLIME_GRAPH spawns served=0 drops=0 terminated=6
SLIME_ROOT allocator live_slots=154 free_slots=522019 live_objects=153 live_bytes=136890512 mapped_ram=0 reusable_ram=136839168 reusable_private_ram=134479872 allocation_descriptors_free=288416 extent_descriptors_free=938 slot_reuses=10 extent_reuses=0
SLIME_GRAPH HEALTHY generation=40 required=1 live=0 completed=1 failed=0
qemu-system-aarch64: terminating on signal 15 from pid 47711 (<unknown process>)
